/Users/ashishparadkar/Downloads/algo-code-main/.venv/lib/python3.9/site-packages/urllib3/__init__.py:35: NotOpenSSLWarning: urllib3 v2 only supports OpenSSL 1.1.1+, currently the 'ssl' module is compiled with 'LibreSSL 2.8.3'. See: https://github.com/urllib3/urllib3/issues/3020
  warnings.warn(
2026-08-20 22:17:59,228 - INFO - Bot state startup reconciliation finished: 0 bot(s) reconciled to STOPPED.
2026-08-20 22:18:00,170 - INFO - Telegram notification service initialized successfully (Chat ID: 5657...)
2026-08-20 22:18:00,190 - INFO - Initializing scheduled trading bot live runner for bot-1787212339853-77cf...
2026-08-20 22:18:00,240 - INFO - SQLite database tables verified/created.
2026-08-20 22:18:01,712 - INFO - Initializing CCXT Binance in TESTNET mode.
2026-08-20 22:18:35,323 - INFO - [bot-1787212339853-77cf] Pre-flight instrument resolved: SOL/USDT (SPOT via binance_spot)
2026-08-20 22:18:36,505 - INFO - [bot-1787212339853-77cf] Starting signal check cycle for SOL/USDT (5m)...
2026-08-20 22:18:36,527 - INFO - Fetching recent candles for SOL/USDT (5m) [Bot: bot-1787212339853-77cf] via ProviderManager...
2026-08-20 22:18:53,860 - WARNING - Telegram alert [GENERAL] failed (Request Timeout (network latency)). Re-queueing retry 1/3 in 1.0s
2026-08-20 22:19:54,368 - INFO - Indicators computed | close=87.43 ema_9=87.25 ema_20=87.12 ema_50=87.00 ema_200=85.95 macd=0.1331 poc=75.0 val=75.0 vah=75.0
2026-08-20 22:19:54,373 - INFO - [bot-1787212339853-77cf] Evaluating strategy on completed candle: 2026-08-20 16:40:00+00:00 at Close price: 87.51
2026-08-20 22:19:54,783 - INFO - Confluence Evaluation | Regime: TRENDING (ADX=26.1) | Direction: LONG | BullScore: 82.6% | BearScore: 17.4% | Active: ['ema', 'macd', 'rsi', 'vp']
2026-08-20 22:19:54,831 - INFO - Capping position size 219.178082 BTC to available cash equivalent 91.418124 BTC.
2026-08-20 22:19:55,101 - INFO - Created pending signal approval ID 53 for bot bot-1787212339853-77cf (LONG @ $87.51, status: WAITING_APPROVAL)
2026-08-20 22:19:55,149 - INFO - [bot-1787212339853-77cf] Signal LONG generated (ID: 53). Waiting for manual user approval.
2026-08-20 22:19:55,431 - INFO - Logged heartbeat status: OK
2026-08-20 22:19:55,540 - INFO - Adding job tentatively -- it will be properly scheduled when the scheduler starts
2026-08-20 22:19:55,540 - INFO - Bot bot-1787212339853-77cf scheduled to check every 5 minutes.
2026-08-20 22:19:55,549 - INFO - Added job "LiveRunner.process_cycle" to job store "default"
2026-08-20 22:19:55,549 - INFO - Scheduler started
2026-08-20 22:24:55,780 - INFO - Running job "LiveRunner.process_cycle (trigger: interval[0:05:00], next run at: 2026-08-20 22:24:55 IST)" (scheduled at 2026-08-20 22:24:55.468830+05:30)
2026-08-20 22:24:55,931 - INFO - [bot-1787212339853-77cf] Starting signal check cycle for SOL/USDT (5m)...
2026-08-20 22:24:56,075 - INFO - Fetching recent candles for SOL/USDT (5m) [Bot: bot-1787212339853-77cf] via ProviderManager...
2026-08-20 22:24:58,411 - INFO - Indicators computed | close=87.62 ema_9=87.32 ema_20=87.17 ema_50=87.02 ema_200=85.97 macd=0.1568 poc=75.0 val=75.0 vah=75.0
2026-08-20 22:24:58,426 - INFO - [bot-1787212339853-77cf] Evaluating strategy on completed candle: 2026-08-20 16:45:00+00:00 at Close price: 87.44
2026-08-20 22:24:58,626 - INFO - Confluence Evaluation | Regime: TRENDING (ADX=27.5) | Direction: LONG | BullScore: 82.6% | BearScore: 17.4% | Active: ['ema', 'macd', 'rsi', 'vp']
2026-08-20 22:24:58,910 - INFO - Capping position size 242.424242 BTC to available cash equivalent 91.491308 BTC.
2026-08-20 22:24:58,982 - INFO - [bot-1787212339853-77cf] Signal LONG active pending approval already exists (ID: 53).
2026-08-20 22:24:59,287 - INFO - Logged heartbeat status: OK
2026-08-20 22:24:59,287 - INFO - Job "LiveRunner.process_cycle (trigger: interval[0:05:00], next run at: 2026-08-20 22:29:55 IST)" executed successfully
2026-08-20 22:29:55,483 - INFO - Running job "LiveRunner.process_cycle (trigger: interval[0:05:00], next run at: 2026-08-20 22:34:55 IST)" (scheduled at 2026-08-20 22:29:55.468830+05:30)
2026-08-20 22:29:55,489 - INFO - [bot-1787212339853-77cf] Starting signal check cycle for SOL/USDT (5m)...
2026-08-20 22:29:55,526 - INFO - Fetching recent candles for SOL/USDT (5m) [Bot: bot-1787212339853-77cf] via ProviderManager...
2026-08-20 22:29:56,220 - INFO - Indicators computed | close=87.76 ema_9=87.41 ema_20=87.22 ema_50=87.05 ema_200=85.98 macd=0.1836 poc=75.0 val=75.0 vah=75.0
2026-08-20 22:29:56,221 - INFO - [bot-1787212339853-77cf] Evaluating strategy on completed candle: 2026-08-20 16:50:00+00:00 at Close price: 87.61
2026-08-20 22:29:56,337 - INFO - Confluence Evaluation | Regime: TRENDING (ADX=29.1) | Direction: LONG | BullScore: 82.6% | BearScore: 17.4% | Active: ['ema', 'macd', 'rsi', 'vp']
2026-08-20 22:29:56,427 - INFO - Capping position size 210.526316 BTC to available cash equivalent 91.313777 BTC.
2026-08-20 22:29:56,432 - INFO - [bot-1787212339853-77cf] Signal LONG active pending approval already exists (ID: 53).
2026-08-20 22:29:56,622 - INFO - Logged heartbeat status: OK
2026-08-20 22:29:56,622 - INFO - Job "LiveRunner.process_cycle (trigger: interval[0:05:00], next run at: 2026-08-20 22:34:55 IST)" executed successfully
2026-08-20 22:34:55,485 - INFO - Running job "LiveRunner.process_cycle (trigger: interval[0:05:00], next run at: 2026-08-20 22:39:55 IST)" (scheduled at 2026-08-20 22:34:55.468830+05:30)
2026-08-20 22:34:55,494 - INFO - [bot-1787212339853-77cf] Starting signal check cycle for SOL/USDT (5m)...
2026-08-20 22:34:55,535 - INFO - Fetching recent candles for SOL/USDT (5m) [Bot: bot-1787212339853-77cf] via ProviderManager...
2026-08-20 22:34:56,033 - INFO - Indicators computed | close=87.71 ema_9=87.47 ema_20=87.27 ema_50=87.07 ema_200=86.00 macd=0.1990 poc=75.0 val=75.0 vah=75.0
2026-08-20 22:34:56,037 - INFO - [bot-1787212339853-77cf] Evaluating strategy on completed candle: 2026-08-20 16:55:00+00:00 at Close price: 87.76
2026-08-20 22:34:56,150 - INFO - Confluence Evaluation | Regime: TRENDING (ADX=30.7) | Direction: LONG | BullScore: 82.6% | BearScore: 17.4% | Active: ['ema', 'macd', 'rsi', 'vp']
2026-08-20 22:34:56,279 - INFO - Capping position size 202.531646 BTC to available cash equivalent 91.157703 BTC.
2026-08-20 22:34:56,288 - INFO - [bot-1787212339853-77cf] Signal LONG active pending approval already exists (ID: 53).
2026-08-20 22:34:56,506 - INFO - Logged heartbeat status: OK
2026-08-20 22:34:56,506 - INFO - Job "LiveRunner.process_cycle (trigger: interval[0:05:00], next run at: 2026-08-20 22:39:55 IST)" executed successfully
2026-08-20 22:39:55,540 - INFO - Running job "LiveRunner.process_cycle (trigger: interval[0:05:00], next run at: 2026-08-20 22:44:55 IST)" (scheduled at 2026-08-20 22:39:55.468830+05:30)
2026-08-20 22:39:55,558 - INFO - [bot-1787212339853-77cf] Starting signal check cycle for SOL/USDT (5m)...
2026-08-20 22:39:55,703 - INFO - Fetching recent candles for SOL/USDT (5m) [Bot: bot-1787212339853-77cf] via ProviderManager...
2026-08-20 22:39:56,517 - INFO - Indicators computed | close=87.54 ema_9=87.48 ema_20=87.29 ema_50=87.09 ema_200=86.02 macd=0.1947 poc=75.0 val=75.0 vah=75.0
2026-08-20 22:39:56,528 - INFO - [bot-1787212339853-77cf] Evaluating strategy on completed candle: 2026-08-20 17:00:00+00:00 at Close price: 87.70
2026-08-20 22:39:56,611 - INFO - Confluence Evaluation | Regime: TRENDING (ADX=30.8) | Direction: LONG | BullScore: 82.6% | BearScore: 17.4% | Active: ['ema', 'macd', 'rsi', 'vp']
2026-08-20 22:39:56,685 - INFO - Capping position size 290.909091 BTC to available cash equivalent 91.220068 BTC.
2026-08-20 22:39:56,694 - INFO - [bot-1787212339853-77cf] Signal LONG active pending approval already exists (ID: 53).
2026-08-20 22:39:56,937 - INFO - Logged heartbeat status: OK
2026-08-20 22:39:56,938 - INFO - Job "LiveRunner.process_cycle (trigger: interval[0:05:00], next run at: 2026-08-20 22:44:55 IST)" executed successfully
2026-08-20 22:44:55,482 - INFO - Running job "LiveRunner.process_cycle (trigger: interval[0:05:00], next run at: 2026-08-20 22:49:55 IST)" (scheduled at 2026-08-20 22:44:55.468830+05:30)
2026-08-20 22:44:55,495 - INFO - [bot-1787212339853-77cf] Starting signal check cycle for SOL/USDT (5m)...
2026-08-20 22:44:55,539 - INFO - Fetching recent candles for SOL/USDT (5m) [Bot: bot-1787212339853-77cf] via ProviderManager...
2026-08-20 22:44:56,216 - INFO - Indicators computed | close=87.39 ema_9=87.47 ema_20=87.30 ema_50=87.10 ema_200=86.03 macd=0.1790 poc=75.0 val=75.0 vah=75.0
2026-08-20 22:44:56,220 - INFO - [bot-1787212339853-77cf] Evaluating strategy on completed candle: 2026-08-20 17:05:00+00:00 at Close price: 87.56
2026-08-20 22:44:56,326 - INFO - Confluence Evaluation | Regime: TRENDING (ADX=29.0) | Direction: LONG | BullScore: 82.6% | BearScore: 17.4% | Active: ['ema', 'macd', 'rsi', 'vp']
2026-08-20 22:44:56,425 - INFO - Capping position size 615.384615 BTC to available cash equivalent 91.365921 BTC.
2026-08-20 22:44:56,430 - INFO - [bot-1787212339853-77cf] Signal LONG active pending approval already exists (ID: 53).
2026-08-20 22:44:56,646 - INFO - Logged heartbeat status: OK
2026-08-20 22:44:56,647 - INFO - Job "LiveRunner.process_cycle (trigger: interval[0:05:00], next run at: 2026-08-20 22:49:55 IST)" executed successfully
2026-08-20 22:49:55,484 - INFO - Running job "LiveRunner.process_cycle (trigger: interval[0:05:00], next run at: 2026-08-20 22:54:55 IST)" (scheduled at 2026-08-20 22:49:55.468830+05:30)
2026-08-20 22:49:55,489 - INFO - [bot-1787212339853-77cf] Starting signal check cycle for SOL/USDT (5m)...
2026-08-20 22:49:55,531 - INFO - Fetching recent candles for SOL/USDT (5m) [Bot: bot-1787212339853-77cf] via ProviderManager...
2026-08-20 22:49:56,207 - INFO - Indicators computed | close=87.40 ema_9=87.46 ema_20=87.31 ema_50=87.12 ema_200=86.04 macd=0.1648 poc=75.0 val=75.0 vah=75.0
2026-08-20 22:49:56,213 - INFO - [bot-1787212339853-77cf] Evaluating strategy on completed candle: 2026-08-20 17:10:00+00:00 at Close price: 87.40
2026-08-20 22:49:56,306 - INFO - Confluence Evaluation | Regime: TRENDING (ADX=28.0) | Direction: LONG | BullScore: 82.6% | BearScore: 17.4% | Active: ['ema', 'macd', 'rsi', 'vp']
2026-08-20 22:49:56,405 - INFO - Capping position size 1066.666667 BTC to available cash equivalent 91.533181 BTC.
2026-08-20 22:49:56,466 - INFO - Created pending signal approval ID 78 for bot bot-1787212339853-77cf (LONG @ $87.40, status: WAITING_APPROVAL)
2026-08-20 22:49:56,543 - INFO - [bot-1787212339853-77cf] Signal LONG generated (ID: 78). Waiting for manual user approval.
2026-08-20 22:49:56,772 - INFO - Logged heartbeat status: OK
2026-08-20 22:49:56,772 - INFO - Job "LiveRunner.process_cycle (trigger: interval[0:05:00], next run at: 2026-08-20 22:54:55 IST)" executed successfully
2026-08-21 00:19:54,533 - WARNING - Run time of job "LiveRunner.process_cycle (trigger: interval[0:05:00], next run at: 2026-08-21 00:19:55 IST)" was missed by 0:04:59.058736
2026-08-21 00:19:55,476 - INFO - Running job "LiveRunner.process_cycle (trigger: interval[0:05:00], next run at: 2026-08-21 00:24:55 IST)" (scheduled at 2026-08-21 00:19:55.468830+05:30)
2026-08-21 00:19:55,505 - INFO - [bot-1787212339853-77cf] Starting signal check cycle for SOL/USDT (5m)...
2026-08-21 00:19:55,579 - INFO - Fetching recent candles for SOL/USDT (5m) [Bot: bot-1787212339853-77cf] via ProviderManager...
2026-08-21 00:20:05,650 - ERROR - Binance Spot Network Error: binance GET https://api.binance.com/api/v3/klines?interval=5m&limit=1000&symbol=SOLUSDT
--- Logging error ---
Traceback (most recent call last):
  File "/Users/ashishparadkar/Downloads/algo-code-main/.venv/lib/python3.9/site-packages/urllib3/connectionpool.py", line 534, in _make_request
    response = conn.getresponse()
  File "/Users/ashishparadkar/Downloads/algo-code-main/.venv/lib/python3.9/site-packages/urllib3/connection.py", line 571, in getresponse
    httplib_response = super().getresponse()
  File "/Library/Developer/CommandLineTools/Library/Frameworks/Python3.framework/Versions/3.9/lib/python3.9/http/client.py", line 1349, in getresponse
    response.begin()
  File "/Library/Developer/CommandLineTools/Library/Frameworks/Python3.framework/Versions/3.9/lib/python3.9/http/client.py", line 316, in begin
    version, status, reason = self._read_status()
  File "/Library/Developer/CommandLineTools/Library/Frameworks/Python3.framework/Versions/3.9/lib/python3.9/http/client.py", line 277, in _read_status
    line = str(self.fp.readline(_MAXLINE + 1), "iso-8859-1")
  File "/Library/Developer/CommandLineTools/Library/Frameworks/Python3.framework/Versions/3.9/lib/python3.9/socket.py", line 704, in readinto
    return self._sock.recv_into(b)
  File "/Library/Developer/CommandLineTools/Library/Frameworks/Python3.framework/Versions/3.9/lib/python3.9/ssl.py", line 1241, in recv_into
    return self.read(nbytes, buffer)
  File "/Library/Developer/CommandLineTools/Library/Frameworks/Python3.framework/Versions/3.9/lib/python3.9/ssl.py", line 1099, in read
    return self._sslobj.read(len, buffer)
socket.timeout: The read operation timed out

The above exception was the direct cause of the following exception:

Traceback (most recent call last):
  File "/Users/ashishparadkar/Downloads/algo-code-main/.venv/lib/python3.9/site-packages/requests/adapters.py", line 644, in send
    resp = conn.urlopen(
  File "/Users/ashishparadkar/Downloads/algo-code-main/.venv/lib/python3.9/site-packages/urllib3/connectionpool.py", line 841, in urlopen
    retries = retries.increment(
  File "/Users/ashishparadkar/Downloads/algo-code-main/.venv/lib/python3.9/site-packages/urllib3/util/retry.py", line 490, in increment
    raise reraise(type(error), error, _stacktrace)
  File "/Users/ashishparadkar/Downloads/algo-code-main/.venv/lib/python3.9/site-packages/urllib3/util/util.py", line 39, in reraise
    raise value
  File "/Users/ashishparadkar/Downloads/algo-code-main/.venv/lib/python3.9/site-packages/urllib3/connectionpool.py", line 787, in urlopen
    response = self._make_request(
  File "/Users/ashishparadkar/Downloads/algo-code-main/.venv/lib/python3.9/site-packages/urllib3/connectionpool.py", line 536, in _make_request
    self._raise_timeout(err=e, url=url, timeout_value=read_timeout)
  File "/Users/ashishparadkar/Downloads/algo-code-main/.venv/lib/python3.9/site-packages/urllib3/connectionpool.py", line 367, in _raise_timeout
    raise ReadTimeoutError(
urllib3.exceptions.ReadTimeoutError: HTTPSConnectionPool(host='api.binance.com', port=443): Read timed out. (read timeout=10.0)

During handling of the above exception, another exception occurred:

Traceback (most recent call last):
  File "/Users/ashishparadkar/Downloads/algo-code-main/.venv/lib/python3.9/site-packages/ccxt/base/exchange.py", line 665, in fetch
    response = self.session.request(
  File "/Users/ashishparadkar/Downloads/algo-code-main/.venv/lib/python3.9/site-packages/requests/sessions.py", line 589, in request
    resp = self.send(prep, **send_kwargs)
  File "/Users/ashishparadkar/Downloads/algo-code-main/.venv/lib/python3.9/site-packages/requests/sessions.py", line 703, in send
    r = adapter.send(request, **kwargs)
  File "/Users/ashishparadkar/Downloads/algo-code-main/.venv/lib/python3.9/site-packages/requests/adapters.py", line 690, in send
    raise ReadTimeout(e, request=request)
requests.exceptions.ReadTimeout: HTTPSConnectionPool(host='api.binance.com', port=443): Read timed out. (read timeout=10.0)

The above exception was the direct cause of the following exception:

Traceback (most recent call last):
  File "/Users/ashishparadkar/Downloads/algo-code-main/src/provider_manager.py", line 351, in fetch_ohlcv_safe
    df = adapter.fetch_ohlcv(instrument, timeframe, limit=limit)
  File "/Users/ashishparadkar/Downloads/algo-code-main/src/provider_manager.py", line 211, in fetch_ohlcv
    raise net_err
  File "/Users/ashishparadkar/Downloads/algo-code-main/src/provider_manager.py", line 183, in fetch_ohlcv
    raw_candles = self.exchange.fetch_ohlcv(
  File "/Users/ashishparadkar/Downloads/algo-code-main/.venv/lib/python3.9/site-packages/ccxt/binance.py", line 4759, in fetch_ohlcv
    response = self.publicGetKlines(self.extend(request, params))
  File "/Users/ashishparadkar/Downloads/algo-code-main/.venv/lib/python3.9/site-packages/ccxt/base/types.py", line 35, in unbound_method
    return _self.request(self.path, self.api, self.method, params, config=self.config)
  File "/Users/ashishparadkar/Downloads/algo-code-main/.venv/lib/python3.9/site-packages/ccxt/binance.py", line 11724, in request
    response = self.fetch2(path, api, method, params, headers, body, config)
  File "/Users/ashishparadkar/Downloads/algo-code-main/.venv/lib/python3.9/site-packages/ccxt/base/exchange.py", line 5566, in fetch2
    raise e
  File "/Users/ashishparadkar/Downloads/algo-code-main/.venv/lib/python3.9/site-packages/ccxt/base/exchange.py", line 5549, in fetch2
    response = self.fetch(request['url'], request['method'], request['headers'], request['body'])
  File "/Users/ashishparadkar/Downloads/algo-code-main/.venv/lib/python3.9/site-packages/ccxt/base/exchange.py", line 698, in fetch
    raise RequestTimeout(details) from e
ccxt.base.errors.RequestTimeout: binance GET https://api.binance.com/api/v3/klines?interval=5m&limit=1000&symbol=SOLUSDT

During handling of the above exception, another exception occurred:

Traceback (most recent call last):
  File "/Library/Developer/CommandLineTools/Library/Frameworks/Python3.framework/Versions/3.9/lib/python3.9/logging/__init__.py", line 1083, in emit
    msg = self.format(record)
  File "/Library/Developer/CommandLineTools/Library/Frameworks/Python3.framework/Versions/3.9/lib/python3.9/logging/__init__.py", line 927, in format
    return fmt.format(record)
  File "/Library/Developer/CommandLineTools/Library/Frameworks/Python3.framework/Versions/3.9/lib/python3.9/logging/__init__.py", line 663, in format
    record.message = record.getMessage()
  File "/Library/Developer/CommandLineTools/Library/Frameworks/Python3.framework/Versions/3.9/lib/python3.9/logging/__init__.py", line 367, in getMessage
    msg = msg % self.args
TypeError: must be real number, not RequestTimeout
Call stack:
  File "/Library/Developer/CommandLineTools/Library/Frameworks/Python3.framework/Versions/3.9/lib/python3.9/threading.py", line 930, in _bootstrap
    self._bootstrap_inner()
  File "/Library/Developer/CommandLineTools/Library/Frameworks/Python3.framework/Versions/3.9/lib/python3.9/threading.py", line 973, in _bootstrap_inner
    self.run()
  File "/Library/Developer/CommandLineTools/Library/Frameworks/Python3.framework/Versions/3.9/lib/python3.9/threading.py", line 910, in run
    self._target(*self._args, **self._kwargs)
  File "/Library/Developer/CommandLineTools/Library/Frameworks/Python3.framework/Versions/3.9/lib/python3.9/concurrent/futures/thread.py", line 77, in _worker
    work_item.run()
  File "/Library/Developer/CommandLineTools/Library/Frameworks/Python3.framework/Versions/3.9/lib/python3.9/concurrent/futures/thread.py", line 52, in run
    result = self.fn(*self.args, **self.kwargs)
  File "/Users/ashishparadkar/Downloads/algo-code-main/.venv/lib/python3.9/site-packages/apscheduler/executors/base.py", line 131, in run_job
    retval = job.func(*job.args, **job.kwargs)
  File "/Users/ashishparadkar/Downloads/algo-code-main/src/live_runner.py", line 199, in process_cycle
    df, _ = self.provider_manager.fetch_ohlcv_safe(self.symbol, self.timeframe, limit=1000)
  File "/Users/ashishparadkar/Downloads/algo-code-main/src/provider_manager.py", line 362, in fetch_ohlcv_safe
    logger.warning(
Message: 'Retryable network failure for %s (Attempt %d/%d). Backing off %.2fs: %s'
Arguments: ('SOL/USDT', 1, 3, RequestTimeout('binance GET https://api.binance.com/api/v3/klines?interval=5m&limit=1000&symbol=SOLUSDT'))
2026-08-21 00:20:08,727 - INFO - Indicators computed | close=86.92 ema_9=87.01 ema_20=87.16 ema_50=87.17 ema_200=86.26 macd=-0.1188 poc=75.0 val=75.0 vah=75.0
2026-08-21 00:20:08,734 - INFO - [bot-1787212339853-77cf] Evaluating strategy on completed candle: 2026-08-20 18:45:00+00:00 at Close price: 86.95
2026-08-21 00:20:08,890 - INFO - Confluence Evaluation | Regime: TRENDING (ADX=39.5) | Direction: HOLD | BullScore: 0.0% | BearScore: 67.4% | Active: ['ema', 'macd', 'rsi', 'vp']
2026-08-21 00:20:09,004 - INFO - Signal evaluated: HOLD. Reason/Details: Confluence score: 67% (HOLD)
2026-08-21 00:20:09,227 - INFO - Logged heartbeat status: OK
2026-08-21 00:20:09,228 - INFO - Job "LiveRunner.process_cycle (trigger: interval[0:05:00], next run at: 2026-08-21 00:24:55 IST)" executed successfully
2026-08-21 00:24:55,493 - INFO - Running job "LiveRunner.process_cycle (trigger: interval[0:05:00], next run at: 2026-08-21 00:29:55 IST)" (scheduled at 2026-08-21 00:24:55.468830+05:30)
2026-08-21 00:24:55,547 - INFO - [bot-1787212339853-77cf] Starting signal check cycle for SOL/USDT (5m)...
2026-08-21 00:24:55,564 - INFO - Fetching recent candles for SOL/USDT (5m) [Bot: bot-1787212339853-77cf] via ProviderManager...
2026-08-21 00:24:56,929 - INFO - Indicators computed | close=87.02 ema_9=87.03 ema_20=87.17 ema_50=87.17 ema_200=86.26 macd=-0.1108 poc=75.0 val=75.0 vah=75.0
2026-08-21 00:24:56,945 - INFO - [bot-1787212339853-77cf] Evaluating strategy on completed candle: 2026-08-20 18:45:00+00:00 at Close price: 86.95
2026-08-21 00:24:57,150 - INFO - Confluence Evaluation | Regime: TRENDING (ADX=39.5) | Direction: HOLD | BullScore: 0.0% | BearScore: 67.4% | Active: ['ema', 'macd', 'rsi', 'vp']
2026-08-21 00:24:57,283 - INFO - Signal evaluated: HOLD. Reason/Details: Confluence score: 67% (HOLD)
2026-08-21 00:24:57,437 - INFO - Logged heartbeat status: OK
2026-08-21 00:24:57,437 - INFO - Job "LiveRunner.process_cycle (trigger: interval[0:05:00], next run at: 2026-08-21 00:29:55 IST)" executed successfully
/Users/ashishparadkar/Downloads/algo-code-main/.venv/lib/python3.9/site-packages/urllib3/__init__.py:35: NotOpenSSLWarning: urllib3 v2 only supports OpenSSL 1.1.1+, currently the 'ssl' module is compiled with 'LibreSSL 2.8.3'. See: https://github.com/urllib3/urllib3/issues/3020
  warnings.warn(
2026-08-21 06:21:28,120 - INFO - Bot state startup reconciliation finished: 0 bot(s) reconciled to STOPPED.
2026-08-21 06:21:29,071 - INFO - Telegram notification service initialized successfully (Chat ID: 5657...)
2026-08-21 06:21:29,093 - INFO - Initializing scheduled trading bot live runner for bot-1787212339853-77cf...
2026-08-21 06:21:29,756 - INFO - SQLite database tables verified/created.
2026-08-21 06:21:30,338 - INFO - Initializing CCXT Binance in TESTNET mode.
2026-08-21 06:22:01,071 - INFO - [bot-1787212339853-77cf] Pre-flight instrument resolved: SOL/USDT (SPOT via binance_spot)
2026-08-21 06:22:01,943 - INFO - [bot-1787212339853-77cf] Starting signal check cycle for SOL/USDT (5m)...
2026-08-21 06:22:02,376 - INFO - Fetching recent candles for SOL/USDT (5m) [Bot: bot-1787212339853-77cf] via ProviderManager...
2026-08-21 06:23:06,636 - INFO - Indicators computed | close=88.30 ema_9=88.12 ema_20=87.95 ema_50=87.71 ema_200=86.94 macd=0.1905 poc=75.0 val=75.0 vah=75.0
2026-08-21 06:23:06,647 - INFO - [bot-1787212339853-77cf] Evaluating strategy on completed candle: 2026-08-21 00:45:00+00:00 at Close price: 88.10
2026-08-21 06:23:07,023 - INFO - Confluence Evaluation | Regime: TRENDING (ADX=52.2) | Direction: LONG | BullScore: 82.6% | BearScore: 17.4% | Active: ['ema', 'macd', 'rsi', 'vp']
2026-08-21 06:23:07,122 - INFO - Capping position size 400.000000 BTC to available cash equivalent 90.805902 BTC.
2026-08-21 06:23:07,330 - INFO - Created pending signal approval ID 102 for bot bot-1787212339853-77cf (LONG @ $88.10, status: WAITING_APPROVAL)
2026-08-21 06:23:07,538 - INFO - [bot-1787212339853-77cf] Signal LONG generated (ID: 102). Waiting for manual user approval.
2026-08-21 06:23:07,899 - INFO - Logged heartbeat status: OK
2026-08-21 06:23:07,917 - INFO - Adding job tentatively -- it will be properly scheduled when the scheduler starts
2026-08-21 06:23:07,917 - INFO - Bot bot-1787212339853-77cf scheduled to check every 5 minutes.
2026-08-21 06:23:07,920 - INFO - Added job "LiveRunner.process_cycle" to job store "default"
2026-08-21 06:23:07,923 - INFO - Scheduler started
2026-08-21 06:28:08,049 - INFO - Running job "LiveRunner.process_cycle (trigger: interval[0:05:00], next run at: 2026-08-21 06:33:07 IST)" (scheduled at 2026-08-21 06:28:07.914931+05:30)
2026-08-21 06:28:08,104 - INFO - [bot-1787212339853-77cf] Starting signal check cycle for SOL/USDT (5m)...
2026-08-21 06:28:08,166 - INFO - Fetching recent candles for SOL/USDT (5m) [Bot: bot-1787212339853-77cf] via ProviderManager...
2026-08-21 06:28:08,917 - INFO - Indicators computed | close=88.20 ema_9=88.13 ema_20=87.97 ema_50=87.72 ema_200=86.96 macd=0.1815 poc=75.0 val=75.0 vah=75.0
2026-08-21 06:28:08,919 - INFO - [bot-1787212339853-77cf] Evaluating strategy on completed candle: 2026-08-21 00:50:00+00:00 at Close price: 88.22
2026-08-21 06:28:08,975 - INFO - Confluence Evaluation | Regime: TRENDING (ADX=53.3) | Direction: LONG | BullScore: 82.6% | BearScore: 17.4% | Active: ['ema', 'macd', 'rsi', 'vp']
2026-08-21 06:28:09,093 - INFO - Capping position size 307.692308 BTC to available cash equivalent 90.682385 BTC.
2026-08-21 06:28:09,100 - INFO - [bot-1787212339853-77cf] Signal LONG active pending approval already exists (ID: 102).
2026-08-21 06:28:09,292 - INFO - Logged heartbeat status: OK
2026-08-21 06:28:09,293 - INFO - Job "LiveRunner.process_cycle (trigger: interval[0:05:00], next run at: 2026-08-21 06:33:07 IST)" executed successfully
2026-08-21 06:33:08,005 - INFO - Running job "LiveRunner.process_cycle (trigger: interval[0:05:00], next run at: 2026-08-21 06:38:07 IST)" (scheduled at 2026-08-21 06:33:07.914931+05:30)
2026-08-21 06:33:08,072 - INFO - [bot-1787212339853-77cf] Starting signal check cycle for SOL/USDT (5m)...
2026-08-21 06:33:08,124 - INFO - Fetching recent candles for SOL/USDT (5m) [Bot: bot-1787212339853-77cf] via ProviderManager...
2026-08-21 06:33:08,977 - INFO - Indicators computed | close=88.28 ema_9=88.16 ema_20=88.00 ema_50=87.75 ema_200=86.97 macd=0.1856 poc=75.0 val=75.0 vah=75.0
2026-08-21 06:33:08,979 - INFO - [bot-1787212339853-77cf] Evaluating strategy on completed candle: 2026-08-21 00:55:00+00:00 at Close price: 88.23
2026-08-21 06:33:09,045 - INFO - Confluence Evaluation | Regime: TRENDING (ADX=53.9) | Direction: LONG | BullScore: 82.6% | BearScore: 17.4% | Active: ['ema', 'macd', 'rsi', 'vp']
2026-08-21 06:33:09,128 - INFO - Capping position size 301.886792 BTC to available cash equivalent 90.672107 BTC.
2026-08-21 06:33:09,187 - INFO - [bot-1787212339853-77cf] Signal LONG active pending approval already exists (ID: 102).
2026-08-21 06:33:09,411 - INFO - Logged heartbeat status: OK
2026-08-21 06:33:09,411 - INFO - Job "LiveRunner.process_cycle (trigger: interval[0:05:00], next run at: 2026-08-21 06:38:07 IST)" executed successfully
2026-08-21 06:38:08,026 - INFO - Running job "LiveRunner.process_cycle (trigger: interval[0:05:00], next run at: 2026-08-21 06:43:07 IST)" (scheduled at 2026-08-21 06:38:07.914931+05:30)
2026-08-21 06:38:08,103 - INFO - [bot-1787212339853-77cf] Starting signal check cycle for SOL/USDT (5m)...
2026-08-21 06:38:08,158 - INFO - Fetching recent candles for SOL/USDT (5m) [Bot: bot-1787212339853-77cf] via ProviderManager...
2026-08-21 06:38:08,816 - INFO - Indicators computed | close=88.29 ema_9=88.20 ema_20=88.03 ema_50=87.77 ema_200=86.98 macd=0.1887 poc=75.0 val=75.0 vah=75.0
2026-08-21 06:38:08,820 - INFO - [bot-1787212339853-77cf] Evaluating strategy on completed candle: 2026-08-21 01:00:00+00:00 at Close price: 88.33
2026-08-21 06:38:08,933 - INFO - Confluence Evaluation | Regime: TRENDING (ADX=53.8) | Direction: LONG | BullScore: 82.6% | BearScore: 17.4% | Active: ['ema', 'macd', 'rsi', 'vp']
2026-08-21 06:38:09,018 - INFO - Capping position size 253.968254 BTC to available cash equivalent 90.569455 BTC.
2026-08-21 06:38:09,068 - INFO - [bot-1787212339853-77cf] Signal LONG active pending approval already exists (ID: 102).
2026-08-21 06:38:09,236 - INFO - Logged heartbeat status: OK
2026-08-21 06:38:09,240 - INFO - Job "LiveRunner.process_cycle (trigger: interval[0:05:00], next run at: 2026-08-21 06:43:07 IST)" executed successfully
2026-08-21 06:43:07,932 - INFO - Running job "LiveRunner.process_cycle (trigger: interval[0:05:00], next run at: 2026-08-21 06:48:07 IST)" (scheduled at 2026-08-21 06:43:07.914931+05:30)
2026-08-21 06:43:07,958 - INFO - [bot-1787212339853-77cf] Starting signal check cycle for SOL/USDT (5m)...
2026-08-21 06:43:08,009 - INFO - Fetching recent candles for SOL/USDT (5m) [Bot: bot-1787212339853-77cf] via ProviderManager...
2026-08-21 06:43:09,791 - INFO - Indicators computed | close=88.34 ema_9=88.23 ema_20=88.07 ema_50=87.79 ema_200=87.00 macd=0.1935 poc=75.0 val=75.0 vah=75.0
2026-08-21 06:43:09,796 - INFO - [bot-1787212339853-77cf] Evaluating strategy on completed candle: 2026-08-21 01:05:00+00:00 at Close price: 88.35
2026-08-21 06:43:09,978 - INFO - Confluence Evaluation | Regime: TRENDING (ADX=53.7) | Direction: LONG | BullScore: 82.6% | BearScore: 17.4% | Active: ['ema', 'macd', 'rsi', 'vp']
2026-08-21 06:43:10,173 - INFO - Capping position size 250.000000 BTC to available cash equivalent 90.548953 BTC.
2026-08-21 06:43:10,322 - INFO - [bot-1787212339853-77cf] Signal LONG active pending approval already exists (ID: 102).
2026-08-21 06:43:10,588 - INFO - Logged heartbeat status: OK
2026-08-21 06:43:10,589 - INFO - Job "LiveRunner.process_cycle (trigger: interval[0:05:00], next run at: 2026-08-21 06:48:07 IST)" executed successfully
2026-08-21 06:48:07,962 - INFO - Running job "LiveRunner.process_cycle (trigger: interval[0:05:00], next run at: 2026-08-21 06:53:07 IST)" (scheduled at 2026-08-21 06:48:07.914931+05:30)
2026-08-21 06:48:08,054 - INFO - [bot-1787212339853-77cf] Starting signal check cycle for SOL/USDT (5m)...
2026-08-21 06:48:08,125 - INFO - Fetching recent candles for SOL/USDT (5m) [Bot: bot-1787212339853-77cf] via ProviderManager...
2026-08-21 06:48:09,199 - INFO - Indicators computed | close=88.82 ema_9=88.36 ema_20=88.14 ema_50=87.84 ema_200=87.02 macd=0.2315 poc=75.0 val=75.0 vah=75.0
2026-08-21 06:48:09,202 - INFO - [bot-1787212339853-77cf] Evaluating strategy on completed candle: 2026-08-21 01:10:00+00:00 at Close price: 88.37
2026-08-21 06:48:09,283 - INFO - Confluence Evaluation | Regime: TRENDING (ADX=53.9) | Direction: LONG | BullScore: 82.6% | BearScore: 17.4% | Active: ['ema', 'macd', 'rsi', 'vp']
2026-08-21 06:48:09,393 - INFO - Capping position size 333.333333 BTC to available cash equivalent 90.528460 BTC.
2026-08-21 06:48:09,402 - INFO - [bot-1787212339853-77cf] Signal LONG active pending approval already exists (ID: 102).
2026-08-21 06:48:09,602 - INFO - Logged heartbeat status: OK
2026-08-21 06:48:09,605 - INFO - Job "LiveRunner.process_cycle (trigger: interval[0:05:00], next run at: 2026-08-21 06:53:07 IST)" executed successfully
2026-08-21 06:53:07,930 - INFO - Running job "LiveRunner.process_cycle (trigger: interval[0:05:00], next run at: 2026-08-21 06:58:07 IST)" (scheduled at 2026-08-21 06:53:07.914931+05:30)
2026-08-21 06:53:07,977 - INFO - [bot-1787212339853-77cf] Starting signal check cycle for SOL/USDT (5m)...
2026-08-21 06:53:07,984 - INFO - Fetching recent candles for SOL/USDT (5m) [Bot: bot-1787212339853-77cf] via ProviderManager...
2026-08-21 06:53:08,357 - INFO - Indicators computed | close=88.32 ema_9=88.34 ema_20=88.15 ema_50=87.85 ema_200=87.03 macd=0.2119 poc=75.0 val=75.0 vah=75.0
2026-08-21 06:53:08,359 - INFO - [bot-1787212339853-77cf] Evaluating strategy on completed candle: 2026-08-21 01:15:00+00:00 at Close price: 88.74
2026-08-21 06:53:08,429 - INFO - Confluence Evaluation | Regime: TRENDING (ADX=53.4) | Direction: LONG | BullScore: 82.6% | BearScore: 17.4% | Active: ['ema', 'macd', 'rsi', 'vp']
2026-08-21 06:53:08,527 - INFO - Capping position size 188.235294 BTC to available cash equivalent 90.151003 BTC.
2026-08-21 06:53:08,590 - INFO - Created pending signal approval ID 132 for bot bot-1787212339853-77cf (LONG @ $88.74, status: WAITING_APPROVAL)
2026-08-21 06:53:08,655 - INFO - [bot-1787212339853-77cf] Signal LONG generated (ID: 132). Waiting for manual user approval.
2026-08-21 06:53:08,849 - INFO - Logged heartbeat status: OK
2026-08-21 06:53:08,850 - INFO - Job "LiveRunner.process_cycle (trigger: interval[0:05:00], next run at: 2026-08-21 06:58:07 IST)" executed successfully
2026-08-21 06:58:07,934 - INFO - Running job "LiveRunner.process_cycle (trigger: interval[0:05:00], next run at: 2026-08-21 07:03:07 IST)" (scheduled at 2026-08-21 06:58:07.914931+05:30)
2026-08-21 06:58:07,942 - INFO - [bot-1787212339853-77cf] Starting signal check cycle for SOL/USDT (5m)...
2026-08-21 06:58:07,959 - INFO - Fetching recent candles for SOL/USDT (5m) [Bot: bot-1787212339853-77cf] via ProviderManager...
2026-08-21 06:58:08,376 - INFO - Indicators computed | close=88.38 ema_9=88.35 ema_20=88.18 ema_50=87.88 ema_200=87.04 macd=0.2077 poc=75.0 val=75.0 vah=75.0
2026-08-21 06:58:08,377 - INFO - [bot-1787212339853-77cf] Evaluating strategy on completed candle: 2026-08-21 01:20:00+00:00 at Close price: 88.38
2026-08-21 06:58:08,450 - INFO - Confluence Evaluation | Regime: TRENDING (ADX=51.9) | Direction: LONG | BullScore: 82.6% | BearScore: 17.4% | Active: ['ema', 'macd', 'rsi', 'vp']
2026-08-21 06:58:08,553 - INFO - Capping position size 457.142857 BTC to available cash equivalent 90.518217 BTC.
2026-08-21 06:58:08,625 - INFO - [bot-1787212339853-77cf] Signal LONG active pending approval already exists (ID: 132).
2026-08-21 06:58:08,787 - INFO - Logged heartbeat status: OK
2026-08-21 06:58:08,788 - INFO - Job "LiveRunner.process_cycle (trigger: interval[0:05:00], next run at: 2026-08-21 07:03:07 IST)" executed successfully
2026-08-21 07:03:07,934 - INFO - Running job "LiveRunner.process_cycle (trigger: interval[0:05:00], next run at: 2026-08-21 07:08:07 IST)" (scheduled at 2026-08-21 07:03:07.914931+05:30)
2026-08-21 07:03:07,950 - INFO - [bot-1787212339853-77cf] Starting signal check cycle for SOL/USDT (5m)...
2026-08-21 07:03:07,965 - INFO - Fetching recent candles for SOL/USDT (5m) [Bot: bot-1787212339853-77cf] via ProviderManager...
2026-08-21 07:03:08,297 - INFO - Indicators computed | close=88.66 ema_9=88.41 ema_20=88.22 ema_50=87.91 ema_200=87.06 macd=0.2199 poc=75.0 val=75.0 vah=75.0
2026-08-21 07:03:08,298 - INFO - [bot-1787212339853-77cf] Evaluating strategy on completed candle: 2026-08-21 01:25:00+00:00 at Close price: 88.37
2026-08-21 07:03:08,363 - INFO - Confluence Evaluation | Regime: TRENDING (ADX=48.8) | Direction: LONG | BullScore: 82.6% | BearScore: 17.4% | Active: ['ema', 'macd', 'rsi', 'vp']
2026-08-21 07:03:08,461 - INFO - Capping position size 640.000000 BTC to available cash equivalent 90.528460 BTC.
2026-08-21 07:03:08,469 - INFO - [bot-1787212339853-77cf] Signal LONG active pending approval already exists (ID: 132).
2026-08-21 07:03:08,660 - INFO - Logged heartbeat status: OK
2026-08-21 07:03:08,661 - INFO - Job "LiveRunner.process_cycle (trigger: interval[0:05:00], next run at: 2026-08-21 07:08:07 IST)" executed successfully
/Users/ashishparadkar/Downloads/algo-code-main/.venv/lib/python3.9/site-packages/urllib3/__init__.py:35: NotOpenSSLWarning: urllib3 v2 only supports OpenSSL 1.1.1+, currently the 'ssl' module is compiled with 'LibreSSL 2.8.3'. See: https://github.com/urllib3/urllib3/issues/3020
  warnings.warn(
2026-08-21 12:14:10,720 - INFO - Bot state startup reconciliation finished: 0 bot(s) reconciled to STOPPED.
2026-08-21 12:14:11,737 - INFO - Telegram notification service initialized successfully (Chat ID: 5657...)
2026-08-21 12:14:12,169 - INFO - Initializing scheduled trading bot live runner for bot-1787212339853-77cf...
2026-08-21 12:14:12,868 - INFO - SQLite database tables verified/created.
2026-08-21 12:14:13,246 - INFO - Initializing CCXT Binance in TESTNET mode.
2026-08-21 12:14:44,309 - INFO - [bot-1787212339853-77cf] Pre-flight instrument resolved: SOL/USDT (SPOT via binance_spot)
2026-08-21 12:14:44,352 - INFO - [bot-1787212339853-77cf] Starting signal check cycle for SOL/USDT (5m)...
2026-08-21 12:14:44,358 - INFO - Fetching recent candles for SOL/USDT (5m) [Bot: bot-1787212339853-77cf] via ProviderManager...
2026-08-21 12:15:52,555 - INFO - Indicators computed | close=89.90 ema_9=90.23 ema_20=90.14 ema_50=89.69 ema_200=88.25 macd=0.1846 poc=75.0 val=75.0 vah=75.0
2026-08-21 12:15:52,570 - INFO - [bot-1787212339853-77cf] Evaluating strategy on completed candle: 2026-08-21 06:40:00+00:00 at Close price: 90.09
2026-08-21 12:15:53,379 - INFO - Confluence Evaluation | Regime: TRENDING (ADX=44.1) | Direction: HOLD | BullScore: 17.4% | BearScore: 17.4% | Active: ['ema', 'macd', 'rsi', 'vp']
2026-08-21 12:15:53,641 - INFO - Signal evaluated: HOLD. Reason/Details: Confluence score: 17% (HOLD)
2026-08-21 12:15:54,054 - INFO - Logged heartbeat status: OK
2026-08-21 12:15:54,082 - INFO - Adding job tentatively -- it will be properly scheduled when the scheduler starts
2026-08-21 12:15:54,082 - INFO - Bot bot-1787212339853-77cf scheduled to check every 5 minutes.
2026-08-21 12:15:54,268 - INFO - Added job "LiveRunner.process_cycle" to job store "default"
2026-08-21 12:15:54,269 - INFO - Scheduler started
2026-08-21 12:20:54,161 - INFO - Running job "LiveRunner.process_cycle (trigger: interval[0:05:00], next run at: 2026-08-21 12:25:54 IST)" (scheduled at 2026-08-21 12:20:54.080921+05:30)
2026-08-21 12:20:54,193 - INFO - [bot-1787212339853-77cf] Starting signal check cycle for SOL/USDT (5m)...
2026-08-21 12:20:54,263 - INFO - Fetching recent candles for SOL/USDT (5m) [Bot: bot-1787212339853-77cf] via ProviderManager...
2026-08-21 12:20:55,200 - INFO - Indicators computed | close=90.23 ema_9=90.30 ema_20=90.18 ema_50=89.73 ema_200=88.28 macd=0.1975 poc=75.0 val=75.0 vah=75.0
2026-08-21 12:20:55,201 - INFO - [bot-1787212339853-77cf] Evaluating strategy on completed candle: 2026-08-21 06:45:00+00:00 at Close price: 90.33
2026-08-21 12:20:55,338 - INFO - Confluence Evaluation | Regime: TRENDING (ADX=42.3) | Direction: HOLD | BullScore: 50.0% | BearScore: 17.4% | Active: ['ema', 'macd', 'rsi', 'vp']
2026-08-21 12:20:55,458 - INFO - Signal evaluated: HOLD. Reason/Details: Confluence score: 50% (HOLD)
2026-08-21 12:20:55,673 - INFO - Logged heartbeat status: OK
2026-08-21 12:20:55,678 - INFO - Job "LiveRunner.process_cycle (trigger: interval[0:05:00], next run at: 2026-08-21 12:25:54 IST)" executed successfully
2026-08-21 12:25:54,103 - INFO - Running job "LiveRunner.process_cycle (trigger: interval[0:05:00], next run at: 2026-08-21 12:30:54 IST)" (scheduled at 2026-08-21 12:25:54.080921+05:30)
2026-08-21 12:25:54,119 - INFO - [bot-1787212339853-77cf] Starting signal check cycle for SOL/USDT (5m)...
2026-08-21 12:25:54,178 - INFO - Fetching recent candles for SOL/USDT (5m) [Bot: bot-1787212339853-77cf] via ProviderManager...
2026-08-21 12:25:55,689 - INFO - Indicators computed | close=90.16 ema_9=90.26 ema_20=90.17 ema_50=89.74 ema_200=88.30 macd=0.1674 poc=75.0 val=75.0 vah=75.0
2026-08-21 12:25:55,694 - INFO - [bot-1787212339853-77cf] Evaluating strategy on completed candle: 2026-08-21 06:50:00+00:00 at Close price: 90.14
2026-08-21 12:25:55,823 - INFO - Confluence Evaluation | Regime: TRENDING (ADX=40.2) | Direction: HOLD | BullScore: 0.0% | BearScore: 34.8% | Active: ['ema', 'macd', 'rsi', 'vp']
2026-08-21 12:25:55,942 - INFO - Signal evaluated: HOLD. Reason/Details: Confluence score: 35% (HOLD)
2026-08-21 12:25:56,070 - INFO - Logged heartbeat status: OK
2026-08-21 12:25:56,071 - INFO - Job "LiveRunner.process_cycle (trigger: interval[0:05:00], next run at: 2026-08-21 12:30:54 IST)" executed successfully
2026-08-21 12:30:54,096 - INFO - Running job "LiveRunner.process_cycle (trigger: interval[0:05:00], next run at: 2026-08-21 12:35:54 IST)" (scheduled at 2026-08-21 12:30:54.080921+05:30)
2026-08-21 12:30:54,124 - INFO - [bot-1787212339853-77cf] Starting signal check cycle for SOL/USDT (5m)...
2026-08-21 12:30:54,176 - INFO - Fetching recent candles for SOL/USDT (5m) [Bot: bot-1787212339853-77cf] via ProviderManager...
2026-08-21 12:30:54,751 - INFO - Indicators computed | close=90.23 ema_9=90.26 ema_20=90.18 ema_50=89.77 ema_200=88.32 macd=0.1580 poc=75.0 val=75.0 vah=75.0
2026-08-21 12:30:54,757 - INFO - [bot-1787212339853-77cf] Evaluating strategy on completed candle: 2026-08-21 06:55:00+00:00 at Close price: 90.24
2026-08-21 12:30:54,847 - INFO - Confluence Evaluation | Regime: TRENDING (ADX=37.4) | Direction: HOLD | BullScore: 32.6% | BearScore: 34.8% | Active: ['ema', 'macd', 'rsi', 'vp']
2026-08-21 12:30:54,915 - INFO - Signal evaluated: HOLD. Reason/Details: Confluence score: 35% (HOLD)
2026-08-21 12:30:55,079 - INFO - Logged heartbeat status: OK
2026-08-21 12:30:55,080 - INFO - Job "LiveRunner.process_cycle (trigger: interval[0:05:00], next run at: 2026-08-21 12:35:54 IST)" executed successfully
2026-08-21 12:35:54,120 - INFO - Running job "LiveRunner.process_cycle (trigger: interval[0:05:00], next run at: 2026-08-21 12:40:54 IST)" (scheduled at 2026-08-21 12:35:54.080921+05:30)
2026-08-21 12:35:54,126 - INFO - [bot-1787212339853-77cf] Starting signal check cycle for SOL/USDT (5m)...
2026-08-21 12:35:54,167 - INFO - Fetching recent candles for SOL/USDT (5m) [Bot: bot-1787212339853-77cf] via ProviderManager...
2026-08-21 12:35:54,558 - INFO - Indicators computed | close=90.49 ema_9=90.36 ema_20=90.24 ema_50=89.81 ema_200=88.34 macd=0.1837 poc=75.0 val=75.0 vah=75.0
2026-08-21 12:35:54,559 - INFO - [bot-1787212339853-77cf] Evaluating strategy on completed candle: 2026-08-21 07:00:00+00:00 at Close price: 90.54
2026-08-21 12:35:54,628 - INFO - Confluence Evaluation | Regime: TRENDING (ADX=33.3) | Direction: HOLD | BullScore: 50.0% | BearScore: 17.4% | Active: ['ema', 'macd', 'rsi', 'vp']
2026-08-21 12:35:54,710 - INFO - Signal evaluated: HOLD. Reason/Details: Confluence score: 50% (HOLD)
2026-08-21 12:35:55,111 - INFO - Logged heartbeat status: OK
2026-08-21 12:35:55,112 - INFO - Job "LiveRunner.process_cycle (trigger: interval[0:05:00], next run at: 2026-08-21 12:40:54 IST)" executed successfully
2026-08-21 12:40:54,094 - INFO - Running job "LiveRunner.process_cycle (trigger: interval[0:05:00], next run at: 2026-08-21 12:45:54 IST)" (scheduled at 2026-08-21 12:40:54.080921+05:30)
2026-08-21 12:40:54,102 - INFO - [bot-1787212339853-77cf] Starting signal check cycle for SOL/USDT (5m)...
2026-08-21 12:40:54,147 - INFO - Fetching recent candles for SOL/USDT (5m) [Bot: bot-1787212339853-77cf] via ProviderManager...
2026-08-21 12:40:54,809 - INFO - Indicators computed | close=90.68 ema_9=90.44 ema_20=90.29 ema_50=89.84 ema_200=88.36 macd=0.2055 poc=75.0 val=75.0 vah=75.0
2026-08-21 12:40:54,811 - INFO - [bot-1787212339853-77cf] Evaluating strategy on completed candle: 2026-08-21 07:05:00+00:00 at Close price: 90.62
2026-08-21 12:40:54,873 - INFO - Confluence Evaluation | Regime: TRENDING (ADX=30.7) | Direction: HOLD | BullScore: 50.0% | BearScore: 17.4% | Active: ['ema', 'macd', 'rsi', 'vp']
2026-08-21 12:40:54,970 - INFO - Signal evaluated: HOLD. Reason/Details: Confluence score: 50% (HOLD)
2026-08-21 12:40:55,219 - INFO - Logged heartbeat status: OK
2026-08-21 12:40:55,220 - INFO - Job "LiveRunner.process_cycle (trigger: interval[0:05:00], next run at: 2026-08-21 12:45:54 IST)" executed successfully
2026-08-21 12:45:54,094 - INFO - Running job "LiveRunner.process_cycle (trigger: interval[0:05:00], next run at: 2026-08-21 12:50:54 IST)" (scheduled at 2026-08-21 12:45:54.080921+05:30)
2026-08-21 12:45:54,101 - INFO - [bot-1787212339853-77cf] Starting signal check cycle for SOL/USDT (5m)...
2026-08-21 12:45:54,150 - INFO - Fetching recent candles for SOL/USDT (5m) [Bot: bot-1787212339853-77cf] via ProviderManager...
2026-08-21 12:45:54,602 - INFO - Indicators computed | close=90.86 ema_9=90.55 ema_20=90.36 ema_50=89.89 ema_200=88.39 macd=0.2339 poc=75.0 val=75.0 vah=75.0
2026-08-21 12:45:54,603 - INFO - [bot-1787212339853-77cf] Evaluating strategy on completed candle: 2026-08-21 07:10:00+00:00 at Close price: 90.80
2026-08-21 12:45:54,661 - INFO - Confluence Evaluation | Regime: TRENDING (ADX=27.6) | Direction: HOLD | BullScore: 32.6% | BearScore: 34.8% | Active: ['ema', 'macd', 'rsi', 'vp']
2026-08-21 12:45:54,741 - INFO - Signal evaluated: HOLD. Reason/Details: Confluence score: 35% (HOLD)
2026-08-21 12:45:54,968 - INFO - Logged heartbeat status: OK
2026-08-21 12:45:54,969 - INFO - Job "LiveRunner.process_cycle (trigger: interval[0:05:00], next run at: 2026-08-21 12:50:54 IST)" executed successfully
2026-08-21 12:50:54,132 - INFO - Running job "LiveRunner.process_cycle (trigger: interval[0:05:00], next run at: 2026-08-21 12:55:54 IST)" (scheduled at 2026-08-21 12:50:54.080921+05:30)
2026-08-21 12:50:54,154 - INFO - [bot-1787212339853-77cf] Starting signal check cycle for SOL/USDT (5m)...
2026-08-21 12:50:54,196 - INFO - Fetching recent candles for SOL/USDT (5m) [Bot: bot-1787212339853-77cf] via ProviderManager...
2026-08-21 12:50:54,720 - INFO - Indicators computed | close=90.91 ema_9=90.63 ema_20=90.42 ema_50=89.93 ema_200=88.42 macd=0.2542 poc=75.0 val=75.0 vah=75.0
2026-08-21 12:50:54,722 - INFO - [bot-1787212339853-77cf] Evaluating strategy on completed candle: 2026-08-21 07:15:00+00:00 at Close price: 90.93
2026-08-21 12:50:54,807 - INFO - Confluence Evaluation | Regime: RANGING (ADX=23.7) | Direction: HOLD | BullScore: 34.8% | BearScore: 65.2% | Active: ['ema', 'macd', 'rsi', 'vp']
2026-08-21 12:50:54,869 - INFO - Signal evaluated: HOLD. Reason/Details: Confluence score: 65% (HOLD)
2026-08-21 12:50:54,981 - INFO - Logged heartbeat status: OK
2026-08-21 12:50:54,981 - INFO - Job "LiveRunner.process_cycle (trigger: interval[0:05:00], next run at: 2026-08-21 12:55:54 IST)" executed successfully
2026-08-21 12:55:54,103 - INFO - Running job "LiveRunner.process_cycle (trigger: interval[0:05:00], next run at: 2026-08-21 13:00:54 IST)" (scheduled at 2026-08-21 12:55:54.080921+05:30)
2026-08-21 12:55:54,115 - INFO - [bot-1787212339853-77cf] Starting signal check cycle for SOL/USDT (5m)...
2026-08-21 12:55:54,154 - INFO - Fetching recent candles for SOL/USDT (5m) [Bot: bot-1787212339853-77cf] via ProviderManager...
2026-08-21 12:55:54,620 - INFO - Indicators computed | close=90.49 ema_9=90.51 ema_20=90.37 ema_50=89.93 ema_200=88.43 macd=0.1949 poc=75.0 val=75.0 vah=75.0
2026-08-21 12:55:54,629 - INFO - [bot-1787212339853-77cf] Evaluating strategy on completed candle: 2026-08-21 07:20:00+00:00 at Close price: 90.35
2026-08-21 12:55:54,708 - INFO - Confluence Evaluation | Regime: RANGING (ADX=20.2) | Direction: HOLD | BullScore: 0.0% | BearScore: 65.2% | Active: ['ema', 'macd', 'rsi', 'vp']
2026-08-21 12:55:54,770 - INFO - Signal evaluated: HOLD. Reason/Details: Confluence score: 65% (HOLD)
2026-08-21 12:55:54,947 - INFO - Logged heartbeat status: OK
2026-08-21 12:55:54,947 - INFO - Job "LiveRunner.process_cycle (trigger: interval[0:05:00], next run at: 2026-08-21 13:00:54 IST)" executed successfully
2026-08-21 13:00:54,100 - INFO - Running job "LiveRunner.process_cycle (trigger: interval[0:05:00], next run at: 2026-08-21 13:05:54 IST)" (scheduled at 2026-08-21 13:00:54.080921+05:30)
2026-08-21 13:00:54,120 - INFO - [bot-1787212339853-77cf] Starting signal check cycle for SOL/USDT (5m)...
2026-08-21 13:00:54,179 - INFO - Fetching recent candles for SOL/USDT (5m) [Bot: bot-1787212339853-77cf] via ProviderManager...
2026-08-21 13:00:54,665 - INFO - Indicators computed | close=89.97 ema_9=90.37 ema_20=90.32 ema_50=89.93 ema_200=88.44 macd=0.1268 poc=75.0 val=75.0 vah=75.0
2026-08-21 13:00:54,666 - INFO - [bot-1787212339853-77cf] Evaluating strategy on completed candle: 2026-08-21 07:25:00+00:00 at Close price: 90.28
2026-08-21 13:00:54,694 - INFO - Confluence Evaluation | Regime: RANGING (ADX=17.3) | Direction: HOLD | BullScore: 0.0% | BearScore: 65.2% | Active: ['ema', 'macd', 'rsi', 'vp']
2026-08-21 13:00:54,787 - INFO - Signal evaluated: HOLD. Reason/Details: Confluence score: 65% (HOLD)
2026-08-21 13:00:54,975 - INFO - Logged heartbeat status: OK
2026-08-21 13:00:54,976 - INFO - Job "LiveRunner.process_cycle (trigger: interval[0:05:00], next run at: 2026-08-21 13:05:54 IST)" executed successfully
2026-08-21 13:05:54,146 - INFO - Running job "LiveRunner.process_cycle (trigger: interval[0:05:00], next run at: 2026-08-21 13:10:54 IST)" (scheduled at 2026-08-21 13:05:54.080921+05:30)
2026-08-21 13:05:54,178 - INFO - [bot-1787212339853-77cf] Starting signal check cycle for SOL/USDT (5m)...
2026-08-21 13:05:54,221 - INFO - Fetching recent candles for SOL/USDT (5m) [Bot: bot-1787212339853-77cf] via ProviderManager...
2026-08-21 13:05:54,723 - INFO - Indicators computed | close=90.17 ema_9=90.36 ema_20=90.32 ema_50=89.94 ema_200=88.46 macd=0.1140 poc=75.0 val=75.0 vah=75.0
2026-08-21 13:05:54,724 - INFO - [bot-1787212339853-77cf] Evaluating strategy on completed candle: 2026-08-21 07:30:00+00:00 at Close price: 90.18
2026-08-21 13:05:54,786 - INFO - Confluence Evaluation | Regime: RANGING (ADX=15.6) | Direction: HOLD | BullScore: 32.6% | BearScore: 32.6% | Active: ['ema', 'macd', 'rsi', 'vp']
2026-08-21 13:05:54,898 - INFO - Signal evaluated: HOLD. Reason/Details: Confluence score: 33% (HOLD)
2026-08-21 13:05:55,076 - INFO - Logged heartbeat status: OK
2026-08-21 13:05:55,077 - INFO - Job "LiveRunner.process_cycle (trigger: interval[0:05:00], next run at: 2026-08-21 13:10:54 IST)" executed successfully
2026-08-21 13:10:54,104 - INFO - Running job "LiveRunner.process_cycle (trigger: interval[0:05:00], next run at: 2026-08-21 13:15:54 IST)" (scheduled at 2026-08-21 13:10:54.080921+05:30)
2026-08-21 13:10:54,128 - INFO - [bot-1787212339853-77cf] Starting signal check cycle for SOL/USDT (5m)...
2026-08-21 13:10:54,169 - INFO - Fetching recent candles for SOL/USDT (5m) [Bot: bot-1787212339853-77cf] via ProviderManager...
2026-08-21 13:10:54,748 - INFO - Indicators computed | close=90.52 ema_9=90.44 ema_20=90.36 ema_50=89.98 ema_200=88.49 macd=0.1335 poc=75.0 val=75.0 vah=75.0
2026-08-21 13:10:54,749 - INFO - [bot-1787212339853-77cf] Evaluating strategy on completed candle: 2026-08-21 07:35:00+00:00 at Close price: 90.43
2026-08-21 13:10:54,810 - INFO - Confluence Evaluation | Regime: RANGING (ADX=13.9) | Direction: HOLD | BullScore: 50.0% | BearScore: 32.6% | Active: ['ema', 'macd', 'rsi', 'vp']
2026-08-21 13:10:54,940 - INFO - Signal evaluated: HOLD. Reason/Details: Confluence score: 50% (HOLD)
2026-08-21 13:10:55,151 - INFO - Logged heartbeat status: OK
2026-08-21 13:10:55,151 - INFO - Job "LiveRunner.process_cycle (trigger: interval[0:05:00], next run at: 2026-08-21 13:15:54 IST)" executed successfully
2026-08-21 13:15:54,095 - INFO - Running job "LiveRunner.process_cycle (trigger: interval[0:05:00], next run at: 2026-08-21 13:20:54 IST)" (scheduled at 2026-08-21 13:15:54.080921+05:30)
2026-08-21 13:15:54,105 - INFO - [bot-1787212339853-77cf] Starting signal check cycle for SOL/USDT (5m)...
2026-08-21 13:15:54,151 - INFO - Fetching recent candles for SOL/USDT (5m) [Bot: bot-1787212339853-77cf] via ProviderManager...
2026-08-21 13:15:54,592 - INFO - Indicators computed | close=90.57 ema_9=90.47 ema_20=90.39 ema_50=90.00 ema_200=88.51 macd=0.1393 poc=75.0 val=75.0 vah=75.0
2026-08-21 13:15:54,593 - INFO - [bot-1787212339853-77cf] Evaluating strategy on completed candle: 2026-08-21 07:40:00+00:00 at Close price: 90.59
2026-08-21 13:15:54,690 - INFO - Confluence Evaluation | Regime: RANGING (ADX=12.8) | Direction: HOLD | BullScore: 50.0% | BearScore: 32.6% | Active: ['ema', 'macd', 'rsi', 'vp']
2026-08-21 13:15:54,770 - INFO - Signal evaluated: HOLD. Reason/Details: Confluence score: 50% (HOLD)
2026-08-21 13:15:54,975 - INFO - Logged heartbeat status: OK
2026-08-21 13:15:54,975 - INFO - Job "LiveRunner.process_cycle (trigger: interval[0:05:00], next run at: 2026-08-21 13:20:54 IST)" executed successfully
2026-08-21 13:20:54,139 - INFO - Running job "LiveRunner.process_cycle (trigger: interval[0:05:00], next run at: 2026-08-21 13:25:54 IST)" (scheduled at 2026-08-21 13:20:54.080921+05:30)
2026-08-21 13:20:54,149 - INFO - [bot-1787212339853-77cf] Starting signal check cycle for SOL/USDT (5m)...
2026-08-21 13:20:54,196 - INFO - Fetching recent candles for SOL/USDT (5m) [Bot: bot-1787212339853-77cf] via ProviderManager...
2026-08-21 13:21:04,260 - ERROR - Binance Spot Network Error: binance GET https://api.binance.com/api/v3/klines?interval=5m&limit=1000&symbol=SOLUSDT
--- Logging error ---
Traceback (most recent call last):
  File "/Users/ashishparadkar/Downloads/algo-code-main/.venv/lib/python3.9/site-packages/urllib3/connectionpool.py", line 534, in _make_request
    response = conn.getresponse()
  File "/Users/ashishparadkar/Downloads/algo-code-main/.venv/lib/python3.9/site-packages/urllib3/connection.py", line 571, in getresponse
    httplib_response = super().getresponse()
  File "/Library/Developer/CommandLineTools/Library/Frameworks/Python3.framework/Versions/3.9/lib/python3.9/http/client.py", line 1349, in getresponse
    response.begin()
  File "/Library/Developer/CommandLineTools/Library/Frameworks/Python3.framework/Versions/3.9/lib/python3.9/http/client.py", line 316, in begin
    version, status, reason = self._read_status()
  File "/Library/Developer/CommandLineTools/Library/Frameworks/Python3.framework/Versions/3.9/lib/python3.9/http/client.py", line 277, in _read_status
    line = str(self.fp.readline(_MAXLINE + 1), "iso-8859-1")
  File "/Library/Developer/CommandLineTools/Library/Frameworks/Python3.framework/Versions/3.9/lib/python3.9/socket.py", line 704, in readinto
    return self._sock.recv_into(b)
  File "/Library/Developer/CommandLineTools/Library/Frameworks/Python3.framework/Versions/3.9/lib/python3.9/ssl.py", line 1241, in recv_into
    return self.read(nbytes, buffer)
  File "/Library/Developer/CommandLineTools/Library/Frameworks/Python3.framework/Versions/3.9/lib/python3.9/ssl.py", line 1099, in read
    return self._sslobj.read(len, buffer)
socket.timeout: The read operation timed out

The above exception was the direct cause of the following exception:

Traceback (most recent call last):
  File "/Users/ashishparadkar/Downloads/algo-code-main/.venv/lib/python3.9/site-packages/requests/adapters.py", line 644, in send
    resp = conn.urlopen(
  File "/Users/ashishparadkar/Downloads/algo-code-main/.venv/lib/python3.9/site-packages/urllib3/connectionpool.py", line 841, in urlopen
    retries = retries.increment(
  File "/Users/ashishparadkar/Downloads/algo-code-main/.venv/lib/python3.9/site-packages/urllib3/util/retry.py", line 490, in increment
    raise reraise(type(error), error, _stacktrace)
  File "/Users/ashishparadkar/Downloads/algo-code-main/.venv/lib/python3.9/site-packages/urllib3/util/util.py", line 39, in reraise
    raise value
  File "/Users/ashishparadkar/Downloads/algo-code-main/.venv/lib/python3.9/site-packages/urllib3/connectionpool.py", line 787, in urlopen
    response = self._make_request(
  File "/Users/ashishparadkar/Downloads/algo-code-main/.venv/lib/python3.9/site-packages/urllib3/connectionpool.py", line 536, in _make_request
    self._raise_timeout(err=e, url=url, timeout_value=read_timeout)
  File "/Users/ashishparadkar/Downloads/algo-code-main/.venv/lib/python3.9/site-packages/urllib3/connectionpool.py", line 367, in _raise_timeout
    raise ReadTimeoutError(
urllib3.exceptions.ReadTimeoutError: HTTPSConnectionPool(host='api.binance.com', port=443): Read timed out. (read timeout=10.0)

During handling of the above exception, another exception occurred:

Traceback (most recent call last):
  File "/Users/ashishparadkar/Downloads/algo-code-main/.venv/lib/python3.9/site-packages/ccxt/base/exchange.py", line 665, in fetch
    response = self.session.request(
  File "/Users/ashishparadkar/Downloads/algo-code-main/.venv/lib/python3.9/site-packages/requests/sessions.py", line 589, in request
    resp = self.send(prep, **send_kwargs)
  File "/Users/ashishparadkar/Downloads/algo-code-main/.venv/lib/python3.9/site-packages/requests/sessions.py", line 703, in send
    r = adapter.send(request, **kwargs)
  File "/Users/ashishparadkar/Downloads/algo-code-main/.venv/lib/python3.9/site-packages/requests/adapters.py", line 690, in send
    raise ReadTimeout(e, request=request)
requests.exceptions.ReadTimeout: HTTPSConnectionPool(host='api.binance.com', port=443): Read timed out. (read timeout=10.0)

The above exception was the direct cause of the following exception:

Traceback (most recent call last):
  File "/Users/ashishparadkar/Downloads/algo-code-main/src/provider_manager.py", line 351, in fetch_ohlcv_safe
    df = adapter.fetch_ohlcv(instrument, timeframe, limit=limit)
  File "/Users/ashishparadkar/Downloads/algo-code-main/src/provider_manager.py", line 211, in fetch_ohlcv
    raise net_err
  File "/Users/ashishparadkar/Downloads/algo-code-main/src/provider_manager.py", line 183, in fetch_ohlcv
    raw_candles = self.exchange.fetch_ohlcv(
  File "/Users/ashishparadkar/Downloads/algo-code-main/.venv/lib/python3.9/site-packages/ccxt/binance.py", line 4759, in fetch_ohlcv
    response = self.publicGetKlines(self.extend(request, params))
  File "/Users/ashishparadkar/Downloads/algo-code-main/.venv/lib/python3.9/site-packages/ccxt/base/types.py", line 35, in unbound_method
    return _self.request(self.path, self.api, self.method, params, config=self.config)
  File "/Users/ashishparadkar/Downloads/algo-code-main/.venv/lib/python3.9/site-packages/ccxt/binance.py", line 11724, in request
    response = self.fetch2(path, api, method, params, headers, body, config)
  File "/Users/ashishparadkar/Downloads/algo-code-main/.venv/lib/python3.9/site-packages/ccxt/base/exchange.py", line 5566, in fetch2
    raise e
  File "/Users/ashishparadkar/Downloads/algo-code-main/.venv/lib/python3.9/site-packages/ccxt/base/exchange.py", line 5549, in fetch2
    response = self.fetch(request['url'], request['method'], request['headers'], request['body'])
  File "/Users/ashishparadkar/Downloads/algo-code-main/.venv/lib/python3.9/site-packages/ccxt/base/exchange.py", line 698, in fetch
    raise RequestTimeout(details) from e
ccxt.base.errors.RequestTimeout: binance GET https://api.binance.com/api/v3/klines?interval=5m&limit=1000&symbol=SOLUSDT

During handling of the above exception, another exception occurred:

Traceback (most recent call last):
  File "/Library/Developer/CommandLineTools/Library/Frameworks/Python3.framework/Versions/3.9/lib/python3.9/logging/__init__.py", line 1083, in emit
    msg = self.format(record)
  File "/Library/Developer/CommandLineTools/Library/Frameworks/Python3.framework/Versions/3.9/lib/python3.9/logging/__init__.py", line 927, in format
    return fmt.format(record)
  File "/Library/Developer/CommandLineTools/Library/Frameworks/Python3.framework/Versions/3.9/lib/python3.9/logging/__init__.py", line 663, in format
    record.message = record.getMessage()
  File "/Library/Developer/CommandLineTools/Library/Frameworks/Python3.framework/Versions/3.9/lib/python3.9/logging/__init__.py", line 367, in getMessage
    msg = msg % self.args
TypeError: must be real number, not RequestTimeout
Call stack:
  File "/Library/Developer/CommandLineTools/Library/Frameworks/Python3.framework/Versions/3.9/lib/python3.9/threading.py", line 930, in _bootstrap
    self._bootstrap_inner()
  File "/Library/Developer/CommandLineTools/Library/Frameworks/Python3.framework/Versions/3.9/lib/python3.9/threading.py", line 973, in _bootstrap_inner
    self.run()
  File "/Library/Developer/CommandLineTools/Library/Frameworks/Python3.framework/Versions/3.9/lib/python3.9/threading.py", line 910, in run
    self._target(*self._args, **self._kwargs)
  File "/Library/Developer/CommandLineTools/Library/Frameworks/Python3.framework/Versions/3.9/lib/python3.9/concurrent/futures/thread.py", line 77, in _worker
    work_item.run()
  File "/Library/Developer/CommandLineTools/Library/Frameworks/Python3.framework/Versions/3.9/lib/python3.9/concurrent/futures/thread.py", line 52, in run
    result = self.fn(*self.args, **self.kwargs)
  File "/Users/ashishparadkar/Downloads/algo-code-main/.venv/lib/python3.9/site-packages/apscheduler/executors/base.py", line 131, in run_job
    retval = job.func(*job.args, **job.kwargs)
  File "/Users/ashishparadkar/Downloads/algo-code-main/src/live_runner.py", line 199, in process_cycle
    df, _ = self.provider_manager.fetch_ohlcv_safe(self.symbol, self.timeframe, limit=1000)
  File "/Users/ashishparadkar/Downloads/algo-code-main/src/provider_manager.py", line 362, in fetch_ohlcv_safe
    logger.warning(
Message: 'Retryable network failure for %s (Attempt %d/%d). Backing off %.2fs: %s'
Arguments: ('SOL/USDT', 1, 3, RequestTimeout('binance GET https://api.binance.com/api/v3/klines?interval=5m&limit=1000&symbol=SOLUSDT'))
2026-08-21 13:21:06,390 - ERROR - Binance Spot Network Error: binance GET https://api.binance.com/api/v3/klines?interval=5m&limit=1000&symbol=SOLUSDT
--- Logging error ---
Traceback (most recent call last):
  File "/Users/ashishparadkar/Downloads/algo-code-main/.venv/lib/python3.9/site-packages/urllib3/connection.py", line 204, in _new_conn
    sock = connection.create_connection(
  File "/Users/ashishparadkar/Downloads/algo-code-main/.venv/lib/python3.9/site-packages/urllib3/util/connection.py", line 60, in create_connection
    for res in socket.getaddrinfo(host, port, family, socket.SOCK_STREAM):
  File "/Library/Developer/CommandLineTools/Library/Frameworks/Python3.framework/Versions/3.9/lib/python3.9/socket.py", line 953, in getaddrinfo
    for res in _socket.getaddrinfo(host, port, family, type, proto, flags):
socket.gaierror: [Errno 8] nodename nor servname provided, or not known

The above exception was the direct cause of the following exception:

Traceback (most recent call last):
  File "/Users/ashishparadkar/Downloads/algo-code-main/.venv/lib/python3.9/site-packages/urllib3/connectionpool.py", line 787, in urlopen
    response = self._make_request(
  File "/Users/ashishparadkar/Downloads/algo-code-main/.venv/lib/python3.9/site-packages/urllib3/connectionpool.py", line 488, in _make_request
    raise new_e
  File "/Users/ashishparadkar/Downloads/algo-code-main/.venv/lib/python3.9/site-packages/urllib3/connectionpool.py", line 464, in _make_request
    self._validate_conn(conn)
  File "/Users/ashishparadkar/Downloads/algo-code-main/.venv/lib/python3.9/site-packages/urllib3/connectionpool.py", line 1093, in _validate_conn
    conn.connect()
  File "/Users/ashishparadkar/Downloads/algo-code-main/.venv/lib/python3.9/site-packages/urllib3/connection.py", line 759, in connect
    self.sock = sock = self._new_conn()
  File "/Users/ashishparadkar/Downloads/algo-code-main/.venv/lib/python3.9/site-packages/urllib3/connection.py", line 211, in _new_conn
    raise NameResolutionError(self.host, self, e) from e
urllib3.exceptions.NameResolutionError: HTTPSConnection(host='api.binance.com', port=443): Failed to resolve 'api.binance.com' ([Errno 8] nodename nor servname provided, or not known)

The above exception was the direct cause of the following exception:

Traceback (most recent call last):
  File "/Users/ashishparadkar/Downloads/algo-code-main/.venv/lib/python3.9/site-packages/requests/adapters.py", line 644, in send
    resp = conn.urlopen(
  File "/Users/ashishparadkar/Downloads/algo-code-main/.venv/lib/python3.9/site-packages/urllib3/connectionpool.py", line 841, in urlopen
    retries = retries.increment(
  File "/Users/ashishparadkar/Downloads/algo-code-main/.venv/lib/python3.9/site-packages/urllib3/util/retry.py", line 535, in increment
    raise MaxRetryError(_pool, url, reason) from reason  # type: ignore[arg-type]
urllib3.exceptions.MaxRetryError: HTTPSConnectionPool(host='api.binance.com', port=443): Max retries exceeded with url: /api/v3/klines?interval=5m&limit=1000&symbol=SOLUSDT (Caused by NameResolutionError("HTTPSConnection(host='api.binance.com', port=443): Failed to resolve 'api.binance.com' ([Errno 8] nodename nor servname provided, or not known)"))

During handling of the above exception, another exception occurred:

Traceback (most recent call last):
  File "/Users/ashishparadkar/Downloads/algo-code-main/.venv/lib/python3.9/site-packages/ccxt/base/exchange.py", line 665, in fetch
    response = self.session.request(
  File "/Users/ashishparadkar/Downloads/algo-code-main/.venv/lib/python3.9/site-packages/requests/sessions.py", line 589, in request
    resp = self.send(prep, **send_kwargs)
  File "/Users/ashishparadkar/Downloads/algo-code-main/.venv/lib/python3.9/site-packages/requests/sessions.py", line 703, in send
    r = adapter.send(request, **kwargs)
  File "/Users/ashishparadkar/Downloads/algo-code-main/.venv/lib/python3.9/site-packages/requests/adapters.py", line 677, in send
    raise ConnectionError(e, request=request)
requests.exceptions.ConnectionError: HTTPSConnectionPool(host='api.binance.com', port=443): Max retries exceeded with url: /api/v3/klines?interval=5m&limit=1000&symbol=SOLUSDT (Caused by NameResolutionError("HTTPSConnection(host='api.binance.com', port=443): Failed to resolve 'api.binance.com' ([Errno 8] nodename nor servname provided, or not known)"))

The above exception was the direct cause of the following exception:

Traceback (most recent call last):
  File "/Users/ashishparadkar/Downloads/algo-code-main/src/provider_manager.py", line 351, in fetch_ohlcv_safe
    df = adapter.fetch_ohlcv(instrument, timeframe, limit=limit)
  File "/Users/ashishparadkar/Downloads/algo-code-main/src/provider_manager.py", line 211, in fetch_ohlcv
    raise net_err
  File "/Users/ashishparadkar/Downloads/algo-code-main/src/provider_manager.py", line 183, in fetch_ohlcv
    raw_candles = self.exchange.fetch_ohlcv(
  File "/Users/ashishparadkar/Downloads/algo-code-main/.venv/lib/python3.9/site-packages/ccxt/binance.py", line 4759, in fetch_ohlcv
    response = self.publicGetKlines(self.extend(request, params))
  File "/Users/ashishparadkar/Downloads/algo-code-main/.venv/lib/python3.9/site-packages/ccxt/base/types.py", line 35, in unbound_method
    return _self.request(self.path, self.api, self.method, params, config=self.config)
  File "/Users/ashishparadkar/Downloads/algo-code-main/.venv/lib/python3.9/site-packages/ccxt/binance.py", line 11724, in request
    response = self.fetch2(path, api, method, params, headers, body, config)
  File "/Users/ashishparadkar/Downloads/algo-code-main/.venv/lib/python3.9/site-packages/ccxt/base/exchange.py", line 5566, in fetch2
    raise e
  File "/Users/ashishparadkar/Downloads/algo-code-main/.venv/lib/python3.9/site-packages/ccxt/base/exchange.py", line 5549, in fetch2
    response = self.fetch(request['url'], request['method'], request['headers'], request['body'])
  File "/Users/ashishparadkar/Downloads/algo-code-main/.venv/lib/python3.9/site-packages/ccxt/base/exchange.py", line 721, in fetch
    raise NetworkError(details) from e
ccxt.base.errors.NetworkError: binance GET https://api.binance.com/api/v3/klines?interval=5m&limit=1000&symbol=SOLUSDT

During handling of the above exception, another exception occurred:

Traceback (most recent call last):
  File "/Library/Developer/CommandLineTools/Library/Frameworks/Python3.framework/Versions/3.9/lib/python3.9/logging/__init__.py", line 1083, in emit
    msg = self.format(record)
  File "/Library/Developer/CommandLineTools/Library/Frameworks/Python3.framework/Versions/3.9/lib/python3.9/logging/__init__.py", line 927, in format
    return fmt.format(record)
  File "/Library/Developer/CommandLineTools/Library/Frameworks/Python3.framework/Versions/3.9/lib/python3.9/logging/__init__.py", line 663, in format
    record.message = record.getMessage()
  File "/Library/Developer/CommandLineTools/Library/Frameworks/Python3.framework/Versions/3.9/lib/python3.9/logging/__init__.py", line 367, in getMessage
    msg = msg % self.args
TypeError: must be real number, not NetworkError
Call stack:
  File "/Library/Developer/CommandLineTools/Library/Frameworks/Python3.framework/Versions/3.9/lib/python3.9/threading.py", line 930, in _bootstrap
    self._bootstrap_inner()
  File "/Library/Developer/CommandLineTools/Library/Frameworks/Python3.framework/Versions/3.9/lib/python3.9/threading.py", line 973, in _bootstrap_inner
    self.run()
  File "/Library/Developer/CommandLineTools/Library/Frameworks/Python3.framework/Versions/3.9/lib/python3.9/threading.py", line 910, in run
    self._target(*self._args, **self._kwargs)
  File "/Library/Developer/CommandLineTools/Library/Frameworks/Python3.framework/Versions/3.9/lib/python3.9/concurrent/futures/thread.py", line 77, in _worker
    work_item.run()
  File "/Library/Developer/CommandLineTools/Library/Frameworks/Python3.framework/Versions/3.9/lib/python3.9/concurrent/futures/thread.py", line 52, in run
    result = self.fn(*self.args, **self.kwargs)
  File "/Users/ashishparadkar/Downloads/algo-code-main/.venv/lib/python3.9/site-packages/apscheduler/executors/base.py", line 131, in run_job
    retval = job.func(*job.args, **job.kwargs)
  File "/Users/ashishparadkar/Downloads/algo-code-main/src/live_runner.py", line 199, in process_cycle
    df, _ = self.provider_manager.fetch_ohlcv_safe(self.symbol, self.timeframe, limit=1000)
  File "/Users/ashishparadkar/Downloads/algo-code-main/src/provider_manager.py", line 362, in fetch_ohlcv_safe
    logger.warning(
Message: 'Retryable network failure for %s (Attempt %d/%d). Backing off %.2fs: %s'
Arguments: ('SOL/USDT', 2, 3, NetworkError('binance GET https://api.binance.com/api/v3/klines?interval=5m&limit=1000&symbol=SOLUSDT'))
2026-08-21 13:21:08,579 - ERROR - Binance Spot Network Error: binance GET https://api.binance.com/api/v3/klines?interval=5m&limit=1000&symbol=SOLUSDT
2026-08-21 13:21:08,579 - ERROR - System Error in runner execution cycle: binance GET https://api.binance.com/api/v3/klines?interval=5m&limit=1000&symbol=SOLUSDT
Traceback (most recent call last):
  File "/Users/ashishparadkar/Downloads/algo-code-main/.venv/lib/python3.9/site-packages/urllib3/connection.py", line 204, in _new_conn
    sock = connection.create_connection(
  File "/Users/ashishparadkar/Downloads/algo-code-main/.venv/lib/python3.9/site-packages/urllib3/util/connection.py", line 60, in create_connection
    for res in socket.getaddrinfo(host, port, family, socket.SOCK_STREAM):
  File "/Library/Developer/CommandLineTools/Library/Frameworks/Python3.framework/Versions/3.9/lib/python3.9/socket.py", line 953, in getaddrinfo
    for res in _socket.getaddrinfo(host, port, family, type, proto, flags):
socket.gaierror: [Errno 8] nodename nor servname provided, or not known

The above exception was the direct cause of the following exception:

Traceback (most recent call last):
  File "/Users/ashishparadkar/Downloads/algo-code-main/.venv/lib/python3.9/site-packages/urllib3/connectionpool.py", line 787, in urlopen
    response = self._make_request(
  File "/Users/ashishparadkar/Downloads/algo-code-main/.venv/lib/python3.9/site-packages/urllib3/connectionpool.py", line 488, in _make_request
    raise new_e
  File "/Users/ashishparadkar/Downloads/algo-code-main/.venv/lib/python3.9/site-packages/urllib3/connectionpool.py", line 464, in _make_request
    self._validate_conn(conn)
  File "/Users/ashishparadkar/Downloads/algo-code-main/.venv/lib/python3.9/site-packages/urllib3/connectionpool.py", line 1093, in _validate_conn
    conn.connect()
  File "/Users/ashishparadkar/Downloads/algo-code-main/.venv/lib/python3.9/site-packages/urllib3/connection.py", line 759, in connect
    self.sock = sock = self._new_conn()
  File "/Users/ashishparadkar/Downloads/algo-code-main/.venv/lib/python3.9/site-packages/urllib3/connection.py", line 211, in _new_conn
    raise NameResolutionError(self.host, self, e) from e
urllib3.exceptions.NameResolutionError: HTTPSConnection(host='api.binance.com', port=443): Failed to resolve 'api.binance.com' ([Errno 8] nodename nor servname provided, or not known)

The above exception was the direct cause of the following exception:

Traceback (most recent call last):
  File "/Users/ashishparadkar/Downloads/algo-code-main/.venv/lib/python3.9/site-packages/requests/adapters.py", line 644, in send
    resp = conn.urlopen(
  File "/Users/ashishparadkar/Downloads/algo-code-main/.venv/lib/python3.9/site-packages/urllib3/connectionpool.py", line 841, in urlopen
    retries = retries.increment(
  File "/Users/ashishparadkar/Downloads/algo-code-main/.venv/lib/python3.9/site-packages/urllib3/util/retry.py", line 535, in increment
    raise MaxRetryError(_pool, url, reason) from reason  # type: ignore[arg-type]
urllib3.exceptions.MaxRetryError: HTTPSConnectionPool(host='api.binance.com', port=443): Max retries exceeded with url: /api/v3/klines?interval=5m&limit=1000&symbol=SOLUSDT (Caused by NameResolutionError("HTTPSConnection(host='api.binance.com', port=443): Failed to resolve 'api.binance.com' ([Errno 8] nodename nor servname provided, or not known)"))

During handling of the above exception, another exception occurred:

Traceback (most recent call last):
  File "/Users/ashishparadkar/Downloads/algo-code-main/.venv/lib/python3.9/site-packages/ccxt/base/exchange.py", line 665, in fetch
    response = self.session.request(
  File "/Users/ashishparadkar/Downloads/algo-code-main/.venv/lib/python3.9/site-packages/requests/sessions.py", line 589, in request
    resp = self.send(prep, **send_kwargs)
  File "/Users/ashishparadkar/Downloads/algo-code-main/.venv/lib/python3.9/site-packages/requests/sessions.py", line 703, in send
    r = adapter.send(request, **kwargs)
  File "/Users/ashishparadkar/Downloads/algo-code-main/.venv/lib/python3.9/site-packages/requests/adapters.py", line 677, in send
    raise ConnectionError(e, request=request)
requests.exceptions.ConnectionError: HTTPSConnectionPool(host='api.binance.com', port=443): Max retries exceeded with url: /api/v3/klines?interval=5m&limit=1000&symbol=SOLUSDT (Caused by NameResolutionError("HTTPSConnection(host='api.binance.com', port=443): Failed to resolve 'api.binance.com' ([Errno 8] nodename nor servname provided, or not known)"))

The above exception was the direct cause of the following exception:

Traceback (most recent call last):
  File "/Users/ashishparadkar/Downloads/algo-code-main/src/live_runner.py", line 199, in process_cycle
    df, _ = self.provider_manager.fetch_ohlcv_safe(self.symbol, self.timeframe, limit=1000)
  File "/Users/ashishparadkar/Downloads/algo-code-main/src/provider_manager.py", line 359, in fetch_ohlcv_safe
    raise retryable_err
  File "/Users/ashishparadkar/Downloads/algo-code-main/src/provider_manager.py", line 351, in fetch_ohlcv_safe
    df = adapter.fetch_ohlcv(instrument, timeframe, limit=limit)
  File "/Users/ashishparadkar/Downloads/algo-code-main/src/provider_manager.py", line 211, in fetch_ohlcv
    raise net_err
  File "/Users/ashishparadkar/Downloads/algo-code-main/src/provider_manager.py", line 183, in fetch_ohlcv
    raw_candles = self.exchange.fetch_ohlcv(
  File "/Users/ashishparadkar/Downloads/algo-code-main/.venv/lib/python3.9/site-packages/ccxt/binance.py", line 4759, in fetch_ohlcv
    response = self.publicGetKlines(self.extend(request, params))
  File "/Users/ashishparadkar/Downloads/algo-code-main/.venv/lib/python3.9/site-packages/ccxt/base/types.py", line 35, in unbound_method
    return _self.request(self.path, self.api, self.method, params, config=self.config)
  File "/Users/ashishparadkar/Downloads/algo-code-main/.venv/lib/python3.9/site-packages/ccxt/binance.py", line 11724, in request
    response = self.fetch2(path, api, method, params, headers, body, config)
  File "/Users/ashishparadkar/Downloads/algo-code-main/.venv/lib/python3.9/site-packages/ccxt/base/exchange.py", line 5566, in fetch2
    raise e
  File "/Users/ashishparadkar/Downloads/algo-code-main/.venv/lib/python3.9/site-packages/ccxt/base/exchange.py", line 5549, in fetch2
    response = self.fetch(request['url'], request['method'], request['headers'], request['body'])
  File "/Users/ashishparadkar/Downloads/algo-code-main/.venv/lib/python3.9/site-packages/ccxt/base/exchange.py", line 721, in fetch
    raise NetworkError(details) from e
ccxt.base.errors.NetworkError: binance GET https://api.binance.com/api/v3/klines?interval=5m&limit=1000&symbol=SOLUSDT
2026-08-21 13:21:08,701 - WARNING - [bot-1787212339853-77cf] Marked bot as non-retryable configuration error to prevent infinite error storm.
2026-08-21 13:21:08,802 - WARNING - Telegram alert [GENERAL] failed (Connection Error: HTTPSConnectionPool(host='api.telegram.org', port=443): Max retries exceeded with url: /bot8865086302:AAHhh3VL9czoQRSnw8Hf9iyDEwGJnqQTtqc/sendMessage (Caused by NameResolutionError("HTTPSConnection(host='api.telegram.org', port=443): Failed to resolve 'api.telegram.org' ([Errno 8] nodename nor servname provided, or not known)"))). Re-queueing retry 1/3 in 1.0s
2026-08-21 13:21:09,009 - INFO - Logged heartbeat status: ERROR
2026-08-21 13:21:09,009 - INFO - Job "LiveRunner.process_cycle (trigger: interval[0:05:00], next run at: 2026-08-21 13:25:54 IST)" executed successfully
2026-08-21 13:21:09,814 - WARNING - Telegram alert [GENERAL] failed (Connection Error: HTTPSConnectionPool(host='api.telegram.org', port=443): Max retries exceeded with url: /bot8865086302:AAHhh3VL9czoQRSnw8Hf9iyDEwGJnqQTtqc/sendMessage (Caused by NameResolutionError("HTTPSConnection(host='api.telegram.org', port=443): Failed to resolve 'api.telegram.org' ([Errno 8] nodename nor servname provided, or not known)"))). Re-queueing retry 2/3 in 2.0s
2026-08-21 13:21:10,820 - WARNING - Telegram alert [GENERAL] failed (Connection Error: HTTPSConnectionPool(host='api.telegram.org', port=443): Max retries exceeded with url: /bot8865086302:AAHhh3VL9czoQRSnw8Hf9iyDEwGJnqQTtqc/sendMessage (Caused by NameResolutionError("HTTPSConnection(host='api.telegram.org', port=443): Failed to resolve 'api.telegram.org' ([Errno 8] nodename nor servname provided, or not known)"))). Re-queueing retry 3/3 in 4.0s
2026-08-21 13:21:11,828 - ERROR - Telegram alert [GENERAL] failed permanently after 3 retries: Connection Error: HTTPSConnectionPool(host='api.telegram.org', port=443): Max retries exceeded with url: /bot8865086302:AAHhh3VL9czoQRSnw8Hf9iyDEwGJnqQTtqc/sendMessage (Caused by NameResolutionError("HTTPSConnection(host='api.telegram.org', port=443): Failed to resolve 'api.telegram.org' ([Errno 8] nodename nor servname provided, or not known)"))
2026-08-21 13:25:54,094 - INFO - Running job "LiveRunner.process_cycle (trigger: interval[0:05:00], next run at: 2026-08-21 13:30:54 IST)" (scheduled at 2026-08-21 13:25:54.080921+05:30)
2026-08-21 13:25:54,100 - ERROR - [bot-1787212339853-77cf] Halting runner cycle: Bot is configured with unexecutable instrument 'SOL/USDT'. Error: Fatal Non-Retryable Error: binance GET https://api.binance.com/api/v3/klines?interval=5m&limit=1000&symbol=SOLUSDT
2026-08-21 13:25:54,267 - INFO - Job "LiveRunner.process_cycle (trigger: interval[0:05:00], next run at: 2026-08-21 13:30:54 IST)" executed successfully
2026-08-21 13:30:54,090 - INFO - Running job "LiveRunner.process_cycle (trigger: interval[0:05:00], next run at: 2026-08-21 13:35:54 IST)" (scheduled at 2026-08-21 13:30:54.080921+05:30)
2026-08-21 13:30:54,099 - ERROR - [bot-1787212339853-77cf] Halting runner cycle: Bot is configured with unexecutable instrument 'SOL/USDT'. Error: Fatal Non-Retryable Error: binance GET https://api.binance.com/api/v3/klines?interval=5m&limit=1000&symbol=SOLUSDT
2026-08-21 13:30:54,334 - INFO - Job "LiveRunner.process_cycle (trigger: interval[0:05:00], next run at: 2026-08-21 13:35:54 IST)" executed successfully
2026-08-21 13:35:54,153 - INFO - Running job "LiveRunner.process_cycle (trigger: interval[0:05:00], next run at: 2026-08-21 13:40:54 IST)" (scheduled at 2026-08-21 13:35:54.080921+05:30)
2026-08-21 13:35:54,159 - ERROR - [bot-1787212339853-77cf] Halting runner cycle: Bot is configured with unexecutable instrument 'SOL/USDT'. Error: Fatal Non-Retryable Error: binance GET https://api.binance.com/api/v3/klines?interval=5m&limit=1000&symbol=SOLUSDT
2026-08-21 13:35:54,397 - INFO - Job "LiveRunner.process_cycle (trigger: interval[0:05:00], next run at: 2026-08-21 13:40:54 IST)" executed successfully
/Users/ashishparadkar/Downloads/algo-code-main/.venv/lib/python3.9/site-packages/urllib3/__init__.py:35: NotOpenSSLWarning: urllib3 v2 only supports OpenSSL 1.1.1+, currently the 'ssl' module is compiled with 'LibreSSL 2.8.3'. See: https://github.com/urllib3/urllib3/issues/3020
  warnings.warn(
2026-08-21 14:51:27,622 - INFO - Bot state startup reconciliation finished: 0 bot(s) reconciled to STOPPED.
2026-08-21 14:51:28,943 - INFO - Telegram notification service initialized successfully (Chat ID: 5657...)
2026-08-21 14:51:29,056 - INFO - Initializing scheduled trading bot live runner for bot-1787212339853-77cf...
2026-08-21 14:51:29,782 - INFO - SQLite database tables verified/created.
2026-08-21 14:51:30,431 - INFO - Initializing CCXT Binance in TESTNET mode.
/Users/ashishparadkar/Downloads/algo-code-main/.venv/lib/python3.9/site-packages/urllib3/__init__.py:35: NotOpenSSLWarning: urllib3 v2 only supports OpenSSL 1.1.1+, currently the 'ssl' module is compiled with 'LibreSSL 2.8.3'. See: https://github.com/urllib3/urllib3/issues/3020
  warnings.warn(
2026-08-21 15:30:41,352 - INFO - Bot state startup reconciliation finished: 0 bot(s) reconciled to STOPPED.
2026-08-21 15:30:41,848 - INFO - Telegram notification service initialized successfully (Chat ID: 5657...)
2026-08-21 15:30:42,391 - INFO - Initializing scheduled trading bot live runner for bot-1787212339853-77cf...
2026-08-21 15:30:42,980 - INFO - SQLite database tables verified/created.
2026-08-21 15:30:43,619 - INFO - Initializing CCXT Binance in TESTNET mode.
2026-08-21 15:31:24,471 - INFO - [bot-1787212339853-77cf] Pre-flight instrument resolved: SOL/USDT (SPOT via binance_spot)
2026-08-21 15:31:25,714 - INFO - [bot-1787212339853-77cf] Starting signal check cycle for SOL/USDT (5m)...
2026-08-21 15:31:25,721 - INFO - Fetching recent candles for SOL/USDT (5m) [Bot: bot-1787212339853-77cf] via ProviderManager...
/Users/ashishparadkar/Downloads/algo-code-main/.venv/lib/python3.9/site-packages/urllib3/__init__.py:35: NotOpenSSLWarning: urllib3 v2 only supports OpenSSL 1.1.1+, currently the 'ssl' module is compiled with 'LibreSSL 2.8.3'. See: https://github.com/urllib3/urllib3/issues/3020
  warnings.warn(
2026-08-21 18:13:56,492 - INFO - Bot state startup reconciliation finished: 0 bot(s) reconciled to STOPPED.
2026-08-21 18:13:57,500 - INFO - Telegram notification service initialized successfully (Chat ID: 5657...)
2026-08-21 18:13:57,512 - INFO - Initializing scheduled trading bot live runner for bot-1787212339853-77cf...
2026-08-21 18:13:58,342 - INFO - SQLite database tables verified/created.
2026-08-21 18:13:59,938 - INFO - Initializing CCXT Binance in TESTNET mode.
2026-08-21 18:14:38,792 - INFO - [bot-1787212339853-77cf] Pre-flight instrument resolved: SOL/USDT (SPOT via binance_spot)
2026-08-21 18:14:39,644 - INFO - [bot-1787212339853-77cf] Starting signal check cycle for SOL/USDT (5m)...
2026-08-21 18:14:40,339 - INFO - Fetching recent candles for SOL/USDT (5m) [Bot: bot-1787212339853-77cf] via ProviderManager...
/Users/ashishparadkar/Downloads/algo-code-main/.venv/lib/python3.9/site-packages/urllib3/__init__.py:35: NotOpenSSLWarning: urllib3 v2 only supports OpenSSL 1.1.1+, currently the 'ssl' module is compiled with 'LibreSSL 2.8.3'. See: https://github.com/urllib3/urllib3/issues/3020
  warnings.warn(
2026-08-21 20:27:28,863 - INFO - Bot state startup reconciliation finished: 0 bot(s) reconciled to STOPPED.
2026-08-21 20:27:29,795 - INFO - Telegram notification service initialized successfully (Chat ID: 5657...)
2026-08-21 20:27:29,823 - INFO - Initializing scheduled trading bot live runner for bot-1787212339853-77cf...
2026-08-21 20:27:30,980 - INFO - SQLite database tables verified/created.
2026-08-21 20:27:32,224 - INFO - Initializing CCXT Binance in TESTNET mode.
2026-08-21 20:28:15,849 - INFO - [bot-1787212339853-77cf] Pre-flight instrument resolved: SOL/USDT (SPOT via binance_spot)
2026-08-21 20:28:17,508 - INFO - [bot-1787212339853-77cf] Starting signal check cycle for SOL/USDT (5m)...
2026-08-21 20:28:18,129 - INFO - Fetching recent candles for SOL/USDT (5m) [Bot: bot-1787212339853-77cf] via ProviderManager...
2026-08-21 20:28:54,795 - WARNING - Telegram alert [GENERAL] failed (Request Timeout (network latency)). Re-queueing retry 1/3 in 1.0s
/Users/ashishparadkar/Downloads/algo-code-main/.venv/lib/python3.9/site-packages/urllib3/__init__.py:35: NotOpenSSLWarning: urllib3 v2 only supports OpenSSL 1.1.1+, currently the 'ssl' module is compiled with 'LibreSSL 2.8.3'. See: https://github.com/urllib3/urllib3/issues/3020
  warnings.warn(
2026-08-21 21:33:36,223 - INFO - Bot state startup reconciliation finished: 0 bot(s) reconciled to STOPPED.
2026-08-21 21:33:37,568 - INFO - Telegram notification service initialized successfully (Chat ID: 5657...)
2026-08-21 21:33:38,231 - INFO - Initializing scheduled trading bot live runner for bot-1787212339853-77cf...
2026-08-21 21:33:39,325 - INFO - SQLite database tables verified/created.
2026-08-21 21:33:42,441 - INFO - Initializing CCXT Binance in TESTNET mode.
2026-08-21 21:34:57,149 - INFO - [bot-1787212339853-77cf] Pre-flight instrument resolved: SOL/USDT (SPOT via binance_spot)
2026-08-21 21:35:00,507 - INFO - [bot-1787212339853-77cf] Starting signal check cycle for SOL/USDT (5m)...
2026-08-21 21:35:01,244 - INFO - Fetching recent candles for SOL/USDT (5m) [Bot: bot-1787212339853-77cf] via ProviderManager...
2026-08-21 21:46:00,956 - INFO - Indicators computed | close=90.86 ema_9=91.24 ema_20=91.34 ema_50=91.21 ema_200=90.20 macd=-0.0188 poc=75.0 val=75.0 vah=75.0
2026-08-21 21:46:02,708 - INFO - [bot-1787212339853-77cf] Evaluating strategy on completed candle: 2026-08-21 16:05:00+00:00 at Close price: 90.94
2026-08-21 21:46:11,502 - INFO - SHORT signal blocked | Trend blocked (Close 90.94 >= EMA200 90.19) | Momentum blocked (MACD 0.0246 >= 0) | Location blocked (Close 90.94 outside Value Area [73.50 - 76.50], VAL=75.00, VAH=75.00) | context={'close': 90.94, 'ema_9': 91.34023513520663, 'ema_20': 91.3877840775017, 'ema_50': 91.22672640326884, 'ema_200': 90.1943670077665, 'macd_line': 0.024631395654949984, 'macd_signal': 0.12625350576098, 'macd_hist': -0.10162211010603, 'poc': np.float64(75.0), 'val': np.float64(75.0), 'vah': np.float64(75.0)}
2026-08-21 21:46:13,655 - INFO - Confluence Evaluation | Regime: TRENDING (ADX=38.6) | Direction: HOLD | BullScore: 0.0% | BearScore: 34.8% | Active: ['ema', 'macd', 'rsi', 'vp']
2026-08-21 21:46:16,485 - INFO - Signal evaluated: HOLD. Reason/Details: SHORT setup blocked: Trend blocked (Close 90.94 >= EMA200 90.19) | Momentum blocked (MACD 0.0246 >= 0) | Location blocked (Close 90.94 outside Value Area [73.50 - 76.50], VAL=75.00, VAH=75.00)
2026-08-21 21:46:23,893 - INFO - Logged heartbeat status: OK
2026-08-21 21:46:31,486 - INFO - Adding job tentatively -- it will be properly scheduled when the scheduler starts
2026-08-21 21:46:31,511 - INFO - Bot bot-1787212339853-77cf scheduled to check every 5 minutes.
2026-08-21 21:46:33,720 - INFO - Added job "LiveRunner.process_cycle" to job store "default"
2026-08-21 21:46:33,720 - INFO - Scheduler started
2026-08-21 21:51:37,317 - WARNING - Run time of job "LiveRunner.process_cycle (trigger: interval[0:05:00], next run at: 2026-08-21 21:56:30 IST)" was missed by 0:00:05.793869
2026-08-21 21:56:32,968 - WARNING - Run time of job "LiveRunner.process_cycle (trigger: interval[0:05:00], next run at: 2026-08-21 22:01:30 IST)" was missed by 0:00:01.708140
2026-08-21 22:01:31,171 - INFO - Running job "LiveRunner.process_cycle (trigger: interval[0:05:00], next run at: 2026-08-21 22:06:30 IST)" (scheduled at 2026-08-21 22:01:30.868476+05:30)
2026-08-21 22:01:35,953 - INFO - [bot-1787212339853-77cf] Starting signal check cycle for SOL/USDT (5m)...
2026-08-21 22:01:38,065 - INFO - Fetching recent candles for SOL/USDT (5m) [Bot: bot-1787212339853-77cf] via ProviderManager...
2026-08-21 22:02:28,961 - INFO - Indicators computed | close=91.45 ema_9=91.32 ema_20=91.35 ema_50=91.23 ema_200=90.25 macd=0.0054 poc=75.0 val=75.0 vah=75.0
2026-08-21 22:02:29,177 - INFO - [bot-1787212339853-77cf] Evaluating strategy on completed candle: 2026-08-21 16:25:00+00:00 at Close price: 91.51
2026-08-21 22:02:31,794 - INFO - Confluence Evaluation | Regime: TRENDING (ADX=35.3) | Direction: HOLD | BullScore: 32.6% | BearScore: 67.4% | Active: ['ema', 'macd', 'rsi', 'vp']
2026-08-21 22:02:32,564 - INFO - Signal evaluated: HOLD. Reason/Details: Confluence score: 67% (HOLD)
2026-08-21 22:02:34,327 - INFO - Logged heartbeat status: OK
2026-08-21 22:02:34,357 - INFO - Job "LiveRunner.process_cycle (trigger: interval[0:05:00], next run at: 2026-08-21 22:06:30 IST)" executed successfully
2026-08-21 22:06:31,440 - INFO - Running job "LiveRunner.process_cycle (trigger: interval[0:05:00], next run at: 2026-08-21 22:11:30 IST)" (scheduled at 2026-08-21 22:06:30.868476+05:30)
2026-08-21 22:06:31,507 - INFO - [bot-1787212339853-77cf] Starting signal check cycle for SOL/USDT (5m)...
2026-08-21 22:06:31,791 - INFO - Fetching recent candles for SOL/USDT (5m) [Bot: bot-1787212339853-77cf] via ProviderManager...
2026-08-21 22:06:35,606 - INFO - Indicators computed | close=91.47 ema_9=91.36 ema_20=91.36 ema_50=91.25 ema_200=90.26 macd=0.0200 poc=75.0 val=75.0 vah=75.0
2026-08-21 22:06:35,609 - INFO - [bot-1787212339853-77cf] Evaluating strategy on completed candle: 2026-08-21 16:30:00+00:00 at Close price: 91.52
2026-08-21 22:06:36,093 - INFO - Confluence Evaluation | Regime: TRENDING (ADX=32.9) | Direction: HOLD | BullScore: 32.6% | BearScore: 34.8% | Active: ['ema', 'macd', 'rsi', 'vp']
2026-08-21 22:06:36,137 - INFO - Signal evaluated: HOLD. Reason/Details: Confluence score: 35% (HOLD)
2026-08-21 22:06:36,212 - INFO - Logged heartbeat status: OK
2026-08-21 22:06:36,212 - INFO - Job "LiveRunner.process_cycle (trigger: interval[0:05:00], next run at: 2026-08-21 22:11:30 IST)" executed successfully
2026-08-21 22:11:30,902 - INFO - Running job "LiveRunner.process_cycle (trigger: interval[0:05:00], next run at: 2026-08-21 22:16:30 IST)" (scheduled at 2026-08-21 22:11:30.868476+05:30)
2026-08-21 22:11:30,951 - INFO - [bot-1787212339853-77cf] Starting signal check cycle for SOL/USDT (5m)...
2026-08-21 22:11:31,008 - INFO - Fetching recent candles for SOL/USDT (5m) [Bot: bot-1787212339853-77cf] via ProviderManager...
2026-08-21 22:11:31,853 - INFO - Indicators computed | close=91.46 ema_9=91.40 ema_20=91.38 ema_50=91.26 ema_200=90.27 macd=0.0334 poc=75.0 val=75.0 vah=75.0
2026-08-21 22:11:31,855 - INFO - [bot-1787212339853-77cf] Evaluating strategy on completed candle: 2026-08-21 16:35:00+00:00 at Close price: 91.59
2026-08-21 22:11:31,981 - INFO - LONG signal blocked | Location blocked (Close 91.59 outside Value Area [73.50 - 76.50], VAL=75.00, VAH=75.00) | context={'close': 91.59, 'ema_9': 91.38839763928361, 'ema_20': 91.37506947835311, 'ema_50': 91.24986974854684, 'ema_200': 90.26007095397489, 'macd_line': 0.02956168449264851, 'macd_signal': 0.03348612307182361, 'macd_hist': -0.003924438579175099, 'poc': np.float64(75.0), 'val': np.float64(75.0), 'vah': np.float64(75.0)}
2026-08-21 22:11:32,006 - INFO - Confluence Evaluation | Regime: TRENDING (ADX=30.8) | Direction: HOLD | BullScore: 50.0% | BearScore: 17.4% | Active: ['ema', 'macd', 'rsi', 'vp']
2026-08-21 22:11:32,116 - INFO - Signal evaluated: HOLD. Reason/Details: LONG setup blocked: Location blocked (Close 91.59 outside Value Area [73.50 - 76.50], VAL=75.00, VAH=75.00)
2026-08-21 22:11:32,972 - INFO - Logged heartbeat status: OK
2026-08-21 22:11:32,973 - INFO - Job "LiveRunner.process_cycle (trigger: interval[0:05:00], next run at: 2026-08-21 22:16:30 IST)" executed successfully
2026-08-21 22:16:30,892 - INFO - Running job "LiveRunner.process_cycle (trigger: interval[0:05:00], next run at: 2026-08-21 22:21:30 IST)" (scheduled at 2026-08-21 22:16:30.868476+05:30)
2026-08-21 22:16:30,937 - INFO - [bot-1787212339853-77cf] Starting signal check cycle for SOL/USDT (5m)...
2026-08-21 22:16:31,008 - INFO - Fetching recent candles for SOL/USDT (5m) [Bot: bot-1787212339853-77cf] via ProviderManager...
2026-08-21 22:16:32,924 - INFO - Indicators computed | close=91.40 ema_9=91.39 ema_20=91.38 ema_50=91.26 ema_200=90.28 macd=0.0270 poc=75.0 val=75.0 vah=75.0
2026-08-21 22:16:32,930 - INFO - [bot-1787212339853-77cf] Evaluating strategy on completed candle: 2026-08-21 16:40:00+00:00 at Close price: 91.39
2026-08-21 22:16:33,206 - INFO - Confluence Evaluation | Regime: TRENDING (ADX=29.8) | Direction: HOLD | BullScore: 32.6% | BearScore: 34.8% | Active: ['ema', 'macd', 'rsi', 'vp']
2026-08-21 22:16:33,384 - INFO - Signal evaluated: HOLD. Reason/Details: Confluence score: 35% (HOLD)
2026-08-21 22:16:33,780 - INFO - Logged heartbeat status: OK
2026-08-21 22:16:33,781 - INFO - Job "LiveRunner.process_cycle (trigger: interval[0:05:00], next run at: 2026-08-21 22:21:30 IST)" executed successfully
2026-08-21 22:21:30,902 - INFO - Running job "LiveRunner.process_cycle (trigger: interval[0:05:00], next run at: 2026-08-21 22:26:30 IST)" (scheduled at 2026-08-21 22:21:30.868476+05:30)
2026-08-21 22:21:30,926 - INFO - [bot-1787212339853-77cf] Starting signal check cycle for SOL/USDT (5m)...
2026-08-21 22:21:30,980 - INFO - Fetching recent candles for SOL/USDT (5m) [Bot: bot-1787212339853-77cf] via ProviderManager...
2026-08-21 22:21:31,602 - INFO - Indicators computed | close=91.76 ema_9=91.51 ema_20=91.44 ema_50=91.29 ema_200=90.30 macd=0.0732 poc=75.0 val=75.0 vah=75.0
2026-08-21 22:21:31,604 - INFO - [bot-1787212339853-77cf] Evaluating strategy on completed candle: 2026-08-21 16:45:00+00:00 at Close price: 91.70
2026-08-21 22:21:31,654 - INFO - Confluence Evaluation | Regime: TRENDING (ADX=28.6) | Direction: LONG | BullScore: 82.6% | BearScore: 17.4% | Active: ['ema', 'macd', 'rsi', 'vp']
2026-08-21 22:21:31,819 - INFO - Capping position size 275.862069 BTC to available cash equivalent 87.241003 BTC.
2026-08-21 22:21:31,914 - INFO - Created pending signal approval ID 229 for bot bot-1787212339853-77cf (LONG @ $91.70, status: WAITING_APPROVAL)
2026-08-21 22:21:32,023 - INFO - [bot-1787212339853-77cf] Signal LONG generated (ID: 229). Waiting for manual user approval.
2026-08-21 22:21:32,196 - INFO - Logged heartbeat status: OK
2026-08-21 22:21:32,197 - INFO - Job "LiveRunner.process_cycle (trigger: interval[0:05:00], next run at: 2026-08-21 22:26:30 IST)" executed successfully
2026-08-21 22:26:31,096 - INFO - Running job "LiveRunner.process_cycle (trigger: interval[0:05:00], next run at: 2026-08-21 22:26:30 IST)" (scheduled at 2026-08-21 22:26:30.868476+05:30)
2026-08-21 22:26:31,226 - INFO - [bot-1787212339853-77cf] Starting signal check cycle for SOL/USDT (5m)...
2026-08-21 22:26:31,297 - INFO - Fetching recent candles for SOL/USDT (5m) [Bot: bot-1787212339853-77cf] via ProviderManager...
2026-08-21 22:26:32,253 - INFO - Indicators computed | close=91.76 ema_9=91.56 ema_20=91.47 ema_50=91.31 ema_200=90.31 macd=0.0874 poc=75.0 val=75.0 vah=75.0
2026-08-21 22:26:32,258 - INFO - [bot-1787212339853-77cf] Evaluating strategy on completed candle: 2026-08-21 16:50:00+00:00 at Close price: 91.72
2026-08-21 22:26:32,385 - INFO - Confluence Evaluation | Regime: TRENDING (ADX=27.0) | Direction: LONG | BullScore: 82.6% | BearScore: 17.4% | Active: ['ema', 'macd', 'rsi', 'vp']
2026-08-21 22:26:32,512 - INFO - Capping position size 326.530612 BTC to available cash equivalent 87.221980 BTC.
2026-08-21 22:26:32,526 - INFO - [bot-1787212339853-77cf] Signal LONG active pending approval already exists (ID: 229).
2026-08-21 22:26:32,812 - INFO - Logged heartbeat status: OK
2026-08-21 22:26:32,812 - INFO - Job "LiveRunner.process_cycle (trigger: interval[0:05:00], next run at: 2026-08-21 22:31:30 IST)" executed successfully
2026-08-21 22:31:30,942 - INFO - Running job "LiveRunner.process_cycle (trigger: interval[0:05:00], next run at: 2026-08-21 22:36:30 IST)" (scheduled at 2026-08-21 22:31:30.868476+05:30)
2026-08-21 22:31:31,017 - INFO - [bot-1787212339853-77cf] Starting signal check cycle for SOL/USDT (5m)...
2026-08-21 22:31:31,091 - INFO - Fetching recent candles for SOL/USDT (5m) [Bot: bot-1787212339853-77cf] via ProviderManager...
2026-08-21 22:31:32,644 - INFO - Indicators computed | close=91.55 ema_9=91.53 ema_20=91.46 ema_50=91.31 ema_200=90.33 macd=0.0752 poc=75.0 val=75.0 vah=75.0
2026-08-21 22:31:32,646 - INFO - [bot-1787212339853-77cf] Evaluating strategy on completed candle: 2026-08-21 16:55:00+00:00 at Close price: 91.63
2026-08-21 22:31:32,796 - INFO - Confluence Evaluation | Regime: TRENDING (ADX=27.1) | Direction: LONG | BullScore: 82.6% | BearScore: 17.4% | Active: ['ema', 'macd', 'rsi', 'vp']
2026-08-21 22:31:32,900 - INFO - Capping position size 400.000000 BTC to available cash equivalent 87.307650 BTC.
2026-08-21 22:31:32,921 - INFO - [bot-1787212339853-77cf] Signal LONG active pending approval already exists (ID: 229).
2026-08-21 22:31:33,198 - INFO - Logged heartbeat status: OK
2026-08-21 22:31:33,199 - INFO - Job "LiveRunner.process_cycle (trigger: interval[0:05:00], next run at: 2026-08-21 22:36:30 IST)" executed successfully
2026-08-21 22:36:30,891 - INFO - Running job "LiveRunner.process_cycle (trigger: interval[0:05:00], next run at: 2026-08-21 22:41:30 IST)" (scheduled at 2026-08-21 22:36:30.868476+05:30)
2026-08-21 22:36:30,919 - INFO - [bot-1787212339853-77cf] Starting signal check cycle for SOL/USDT (5m)...
2026-08-21 22:36:30,973 - INFO - Fetching recent candles for SOL/USDT (5m) [Bot: bot-1787212339853-77cf] via ProviderManager...
2026-08-21 22:36:31,638 - INFO - Indicators computed | close=91.70 ema_9=91.58 ema_20=91.49 ema_50=91.33 ema_200=90.34 macd=0.0905 poc=75.0 val=75.0 vah=75.0
2026-08-21 22:36:31,639 - INFO - [bot-1787212339853-77cf] Evaluating strategy on completed candle: 2026-08-21 17:00:00+00:00 at Close price: 91.64
2026-08-21 22:36:31,751 - INFO - Confluence Evaluation | Regime: TRENDING (ADX=26.9) | Direction: LONG | BullScore: 82.6% | BearScore: 17.4% | Active: ['ema', 'macd', 'rsi', 'vp']
2026-08-21 22:36:31,826 - INFO - Capping position size 390.243902 BTC to available cash equivalent 87.298123 BTC.
2026-08-21 22:36:31,883 - INFO - [bot-1787212339853-77cf] Signal LONG active pending approval already exists (ID: 229).
2026-08-21 22:36:32,088 - INFO - Logged heartbeat status: OK
2026-08-21 22:36:32,089 - INFO - Job "LiveRunner.process_cycle (trigger: interval[0:05:00], next run at: 2026-08-21 22:41:30 IST)" executed successfully
2026-08-21 22:41:31,121 - INFO - Running job "LiveRunner.process_cycle (trigger: interval[0:05:00], next run at: 2026-08-21 22:46:30 IST)" (scheduled at 2026-08-21 22:41:30.868476+05:30)
2026-08-21 22:41:31,195 - INFO - [bot-1787212339853-77cf] Starting signal check cycle for SOL/USDT (5m)...
2026-08-21 22:41:31,292 - INFO - Fetching recent candles for SOL/USDT (5m) [Bot: bot-1787212339853-77cf] via ProviderManager...
2026-08-21 22:41:32,425 - INFO - Indicators computed | close=91.76 ema_9=91.63 ema_20=91.53 ema_50=91.35 ema_200=90.35 macd=0.1055 poc=75.0 val=75.0 vah=75.0
2026-08-21 22:41:32,610 - INFO - [bot-1787212339853-77cf] Evaluating strategy on completed candle: 2026-08-21 17:05:00+00:00 at Close price: 91.78
2026-08-21 22:41:32,971 - INFO - Confluence Evaluation | Regime: TRENDING (ADX=26.2) | Direction: LONG | BullScore: 82.6% | BearScore: 17.4% | Active: ['ema', 'macd', 'rsi', 'vp']
2026-08-21 22:41:33,071 - INFO - Capping position size 307.692308 BTC to available cash equivalent 87.164960 BTC.
2026-08-21 22:41:33,125 - INFO - [bot-1787212339853-77cf] Signal LONG active pending approval already exists (ID: 229).
2026-08-21 22:41:33,456 - INFO - Logged heartbeat status: OK
2026-08-21 22:41:33,458 - INFO - Job "LiveRunner.process_cycle (trigger: interval[0:05:00], next run at: 2026-08-21 22:46:30 IST)" executed successfully
/Users/ashishparadkar/Downloads/algo-code-main/.venv/lib/python3.9/site-packages/urllib3/__init__.py:35: NotOpenSSLWarning: urllib3 v2 only supports OpenSSL 1.1.1+, currently the 'ssl' module is compiled with 'LibreSSL 2.8.3'. See: https://github.com/urllib3/urllib3/issues/3020
  warnings.warn(
2026-08-21 22:45:32,881 - INFO - Bot state startup reconciliation finished: 0 bot(s) reconciled to STOPPED.
2026-08-21 22:45:34,051 - INFO - Telegram notification service initialized successfully (Chat ID: 5657...)
2026-08-21 22:45:34,841 - INFO - Initializing scheduled trading bot live runner for bot-1787212339853-77cf...
2026-08-21 22:45:35,609 - INFO - SQLite database tables verified/created.
2026-08-21 22:45:36,968 - INFO - Initializing CCXT Binance in TESTNET mode.
