/Users/ashishparadkar/Downloads/algo-code-main/.venv/lib/python3.9/site-packages/urllib3/__init__.py:35: NotOpenSSLWarning: urllib3 v2 only supports OpenSSL 1.1.1+, currently the 'ssl' module is compiled with 'LibreSSL 2.8.3'. See: https://github.com/urllib3/urllib3/issues/3020
  warnings.warn(
2026-08-20 22:18:06,397 - INFO - Bot state startup reconciliation finished: 0 bot(s) reconciled to STOPPED.
2026-08-20 22:18:07,578 - INFO - Telegram notification service initialized successfully (Chat ID: 5657...)
2026-08-20 22:18:07,620 - INFO - Initializing scheduled trading bot live runner for bot-1787212529251-730a...
2026-08-20 22:18:08,537 - INFO - SQLite database tables verified/created.
2026-08-20 22:18:08,836 - INFO - Initializing CCXT Binance in TESTNET mode.
2026-08-20 22:18:42,360 - INFO - [bot-1787212529251-730a] Pre-flight instrument resolved: BTC/USDT (SPOT via binance_spot)
2026-08-20 22:18:42,891 - INFO - [bot-1787212529251-730a] Starting signal check cycle for BTC/USDT (5m)...
2026-08-20 22:18:42,928 - INFO - Fetching recent candles for BTC/USDT (5m) [Bot: bot-1787212529251-730a] via ProviderManager...
2026-08-20 22:19:55,663 - INFO - Indicators computed | close=72563.39 ema_9=72456.80 ema_20=72335.55 ema_50=72095.67 ema_200=70831.33 macd=146.7210 poc=64325.0 val=63300.0 vah=69600.0
2026-08-20 22:19:55,667 - INFO - [bot-1787212529251-730a] Evaluating strategy on completed candle: 2026-08-20 16:40:00+00:00 at Close price: 72630.89
2026-08-20 22:19:55,967 - INFO - Confluence Evaluation | Regime: TRENDING (ADX=34.9) | Direction: LONG | BullScore: 100.0% | BearScore: 0.0% | Active: ['ema_9', 'ema_20', 'rsi', 'vwap', 'supertrend', 'atr']
2026-08-20 22:19:56,140 - INFO - Capping position size 0.474631 BTC to available cash equivalent 0.137682 BTC.
2026-08-20 22:19:56,290 - INFO - Created pending signal approval ID 54 for bot bot-1787212529251-730a (LONG @ $72630.89, status: WAITING_APPROVAL)
2026-08-20 22:19:56,329 - INFO - [bot-1787212529251-730a] Signal LONG generated (ID: 54). Waiting for manual user approval.
2026-08-20 22:19:56,607 - INFO - Logged heartbeat status: OK
2026-08-20 22:19:56,642 - INFO - Adding job tentatively -- it will be properly scheduled when the scheduler starts
2026-08-20 22:19:56,642 - INFO - Bot bot-1787212529251-730a scheduled to check every 5 minutes.
2026-08-20 22:19:56,648 - INFO - Added job "LiveRunner.process_cycle" to job store "default"
2026-08-20 22:19:56,648 - INFO - Scheduler started
2026-08-20 22:24:56,899 - INFO - Running job "LiveRunner.process_cycle (trigger: interval[0:05:00], next run at: 2026-08-20 22:29:56 IST)" (scheduled at 2026-08-20 22:24:56.641242+05:30)
2026-08-20 22:24:57,051 - INFO - [bot-1787212529251-730a] Starting signal check cycle for BTC/USDT (5m)...
2026-08-20 22:24:57,078 - INFO - Fetching recent candles for BTC/USDT (5m) [Bot: bot-1787212529251-730a] via ProviderManager...
2026-08-20 22:24:58,824 - INFO - Indicators computed | close=72649.87 ema_9=72496.15 ema_20=72365.88 ema_50=72117.58 ema_200=70849.47 macd=154.1798 poc=64325.0 val=63300.0 vah=69600.0
2026-08-20 22:24:58,826 - INFO - [bot-1787212529251-730a] Evaluating strategy on completed candle: 2026-08-20 16:45:00+00:00 at Close price: 72568.00
2026-08-20 22:24:58,874 - INFO - Confluence Evaluation | Regime: TRENDING (ADX=34.0) | Direction: HOLD | BullScore: 55.9% | BearScore: 44.1% | Active: ['ema_9', 'ema_20', 'rsi', 'vwap', 'supertrend', 'atr']
2026-08-20 22:24:58,992 - INFO - Signal evaluated: HOLD. Reason/Details: Confluence score: 56% (HOLD)
2026-08-20 22:24:59,329 - INFO - Logged heartbeat status: OK
2026-08-20 22:24:59,331 - INFO - Job "LiveRunner.process_cycle (trigger: interval[0:05:00], next run at: 2026-08-20 22:29:56 IST)" executed successfully
2026-08-20 22:29:56,656 - INFO - Running job "LiveRunner.process_cycle (trigger: interval[0:05:00], next run at: 2026-08-20 22:34:56 IST)" (scheduled at 2026-08-20 22:29:56.641242+05:30)
2026-08-20 22:29:56,664 - INFO - [bot-1787212529251-730a] Starting signal check cycle for BTC/USDT (5m)...
2026-08-20 22:29:56,705 - INFO - Fetching recent candles for BTC/USDT (5m) [Bot: bot-1787212529251-730a] via ProviderManager...
2026-08-20 22:29:57,437 - INFO - Indicators computed | close=72842.96 ema_9=72565.53 ema_20=72411.33 ema_50=72146.03 ema_200=70869.30 macd=173.3891 poc=64325.0 val=63300.0 vah=69625.0
2026-08-20 22:29:57,441 - INFO - [bot-1787212529251-730a] Evaluating strategy on completed candle: 2026-08-20 16:50:00+00:00 at Close price: 72649.99
2026-08-20 22:29:57,531 - INFO - Confluence Evaluation | Regime: TRENDING (ADX=33.2) | Direction: LONG | BullScore: 100.0% | BearScore: 0.0% | Active: ['ema_9', 'ema_20', 'rsi', 'vwap', 'supertrend', 'atr']
2026-08-20 22:29:57,623 - INFO - Capping position size 0.456340 BTC to available cash equivalent 0.137646 BTC.
2026-08-20 22:29:57,639 - INFO - [bot-1787212529251-730a] Signal LONG active pending approval already exists (ID: 54).
2026-08-20 22:29:57,780 - INFO - Logged heartbeat status: OK
2026-08-20 22:29:57,782 - INFO - Job "LiveRunner.process_cycle (trigger: interval[0:05:00], next run at: 2026-08-20 22:34:56 IST)" executed successfully
2026-08-20 22:34:56,698 - INFO - Running job "LiveRunner.process_cycle (trigger: interval[0:05:00], next run at: 2026-08-20 22:39:56 IST)" (scheduled at 2026-08-20 22:34:56.641242+05:30)
2026-08-20 22:34:56,722 - INFO - [bot-1787212529251-730a] Starting signal check cycle for BTC/USDT (5m)...
2026-08-20 22:34:56,750 - INFO - Fetching recent candles for BTC/USDT (5m) [Bot: bot-1787212529251-730a] via ProviderManager...
2026-08-20 22:34:57,275 - INFO - Indicators computed | close=72766.11 ema_9=72604.72 ema_20=72444.62 ema_50=72170.12 ema_200=70888.12 macd=179.9673 poc=64325.0 val=63300.0 vah=69625.0
2026-08-20 22:34:57,276 - INFO - [bot-1787212529251-730a] Evaluating strategy on completed candle: 2026-08-20 16:55:00+00:00 at Close price: 72837.15
2026-08-20 22:34:57,358 - INFO - Confluence Evaluation | Regime: TRENDING (ADX=33.1) | Direction: LONG | BullScore: 100.0% | BearScore: 0.0% | Active: ['ema_9', 'ema_20', 'rsi', 'vwap', 'supertrend', 'atr']
2026-08-20 22:34:57,451 - INFO - Capping position size 0.328165 BTC to available cash equivalent 0.137293 BTC.
2026-08-20 22:34:57,511 - INFO - [bot-1787212529251-730a] Signal LONG active pending approval already exists (ID: 54).
2026-08-20 22:34:57,667 - INFO - Logged heartbeat status: OK
2026-08-20 22:34:57,667 - INFO - Job "LiveRunner.process_cycle (trigger: interval[0:05:00], next run at: 2026-08-20 22:39:56 IST)" executed successfully
2026-08-20 22:39:56,710 - INFO - Running job "LiveRunner.process_cycle (trigger: interval[0:05:00], next run at: 2026-08-20 22:44:56 IST)" (scheduled at 2026-08-20 22:39:56.641242+05:30)
2026-08-20 22:39:56,726 - INFO - [bot-1787212529251-730a] Starting signal check cycle for BTC/USDT (5m)...
2026-08-20 22:39:56,739 - INFO - Fetching recent candles for BTC/USDT (5m) [Bot: bot-1787212529251-730a] via ProviderManager...
2026-08-20 22:39:57,277 - INFO - Indicators computed | close=72664.47 ema_9=72616.67 ema_20=72465.56 ema_50=72189.51 ema_200=70905.80 macd=175.3253 poc=64325.0 val=63300.0 vah=69625.0
2026-08-20 22:39:57,278 - INFO - [bot-1787212529251-730a] Evaluating strategy on completed candle: 2026-08-20 17:00:00+00:00 at Close price: 72766.11
2026-08-20 22:39:57,340 - INFO - Confluence Evaluation | Regime: TRENDING (ADX=31.9) | Direction: HOLD | BullScore: 55.9% | BearScore: 44.1% | Active: ['ema_9', 'ema_20', 'rsi', 'vwap', 'supertrend', 'atr']
2026-08-20 22:39:57,452 - INFO - Signal evaluated: HOLD. Reason/Details: Confluence score: 56% (HOLD)
2026-08-20 22:39:57,610 - INFO - Logged heartbeat status: OK
2026-08-20 22:39:57,612 - INFO - Job "LiveRunner.process_cycle (trigger: interval[0:05:00], next run at: 2026-08-20 22:44:56 IST)" executed successfully
2026-08-20 22:44:56,654 - INFO - Running job "LiveRunner.process_cycle (trigger: interval[0:05:00], next run at: 2026-08-20 22:49:56 IST)" (scheduled at 2026-08-20 22:44:56.641242+05:30)
2026-08-20 22:44:56,661 - INFO - [bot-1787212529251-730a] Starting signal check cycle for BTC/USDT (5m)...
2026-08-20 22:44:56,706 - INFO - Fetching recent candles for BTC/USDT (5m) [Bot: bot-1787212529251-730a] via ProviderManager...
2026-08-20 22:44:57,203 - INFO - Indicators computed | close=72688.66 ema_9=72630.99 ema_20=72486.76 ema_50=72209.07 ema_200=70923.53 macd=171.5912 poc=64325.0 val=63300.0 vah=69625.0
2026-08-20 22:44:57,206 - INFO - [bot-1787212529251-730a] Evaluating strategy on completed candle: 2026-08-20 17:05:00+00:00 at Close price: 72664.00
2026-08-20 22:44:57,315 - INFO - Confluence Evaluation | Regime: TRENDING (ADX=29.5) | Direction: HOLD | BullScore: 55.9% | BearScore: 44.1% | Active: ['ema_9', 'ema_20', 'rsi', 'vwap', 'supertrend', 'atr']
2026-08-20 22:44:57,417 - INFO - Signal evaluated: HOLD. Reason/Details: Confluence score: 56% (HOLD)
2026-08-20 22:44:57,542 - INFO - Logged heartbeat status: OK
2026-08-20 22:44:57,542 - INFO - Job "LiveRunner.process_cycle (trigger: interval[0:05:00], next run at: 2026-08-20 22:49:56 IST)" executed successfully
2026-08-20 22:49:56,652 - INFO - Running job "LiveRunner.process_cycle (trigger: interval[0:05:00], next run at: 2026-08-20 22:54:56 IST)" (scheduled at 2026-08-20 22:49:56.641242+05:30)
2026-08-20 22:49:56,661 - INFO - [bot-1787212529251-730a] Starting signal check cycle for BTC/USDT (5m)...
2026-08-20 22:49:56,719 - INFO - Fetching recent candles for BTC/USDT (5m) [Bot: bot-1787212529251-730a] via ProviderManager...
2026-08-20 22:49:57,272 - INFO - Indicators computed | close=72650.13 ema_9=72635.35 ema_20=72502.61 ema_50=72226.49 ema_200=70940.74 macd=163.8716 poc=64325.0 val=63300.0 vah=69625.0
2026-08-20 22:49:57,274 - INFO - [bot-1787212529251-730a] Evaluating strategy on completed candle: 2026-08-20 17:10:00+00:00 at Close price: 72692.00
2026-08-20 22:49:57,357 - INFO - Confluence Evaluation | Regime: TRENDING (ADX=28.2) | Direction: LONG | BullScore: 100.0% | BearScore: 0.0% | Active: ['ema_9', 'ema_20', 'rsi', 'vwap', 'supertrend', 'atr']
2026-08-20 22:49:57,450 - INFO - Capping position size 0.870246 BTC to available cash equivalent 0.137567 BTC.
2026-08-20 22:49:57,473 - INFO - Created pending signal approval ID 79 for bot bot-1787212529251-730a (LONG @ $72692.00, status: WAITING_APPROVAL)
2026-08-20 22:49:57,589 - INFO - [bot-1787212529251-730a] Signal LONG generated (ID: 79). Waiting for manual user approval.
2026-08-20 22:49:57,672 - INFO - Logged heartbeat status: OK
2026-08-20 22:49:57,673 - INFO - Job "LiveRunner.process_cycle (trigger: interval[0:05:00], next run at: 2026-08-20 22:54:56 IST)" executed successfully
2026-08-21 00:19:55,694 - WARNING - Run time of job "LiveRunner.process_cycle (trigger: interval[0:05:00], next run at: 2026-08-21 00:19:56 IST)" was missed by 0:04:59.051401
2026-08-21 00:19:56,646 - INFO - Running job "LiveRunner.process_cycle (trigger: interval[0:05:00], next run at: 2026-08-21 00:24:56 IST)" (scheduled at 2026-08-21 00:19:56.641242+05:30)
2026-08-21 00:19:56,666 - INFO - [bot-1787212529251-730a] Starting signal check cycle for BTC/USDT (5m)...
2026-08-21 00:19:56,699 - INFO - Fetching recent candles for BTC/USDT (5m) [Bot: bot-1787212529251-730a] via ProviderManager...
2026-08-21 00:20:06,775 - ERROR - Binance Spot Network Error: binance GET https://api.binance.com/api/v3/klines?interval=5m&limit=1000&symbol=BTCUSDT
--- Logging error ---
Traceback (most recent call last):
  File "/Users/ashishparadkar/Downloads/algo-code-main/.venv/lib/python3.9/site-packages/urllib3/connectionpool.py", line 534, in _make_request
    response = conn.getresponse()
  File "/Users/ashishparadkar/Downloads/algo-code-main/.venv/lib/python3.9/site-packages/urllib3/connection.py", line 571, in getresponse
    httplib_response = super().getresponse()
  File "/Library/Developer/CommandLineTools/Library/Frameworks/Python3.framework/Versions/3.9/lib/python3.9/http/client.py", line 1349, in getresponse
    response.begin()
  File "/Library/Developer/CommandLineTools/Library/Frameworks/Python3.framework/Versions/3.9/lib/python3.9/http/client.py", line 316, in begin
    version, status, reason = self._read_status()
  File "/Library/Developer/CommandLineTools/Library/Frameworks/Python3.framework/Versions/3.9/lib/python3.9/http/client.py", line 277, in _read_status
    line = str(self.fp.readline(_MAXLINE + 1), "iso-8859-1")
  File "/Library/Developer/CommandLineTools/Library/Frameworks/Python3.framework/Versions/3.9/lib/python3.9/socket.py", line 704, in readinto
    return self._sock.recv_into(b)
  File "/Library/Developer/CommandLineTools/Library/Frameworks/Python3.framework/Versions/3.9/lib/python3.9/ssl.py", line 1241, in recv_into
    return self.read(nbytes, buffer)
  File "/Library/Developer/CommandLineTools/Library/Frameworks/Python3.framework/Versions/3.9/lib/python3.9/ssl.py", line 1099, in read
    return self._sslobj.read(len, buffer)
socket.timeout: The read operation timed out

The above exception was the direct cause of the following exception:

Traceback (most recent call last):
  File "/Users/ashishparadkar/Downloads/algo-code-main/.venv/lib/python3.9/site-packages/requests/adapters.py", line 644, in send
    resp = conn.urlopen(
  File "/Users/ashishparadkar/Downloads/algo-code-main/.venv/lib/python3.9/site-packages/urllib3/connectionpool.py", line 841, in urlopen
    retries = retries.increment(
  File "/Users/ashishparadkar/Downloads/algo-code-main/.venv/lib/python3.9/site-packages/urllib3/util/retry.py", line 490, in increment
    raise reraise(type(error), error, _stacktrace)
  File "/Users/ashishparadkar/Downloads/algo-code-main/.venv/lib/python3.9/site-packages/urllib3/util/util.py", line 39, in reraise
    raise value
  File "/Users/ashishparadkar/Downloads/algo-code-main/.venv/lib/python3.9/site-packages/urllib3/connectionpool.py", line 787, in urlopen
    response = self._make_request(
  File "/Users/ashishparadkar/Downloads/algo-code-main/.venv/lib/python3.9/site-packages/urllib3/connectionpool.py", line 536, in _make_request
    self._raise_timeout(err=e, url=url, timeout_value=read_timeout)
  File "/Users/ashishparadkar/Downloads/algo-code-main/.venv/lib/python3.9/site-packages/urllib3/connectionpool.py", line 367, in _raise_timeout
    raise ReadTimeoutError(
urllib3.exceptions.ReadTimeoutError: HTTPSConnectionPool(host='api.binance.com', port=443): Read timed out. (read timeout=10.0)

During handling of the above exception, another exception occurred:

Traceback (most recent call last):
  File "/Users/ashishparadkar/Downloads/algo-code-main/.venv/lib/python3.9/site-packages/ccxt/base/exchange.py", line 665, in fetch
    response = self.session.request(
  File "/Users/ashishparadkar/Downloads/algo-code-main/.venv/lib/python3.9/site-packages/requests/sessions.py", line 589, in request
    resp = self.send(prep, **send_kwargs)
  File "/Users/ashishparadkar/Downloads/algo-code-main/.venv/lib/python3.9/site-packages/requests/sessions.py", line 703, in send
    r = adapter.send(request, **kwargs)
  File "/Users/ashishparadkar/Downloads/algo-code-main/.venv/lib/python3.9/site-packages/requests/adapters.py", line 690, in send
    raise ReadTimeout(e, request=request)
requests.exceptions.ReadTimeout: HTTPSConnectionPool(host='api.binance.com', port=443): Read timed out. (read timeout=10.0)

The above exception was the direct cause of the following exception:

Traceback (most recent call last):
  File "/Users/ashishparadkar/Downloads/algo-code-main/src/provider_manager.py", line 351, in fetch_ohlcv_safe
    df = adapter.fetch_ohlcv(instrument, timeframe, limit=limit)
  File "/Users/ashishparadkar/Downloads/algo-code-main/src/provider_manager.py", line 211, in fetch_ohlcv
    raise net_err
  File "/Users/ashishparadkar/Downloads/algo-code-main/src/provider_manager.py", line 183, in fetch_ohlcv
    raw_candles = self.exchange.fetch_ohlcv(
  File "/Users/ashishparadkar/Downloads/algo-code-main/.venv/lib/python3.9/site-packages/ccxt/binance.py", line 4759, in fetch_ohlcv
    response = self.publicGetKlines(self.extend(request, params))
  File "/Users/ashishparadkar/Downloads/algo-code-main/.venv/lib/python3.9/site-packages/ccxt/base/types.py", line 35, in unbound_method
    return _self.request(self.path, self.api, self.method, params, config=self.config)
  File "/Users/ashishparadkar/Downloads/algo-code-main/.venv/lib/python3.9/site-packages/ccxt/binance.py", line 11724, in request
    response = self.fetch2(path, api, method, params, headers, body, config)
  File "/Users/ashishparadkar/Downloads/algo-code-main/.venv/lib/python3.9/site-packages/ccxt/base/exchange.py", line 5566, in fetch2
    raise e
  File "/Users/ashishparadkar/Downloads/algo-code-main/.venv/lib/python3.9/site-packages/ccxt/base/exchange.py", line 5549, in fetch2
    response = self.fetch(request['url'], request['method'], request['headers'], request['body'])
  File "/Users/ashishparadkar/Downloads/algo-code-main/.venv/lib/python3.9/site-packages/ccxt/base/exchange.py", line 698, in fetch
    raise RequestTimeout(details) from e
ccxt.base.errors.RequestTimeout: binance GET https://api.binance.com/api/v3/klines?interval=5m&limit=1000&symbol=BTCUSDT

During handling of the above exception, another exception occurred:

Traceback (most recent call last):
  File "/Library/Developer/CommandLineTools/Library/Frameworks/Python3.framework/Versions/3.9/lib/python3.9/logging/__init__.py", line 1083, in emit
    msg = self.format(record)
  File "/Library/Developer/CommandLineTools/Library/Frameworks/Python3.framework/Versions/3.9/lib/python3.9/logging/__init__.py", line 927, in format
    return fmt.format(record)
  File "/Library/Developer/CommandLineTools/Library/Frameworks/Python3.framework/Versions/3.9/lib/python3.9/logging/__init__.py", line 663, in format
    record.message = record.getMessage()
  File "/Library/Developer/CommandLineTools/Library/Frameworks/Python3.framework/Versions/3.9/lib/python3.9/logging/__init__.py", line 367, in getMessage
    msg = msg % self.args
TypeError: must be real number, not RequestTimeout
Call stack:
  File "/Library/Developer/CommandLineTools/Library/Frameworks/Python3.framework/Versions/3.9/lib/python3.9/threading.py", line 930, in _bootstrap
    self._bootstrap_inner()
  File "/Library/Developer/CommandLineTools/Library/Frameworks/Python3.framework/Versions/3.9/lib/python3.9/threading.py", line 973, in _bootstrap_inner
    self.run()
  File "/Library/Developer/CommandLineTools/Library/Frameworks/Python3.framework/Versions/3.9/lib/python3.9/threading.py", line 910, in run
    self._target(*self._args, **self._kwargs)
  File "/Library/Developer/CommandLineTools/Library/Frameworks/Python3.framework/Versions/3.9/lib/python3.9/concurrent/futures/thread.py", line 77, in _worker
    work_item.run()
  File "/Library/Developer/CommandLineTools/Library/Frameworks/Python3.framework/Versions/3.9/lib/python3.9/concurrent/futures/thread.py", line 52, in run
    result = self.fn(*self.args, **self.kwargs)
  File "/Users/ashishparadkar/Downloads/algo-code-main/.venv/lib/python3.9/site-packages/apscheduler/executors/base.py", line 131, in run_job
    retval = job.func(*job.args, **job.kwargs)
  File "/Users/ashishparadkar/Downloads/algo-code-main/src/live_runner.py", line 199, in process_cycle
    df, _ = self.provider_manager.fetch_ohlcv_safe(self.symbol, self.timeframe, limit=1000)
  File "/Users/ashishparadkar/Downloads/algo-code-main/src/provider_manager.py", line 362, in fetch_ohlcv_safe
    logger.warning(
Message: 'Retryable network failure for %s (Attempt %d/%d). Backing off %.2fs: %s'
Arguments: ('BTC/USDT', 1, 3, RequestTimeout('binance GET https://api.binance.com/api/v3/klines?interval=5m&limit=1000&symbol=BTCUSDT'))
2026-08-21 00:20:10,355 - INFO - Indicators computed | close=72524.33 ema_9=72563.96 ema_20=72594.75 ema_50=72448.40 ema_200=71238.32 macd=2.5581 poc=64325.0 val=63300.0 vah=69700.0
2026-08-21 00:20:10,357 - INFO - [bot-1787212529251-730a] Evaluating strategy on completed candle: 2026-08-20 18:45:00+00:00 at Close price: 72534.00
2026-08-21 00:20:10,587 - INFO - Confluence Evaluation | Regime: TRENDING (ADX=27.7) | Direction: HOLD | BullScore: 44.1% | BearScore: 11.8% | Active: ['ema_9', 'ema_20', 'rsi', 'vwap', 'supertrend', 'atr']
2026-08-21 00:20:10,682 - INFO - Signal evaluated: HOLD. Reason/Details: Confluence score: 44% (HOLD)
2026-08-21 00:20:11,090 - INFO - Logged heartbeat status: OK
2026-08-21 00:20:11,090 - INFO - Job "LiveRunner.process_cycle (trigger: interval[0:05:00], next run at: 2026-08-21 00:24:56 IST)" executed successfully
2026-08-21 00:24:56,715 - INFO - Running job "LiveRunner.process_cycle (trigger: interval[0:05:00], next run at: 2026-08-21 00:29:56 IST)" (scheduled at 2026-08-21 00:24:56.641242+05:30)
2026-08-21 00:24:56,782 - INFO - [bot-1787212529251-730a] Starting signal check cycle for BTC/USDT (5m)...
2026-08-21 00:24:56,897 - INFO - Fetching recent candles for BTC/USDT (5m) [Bot: bot-1787212529251-730a] via ProviderManager...
2026-08-21 00:24:57,691 - INFO - Indicators computed | close=72492.00 ema_9=72557.50 ema_20=72591.67 ema_50=72447.13 ema_200=71238.00 macd=-0.0209 poc=64325.0 val=63300.0 vah=69700.0
2026-08-21 00:24:57,698 - INFO - [bot-1787212529251-730a] Evaluating strategy on completed candle: 2026-08-20 18:45:00+00:00 at Close price: 72534.00
2026-08-21 00:24:57,826 - INFO - Confluence Evaluation | Regime: TRENDING (ADX=27.7) | Direction: HOLD | BullScore: 44.1% | BearScore: 11.8% | Active: ['ema_9', 'ema_20', 'rsi', 'vwap', 'supertrend', 'atr']
2026-08-21 00:24:57,901 - INFO - Signal evaluated: HOLD. Reason/Details: Confluence score: 44% (HOLD)
2026-08-21 00:24:58,013 - INFO - Logged heartbeat status: OK
2026-08-21 00:24:58,013 - INFO - Job "LiveRunner.process_cycle (trigger: interval[0:05:00], next run at: 2026-08-21 00:29:56 IST)" executed successfully
/Users/ashishparadkar/Downloads/algo-code-main/.venv/lib/python3.9/site-packages/urllib3/__init__.py:35: NotOpenSSLWarning: urllib3 v2 only supports OpenSSL 1.1.1+, currently the 'ssl' module is compiled with 'LibreSSL 2.8.3'. See: https://github.com/urllib3/urllib3/issues/3020
  warnings.warn(
2026-08-21 06:21:36,862 - INFO - Bot state startup reconciliation finished: 0 bot(s) reconciled to STOPPED.
2026-08-21 06:21:37,689 - INFO - Telegram notification service initialized successfully (Chat ID: 5657...)
2026-08-21 06:21:38,032 - INFO - Initializing scheduled trading bot live runner for bot-1787212529251-730a...
2026-08-21 06:21:38,474 - INFO - SQLite database tables verified/created.
2026-08-21 06:21:38,571 - INFO - Initializing CCXT Binance in TESTNET mode.
2026-08-21 06:22:11,086 - INFO - [bot-1787212529251-730a] Pre-flight instrument resolved: BTC/USDT (SPOT via binance_spot)
2026-08-21 06:22:11,913 - INFO - [bot-1787212529251-730a] Starting signal check cycle for BTC/USDT (5m)...
2026-08-21 06:22:12,675 - INFO - Fetching recent candles for BTC/USDT (5m) [Bot: bot-1787212529251-730a] via ProviderManager...
2026-08-21 06:23:12,131 - INFO - Indicators computed | close=73780.64 ema_9=73639.90 ema_20=73421.58 ema_50=73101.53 ema_200=72114.10 macd=241.9213 poc=64325.0 val=63575.0 vah=71300.0
2026-08-21 06:23:12,138 - INFO - [bot-1787212529251-730a] Evaluating strategy on completed candle: 2026-08-21 00:45:00+00:00 at Close price: 73761.56
2026-08-21 06:23:12,333 - INFO - Confluence Evaluation | Regime: TRENDING (ADX=53.5) | Direction: LONG | BullScore: 100.0% | BearScore: 0.0% | Active: ['ema_9', 'ema_20', 'rsi', 'vwap', 'supertrend', 'atr']
2026-08-21 06:23:12,482 - INFO - Capping position size 0.657376 BTC to available cash equivalent 0.135572 BTC.
2026-08-21 06:23:12,566 - INFO - Created pending signal approval ID 107 for bot bot-1787212529251-730a (LONG @ $73761.56, status: WAITING_APPROVAL)
2026-08-21 06:23:12,644 - INFO - [bot-1787212529251-730a] Signal LONG generated (ID: 107). Waiting for manual user approval.
2026-08-21 06:23:12,821 - INFO - Logged heartbeat status: OK
2026-08-21 06:23:12,841 - INFO - Adding job tentatively -- it will be properly scheduled when the scheduler starts
2026-08-21 06:23:12,841 - INFO - Bot bot-1787212529251-730a scheduled to check every 5 minutes.
2026-08-21 06:23:12,846 - INFO - Added job "LiveRunner.process_cycle" to job store "default"
2026-08-21 06:23:12,846 - INFO - Scheduler started
2026-08-21 06:28:13,084 - INFO - Running job "LiveRunner.process_cycle (trigger: interval[0:05:00], next run at: 2026-08-21 06:33:12 IST)" (scheduled at 2026-08-21 06:28:12.840762+05:30)
2026-08-21 06:28:13,209 - INFO - [bot-1787212529251-730a] Starting signal check cycle for BTC/USDT (5m)...
2026-08-21 06:28:13,274 - INFO - Fetching recent candles for BTC/USDT (5m) [Bot: bot-1787212529251-730a] via ProviderManager...
2026-08-21 06:28:13,996 - INFO - Indicators computed | close=73698.00 ema_9=73633.17 ema_20=73438.02 ema_50=73120.60 ema_200=72128.73 macd=226.8169 poc=64325.0 val=63575.0 vah=71300.0
2026-08-21 06:28:13,998 - INFO - [bot-1787212529251-730a] Evaluating strategy on completed candle: 2026-08-21 00:50:00+00:00 at Close price: 73666.00
2026-08-21 06:28:14,065 - INFO - Confluence Evaluation | Regime: TRENDING (ADX=53.5) | Direction: HOLD | BullScore: 55.9% | BearScore: 44.1% | Active: ['ema_9', 'ema_20', 'rsi', 'vwap', 'supertrend', 'atr']
2026-08-21 06:28:14,153 - INFO - Signal evaluated: HOLD. Reason/Details: Confluence score: 56% (HOLD)
2026-08-21 06:28:14,252 - INFO - Logged heartbeat status: OK
2026-08-21 06:28:14,253 - INFO - Job "LiveRunner.process_cycle (trigger: interval[0:05:00], next run at: 2026-08-21 06:33:12 IST)" executed successfully
2026-08-21 06:33:12,896 - INFO - Running job "LiveRunner.process_cycle (trigger: interval[0:05:00], next run at: 2026-08-21 06:38:12 IST)" (scheduled at 2026-08-21 06:33:12.840762+05:30)
2026-08-21 06:33:12,913 - INFO - [bot-1787212529251-730a] Starting signal check cycle for BTC/USDT (5m)...
2026-08-21 06:33:12,931 - INFO - Fetching recent candles for BTC/USDT (5m) [Bot: bot-1787212529251-730a] via ProviderManager...
2026-08-21 06:33:13,662 - INFO - Indicators computed | close=73829.20 ema_9=73673.98 ema_20=73476.14 ema_50=73148.77 ema_200=72145.75 macd=230.6464 poc=64325.0 val=63575.0 vah=71300.0
2026-08-21 06:33:13,664 - INFO - [bot-1787212529251-730a] Evaluating strategy on completed candle: 2026-08-21 00:55:00+00:00 at Close price: 73708.02
2026-08-21 06:33:13,742 - INFO - Confluence Evaluation | Regime: TRENDING (ADX=53.7) | Direction: LONG | BullScore: 100.0% | BearScore: 0.0% | Active: ['ema_9', 'ema_20', 'rsi', 'vwap', 'supertrend', 'atr']
2026-08-21 06:33:13,845 - INFO - Capping position size 0.797766 BTC to available cash equivalent 0.135670 BTC.
2026-08-21 06:33:13,905 - INFO - [bot-1787212529251-730a] Signal LONG active pending approval already exists (ID: 107).
2026-08-21 06:33:14,028 - INFO - Logged heartbeat status: OK
2026-08-21 06:33:14,029 - INFO - Job "LiveRunner.process_cycle (trigger: interval[0:05:00], next run at: 2026-08-21 06:38:12 IST)" executed successfully
2026-08-21 06:38:12,875 - INFO - Running job "LiveRunner.process_cycle (trigger: interval[0:05:00], next run at: 2026-08-21 06:43:12 IST)" (scheduled at 2026-08-21 06:38:12.840762+05:30)
2026-08-21 06:38:12,933 - INFO - [bot-1787212529251-730a] Starting signal check cycle for BTC/USDT (5m)...
2026-08-21 06:38:12,970 - INFO - Fetching recent candles for BTC/USDT (5m) [Bot: bot-1787212529251-730a] via ProviderManager...
2026-08-21 06:38:13,528 - INFO - Indicators computed | close=73925.60 ema_9=73726.04 ema_20=73519.88 ema_50=73179.64 ema_200=72163.57 macd=238.7479 poc=64325.0 val=63575.0 vah=71325.0
2026-08-21 06:38:13,529 - INFO - [bot-1787212529251-730a] Evaluating strategy on completed candle: 2026-08-21 01:00:00+00:00 at Close price: 73840.01
2026-08-21 06:38:13,589 - INFO - Confluence Evaluation | Regime: TRENDING (ADX=55.5) | Direction: LONG | BullScore: 100.0% | BearScore: 0.0% | Active: ['ema_9', 'ema_20', 'rsi', 'vwap', 'supertrend', 'atr']
2026-08-21 06:38:13,683 - INFO - Capping position size 0.522616 BTC to available cash equivalent 0.135428 BTC.
2026-08-21 06:38:13,711 - INFO - [bot-1787212529251-730a] Signal LONG active pending approval already exists (ID: 107).
2026-08-21 06:38:13,847 - INFO - Logged heartbeat status: OK
2026-08-21 06:38:13,847 - INFO - Job "LiveRunner.process_cycle (trigger: interval[0:05:00], next run at: 2026-08-21 06:43:12 IST)" executed successfully
2026-08-21 06:43:12,862 - INFO - Running job "LiveRunner.process_cycle (trigger: interval[0:05:00], next run at: 2026-08-21 06:48:12 IST)" (scheduled at 2026-08-21 06:43:12.840762+05:30)
2026-08-21 06:43:12,907 - INFO - [bot-1787212529251-730a] Starting signal check cycle for BTC/USDT (5m)...
2026-08-21 06:43:12,929 - INFO - Fetching recent candles for BTC/USDT (5m) [Bot: bot-1787212529251-730a] via ProviderManager...
2026-08-21 06:43:14,448 - INFO - Indicators computed | close=73975.99 ema_9=73776.71 ema_20=73563.69 ema_50=73211.03 ema_200=72181.65 macd=245.9814 poc=64325.0 val=63575.0 vah=71325.0
2026-08-21 06:43:14,593 - INFO - [bot-1787212529251-730a] Evaluating strategy on completed candle: 2026-08-21 01:05:00+00:00 at Close price: 73929.87
2026-08-21 06:43:14,920 - INFO - Confluence Evaluation | Regime: TRENDING (ADX=57.3) | Direction: LONG | BullScore: 100.0% | BearScore: 0.0% | Active: ['ema_9', 'ema_20', 'rsi', 'vwap', 'supertrend', 'atr']
2026-08-21 06:43:15,022 - INFO - Capping position size 0.481672 BTC to available cash equivalent 0.135263 BTC.
2026-08-21 06:43:15,374 - INFO - [bot-1787212529251-730a] Signal LONG active pending approval already exists (ID: 107).
2026-08-21 06:43:15,573 - INFO - Logged heartbeat status: OK
2026-08-21 06:43:15,575 - INFO - Job "LiveRunner.process_cycle (trigger: interval[0:05:00], next run at: 2026-08-21 06:48:12 IST)" executed successfully
2026-08-21 06:48:12,871 - INFO - Running job "LiveRunner.process_cycle (trigger: interval[0:05:00], next run at: 2026-08-21 06:53:12 IST)" (scheduled at 2026-08-21 06:48:12.840762+05:30)
2026-08-21 06:48:12,891 - INFO - [bot-1787212529251-730a] Starting signal check cycle for BTC/USDT (5m)...
2026-08-21 06:48:12,978 - INFO - Fetching recent candles for BTC/USDT (5m) [Bot: bot-1787212529251-730a] via ProviderManager...
2026-08-21 06:48:13,644 - INFO - Indicators computed | close=74680.76 ema_9=73959.84 ema_20=73671.33 ema_50=73269.21 ema_200=72206.66 macd=305.6934 poc=64325.0 val=63575.0 vah=71375.0
2026-08-21 06:48:13,650 - INFO - [bot-1787212529251-730a] Evaluating strategy on completed candle: 2026-08-21 01:10:00+00:00 at Close price: 73990.50
2026-08-21 06:48:13,720 - INFO - Confluence Evaluation | Regime: TRENDING (ADX=59.3) | Direction: LONG | BullScore: 100.0% | BearScore: 0.0% | Active: ['ema_9', 'ema_20', 'rsi', 'vwap', 'supertrend', 'atr']
2026-08-21 06:48:13,781 - INFO - Capping position size 0.420301 BTC to available cash equivalent 0.135152 BTC.
2026-08-21 06:48:13,812 - INFO - [bot-1787212529251-730a] Signal LONG active pending approval already exists (ID: 107).
2026-08-21 06:48:13,882 - INFO - Logged heartbeat status: OK
2026-08-21 06:48:13,883 - INFO - Job "LiveRunner.process_cycle (trigger: interval[0:05:00], next run at: 2026-08-21 06:53:12 IST)" executed successfully
2026-08-21 06:53:12,859 - INFO - Running job "LiveRunner.process_cycle (trigger: interval[0:05:00], next run at: 2026-08-21 06:58:12 IST)" (scheduled at 2026-08-21 06:53:12.840762+05:30)
2026-08-21 06:53:12,868 - INFO - [bot-1787212529251-730a] Starting signal check cycle for BTC/USDT (5m)...
2026-08-21 06:53:12,881 - INFO - Fetching recent candles for BTC/USDT (5m) [Bot: bot-1787212529251-730a] via ProviderManager...
2026-08-21 06:53:13,311 - INFO - Indicators computed | close=74340.48 ema_9=74032.63 ema_20=73733.26 ema_50=73310.44 ema_200=72227.69 macd=319.6572 poc=64325.0 val=63575.0 vah=71425.0
2026-08-21 06:53:13,314 - INFO - [bot-1787212529251-730a] Evaluating strategy on completed candle: 2026-08-21 01:15:00+00:00 at Close price: 74659.92
2026-08-21 06:53:13,386 - INFO - Confluence Evaluation | Regime: TRENDING (ADX=60.9) | Direction: LONG | BullScore: 100.0% | BearScore: 0.0% | Active: ['ema_9', 'ema_20', 'rsi', 'vwap', 'supertrend', 'atr']
2026-08-21 06:53:13,476 - INFO - Capping position size 0.174631 BTC to available cash equivalent 0.133941 BTC.
2026-08-21 06:53:13,541 - INFO - Created pending signal approval ID 137 for bot bot-1787212529251-730a (LONG @ $74659.92, status: WAITING_APPROVAL)
2026-08-21 06:53:13,681 - INFO - [bot-1787212529251-730a] Signal LONG generated (ID: 137). Waiting for manual user approval.
2026-08-21 06:53:13,825 - INFO - Logged heartbeat status: OK
2026-08-21 06:53:13,827 - INFO - Job "LiveRunner.process_cycle (trigger: interval[0:05:00], next run at: 2026-08-21 06:58:12 IST)" executed successfully
2026-08-21 06:58:12,884 - INFO - Running job "LiveRunner.process_cycle (trigger: interval[0:05:00], next run at: 2026-08-21 07:03:12 IST)" (scheduled at 2026-08-21 06:58:12.840762+05:30)
2026-08-21 06:58:12,920 - INFO - [bot-1787212529251-730a] Starting signal check cycle for BTC/USDT (5m)...
2026-08-21 06:58:12,990 - INFO - Fetching recent candles for BTC/USDT (5m) [Bot: bot-1787212529251-730a] via ProviderManager...
2026-08-21 06:58:13,564 - INFO - Indicators computed | close=74697.68 ema_9=74191.42 ema_20=73838.99 ema_50=73370.91 ema_200=72253.85 macd=366.6747 poc=64325.0 val=63575.0 vah=71450.0
2026-08-21 06:58:13,566 - INFO - [bot-1787212529251-730a] Evaluating strategy on completed candle: 2026-08-21 01:20:00+00:00 at Close price: 74501.59
2026-08-21 06:58:13,632 - INFO - Confluence Evaluation | Regime: TRENDING (ADX=62.1) | Direction: HOLD | BullScore: 55.9% | BearScore: 44.1% | Active: ['ema_9', 'ema_20', 'rsi', 'vwap', 'supertrend', 'atr']
2026-08-21 06:58:13,933 - INFO - Signal evaluated: HOLD. Reason/Details: Confluence score: 56% (HOLD)
2026-08-21 06:58:14,073 - INFO - Logged heartbeat status: OK
2026-08-21 06:58:14,074 - INFO - Job "LiveRunner.process_cycle (trigger: interval[0:05:00], next run at: 2026-08-21 07:03:12 IST)" executed successfully
2026-08-21 07:03:12,859 - INFO - Running job "LiveRunner.process_cycle (trigger: interval[0:05:00], next run at: 2026-08-21 07:08:12 IST)" (scheduled at 2026-08-21 07:03:12.840762+05:30)
2026-08-21 07:03:12,865 - INFO - [bot-1787212529251-730a] Starting signal check cycle for BTC/USDT (5m)...
2026-08-21 07:03:12,896 - INFO - Fetching recent candles for BTC/USDT (5m) [Bot: bot-1787212529251-730a] via ProviderManager...
2026-08-21 07:03:13,260 - INFO - Indicators computed | close=74969.91 ema_9=74351.77 ema_20=73949.20 ema_50=73434.71 ema_200=72281.16 macd=412.7718 poc=64325.0 val=63575.0 vah=71475.0
2026-08-21 07:03:13,262 - INFO - [bot-1787212529251-730a] Evaluating strategy on completed candle: 2026-08-21 01:25:00+00:00 at Close price: 74726.77
2026-08-21 07:03:13,324 - INFO - Confluence Evaluation | Regime: TRENDING (ADX=62.4) | Direction: LONG | BullScore: 100.0% | BearScore: 0.0% | Active: ['ema_9', 'ema_20', 'rsi', 'vwap', 'supertrend', 'atr']
2026-08-21 07:03:13,409 - INFO - Capping position size 0.201495 BTC to available cash equivalent 0.133821 BTC.
2026-08-21 07:03:13,416 - INFO - [bot-1787212529251-730a] Signal LONG active pending approval already exists (ID: 137).
2026-08-21 07:03:13,497 - INFO - Logged heartbeat status: OK
2026-08-21 07:03:13,497 - INFO - Job "LiveRunner.process_cycle (trigger: interval[0:05:00], next run at: 2026-08-21 07:08:12 IST)" executed successfully
/Users/ashishparadkar/Downloads/algo-code-main/.venv/lib/python3.9/site-packages/urllib3/__init__.py:35: NotOpenSSLWarning: urllib3 v2 only supports OpenSSL 1.1.1+, currently the 'ssl' module is compiled with 'LibreSSL 2.8.3'. See: https://github.com/urllib3/urllib3/issues/3020
  warnings.warn(
2026-08-21 12:14:21,204 - INFO - Bot state startup reconciliation finished: 0 bot(s) reconciled to STOPPED.
2026-08-21 12:14:22,363 - INFO - Telegram notification service initialized successfully (Chat ID: 5657...)
2026-08-21 12:14:22,372 - INFO - Initializing scheduled trading bot live runner for bot-1787212529251-730a...
2026-08-21 12:14:22,882 - INFO - SQLite database tables verified/created.
2026-08-21 12:14:23,615 - INFO - Initializing CCXT Binance in TESTNET mode.
2026-08-21 12:14:55,438 - INFO - [bot-1787212529251-730a] Pre-flight instrument resolved: BTC/USDT (SPOT via binance_spot)
2026-08-21 12:14:56,287 - INFO - [bot-1787212529251-730a] Starting signal check cycle for BTC/USDT (5m)...
2026-08-21 12:14:56,309 - INFO - Fetching recent candles for BTC/USDT (5m) [Bot: bot-1787212529251-730a] via ProviderManager...
2026-08-21 12:15:57,240 - INFO - Indicators computed | close=75328.31 ema_9=75414.48 ema_20=75323.36 ema_50=75011.29 ema_200=73557.63 macd=129.1436 poc=64275.0 val=64025.0 vah=71850.0
2026-08-21 12:15:57,247 - INFO - [bot-1787212529251-730a] Evaluating strategy on completed candle: 2026-08-21 06:40:00+00:00 at Close price: 75394.97
2026-08-21 12:15:57,697 - INFO - Confluence Evaluation | Regime: TRENDING (ADX=26.8) | Direction: HOLD | BullScore: 55.9% | BearScore: 44.1% | Active: ['ema_9', 'ema_20', 'rsi', 'vwap', 'supertrend', 'atr']
2026-08-21 12:15:57,994 - INFO - Signal evaluated: HOLD. Reason/Details: Confluence score: 56% (HOLD)
2026-08-21 12:15:58,397 - INFO - Logged heartbeat status: OK
2026-08-21 12:15:58,465 - INFO - Adding job tentatively -- it will be properly scheduled when the scheduler starts
2026-08-21 12:15:58,466 - INFO - Bot bot-1787212529251-730a scheduled to check every 5 minutes.
2026-08-21 12:15:58,612 - INFO - Added job "LiveRunner.process_cycle" to job store "default"
2026-08-21 12:15:58,612 - INFO - Scheduler started
2026-08-21 12:20:58,517 - INFO - Running job "LiveRunner.process_cycle (trigger: interval[0:05:00], next run at: 2026-08-21 12:20:58 IST)" (scheduled at 2026-08-21 12:20:58.463650+05:30)
2026-08-21 12:20:58,534 - INFO - [bot-1787212529251-730a] Starting signal check cycle for BTC/USDT (5m)...
2026-08-21 12:20:58,557 - INFO - Fetching recent candles for BTC/USDT (5m) [Bot: bot-1787212529251-730a] via ProviderManager...
2026-08-21 12:20:59,340 - INFO - Indicators computed | close=75491.13 ema_9=75459.89 ema_20=75355.53 ema_50=75037.19 ema_200=73578.72 macd=138.9066 poc=64275.0 val=64025.0 vah=71850.0
2026-08-21 12:20:59,345 - INFO - [bot-1787212529251-730a] Evaluating strategy on completed candle: 2026-08-21 06:45:00+00:00 at Close price: 75516.28
2026-08-21 12:20:59,424 - INFO - Confluence Evaluation | Regime: TRENDING (ADX=25.9) | Direction: LONG | BullScore: 100.0% | BearScore: 0.0% | Active: ['ema_9', 'ema_20', 'rsi', 'vwap', 'supertrend', 'atr']
2026-08-21 12:20:59,488 - INFO - Capping position size 0.508569 BTC to available cash equivalent 0.132422 BTC.
2026-08-21 12:20:59,549 - INFO - Created pending signal approval ID 157 for bot bot-1787212529251-730a (LONG @ $75516.28, status: WAITING_APPROVAL)
2026-08-21 12:20:59,632 - INFO - [bot-1787212529251-730a] Signal LONG generated (ID: 157). Waiting for manual user approval.
2026-08-21 12:20:59,890 - INFO - Logged heartbeat status: OK
2026-08-21 12:20:59,891 - INFO - Job "LiveRunner.process_cycle (trigger: interval[0:05:00], next run at: 2026-08-21 12:25:58 IST)" executed successfully
2026-08-21 12:25:58,478 - INFO - Running job "LiveRunner.process_cycle (trigger: interval[0:05:00], next run at: 2026-08-21 12:30:58 IST)" (scheduled at 2026-08-21 12:25:58.463650+05:30)
2026-08-21 12:25:58,493 - INFO - [bot-1787212529251-730a] Starting signal check cycle for BTC/USDT (5m)...
2026-08-21 12:25:58,620 - INFO - Fetching recent candles for BTC/USDT (5m) [Bot: bot-1787212529251-730a] via ProviderManager...
2026-08-21 12:25:59,367 - INFO - Indicators computed | close=75566.01 ema_9=75489.57 ema_20=75380.14 ema_50=75059.92 ema_200=73599.02 macd=142.4542 poc=64275.0 val=64025.0 vah=71875.0
2026-08-21 12:25:59,370 - INFO - [bot-1787212529251-730a] Evaluating strategy on completed candle: 2026-08-21 06:50:00+00:00 at Close price: 75544.00
2026-08-21 12:25:59,462 - INFO - Confluence Evaluation | Regime: TRENDING (ADX=25.1) | Direction: LONG | BullScore: 100.0% | BearScore: 0.0% | Active: ['ema_9', 'ema_20', 'rsi', 'vwap', 'supertrend', 'atr']
2026-08-21 12:25:59,580 - INFO - Capping position size 0.626370 BTC to available cash equivalent 0.132373 BTC.
2026-08-21 12:25:59,641 - INFO - [bot-1787212529251-730a] Signal LONG active pending approval already exists (ID: 157).
2026-08-21 12:25:59,838 - INFO - Logged heartbeat status: OK
2026-08-21 12:25:59,839 - INFO - Job "LiveRunner.process_cycle (trigger: interval[0:05:00], next run at: 2026-08-21 12:30:58 IST)" executed successfully
2026-08-21 12:30:58,478 - INFO - Running job "LiveRunner.process_cycle (trigger: interval[0:05:00], next run at: 2026-08-21 12:35:58 IST)" (scheduled at 2026-08-21 12:30:58.463650+05:30)
2026-08-21 12:30:58,497 - INFO - [bot-1787212529251-730a] Starting signal check cycle for BTC/USDT (5m)...
2026-08-21 12:30:58,539 - INFO - Fetching recent candles for BTC/USDT (5m) [Bot: bot-1787212529251-730a] via ProviderManager...
2026-08-21 12:30:59,231 - INFO - Indicators computed | close=75702.00 ema_9=75544.89 ema_20=75417.70 ema_50=75088.12 ema_200=73620.73 macd=156.0937 poc=64275.0 val=64025.0 vah=71875.0
2026-08-21 12:30:59,234 - INFO - [bot-1787212529251-730a] Evaluating strategy on completed candle: 2026-08-21 06:55:00+00:00 at Close price: 75646.21
2026-08-21 12:30:59,333 - INFO - Confluence Evaluation | Regime: RANGING (ADX=24.8) | Direction: LONG | BullScore: 100.0% | BearScore: 0.0% | Active: ['ema_9', 'ema_20', 'rsi', 'vwap', 'supertrend', 'atr']
2026-08-21 12:30:59,450 - INFO - Capping position size 0.474485 BTC to available cash equivalent 0.132194 BTC.
2026-08-21 12:30:59,505 - INFO - [bot-1787212529251-730a] Signal LONG active pending approval already exists (ID: 157).
2026-08-21 12:30:59,725 - INFO - Logged heartbeat status: OK
2026-08-21 12:30:59,726 - INFO - Job "LiveRunner.process_cycle (trigger: interval[0:05:00], next run at: 2026-08-21 12:35:58 IST)" executed successfully
2026-08-21 12:35:58,505 - INFO - Running job "LiveRunner.process_cycle (trigger: interval[0:05:00], next run at: 2026-08-21 12:40:58 IST)" (scheduled at 2026-08-21 12:35:58.463650+05:30)
2026-08-21 12:35:58,512 - INFO - [bot-1787212529251-730a] Starting signal check cycle for BTC/USDT (5m)...
2026-08-21 12:35:58,555 - INFO - Fetching recent candles for BTC/USDT (5m) [Bot: bot-1787212529251-730a] via ProviderManager...
2026-08-21 12:35:58,991 - INFO - Indicators computed | close=75676.00 ema_9=75576.17 ema_20=75445.02 ema_50=75112.36 ema_200=73641.49 macd=159.8614 poc=64275.0 val=64025.0 vah=71875.0
2026-08-21 12:35:58,992 - INFO - [bot-1787212529251-730a] Evaluating strategy on completed candle: 2026-08-21 07:00:00+00:00 at Close price: 75733.61
2026-08-21 12:35:59,072 - INFO - Confluence Evaluation | Regime: RANGING (ADX=23.7) | Direction: LONG | BullScore: 100.0% | BearScore: 0.0% | Active: ['ema_9', 'ema_20', 'rsi', 'vwap', 'supertrend', 'atr']
2026-08-21 12:35:59,188 - INFO - Capping position size 0.392997 BTC to available cash equivalent 0.132042 BTC.
2026-08-21 12:35:59,238 - INFO - [bot-1787212529251-730a] Signal LONG active pending approval already exists (ID: 157).
2026-08-21 12:35:59,424 - INFO - Logged heartbeat status: OK
2026-08-21 12:35:59,425 - INFO - Job "LiveRunner.process_cycle (trigger: interval[0:05:00], next run at: 2026-08-21 12:40:58 IST)" executed successfully
2026-08-21 12:40:58,476 - INFO - Running job "LiveRunner.process_cycle (trigger: interval[0:05:00], next run at: 2026-08-21 12:45:58 IST)" (scheduled at 2026-08-21 12:40:58.463650+05:30)
2026-08-21 12:40:58,483 - INFO - [bot-1787212529251-730a] Starting signal check cycle for BTC/USDT (5m)...
2026-08-21 12:40:58,527 - INFO - Fetching recent candles for BTC/USDT (5m) [Bot: bot-1787212529251-730a] via ProviderManager...
2026-08-21 12:40:58,981 - INFO - Indicators computed | close=75940.02 ema_9=75679.70 ema_20=75508.73 ema_50=75152.06 ema_200=73666.26 macd=191.9200 poc=64275.0 val=64025.0 vah=71875.0
2026-08-21 12:40:58,982 - INFO - [bot-1787212529251-730a] Evaluating strategy on completed candle: 2026-08-21 07:05:00+00:00 at Close price: 75868.28
2026-08-21 12:40:59,050 - INFO - Confluence Evaluation | Regime: RANGING (ADX=22.5) | Direction: LONG | BullScore: 100.0% | BearScore: 0.0% | Active: ['ema_9', 'ema_20', 'rsi', 'vwap', 'supertrend', 'atr']
2026-08-21 12:40:59,164 - INFO - Capping position size 0.310762 BTC to available cash equivalent 0.131807 BTC.
2026-08-21 12:40:59,176 - INFO - [bot-1787212529251-730a] Signal LONG active pending approval already exists (ID: 157).
2026-08-21 12:40:59,367 - INFO - Logged heartbeat status: OK
2026-08-21 12:40:59,367 - INFO - Job "LiveRunner.process_cycle (trigger: interval[0:05:00], next run at: 2026-08-21 12:45:58 IST)" executed successfully
2026-08-21 12:45:58,474 - INFO - Running job "LiveRunner.process_cycle (trigger: interval[0:05:00], next run at: 2026-08-21 12:50:58 IST)" (scheduled at 2026-08-21 12:45:58.463650+05:30)
2026-08-21 12:45:58,481 - INFO - [bot-1787212529251-730a] Starting signal check cycle for BTC/USDT (5m)...
2026-08-21 12:45:58,485 - INFO - Fetching recent candles for BTC/USDT (5m) [Bot: bot-1787212529251-730a] via ProviderManager...
2026-08-21 12:45:58,881 - INFO - Indicators computed | close=76273.05 ema_9=75803.17 ema_20=75584.11 ema_50=75197.15 ema_200=73692.49 macd=231.2449 poc=64275.0 val=64025.0 vah=71875.0
2026-08-21 12:45:58,883 - INFO - [bot-1787212529251-730a] Evaluating strategy on completed candle: 2026-08-21 07:10:00+00:00 at Close price: 75969.99
2026-08-21 12:45:58,936 - INFO - Confluence Evaluation | Regime: RANGING (ADX=21.9) | Direction: LONG | BullScore: 100.0% | BearScore: 0.0% | Active: ['ema_9', 'ema_20', 'rsi', 'vwap', 'supertrend', 'atr']
2026-08-21 12:45:59,023 - INFO - Capping position size 0.320287 BTC to available cash equivalent 0.131631 BTC.
2026-08-21 12:45:59,031 - INFO - [bot-1787212529251-730a] Signal LONG active pending approval already exists (ID: 157).
2026-08-21 12:45:59,229 - INFO - Logged heartbeat status: OK
2026-08-21 12:45:59,229 - INFO - Job "LiveRunner.process_cycle (trigger: interval[0:05:00], next run at: 2026-08-21 12:50:58 IST)" executed successfully
2026-08-21 12:50:58,540 - INFO - Running job "LiveRunner.process_cycle (trigger: interval[0:05:00], next run at: 2026-08-21 12:55:58 IST)" (scheduled at 2026-08-21 12:50:58.463650+05:30)
2026-08-21 12:50:58,571 - INFO - [bot-1787212529251-730a] Starting signal check cycle for BTC/USDT (5m)...
2026-08-21 12:50:58,611 - INFO - Fetching recent candles for BTC/USDT (5m) [Bot: bot-1787212529251-730a] via ProviderManager...
2026-08-21 12:50:59,807 - INFO - Indicators computed | close=76455.58 ema_9=75967.48 ema_20=75685.32 ema_50=75254.47 ema_200=73722.07 macd=285.1295 poc=64275.0 val=64025.0 vah=71900.0
2026-08-21 12:50:59,814 - INFO - [bot-1787212529251-730a] Evaluating strategy on completed candle: 2026-08-21 07:15:00+00:00 at Close price: 76484.48
2026-08-21 12:51:00,028 - INFO - Confluence Evaluation | Regime: RANGING (ADX=23.2) | Direction: LONG | BullScore: 100.0% | BearScore: 0.0% | Active: ['ema_9', 'ema_20', 'rsi', 'vwap', 'supertrend', 'atr']
2026-08-21 12:51:00,203 - INFO - Capping position size 0.195309 BTC to available cash equivalent 0.130745 BTC.
2026-08-21 12:51:00,297 - INFO - Created pending signal approval ID 168 for bot bot-1787212529251-730a (LONG @ $76484.48, status: WAITING_APPROVAL)
2026-08-21 12:51:00,365 - INFO - [bot-1787212529251-730a] Signal LONG generated (ID: 168). Waiting for manual user approval.
2026-08-21 12:51:00,655 - INFO - Logged heartbeat status: OK
2026-08-21 12:51:00,655 - INFO - Job "LiveRunner.process_cycle (trigger: interval[0:05:00], next run at: 2026-08-21 12:55:58 IST)" executed successfully
2026-08-21 12:55:58,483 - INFO - Running job "LiveRunner.process_cycle (trigger: interval[0:05:00], next run at: 2026-08-21 13:00:58 IST)" (scheduled at 2026-08-21 12:55:58.463650+05:30)
2026-08-21 12:55:58,500 - INFO - [bot-1787212529251-730a] Starting signal check cycle for BTC/USDT (5m)...
2026-08-21 12:55:58,563 - INFO - Fetching recent candles for BTC/USDT (5m) [Bot: bot-1787212529251-730a] via ProviderManager...
2026-08-21 12:55:59,114 - INFO - Indicators computed | close=76336.01 ema_9=76008.91 ema_20=75729.91 ema_50=75289.28 ema_200=73746.09 macd=288.9196 poc=64275.0 val=64025.0 vah=71900.0
2026-08-21 12:55:59,118 - INFO - [bot-1787212529251-730a] Evaluating strategy on completed candle: 2026-08-21 07:20:00+00:00 at Close price: 76253.84
2026-08-21 12:55:59,175 - INFO - Confluence Evaluation | Regime: TRENDING (ADX=25.2) | Direction: HOLD | BullScore: 55.9% | BearScore: 44.1% | Active: ['ema_9', 'ema_20', 'rsi', 'vwap', 'supertrend', 'atr']
2026-08-21 12:55:59,276 - INFO - Signal evaluated: HOLD. Reason/Details: Confluence score: 56% (HOLD)
2026-08-21 12:55:59,448 - INFO - Logged heartbeat status: OK
2026-08-21 12:55:59,448 - INFO - Job "LiveRunner.process_cycle (trigger: interval[0:05:00], next run at: 2026-08-21 13:00:58 IST)" executed successfully
2026-08-21 13:00:58,480 - INFO - Running job "LiveRunner.process_cycle (trigger: interval[0:05:00], next run at: 2026-08-21 13:05:58 IST)" (scheduled at 2026-08-21 13:00:58.463650+05:30)
2026-08-21 13:00:58,491 - INFO - [bot-1787212529251-730a] Starting signal check cycle for BTC/USDT (5m)...
2026-08-21 13:00:58,512 - INFO - Fetching recent candles for BTC/USDT (5m) [Bot: bot-1787212529251-730a] via ProviderManager...
2026-08-21 13:00:59,048 - INFO - Indicators computed | close=76450.01 ema_9=76109.03 ema_20=75804.90 ema_50=75337.60 ema_200=73773.73 macd=314.8797 poc=64275.0 val=64025.0 vah=71925.0
2026-08-21 13:00:59,049 - INFO - [bot-1787212529251-730a] Evaluating strategy on completed candle: 2026-08-21 07:25:00+00:00 at Close price: 76410.38
2026-08-21 13:00:59,133 - INFO - Confluence Evaluation | Regime: TRENDING (ADX=27.7) | Direction: LONG | BullScore: 100.0% | BearScore: 0.0% | Active: ['ema_9', 'ema_20', 'rsi', 'vwap', 'supertrend', 'atr']
2026-08-21 13:00:59,234 - INFO - Capping position size 0.240376 BTC to available cash equivalent 0.130872 BTC.
2026-08-21 13:00:59,285 - INFO - [bot-1787212529251-730a] Signal LONG active pending approval already exists (ID: 168).
2026-08-21 13:00:59,492 - INFO - Logged heartbeat status: OK
2026-08-21 13:00:59,492 - INFO - Job "LiveRunner.process_cycle (trigger: interval[0:05:00], next run at: 2026-08-21 13:05:58 IST)" executed successfully
2026-08-21 13:05:58,511 - INFO - Running job "LiveRunner.process_cycle (trigger: interval[0:05:00], next run at: 2026-08-21 13:10:58 IST)" (scheduled at 2026-08-21 13:05:58.463650+05:30)
2026-08-21 13:05:58,566 - INFO - [bot-1787212529251-730a] Starting signal check cycle for BTC/USDT (5m)...
2026-08-21 13:05:58,630 - INFO - Fetching recent candles for BTC/USDT (5m) [Bot: bot-1787212529251-730a] via ProviderManager...
2026-08-21 13:05:59,234 - INFO - Indicators computed | close=76374.09 ema_9=76151.58 ema_20=75853.47 ema_50=75375.79 ema_200=73798.96 macd=316.8980 poc=64325.0 val=64025.0 vah=71925.0
2026-08-21 13:05:59,238 - INFO - [bot-1787212529251-730a] Evaluating strategy on completed candle: 2026-08-21 07:30:00+00:00 at Close price: 76384.61
2026-08-21 13:05:59,415 - INFO - Confluence Evaluation | Regime: TRENDING (ADX=33.2) | Direction: HOLD | BullScore: 55.9% | BearScore: 44.1% | Active: ['ema_9', 'ema_20', 'rsi', 'vwap', 'supertrend', 'atr']
2026-08-21 13:05:59,530 - INFO - Signal evaluated: HOLD. Reason/Details: Confluence score: 56% (HOLD)
2026-08-21 13:05:59,699 - INFO - Logged heartbeat status: OK
2026-08-21 13:05:59,699 - INFO - Job "LiveRunner.process_cycle (trigger: interval[0:05:00], next run at: 2026-08-21 13:10:58 IST)" executed successfully
2026-08-21 13:10:58,485 - INFO - Running job "LiveRunner.process_cycle (trigger: interval[0:05:00], next run at: 2026-08-21 13:15:58 IST)" (scheduled at 2026-08-21 13:10:58.463650+05:30)
2026-08-21 13:10:58,503 - INFO - [bot-1787212529251-730a] Starting signal check cycle for BTC/USDT (5m)...
2026-08-21 13:10:58,558 - INFO - Fetching recent candles for BTC/USDT (5m) [Bot: bot-1787212529251-730a] via ProviderManager...
2026-08-21 13:10:59,088 - INFO - Indicators computed | close=76549.47 ema_9=76255.06 ema_20=75932.64 ema_50=75427.44 ema_200=73827.80 macd=342.1498 poc=64325.0 val=64025.0 vah=71925.0
2026-08-21 13:10:59,089 - INFO - [bot-1787212529251-730a] Evaluating strategy on completed candle: 2026-08-21 07:35:00+00:00 at Close price: 76523.53
2026-08-21 13:10:59,181 - INFO - Confluence Evaluation | Regime: TRENDING (ADX=38.7) | Direction: LONG | BullScore: 100.0% | BearScore: 0.0% | Active: ['ema_9', 'ema_20', 'rsi', 'vwap', 'supertrend', 'atr']
2026-08-21 13:10:59,286 - INFO - Capping position size 0.299549 BTC to available cash equivalent 0.130679 BTC.
2026-08-21 13:10:59,310 - INFO - [bot-1787212529251-730a] Signal LONG active pending approval already exists (ID: 168).
2026-08-21 13:10:59,563 - INFO - Logged heartbeat status: OK
2026-08-21 13:10:59,563 - INFO - Job "LiveRunner.process_cycle (trigger: interval[0:05:00], next run at: 2026-08-21 13:15:58 IST)" executed successfully
2026-08-21 13:15:58,477 - INFO - Running job "LiveRunner.process_cycle (trigger: interval[0:05:00], next run at: 2026-08-21 13:20:58 IST)" (scheduled at 2026-08-21 13:15:58.463650+05:30)
2026-08-21 13:15:58,486 - INFO - [bot-1787212529251-730a] Starting signal check cycle for BTC/USDT (5m)...
2026-08-21 13:15:58,527 - INFO - Fetching recent candles for BTC/USDT (5m) [Bot: bot-1787212529251-730a] via ProviderManager...
2026-08-21 13:15:58,954 - INFO - Indicators computed | close=76542.32 ema_9=76319.94 ema_20=75994.70 ema_50=75472.91 ema_200=73855.27 macd=350.9837 poc=64325.0 val=64025.0 vah=71950.0
2026-08-21 13:15:58,955 - INFO - [bot-1787212529251-730a] Evaluating strategy on completed candle: 2026-08-21 07:40:00+00:00 at Close price: 76595.89
2026-08-21 13:15:59,011 - INFO - Confluence Evaluation | Regime: TRENDING (ADX=43.7) | Direction: LONG | BullScore: 100.0% | BearScore: 0.0% | Active: ['ema_9', 'ema_20', 'rsi', 'vwap', 'supertrend', 'atr']
2026-08-21 13:15:59,094 - INFO - Capping position size 0.477932 BTC to available cash equivalent 0.130555 BTC.
2026-08-21 13:15:59,152 - INFO - [bot-1787212529251-730a] Signal LONG active pending approval already exists (ID: 168).
2026-08-21 13:15:59,357 - INFO - Logged heartbeat status: OK
2026-08-21 13:15:59,357 - INFO - Job "LiveRunner.process_cycle (trigger: interval[0:05:00], next run at: 2026-08-21 13:20:58 IST)" executed successfully
2026-08-21 13:20:58,521 - INFO - Running job "LiveRunner.process_cycle (trigger: interval[0:05:00], next run at: 2026-08-21 13:25:58 IST)" (scheduled at 2026-08-21 13:20:58.463650+05:30)
2026-08-21 13:20:58,534 - INFO - [bot-1787212529251-730a] Starting signal check cycle for BTC/USDT (5m)...
2026-08-21 13:20:58,579 - INFO - Fetching recent candles for BTC/USDT (5m) [Bot: bot-1787212529251-730a] via ProviderManager...
2026-08-21 13:21:08,645 - ERROR - Binance Spot Network Error: binance GET https://api.binance.com/api/v3/klines?interval=5m&limit=1000&symbol=BTCUSDT
--- Logging error ---
Traceback (most recent call last):
  File "/Users/ashishparadkar/Downloads/algo-code-main/.venv/lib/python3.9/site-packages/urllib3/connectionpool.py", line 534, in _make_request
    response = conn.getresponse()
  File "/Users/ashishparadkar/Downloads/algo-code-main/.venv/lib/python3.9/site-packages/urllib3/connection.py", line 571, in getresponse
    httplib_response = super().getresponse()
  File "/Library/Developer/CommandLineTools/Library/Frameworks/Python3.framework/Versions/3.9/lib/python3.9/http/client.py", line 1349, in getresponse
    response.begin()
  File "/Library/Developer/CommandLineTools/Library/Frameworks/Python3.framework/Versions/3.9/lib/python3.9/http/client.py", line 316, in begin
    version, status, reason = self._read_status()
  File "/Library/Developer/CommandLineTools/Library/Frameworks/Python3.framework/Versions/3.9/lib/python3.9/http/client.py", line 277, in _read_status
    line = str(self.fp.readline(_MAXLINE + 1), "iso-8859-1")
  File "/Library/Developer/CommandLineTools/Library/Frameworks/Python3.framework/Versions/3.9/lib/python3.9/socket.py", line 704, in readinto
    return self._sock.recv_into(b)
  File "/Library/Developer/CommandLineTools/Library/Frameworks/Python3.framework/Versions/3.9/lib/python3.9/ssl.py", line 1241, in recv_into
    return self.read(nbytes, buffer)
  File "/Library/Developer/CommandLineTools/Library/Frameworks/Python3.framework/Versions/3.9/lib/python3.9/ssl.py", line 1099, in read
    return self._sslobj.read(len, buffer)
socket.timeout: The read operation timed out

The above exception was the direct cause of the following exception:

Traceback (most recent call last):
  File "/Users/ashishparadkar/Downloads/algo-code-main/.venv/lib/python3.9/site-packages/requests/adapters.py", line 644, in send
    resp = conn.urlopen(
  File "/Users/ashishparadkar/Downloads/algo-code-main/.venv/lib/python3.9/site-packages/urllib3/connectionpool.py", line 841, in urlopen
    retries = retries.increment(
  File "/Users/ashishparadkar/Downloads/algo-code-main/.venv/lib/python3.9/site-packages/urllib3/util/retry.py", line 490, in increment
    raise reraise(type(error), error, _stacktrace)
  File "/Users/ashishparadkar/Downloads/algo-code-main/.venv/lib/python3.9/site-packages/urllib3/util/util.py", line 39, in reraise
    raise value
  File "/Users/ashishparadkar/Downloads/algo-code-main/.venv/lib/python3.9/site-packages/urllib3/connectionpool.py", line 787, in urlopen
    response = self._make_request(
  File "/Users/ashishparadkar/Downloads/algo-code-main/.venv/lib/python3.9/site-packages/urllib3/connectionpool.py", line 536, in _make_request
    self._raise_timeout(err=e, url=url, timeout_value=read_timeout)
  File "/Users/ashishparadkar/Downloads/algo-code-main/.venv/lib/python3.9/site-packages/urllib3/connectionpool.py", line 367, in _raise_timeout
    raise ReadTimeoutError(
urllib3.exceptions.ReadTimeoutError: HTTPSConnectionPool(host='api.binance.com', port=443): Read timed out. (read timeout=10.0)

During handling of the above exception, another exception occurred:

Traceback (most recent call last):
  File "/Users/ashishparadkar/Downloads/algo-code-main/.venv/lib/python3.9/site-packages/ccxt/base/exchange.py", line 665, in fetch
    response = self.session.request(
  File "/Users/ashishparadkar/Downloads/algo-code-main/.venv/lib/python3.9/site-packages/requests/sessions.py", line 589, in request
    resp = self.send(prep, **send_kwargs)
  File "/Users/ashishparadkar/Downloads/algo-code-main/.venv/lib/python3.9/site-packages/requests/sessions.py", line 703, in send
    r = adapter.send(request, **kwargs)
  File "/Users/ashishparadkar/Downloads/algo-code-main/.venv/lib/python3.9/site-packages/requests/adapters.py", line 690, in send
    raise ReadTimeout(e, request=request)
requests.exceptions.ReadTimeout: HTTPSConnectionPool(host='api.binance.com', port=443): Read timed out. (read timeout=10.0)

The above exception was the direct cause of the following exception:

Traceback (most recent call last):
  File "/Users/ashishparadkar/Downloads/algo-code-main/src/provider_manager.py", line 351, in fetch_ohlcv_safe
    df = adapter.fetch_ohlcv(instrument, timeframe, limit=limit)
  File "/Users/ashishparadkar/Downloads/algo-code-main/src/provider_manager.py", line 211, in fetch_ohlcv
    raise net_err
  File "/Users/ashishparadkar/Downloads/algo-code-main/src/provider_manager.py", line 183, in fetch_ohlcv
    raw_candles = self.exchange.fetch_ohlcv(
  File "/Users/ashishparadkar/Downloads/algo-code-main/.venv/lib/python3.9/site-packages/ccxt/binance.py", line 4759, in fetch_ohlcv
    response = self.publicGetKlines(self.extend(request, params))
  File "/Users/ashishparadkar/Downloads/algo-code-main/.venv/lib/python3.9/site-packages/ccxt/base/types.py", line 35, in unbound_method
    return _self.request(self.path, self.api, self.method, params, config=self.config)
  File "/Users/ashishparadkar/Downloads/algo-code-main/.venv/lib/python3.9/site-packages/ccxt/binance.py", line 11724, in request
    response = self.fetch2(path, api, method, params, headers, body, config)
  File "/Users/ashishparadkar/Downloads/algo-code-main/.venv/lib/python3.9/site-packages/ccxt/base/exchange.py", line 5566, in fetch2
    raise e
  File "/Users/ashishparadkar/Downloads/algo-code-main/.venv/lib/python3.9/site-packages/ccxt/base/exchange.py", line 5549, in fetch2
    response = self.fetch(request['url'], request['method'], request['headers'], request['body'])
  File "/Users/ashishparadkar/Downloads/algo-code-main/.venv/lib/python3.9/site-packages/ccxt/base/exchange.py", line 698, in fetch
    raise RequestTimeout(details) from e
ccxt.base.errors.RequestTimeout: binance GET https://api.binance.com/api/v3/klines?interval=5m&limit=1000&symbol=BTCUSDT

During handling of the above exception, another exception occurred:

Traceback (most recent call last):
  File "/Library/Developer/CommandLineTools/Library/Frameworks/Python3.framework/Versions/3.9/lib/python3.9/logging/__init__.py", line 1083, in emit
    msg = self.format(record)
  File "/Library/Developer/CommandLineTools/Library/Frameworks/Python3.framework/Versions/3.9/lib/python3.9/logging/__init__.py", line 927, in format
    return fmt.format(record)
  File "/Library/Developer/CommandLineTools/Library/Frameworks/Python3.framework/Versions/3.9/lib/python3.9/logging/__init__.py", line 663, in format
    record.message = record.getMessage()
  File "/Library/Developer/CommandLineTools/Library/Frameworks/Python3.framework/Versions/3.9/lib/python3.9/logging/__init__.py", line 367, in getMessage
    msg = msg % self.args
TypeError: must be real number, not RequestTimeout
Call stack:
  File "/Library/Developer/CommandLineTools/Library/Frameworks/Python3.framework/Versions/3.9/lib/python3.9/threading.py", line 930, in _bootstrap
    self._bootstrap_inner()
  File "/Library/Developer/CommandLineTools/Library/Frameworks/Python3.framework/Versions/3.9/lib/python3.9/threading.py", line 973, in _bootstrap_inner
    self.run()
  File "/Library/Developer/CommandLineTools/Library/Frameworks/Python3.framework/Versions/3.9/lib/python3.9/threading.py", line 910, in run
    self._target(*self._args, **self._kwargs)
  File "/Library/Developer/CommandLineTools/Library/Frameworks/Python3.framework/Versions/3.9/lib/python3.9/concurrent/futures/thread.py", line 77, in _worker
    work_item.run()
  File "/Library/Developer/CommandLineTools/Library/Frameworks/Python3.framework/Versions/3.9/lib/python3.9/concurrent/futures/thread.py", line 52, in run
    result = self.fn(*self.args, **self.kwargs)
  File "/Users/ashishparadkar/Downloads/algo-code-main/.venv/lib/python3.9/site-packages/apscheduler/executors/base.py", line 131, in run_job
    retval = job.func(*job.args, **job.kwargs)
  File "/Users/ashishparadkar/Downloads/algo-code-main/src/live_runner.py", line 199, in process_cycle
    df, _ = self.provider_manager.fetch_ohlcv_safe(self.symbol, self.timeframe, limit=1000)
  File "/Users/ashishparadkar/Downloads/algo-code-main/src/provider_manager.py", line 362, in fetch_ohlcv_safe
    logger.warning(
Message: 'Retryable network failure for %s (Attempt %d/%d). Backing off %.2fs: %s'
Arguments: ('BTC/USDT', 1, 3, RequestTimeout('binance GET https://api.binance.com/api/v3/klines?interval=5m&limit=1000&symbol=BTCUSDT'))
2026-08-21 13:21:10,713 - ERROR - Binance Spot Network Error: binance GET https://api.binance.com/api/v3/klines?interval=5m&limit=1000&symbol=BTCUSDT
--- Logging error ---
Traceback (most recent call last):
  File "/Users/ashishparadkar/Downloads/algo-code-main/.venv/lib/python3.9/site-packages/urllib3/connection.py", line 204, in _new_conn
    sock = connection.create_connection(
  File "/Users/ashishparadkar/Downloads/algo-code-main/.venv/lib/python3.9/site-packages/urllib3/util/connection.py", line 60, in create_connection
    for res in socket.getaddrinfo(host, port, family, socket.SOCK_STREAM):
  File "/Library/Developer/CommandLineTools/Library/Frameworks/Python3.framework/Versions/3.9/lib/python3.9/socket.py", line 953, in getaddrinfo
    for res in _socket.getaddrinfo(host, port, family, type, proto, flags):
socket.gaierror: [Errno 8] nodename nor servname provided, or not known

The above exception was the direct cause of the following exception:

Traceback (most recent call last):
  File "/Users/ashishparadkar/Downloads/algo-code-main/.venv/lib/python3.9/site-packages/urllib3/connectionpool.py", line 787, in urlopen
    response = self._make_request(
  File "/Users/ashishparadkar/Downloads/algo-code-main/.venv/lib/python3.9/site-packages/urllib3/connectionpool.py", line 488, in _make_request
    raise new_e
  File "/Users/ashishparadkar/Downloads/algo-code-main/.venv/lib/python3.9/site-packages/urllib3/connectionpool.py", line 464, in _make_request
    self._validate_conn(conn)
  File "/Users/ashishparadkar/Downloads/algo-code-main/.venv/lib/python3.9/site-packages/urllib3/connectionpool.py", line 1093, in _validate_conn
    conn.connect()
  File "/Users/ashishparadkar/Downloads/algo-code-main/.venv/lib/python3.9/site-packages/urllib3/connection.py", line 759, in connect
    self.sock = sock = self._new_conn()
  File "/Users/ashishparadkar/Downloads/algo-code-main/.venv/lib/python3.9/site-packages/urllib3/connection.py", line 211, in _new_conn
    raise NameResolutionError(self.host, self, e) from e
urllib3.exceptions.NameResolutionError: HTTPSConnection(host='api.binance.com', port=443): Failed to resolve 'api.binance.com' ([Errno 8] nodename nor servname provided, or not known)

The above exception was the direct cause of the following exception:

Traceback (most recent call last):
  File "/Users/ashishparadkar/Downloads/algo-code-main/.venv/lib/python3.9/site-packages/requests/adapters.py", line 644, in send
    resp = conn.urlopen(
  File "/Users/ashishparadkar/Downloads/algo-code-main/.venv/lib/python3.9/site-packages/urllib3/connectionpool.py", line 841, in urlopen
    retries = retries.increment(
  File "/Users/ashishparadkar/Downloads/algo-code-main/.venv/lib/python3.9/site-packages/urllib3/util/retry.py", line 535, in increment
    raise MaxRetryError(_pool, url, reason) from reason  # type: ignore[arg-type]
urllib3.exceptions.MaxRetryError: HTTPSConnectionPool(host='api.binance.com', port=443): Max retries exceeded with url: /api/v3/klines?interval=5m&limit=1000&symbol=BTCUSDT (Caused by NameResolutionError("HTTPSConnection(host='api.binance.com', port=443): Failed to resolve 'api.binance.com' ([Errno 8] nodename nor servname provided, or not known)"))

During handling of the above exception, another exception occurred:

Traceback (most recent call last):
  File "/Users/ashishparadkar/Downloads/algo-code-main/.venv/lib/python3.9/site-packages/ccxt/base/exchange.py", line 665, in fetch
    response = self.session.request(
  File "/Users/ashishparadkar/Downloads/algo-code-main/.venv/lib/python3.9/site-packages/requests/sessions.py", line 589, in request
    resp = self.send(prep, **send_kwargs)
  File "/Users/ashishparadkar/Downloads/algo-code-main/.venv/lib/python3.9/site-packages/requests/sessions.py", line 703, in send
    r = adapter.send(request, **kwargs)
  File "/Users/ashishparadkar/Downloads/algo-code-main/.venv/lib/python3.9/site-packages/requests/adapters.py", line 677, in send
    raise ConnectionError(e, request=request)
requests.exceptions.ConnectionError: HTTPSConnectionPool(host='api.binance.com', port=443): Max retries exceeded with url: /api/v3/klines?interval=5m&limit=1000&symbol=BTCUSDT (Caused by NameResolutionError("HTTPSConnection(host='api.binance.com', port=443): Failed to resolve 'api.binance.com' ([Errno 8] nodename nor servname provided, or not known)"))

The above exception was the direct cause of the following exception:

Traceback (most recent call last):
  File "/Users/ashishparadkar/Downloads/algo-code-main/src/provider_manager.py", line 351, in fetch_ohlcv_safe
    df = adapter.fetch_ohlcv(instrument, timeframe, limit=limit)
  File "/Users/ashishparadkar/Downloads/algo-code-main/src/provider_manager.py", line 211, in fetch_ohlcv
    raise net_err
  File "/Users/ashishparadkar/Downloads/algo-code-main/src/provider_manager.py", line 183, in fetch_ohlcv
    raw_candles = self.exchange.fetch_ohlcv(
  File "/Users/ashishparadkar/Downloads/algo-code-main/.venv/lib/python3.9/site-packages/ccxt/binance.py", line 4759, in fetch_ohlcv
    response = self.publicGetKlines(self.extend(request, params))
  File "/Users/ashishparadkar/Downloads/algo-code-main/.venv/lib/python3.9/site-packages/ccxt/base/types.py", line 35, in unbound_method
    return _self.request(self.path, self.api, self.method, params, config=self.config)
  File "/Users/ashishparadkar/Downloads/algo-code-main/.venv/lib/python3.9/site-packages/ccxt/binance.py", line 11724, in request
    response = self.fetch2(path, api, method, params, headers, body, config)
  File "/Users/ashishparadkar/Downloads/algo-code-main/.venv/lib/python3.9/site-packages/ccxt/base/exchange.py", line 5566, in fetch2
    raise e
  File "/Users/ashishparadkar/Downloads/algo-code-main/.venv/lib/python3.9/site-packages/ccxt/base/exchange.py", line 5549, in fetch2
    response = self.fetch(request['url'], request['method'], request['headers'], request['body'])
  File "/Users/ashishparadkar/Downloads/algo-code-main/.venv/lib/python3.9/site-packages/ccxt/base/exchange.py", line 721, in fetch
    raise NetworkError(details) from e
ccxt.base.errors.NetworkError: binance GET https://api.binance.com/api/v3/klines?interval=5m&limit=1000&symbol=BTCUSDT

During handling of the above exception, another exception occurred:

Traceback (most recent call last):
  File "/Library/Developer/CommandLineTools/Library/Frameworks/Python3.framework/Versions/3.9/lib/python3.9/logging/__init__.py", line 1083, in emit
    msg = self.format(record)
  File "/Library/Developer/CommandLineTools/Library/Frameworks/Python3.framework/Versions/3.9/lib/python3.9/logging/__init__.py", line 927, in format
    return fmt.format(record)
  File "/Library/Developer/CommandLineTools/Library/Frameworks/Python3.framework/Versions/3.9/lib/python3.9/logging/__init__.py", line 663, in format
    record.message = record.getMessage()
  File "/Library/Developer/CommandLineTools/Library/Frameworks/Python3.framework/Versions/3.9/lib/python3.9/logging/__init__.py", line 367, in getMessage
    msg = msg % self.args
TypeError: must be real number, not NetworkError
Call stack:
  File "/Library/Developer/CommandLineTools/Library/Frameworks/Python3.framework/Versions/3.9/lib/python3.9/threading.py", line 930, in _bootstrap
    self._bootstrap_inner()
  File "/Library/Developer/CommandLineTools/Library/Frameworks/Python3.framework/Versions/3.9/lib/python3.9/threading.py", line 973, in _bootstrap_inner
    self.run()
  File "/Library/Developer/CommandLineTools/Library/Frameworks/Python3.framework/Versions/3.9/lib/python3.9/threading.py", line 910, in run
    self._target(*self._args, **self._kwargs)
  File "/Library/Developer/CommandLineTools/Library/Frameworks/Python3.framework/Versions/3.9/lib/python3.9/concurrent/futures/thread.py", line 77, in _worker
    work_item.run()
  File "/Library/Developer/CommandLineTools/Library/Frameworks/Python3.framework/Versions/3.9/lib/python3.9/concurrent/futures/thread.py", line 52, in run
    result = self.fn(*self.args, **self.kwargs)
  File "/Users/ashishparadkar/Downloads/algo-code-main/.venv/lib/python3.9/site-packages/apscheduler/executors/base.py", line 131, in run_job
    retval = job.func(*job.args, **job.kwargs)
  File "/Users/ashishparadkar/Downloads/algo-code-main/src/live_runner.py", line 199, in process_cycle
    df, _ = self.provider_manager.fetch_ohlcv_safe(self.symbol, self.timeframe, limit=1000)
  File "/Users/ashishparadkar/Downloads/algo-code-main/src/provider_manager.py", line 362, in fetch_ohlcv_safe
    logger.warning(
Message: 'Retryable network failure for %s (Attempt %d/%d). Backing off %.2fs: %s'
Arguments: ('BTC/USDT', 2, 3, NetworkError('binance GET https://api.binance.com/api/v3/klines?interval=5m&limit=1000&symbol=BTCUSDT'))
2026-08-21 13:21:12,944 - ERROR - Binance Spot Network Error: binance GET https://api.binance.com/api/v3/klines?interval=5m&limit=1000&symbol=BTCUSDT
2026-08-21 13:21:12,945 - ERROR - System Error in runner execution cycle: binance GET https://api.binance.com/api/v3/klines?interval=5m&limit=1000&symbol=BTCUSDT
Traceback (most recent call last):
  File "/Users/ashishparadkar/Downloads/algo-code-main/.venv/lib/python3.9/site-packages/urllib3/connection.py", line 204, in _new_conn
    sock = connection.create_connection(
  File "/Users/ashishparadkar/Downloads/algo-code-main/.venv/lib/python3.9/site-packages/urllib3/util/connection.py", line 60, in create_connection
    for res in socket.getaddrinfo(host, port, family, socket.SOCK_STREAM):
  File "/Library/Developer/CommandLineTools/Library/Frameworks/Python3.framework/Versions/3.9/lib/python3.9/socket.py", line 953, in getaddrinfo
    for res in _socket.getaddrinfo(host, port, family, type, proto, flags):
socket.gaierror: [Errno 8] nodename nor servname provided, or not known

The above exception was the direct cause of the following exception:

Traceback (most recent call last):
  File "/Users/ashishparadkar/Downloads/algo-code-main/.venv/lib/python3.9/site-packages/urllib3/connectionpool.py", line 787, in urlopen
    response = self._make_request(
  File "/Users/ashishparadkar/Downloads/algo-code-main/.venv/lib/python3.9/site-packages/urllib3/connectionpool.py", line 488, in _make_request
    raise new_e
  File "/Users/ashishparadkar/Downloads/algo-code-main/.venv/lib/python3.9/site-packages/urllib3/connectionpool.py", line 464, in _make_request
    self._validate_conn(conn)
  File "/Users/ashishparadkar/Downloads/algo-code-main/.venv/lib/python3.9/site-packages/urllib3/connectionpool.py", line 1093, in _validate_conn
    conn.connect()
  File "/Users/ashishparadkar/Downloads/algo-code-main/.venv/lib/python3.9/site-packages/urllib3/connection.py", line 759, in connect
    self.sock = sock = self._new_conn()
  File "/Users/ashishparadkar/Downloads/algo-code-main/.venv/lib/python3.9/site-packages/urllib3/connection.py", line 211, in _new_conn
    raise NameResolutionError(self.host, self, e) from e
urllib3.exceptions.NameResolutionError: HTTPSConnection(host='api.binance.com', port=443): Failed to resolve 'api.binance.com' ([Errno 8] nodename nor servname provided, or not known)

The above exception was the direct cause of the following exception:

Traceback (most recent call last):
  File "/Users/ashishparadkar/Downloads/algo-code-main/.venv/lib/python3.9/site-packages/requests/adapters.py", line 644, in send
    resp = conn.urlopen(
  File "/Users/ashishparadkar/Downloads/algo-code-main/.venv/lib/python3.9/site-packages/urllib3/connectionpool.py", line 841, in urlopen
    retries = retries.increment(
  File "/Users/ashishparadkar/Downloads/algo-code-main/.venv/lib/python3.9/site-packages/urllib3/util/retry.py", line 535, in increment
    raise MaxRetryError(_pool, url, reason) from reason  # type: ignore[arg-type]
urllib3.exceptions.MaxRetryError: HTTPSConnectionPool(host='api.binance.com', port=443): Max retries exceeded with url: /api/v3/klines?interval=5m&limit=1000&symbol=BTCUSDT (Caused by NameResolutionError("HTTPSConnection(host='api.binance.com', port=443): Failed to resolve 'api.binance.com' ([Errno 8] nodename nor servname provided, or not known)"))

During handling of the above exception, another exception occurred:

Traceback (most recent call last):
  File "/Users/ashishparadkar/Downloads/algo-code-main/.venv/lib/python3.9/site-packages/ccxt/base/exchange.py", line 665, in fetch
    response = self.session.request(
  File "/Users/ashishparadkar/Downloads/algo-code-main/.venv/lib/python3.9/site-packages/requests/sessions.py", line 589, in request
    resp = self.send(prep, **send_kwargs)
  File "/Users/ashishparadkar/Downloads/algo-code-main/.venv/lib/python3.9/site-packages/requests/sessions.py", line 703, in send
    r = adapter.send(request, **kwargs)
  File "/Users/ashishparadkar/Downloads/algo-code-main/.venv/lib/python3.9/site-packages/requests/adapters.py", line 677, in send
    raise ConnectionError(e, request=request)
requests.exceptions.ConnectionError: HTTPSConnectionPool(host='api.binance.com', port=443): Max retries exceeded with url: /api/v3/klines?interval=5m&limit=1000&symbol=BTCUSDT (Caused by NameResolutionError("HTTPSConnection(host='api.binance.com', port=443): Failed to resolve 'api.binance.com' ([Errno 8] nodename nor servname provided, or not known)"))

The above exception was the direct cause of the following exception:

Traceback (most recent call last):
  File "/Users/ashishparadkar/Downloads/algo-code-main/src/live_runner.py", line 199, in process_cycle
    df, _ = self.provider_manager.fetch_ohlcv_safe(self.symbol, self.timeframe, limit=1000)
  File "/Users/ashishparadkar/Downloads/algo-code-main/src/provider_manager.py", line 359, in fetch_ohlcv_safe
    raise retryable_err
  File "/Users/ashishparadkar/Downloads/algo-code-main/src/provider_manager.py", line 351, in fetch_ohlcv_safe
    df = adapter.fetch_ohlcv(instrument, timeframe, limit=limit)
  File "/Users/ashishparadkar/Downloads/algo-code-main/src/provider_manager.py", line 211, in fetch_ohlcv
    raise net_err
  File "/Users/ashishparadkar/Downloads/algo-code-main/src/provider_manager.py", line 183, in fetch_ohlcv
    raw_candles = self.exchange.fetch_ohlcv(
  File "/Users/ashishparadkar/Downloads/algo-code-main/.venv/lib/python3.9/site-packages/ccxt/binance.py", line 4759, in fetch_ohlcv
    response = self.publicGetKlines(self.extend(request, params))
  File "/Users/ashishparadkar/Downloads/algo-code-main/.venv/lib/python3.9/site-packages/ccxt/base/types.py", line 35, in unbound_method
    return _self.request(self.path, self.api, self.method, params, config=self.config)
  File "/Users/ashishparadkar/Downloads/algo-code-main/.venv/lib/python3.9/site-packages/ccxt/binance.py", line 11724, in request
    response = self.fetch2(path, api, method, params, headers, body, config)
  File "/Users/ashishparadkar/Downloads/algo-code-main/.venv/lib/python3.9/site-packages/ccxt/base/exchange.py", line 5566, in fetch2
    raise e
  File "/Users/ashishparadkar/Downloads/algo-code-main/.venv/lib/python3.9/site-packages/ccxt/base/exchange.py", line 5549, in fetch2
    response = self.fetch(request['url'], request['method'], request['headers'], request['body'])
  File "/Users/ashishparadkar/Downloads/algo-code-main/.venv/lib/python3.9/site-packages/ccxt/base/exchange.py", line 721, in fetch
    raise NetworkError(details) from e
ccxt.base.errors.NetworkError: binance GET https://api.binance.com/api/v3/klines?interval=5m&limit=1000&symbol=BTCUSDT
2026-08-21 13:21:13,032 - WARNING - [bot-1787212529251-730a] Marked bot as non-retryable configuration error to prevent infinite error storm.
2026-08-21 13:21:13,149 - WARNING - Telegram alert [GENERAL] failed (Connection Error: HTTPSConnectionPool(host='api.telegram.org', port=443): Max retries exceeded with url: /bot8865086302:AAHhh3VL9czoQRSnw8Hf9iyDEwGJnqQTtqc/sendMessage (Caused by NameResolutionError("HTTPSConnection(host='api.telegram.org', port=443): Failed to resolve 'api.telegram.org' ([Errno 8] nodename nor servname provided, or not known)"))). Re-queueing retry 1/3 in 1.0s
2026-08-21 13:21:13,332 - INFO - Logged heartbeat status: ERROR
2026-08-21 13:21:13,332 - INFO - Job "LiveRunner.process_cycle (trigger: interval[0:05:00], next run at: 2026-08-21 13:25:58 IST)" executed successfully
2026-08-21 13:21:14,156 - WARNING - Telegram alert [GENERAL] failed (Connection Error: HTTPSConnectionPool(host='api.telegram.org', port=443): Max retries exceeded with url: /bot8865086302:AAHhh3VL9czoQRSnw8Hf9iyDEwGJnqQTtqc/sendMessage (Caused by NameResolutionError("HTTPSConnection(host='api.telegram.org', port=443): Failed to resolve 'api.telegram.org' ([Errno 8] nodename nor servname provided, or not known)"))). Re-queueing retry 2/3 in 2.0s
2026-08-21 13:21:15,174 - WARNING - Telegram alert [GENERAL] failed (Connection Error: HTTPSConnectionPool(host='api.telegram.org', port=443): Max retries exceeded with url: /bot8865086302:AAHhh3VL9czoQRSnw8Hf9iyDEwGJnqQTtqc/sendMessage (Caused by NameResolutionError("HTTPSConnection(host='api.telegram.org', port=443): Failed to resolve 'api.telegram.org' ([Errno 8] nodename nor servname provided, or not known)"))). Re-queueing retry 3/3 in 4.0s
2026-08-21 13:21:16,182 - ERROR - Telegram alert [GENERAL] failed permanently after 3 retries: Connection Error: HTTPSConnectionPool(host='api.telegram.org', port=443): Max retries exceeded with url: /bot8865086302:AAHhh3VL9czoQRSnw8Hf9iyDEwGJnqQTtqc/sendMessage (Caused by NameResolutionError("HTTPSConnection(host='api.telegram.org', port=443): Failed to resolve 'api.telegram.org' ([Errno 8] nodename nor servname provided, or not known)"))
2026-08-21 13:25:58,480 - INFO - Running job "LiveRunner.process_cycle (trigger: interval[0:05:00], next run at: 2026-08-21 13:30:58 IST)" (scheduled at 2026-08-21 13:25:58.463650+05:30)
2026-08-21 13:25:58,482 - ERROR - [bot-1787212529251-730a] Halting runner cycle: Bot is configured with unexecutable instrument 'BTC/USDT'. Error: Fatal Non-Retryable Error: binance GET https://api.binance.com/api/v3/klines?interval=5m&limit=1000&symbol=BTCUSDT
2026-08-21 13:25:58,626 - INFO - Job "LiveRunner.process_cycle (trigger: interval[0:05:00], next run at: 2026-08-21 13:30:58 IST)" executed successfully
2026-08-21 13:30:58,507 - INFO - Running job "LiveRunner.process_cycle (trigger: interval[0:05:00], next run at: 2026-08-21 13:30:58 IST)" (scheduled at 2026-08-21 13:30:58.463650+05:30)
2026-08-21 13:30:58,524 - ERROR - [bot-1787212529251-730a] Halting runner cycle: Bot is configured with unexecutable instrument 'BTC/USDT'. Error: Fatal Non-Retryable Error: binance GET https://api.binance.com/api/v3/klines?interval=5m&limit=1000&symbol=BTCUSDT
2026-08-21 13:30:58,623 - INFO - Job "LiveRunner.process_cycle (trigger: interval[0:05:00], next run at: 2026-08-21 13:35:58 IST)" executed successfully
2026-08-21 13:35:58,520 - INFO - Running job "LiveRunner.process_cycle (trigger: interval[0:05:00], next run at: 2026-08-21 13:40:58 IST)" (scheduled at 2026-08-21 13:35:58.463650+05:30)
2026-08-21 13:35:58,530 - ERROR - [bot-1787212529251-730a] Halting runner cycle: Bot is configured with unexecutable instrument 'BTC/USDT'. Error: Fatal Non-Retryable Error: binance GET https://api.binance.com/api/v3/klines?interval=5m&limit=1000&symbol=BTCUSDT
2026-08-21 13:35:58,783 - INFO - Job "LiveRunner.process_cycle (trigger: interval[0:05:00], next run at: 2026-08-21 13:40:58 IST)" executed successfully
/Users/ashishparadkar/Downloads/algo-code-main/.venv/lib/python3.9/site-packages/urllib3/__init__.py:35: NotOpenSSLWarning: urllib3 v2 only supports OpenSSL 1.1.1+, currently the 'ssl' module is compiled with 'LibreSSL 2.8.3'. See: https://github.com/urllib3/urllib3/issues/3020
  warnings.warn(
/Users/ashishparadkar/Downloads/algo-code-main/.venv/lib/python3.9/site-packages/urllib3/__init__.py:35: NotOpenSSLWarning: urllib3 v2 only supports OpenSSL 1.1.1+, currently the 'ssl' module is compiled with 'LibreSSL 2.8.3'. See: https://github.com/urllib3/urllib3/issues/3020
  warnings.warn(
2026-08-21 15:30:53,369 - INFO - Bot state startup reconciliation finished: 0 bot(s) reconciled to STOPPED.
2026-08-21 15:30:55,007 - INFO - Telegram notification service initialized successfully (Chat ID: 5657...)
2026-08-21 15:30:55,029 - INFO - Initializing scheduled trading bot live runner for bot-1787212529251-730a...
2026-08-21 15:30:56,324 - INFO - SQLite database tables verified/created.
2026-08-21 15:30:56,999 - INFO - Initializing CCXT Binance in TESTNET mode.
2026-08-21 15:32:04,180 - INFO - [bot-1787212529251-730a] Pre-flight instrument resolved: BTC/USDT (SPOT via binance_spot)
2026-08-21 15:32:04,265 - INFO - [bot-1787212529251-730a] Starting signal check cycle for BTC/USDT (5m)...
2026-08-21 15:32:05,916 - INFO - Fetching recent candles for BTC/USDT (5m) [Bot: bot-1787212529251-730a] via ProviderManager...
/Users/ashishparadkar/Downloads/algo-code-main/.venv/lib/python3.9/site-packages/urllib3/__init__.py:35: NotOpenSSLWarning: urllib3 v2 only supports OpenSSL 1.1.1+, currently the 'ssl' module is compiled with 'LibreSSL 2.8.3'. See: https://github.com/urllib3/urllib3/issues/3020
  warnings.warn(
2026-08-21 18:14:10,939 - INFO - Bot state startup reconciliation finished: 0 bot(s) reconciled to STOPPED.
2026-08-21 18:14:13,061 - INFO - Telegram notification service initialized successfully (Chat ID: 5657...)
2026-08-21 18:14:13,487 - INFO - Initializing scheduled trading bot live runner for bot-1787212529251-730a...
2026-08-21 18:14:14,033 - INFO - SQLite database tables verified/created.
2026-08-21 18:14:14,762 - INFO - Initializing CCXT Binance in TESTNET mode.
2026-08-21 18:15:03,308 - INFO - [bot-1787212529251-730a] Pre-flight instrument resolved: BTC/USDT (SPOT via binance_spot)
2026-08-21 18:15:04,623 - INFO - [bot-1787212529251-730a] Starting signal check cycle for BTC/USDT (5m)...
2026-08-21 18:15:04,637 - INFO - Fetching recent candles for BTC/USDT (5m) [Bot: bot-1787212529251-730a] via ProviderManager...
/Users/ashishparadkar/Downloads/algo-code-main/.venv/lib/python3.9/site-packages/urllib3/__init__.py:35: NotOpenSSLWarning: urllib3 v2 only supports OpenSSL 1.1.1+, currently the 'ssl' module is compiled with 'LibreSSL 2.8.3'. See: https://github.com/urllib3/urllib3/issues/3020
  warnings.warn(
2026-08-21 20:27:44,032 - INFO - Bot state startup reconciliation finished: 0 bot(s) reconciled to STOPPED.
2026-08-21 20:27:45,191 - INFO - Telegram notification service initialized successfully (Chat ID: 5657...)
2026-08-21 20:27:45,274 - INFO - Initializing scheduled trading bot live runner for bot-1787212529251-730a...
2026-08-21 20:27:46,644 - INFO - SQLite database tables verified/created.
2026-08-21 20:27:47,253 - INFO - Initializing CCXT Binance in TESTNET mode.
2026-08-21 20:28:43,358 - INFO - [bot-1787212529251-730a] Pre-flight instrument resolved: BTC/USDT (SPOT via binance_spot)
2026-08-21 20:28:43,950 - INFO - [bot-1787212529251-730a] Starting signal check cycle for BTC/USDT (5m)...
2026-08-21 20:28:44,599 - INFO - Fetching recent candles for BTC/USDT (5m) [Bot: bot-1787212529251-730a] via ProviderManager...
/Users/ashishparadkar/Downloads/algo-code-main/.venv/lib/python3.9/site-packages/urllib3/__init__.py:35: NotOpenSSLWarning: urllib3 v2 only supports OpenSSL 1.1.1+, currently the 'ssl' module is compiled with 'LibreSSL 2.8.3'. See: https://github.com/urllib3/urllib3/issues/3020
  warnings.warn(
2026-08-21 21:33:57,008 - INFO - Bot state startup reconciliation finished: 0 bot(s) reconciled to STOPPED.
2026-08-21 21:33:59,680 - INFO - Telegram notification service initialized successfully (Chat ID: 5657...)
2026-08-21 21:34:00,175 - INFO - Initializing scheduled trading bot live runner for bot-1787212529251-730a...
2026-08-21 21:34:00,952 - INFO - SQLite database tables verified/created.
2026-08-21 21:34:03,539 - INFO - Initializing CCXT Binance in TESTNET mode.
2026-08-21 21:35:17,898 - INFO - [bot-1787212529251-730a] Pre-flight instrument resolved: BTC/USDT (SPOT via binance_spot)
2026-08-21 21:35:20,629 - INFO - [bot-1787212529251-730a] Starting signal check cycle for BTC/USDT (5m)...
2026-08-21 21:35:20,640 - INFO - Fetching recent candles for BTC/USDT (5m) [Bot: bot-1787212529251-730a] via ProviderManager...
2026-08-21 21:46:46,877 - INFO - Indicators computed | close=76926.82 ema_9=77136.45 ema_20=77235.68 ema_50=77220.38 ema_200=76067.71 macd=-54.6595 poc=64250.0 val=64025.0 vah=74350.0
2026-08-21 21:46:48,141 - INFO - [bot-1787212529251-730a] Evaluating strategy on completed candle: 2026-08-21 16:10:00+00:00 at Close price: 76858.57
2026-08-21 21:46:54,783 - INFO - Confluence Evaluation | Regime: TRENDING (ADX=31.6) | Direction: HOLD | BullScore: 0.0% | BearScore: 55.9% | Active: ['ema_9', 'ema_20', 'rsi', 'vwap', 'supertrend', 'atr']
2026-08-21 21:46:58,066 - INFO - Signal evaluated: HOLD. Reason/Details: Confluence score: 56% (HOLD)
2026-08-21 21:47:02,454 - INFO - Logged heartbeat status: OK
2026-08-21 21:47:10,690 - INFO - Adding job tentatively -- it will be properly scheduled when the scheduler starts
2026-08-21 21:47:10,723 - INFO - Bot bot-1787212529251-730a scheduled to check every 5 minutes.
2026-08-21 21:47:12,825 - INFO - Added job "LiveRunner.process_cycle" to job store "default"
2026-08-21 21:47:13,007 - INFO - Scheduler started
2026-08-21 21:52:16,233 - WARNING - Run time of job "LiveRunner.process_cycle (trigger: interval[0:05:00], next run at: 2026-08-21 21:57:09 IST)" was missed by 0:00:05.927183
2026-08-21 21:57:13,280 - WARNING - Run time of job "LiveRunner.process_cycle (trigger: interval[0:05:00], next run at: 2026-08-21 22:02:09 IST)" was missed by 0:00:03.377905
2026-08-21 22:02:10,145 - INFO - Running job "LiveRunner.process_cycle (trigger: interval[0:05:00], next run at: 2026-08-21 22:07:09 IST)" (scheduled at 2026-08-21 22:02:09.855880+05:30)
2026-08-21 22:02:14,927 - INFO - [bot-1787212529251-730a] Starting signal check cycle for BTC/USDT (5m)...
2026-08-21 22:02:16,756 - INFO - Fetching recent candles for BTC/USDT (5m) [Bot: bot-1787212529251-730a] via ProviderManager...
2026-08-21 22:03:01,710 - INFO - Indicators computed | close=77324.81 ema_9=77236.99 ema_20=77265.10 ema_50=77235.40 ema_200=76105.77 macd=-14.7421 poc=69350.0 val=64025.0 vah=74450.0
2026-08-21 22:03:01,907 - INFO - [bot-1787212529251-730a] Evaluating strategy on completed candle: 2026-08-21 16:25:00+00:00 at Close price: 77383.87
2026-08-21 22:03:03,554 - INFO - Confluence Evaluation | Regime: TRENDING (ADX=39.1) | Direction: LONG | BullScore: 88.2% | BearScore: 11.8% | Active: ['ema_9', 'ema_20', 'rsi', 'vwap', 'supertrend', 'atr']
2026-08-21 22:03:04,628 - INFO - Capping position size 0.295928 BTC to available cash equivalent 0.129226 BTC.
2026-08-21 22:03:05,461 - INFO - Created pending signal approval ID 216 for bot bot-1787212529251-730a (LONG @ $77383.87, status: WAITING_APPROVAL)
2026-08-21 22:03:06,258 - INFO - [bot-1787212529251-730a] Signal LONG generated (ID: 216). Waiting for manual user approval.
2026-08-21 22:03:07,131 - INFO - Logged heartbeat status: OK
2026-08-21 22:03:07,158 - INFO - Job "LiveRunner.process_cycle (trigger: interval[0:05:00], next run at: 2026-08-21 22:07:09 IST)" executed successfully
2026-08-21 22:07:09,893 - INFO - Running job "LiveRunner.process_cycle (trigger: interval[0:05:00], next run at: 2026-08-21 22:12:09 IST)" (scheduled at 2026-08-21 22:07:09.855880+05:30)
2026-08-21 22:07:09,942 - INFO - [bot-1787212529251-730a] Starting signal check cycle for BTC/USDT (5m)...
2026-08-21 22:07:10,070 - INFO - Fetching recent candles for BTC/USDT (5m) [Bot: bot-1787212529251-730a] via ProviderManager...
2026-08-21 22:07:11,062 - INFO - Indicators computed | close=77281.97 ema_9=77248.11 ema_20=77267.85 ema_50=77237.73 ema_200=76117.60 macd=-10.2245 poc=69350.0 val=64025.0 vah=74475.0
2026-08-21 22:07:11,080 - INFO - [bot-1787212529251-730a] Evaluating strategy on completed candle: 2026-08-21 16:30:00+00:00 at Close price: 77338.12
2026-08-21 22:07:11,189 - INFO - Confluence Evaluation | Regime: TRENDING (ADX=39.7) | Direction: HOLD | BullScore: 44.1% | BearScore: 55.9% | Active: ['ema_9', 'ema_20', 'rsi', 'vwap', 'supertrend', 'atr']
2026-08-21 22:07:11,324 - INFO - Signal evaluated: HOLD. Reason/Details: Confluence score: 56% (HOLD)
2026-08-21 22:07:11,568 - INFO - Logged heartbeat status: OK
2026-08-21 22:07:11,568 - INFO - Job "LiveRunner.process_cycle (trigger: interval[0:05:00], next run at: 2026-08-21 22:12:09 IST)" executed successfully
2026-08-21 22:12:09,926 - INFO - Running job "LiveRunner.process_cycle (trigger: interval[0:05:00], next run at: 2026-08-21 22:17:09 IST)" (scheduled at 2026-08-21 22:12:09.855880+05:30)
2026-08-21 22:12:10,029 - INFO - [bot-1787212529251-730a] Starting signal check cycle for BTC/USDT (5m)...
2026-08-21 22:12:10,091 - INFO - Fetching recent candles for BTC/USDT (5m) [Bot: bot-1787212529251-730a] via ProviderManager...
2026-08-21 22:12:11,190 - INFO - Indicators computed | close=77300.01 ema_9=77263.98 ema_20=77273.87 ema_50=77241.46 ema_200=76129.71 macd=-3.8481 poc=69350.0 val=64025.0 vah=74475.0
2026-08-21 22:12:11,192 - INFO - [bot-1787212529251-730a] Evaluating strategy on completed candle: 2026-08-21 16:35:00+00:00 at Close price: 77316.28
2026-08-21 22:12:11,285 - INFO - Confluence Evaluation | Regime: TRENDING (ADX=39.7) | Direction: HOLD | BullScore: 44.1% | BearScore: 55.9% | Active: ['ema_9', 'ema_20', 'rsi', 'vwap', 'supertrend', 'atr']
2026-08-21 22:12:11,390 - INFO - Signal evaluated: HOLD. Reason/Details: Confluence score: 56% (HOLD)
2026-08-21 22:12:11,608 - INFO - Logged heartbeat status: OK
2026-08-21 22:12:11,608 - INFO - Job "LiveRunner.process_cycle (trigger: interval[0:05:00], next run at: 2026-08-21 22:17:09 IST)" executed successfully
2026-08-21 22:17:09,871 - INFO - Running job "LiveRunner.process_cycle (trigger: interval[0:05:00], next run at: 2026-08-21 22:22:09 IST)" (scheduled at 2026-08-21 22:17:09.855880+05:30)
2026-08-21 22:17:09,886 - INFO - [bot-1787212529251-730a] Starting signal check cycle for BTC/USDT (5m)...
2026-08-21 22:17:09,939 - INFO - Fetching recent candles for BTC/USDT (5m) [Bot: bot-1787212529251-730a] via ProviderManager...
2026-08-21 22:17:10,515 - INFO - Indicators computed | close=77402.82 ema_9=77301.67 ema_20=77291.49 ema_50=77250.13 ema_200=76142.98 macd=11.0689 poc=69350.0 val=64025.0 vah=74500.0
2026-08-21 22:17:10,517 - INFO - [bot-1787212529251-730a] Evaluating strategy on completed candle: 2026-08-21 16:40:00+00:00 at Close price: 77362.04
2026-08-21 22:17:10,585 - INFO - Confluence Evaluation | Regime: TRENDING (ADX=40.2) | Direction: LONG | BullScore: 88.2% | BearScore: 11.8% | Active: ['ema_9', 'ema_20', 'rsi', 'vwap', 'supertrend', 'atr']
2026-08-21 22:17:10,708 - INFO - Capping position size 0.527565 BTC to available cash equivalent 0.129262 BTC.
2026-08-21 22:17:10,793 - INFO - [bot-1787212529251-730a] Signal LONG active pending approval already exists (ID: 216).
2026-08-21 22:17:11,020 - INFO - Logged heartbeat status: OK
2026-08-21 22:17:11,020 - INFO - Job "LiveRunner.process_cycle (trigger: interval[0:05:00], next run at: 2026-08-21 22:22:09 IST)" executed successfully
2026-08-21 22:22:09,906 - INFO - Running job "LiveRunner.process_cycle (trigger: interval[0:05:00], next run at: 2026-08-21 22:27:09 IST)" (scheduled at 2026-08-21 22:22:09.855880+05:30)
2026-08-21 22:22:09,949 - INFO - [bot-1787212529251-730a] Starting signal check cycle for BTC/USDT (5m)...
2026-08-21 22:22:10,004 - INFO - Fetching recent candles for BTC/USDT (5m) [Bot: bot-1787212529251-730a] via ProviderManager...
2026-08-21 22:22:10,626 - INFO - Indicators computed | close=77508.01 ema_9=77363.32 ema_20=77323.09 ema_50=77265.04 ema_200=76157.82 macd=34.9890 poc=69350.0 val=64025.0 vah=74525.0
2026-08-21 22:22:10,630 - INFO - [bot-1787212529251-730a] Evaluating strategy on completed candle: 2026-08-21 16:45:00+00:00 at Close price: 77530.19
2026-08-21 22:22:10,745 - INFO - LONG signal blocked | Location blocked (Close 77530.19 outside Value Area [62744.50 - 76015.50], VAL=64025.00, VAH=74525.00) | context={'close': 77530.19, 'ema_9': 77327.14786556269, 'ema_20': 77303.62543003306, 'ema_50': 77255.12450110391, 'ema_200': 76144.25262187838, 'macd_line': 21.229475276821177, 'macd_signal': 6.32280964717363, 'macd_hist': 14.906665629647547, 'poc': np.float64(69350.0), 'val': np.float64(64025.0), 'vah': np.float64(74525.0)}
2026-08-21 22:22:10,753 - INFO - Confluence Evaluation | Regime: TRENDING (ADX=39.6) | Direction: LONG | BullScore: 88.2% | BearScore: 11.8% | Active: ['ema_9', 'ema_20', 'rsi', 'vwap', 'supertrend', 'atr']
2026-08-21 22:22:10,860 - INFO - Signal evaluated: HOLD. Reason/Details: Confluence score: 88% (LONG) meets 75% threshold
2026-08-21 22:22:11,202 - INFO - Logged heartbeat status: OK
2026-08-21 22:22:11,203 - INFO - Job "LiveRunner.process_cycle (trigger: interval[0:05:00], next run at: 2026-08-21 22:27:09 IST)" executed successfully
2026-08-21 22:27:09,871 - INFO - Running job "LiveRunner.process_cycle (trigger: interval[0:05:00], next run at: 2026-08-21 22:32:09 IST)" (scheduled at 2026-08-21 22:27:09.855880+05:30)
2026-08-21 22:27:09,880 - INFO - [bot-1787212529251-730a] Starting signal check cycle for BTC/USDT (5m)...
2026-08-21 22:27:09,927 - INFO - Fetching recent candles for BTC/USDT (5m) [Bot: bot-1787212529251-730a] via ProviderManager...
2026-08-21 22:27:10,414 - INFO - Indicators computed | close=77482.00 ema_9=77380.97 ema_20=77334.95 ema_50=77272.12 ema_200=76170.62 macd=40.9547 poc=69350.0 val=64025.0 vah=74550.0
2026-08-21 22:27:10,416 - INFO - [bot-1787212529251-730a] Evaluating strategy on completed candle: 2026-08-21 16:50:00+00:00 at Close price: 77470.00
2026-08-21 22:27:10,516 - INFO - Confluence Evaluation | Regime: TRENDING (ADX=39.0) | Direction: HOLD | BullScore: 44.1% | BearScore: 55.9% | Active: ['ema_9', 'ema_20', 'rsi', 'vwap', 'supertrend', 'atr']
2026-08-21 22:27:10,623 - INFO - Signal evaluated: HOLD. Reason/Details: Confluence score: 56% (HOLD)
2026-08-21 22:27:10,907 - INFO - Logged heartbeat status: OK
2026-08-21 22:27:10,909 - INFO - Job "LiveRunner.process_cycle (trigger: interval[0:05:00], next run at: 2026-08-21 22:32:09 IST)" executed successfully
2026-08-21 22:32:09,974 - INFO - Running job "LiveRunner.process_cycle (trigger: interval[0:05:00], next run at: 2026-08-21 22:37:09 IST)" (scheduled at 2026-08-21 22:32:09.855880+05:30)
2026-08-21 22:32:10,045 - INFO - [bot-1787212529251-730a] Starting signal check cycle for BTC/USDT (5m)...
2026-08-21 22:32:10,110 - INFO - Fetching recent candles for BTC/USDT (5m) [Bot: bot-1787212529251-730a] via ProviderManager...
2026-08-21 22:32:10,861 - INFO - Indicators computed | close=77582.01 ema_9=77421.82 ema_20=77358.82 ema_50=77284.42 ema_200=76184.71 macd=55.7625 poc=69350.0 val=64025.0 vah=74550.0
2026-08-21 22:32:10,862 - INFO - [bot-1787212529251-730a] Evaluating strategy on completed candle: 2026-08-21 16:55:00+00:00 at Close price: 77486.01
2026-08-21 22:32:11,012 - INFO - Confluence Evaluation | Regime: TRENDING (ADX=37.1) | Direction: LONG | BullScore: 100.0% | BearScore: 0.0% | Active: ['ema_9', 'ema_20', 'rsi', 'vwap', 'supertrend', 'atr']
2026-08-21 22:32:11,155 - INFO - Capping position size 0.618009 BTC to available cash equivalent 0.129056 BTC.
2026-08-21 22:32:11,205 - INFO - [bot-1787212529251-730a] Signal LONG active pending approval already exists (ID: 216).
2026-08-21 22:32:11,445 - INFO - Logged heartbeat status: OK
2026-08-21 22:32:11,445 - INFO - Job "LiveRunner.process_cycle (trigger: interval[0:05:00], next run at: 2026-08-21 22:37:09 IST)" executed successfully
2026-08-21 22:37:09,981 - INFO - Running job "LiveRunner.process_cycle (trigger: interval[0:05:00], next run at: 2026-08-21 22:42:09 IST)" (scheduled at 2026-08-21 22:37:09.855880+05:30)
2026-08-21 22:37:10,011 - INFO - [bot-1787212529251-730a] Starting signal check cycle for BTC/USDT (5m)...
2026-08-21 22:37:10,134 - INFO - Fetching recent candles for BTC/USDT (5m) [Bot: bot-1787212529251-730a] via ProviderManager...
2026-08-21 22:37:11,313 - INFO - Indicators computed | close=77608.00 ema_9=77449.46 ema_20=77377.38 ema_50=77294.85 ema_200=76198.28 macd=64.8552 poc=69350.0 val=64025.0 vah=74575.0
2026-08-21 22:37:11,314 - INFO - [bot-1787212529251-730a] Evaluating strategy on completed candle: 2026-08-21 17:00:00+00:00 at Close price: 77522.00
2026-08-21 22:37:11,451 - INFO - Confluence Evaluation | Regime: TRENDING (ADX=34.7) | Direction: LONG | BullScore: 100.0% | BearScore: 0.0% | Active: ['ema_9', 'ema_20', 'rsi', 'vwap', 'supertrend', 'atr']
2026-08-21 22:37:11,777 - INFO - Capping position size 0.614874 BTC to available cash equivalent 0.128996 BTC.
2026-08-21 22:37:11,895 - INFO - Created pending signal approval ID 262 for bot bot-1787212529251-730a (LONG @ $77522.00, status: WAITING_APPROVAL)
2026-08-21 22:37:12,008 - INFO - [bot-1787212529251-730a] Signal LONG generated (ID: 262). Waiting for manual user approval.
2026-08-21 22:37:12,274 - INFO - Logged heartbeat status: OK
2026-08-21 22:37:12,275 - INFO - Job "LiveRunner.process_cycle (trigger: interval[0:05:00], next run at: 2026-08-21 22:42:09 IST)" executed successfully
2026-08-21 22:42:09,882 - INFO - Running job "LiveRunner.process_cycle (trigger: interval[0:05:00], next run at: 2026-08-21 22:47:09 IST)" (scheduled at 2026-08-21 22:42:09.855880+05:30)
2026-08-21 22:42:09,900 - INFO - [bot-1787212529251-730a] Starting signal check cycle for BTC/USDT (5m)...
2026-08-21 22:42:09,940 - INFO - Fetching recent candles for BTC/USDT (5m) [Bot: bot-1787212529251-730a] via ProviderManager...
2026-08-21 22:42:10,513 - INFO - Indicators computed | close=77613.20 ema_9=77483.70 ema_20=77400.65 ema_50=77307.69 ema_200=76212.45 macd=75.9825 poc=69350.0 val=64025.0 vah=74575.0
2026-08-21 22:42:10,517 - INFO - [bot-1787212529251-730a] Evaluating strategy on completed candle: 2026-08-21 17:05:00+00:00 at Close price: 77617.37
2026-08-21 22:42:10,559 - INFO - Confluence Evaluation | Regime: TRENDING (ADX=35.6) | Direction: LONG | BullScore: 100.0% | BearScore: 0.0% | Active: ['ema_9', 'ema_20', 'rsi', 'vwap', 'supertrend', 'atr']
2026-08-21 22:42:10,581 - INFO - Capping position size 0.530941 BTC to available cash equivalent 0.128837 BTC.
2026-08-21 22:42:10,633 - INFO - [bot-1787212529251-730a] Signal LONG active pending approval already exists (ID: 262).
2026-08-21 22:42:10,779 - INFO - Logged heartbeat status: OK
2026-08-21 22:42:10,779 - INFO - Job "LiveRunner.process_cycle (trigger: interval[0:05:00], next run at: 2026-08-21 22:47:09 IST)" executed successfully
/Users/ashishparadkar/Downloads/algo-code-main/.venv/lib/python3.9/site-packages/urllib3/__init__.py:35: NotOpenSSLWarning: urllib3 v2 only supports OpenSSL 1.1.1+, currently the 'ssl' module is compiled with 'LibreSSL 2.8.3'. See: https://github.com/urllib3/urllib3/issues/3020
  warnings.warn(
2026-08-21 22:45:52,166 - INFO - Bot state startup reconciliation finished: 0 bot(s) reconciled to STOPPED.
2026-08-21 22:45:53,303 - INFO - Telegram notification service initialized successfully (Chat ID: 5657...)
2026-08-21 22:45:53,314 - INFO - Initializing scheduled trading bot live runner for bot-1787212529251-730a...
2026-08-21 22:45:54,000 - INFO - SQLite database tables verified/created.
2026-08-21 22:45:56,004 - INFO - Initializing CCXT Binance in TESTNET mode.
