/Users/ashishparadkar/Downloads/algo-code-main/.venv/lib/python3.9/site-packages/urllib3/__init__.py:35: NotOpenSSLWarning: urllib3 v2 only supports OpenSSL 1.1.1+, currently the 'ssl' module is compiled with 'LibreSSL 2.8.3'. See: https://github.com/urllib3/urllib3/issues/3020
  warnings.warn(
/Users/ashishparadkar/Downloads/algo-code-main/.venv/lib/python3.9/site-packages/urllib3/__init__.py:35: NotOpenSSLWarning: urllib3 v2 only supports OpenSSL 1.1.1+, currently the 'ssl' module is compiled with 'LibreSSL 2.8.3'. See: https://github.com/urllib3/urllib3/issues/3020
  warnings.warn(
2026-08-20 13:26:00,777 - INFO - Bot state startup reconciliation finished: 0 bot(s) reconciled to STOPPED.
2026-08-20 13:26:01,425 - INFO - Telegram notification service initialized successfully (Chat ID: 5657...)
2026-08-20 13:26:01,436 - INFO - Initializing scheduled trading bot live runner for bot-1787212198437-798e...
2026-08-20 13:26:01,972 - INFO - SQLite database tables verified/created.
2026-08-20 13:26:02,056 - INFO - Initializing CCXT Binance in TESTNET mode.
/Users/ashishparadkar/Downloads/algo-code-main/.venv/lib/python3.9/site-packages/urllib3/__init__.py:35: NotOpenSSLWarning: urllib3 v2 only supports OpenSSL 1.1.1+, currently the 'ssl' module is compiled with 'LibreSSL 2.8.3'. See: https://github.com/urllib3/urllib3/issues/3020
  warnings.warn(
2026-08-20 22:17:19,547 - INFO - Bot state startup reconciliation finished: 0 bot(s) reconciled to STOPPED.
2026-08-20 22:17:20,315 - INFO - Telegram notification service initialized successfully (Chat ID: 5657...)
2026-08-20 22:17:20,483 - INFO - Initializing scheduled trading bot live runner for bot-1787212198437-798e...
2026-08-20 22:17:20,864 - INFO - SQLite database tables verified/created.
2026-08-20 22:17:21,354 - INFO - Initializing CCXT Binance in TESTNET mode.
2026-08-20 22:17:55,007 - INFO - [bot-1787212198437-798e] Pre-flight instrument resolved: BTC/USDT (SPOT via binance_spot)
2026-08-20 22:17:55,618 - INFO - [bot-1787212198437-798e] Starting signal check cycle for BTC/USDT (5m)...
2026-08-20 22:17:55,630 - INFO - Fetching recent candles for BTC/USDT (5m) [Bot: bot-1787212198437-798e] via ProviderManager...
2026-08-20 22:19:19,757 - INFO - Indicators computed | close=72544.00 ema_9=72452.92 ema_20=72333.70 ema_50=72094.91 ema_200=70831.13 macd=145.1742 poc=64325.0 val=63300.0 vah=69600.0
2026-08-20 22:19:19,791 - INFO - [bot-1787212198437-798e] Evaluating strategy on completed candle: 2026-08-20 16:40:00+00:00 at Close price: 72630.89
2026-08-20 22:19:20,691 - INFO - Confluence Evaluation | Regime: TRENDING (ADX=34.9) | Direction: LONG | BullScore: 100.0% | BearScore: 0.0% | Active: ['ema_9', 'ema_20', 'rsi', 'vwap', 'supertrend', 'atr']
2026-08-20 22:19:21,458 - INFO - Capping position size 0.711946 BTC to available cash equivalent 0.206524 BTC.
2026-08-20 22:19:21,791 - INFO - Created pending signal approval ID 44 for bot bot-1787212198437-798e (LONG @ $72630.89, status: WAITING_APPROVAL)
2026-08-20 22:19:22,338 - INFO - [bot-1787212198437-798e] Signal LONG generated (ID: 44). Waiting for manual user approval.
2026-08-20 22:19:22,899 - INFO - Logged heartbeat status: OK
2026-08-20 22:19:23,175 - INFO - Adding job tentatively -- it will be properly scheduled when the scheduler starts
2026-08-20 22:19:23,175 - INFO - Bot bot-1787212198437-798e scheduled to check every 5 minutes.
2026-08-20 22:19:23,181 - INFO - Added job "LiveRunner.process_cycle" to job store "default"
2026-08-20 22:19:23,181 - INFO - Scheduler started
2026-08-20 22:24:23,426 - INFO - Running job "LiveRunner.process_cycle (trigger: interval[0:05:00], next run at: 2026-08-20 22:29:23 IST)" (scheduled at 2026-08-20 22:24:23.174028+05:30)
2026-08-20 22:24:23,569 - INFO - [bot-1787212198437-798e] Starting signal check cycle for BTC/USDT (5m)...
2026-08-20 22:24:23,648 - INFO - Fetching recent candles for BTC/USDT (5m) [Bot: bot-1787212198437-798e] via ProviderManager...
2026-08-20 22:24:24,480 - INFO - Indicators computed | close=72648.00 ema_9=72495.78 ema_20=72365.70 ema_50=72117.50 ema_200=70849.45 macd=154.0306 poc=64325.0 val=63300.0 vah=69600.0
2026-08-20 22:24:24,485 - INFO - [bot-1787212198437-798e] Evaluating strategy on completed candle: 2026-08-20 16:45:00+00:00 at Close price: 72568.00
2026-08-20 22:24:24,562 - INFO - Confluence Evaluation | Regime: TRENDING (ADX=34.0) | Direction: HOLD | BullScore: 55.9% | BearScore: 44.1% | Active: ['ema_9', 'ema_20', 'rsi', 'vwap', 'supertrend', 'atr']
2026-08-20 22:24:24,658 - INFO - Signal evaluated: HOLD. Reason/Details: Confluence score: 56% (HOLD)
2026-08-20 22:24:24,838 - INFO - Logged heartbeat status: OK
2026-08-20 22:24:24,838 - INFO - Job "LiveRunner.process_cycle (trigger: interval[0:05:00], next run at: 2026-08-20 22:29:23 IST)" executed successfully
2026-08-20 22:29:23,199 - INFO - Running job "LiveRunner.process_cycle (trigger: interval[0:05:00], next run at: 2026-08-20 22:34:23 IST)" (scheduled at 2026-08-20 22:29:23.174028+05:30)
2026-08-20 22:29:23,219 - INFO - [bot-1787212198437-798e] Starting signal check cycle for BTC/USDT (5m)...
2026-08-20 22:29:23,267 - INFO - Fetching recent candles for BTC/USDT (5m) [Bot: bot-1787212198437-798e] via ProviderManager...
2026-08-20 22:29:24,002 - INFO - Indicators computed | close=72817.87 ema_9=72560.51 ema_20=72408.94 ema_50=72145.04 ema_200=70869.05 macd=171.3876 poc=64325.0 val=63300.0 vah=69625.0
2026-08-20 22:29:24,004 - INFO - [bot-1787212198437-798e] Evaluating strategy on completed candle: 2026-08-20 16:50:00+00:00 at Close price: 72649.99
2026-08-20 22:29:24,068 - INFO - Confluence Evaluation | Regime: TRENDING (ADX=33.2) | Direction: LONG | BullScore: 100.0% | BearScore: 0.0% | Active: ['ema_9', 'ema_20', 'rsi', 'vwap', 'supertrend', 'atr']
2026-08-20 22:29:24,171 - INFO - Capping position size 0.684510 BTC to available cash equivalent 0.206469 BTC.
2026-08-20 22:29:24,192 - INFO - [bot-1787212198437-798e] Signal LONG active pending approval already exists (ID: 44).
2026-08-20 22:29:24,388 - INFO - Logged heartbeat status: OK
2026-08-20 22:29:24,388 - INFO - Job "LiveRunner.process_cycle (trigger: interval[0:05:00], next run at: 2026-08-20 22:34:23 IST)" executed successfully
2026-08-20 22:34:23,230 - INFO - Running job "LiveRunner.process_cycle (trigger: interval[0:05:00], next run at: 2026-08-20 22:39:23 IST)" (scheduled at 2026-08-20 22:34:23.174028+05:30)
2026-08-20 22:34:23,264 - INFO - [bot-1787212198437-798e] Starting signal check cycle for BTC/USDT (5m)...
2026-08-20 22:34:23,316 - INFO - Fetching recent candles for BTC/USDT (5m) [Bot: bot-1787212198437-798e] via ProviderManager...
2026-08-20 22:34:23,798 - INFO - Indicators computed | close=72809.99 ema_9=72613.49 ema_20=72448.80 ema_50=72171.85 ema_200=70888.56 macd=183.4677 poc=64325.0 val=63300.0 vah=69625.0
2026-08-20 22:34:23,799 - INFO - [bot-1787212198437-798e] Evaluating strategy on completed candle: 2026-08-20 16:55:00+00:00 at Close price: 72837.15
2026-08-20 22:34:23,861 - INFO - Confluence Evaluation | Regime: TRENDING (ADX=33.1) | Direction: LONG | BullScore: 100.0% | BearScore: 0.0% | Active: ['ema_9', 'ema_20', 'rsi', 'vwap', 'supertrend', 'atr']
2026-08-20 22:34:23,963 - INFO - Capping position size 0.492247 BTC to available cash equivalent 0.205939 BTC.
2026-08-20 22:34:23,972 - INFO - [bot-1787212198437-798e] Signal LONG active pending approval already exists (ID: 44).
2026-08-20 22:34:24,184 - INFO - Logged heartbeat status: OK
2026-08-20 22:34:24,188 - INFO - Job "LiveRunner.process_cycle (trigger: interval[0:05:00], next run at: 2026-08-20 22:39:23 IST)" executed successfully
2026-08-20 22:39:23,221 - INFO - Running job "LiveRunner.process_cycle (trigger: interval[0:05:00], next run at: 2026-08-20 22:44:23 IST)" (scheduled at 2026-08-20 22:39:23.174028+05:30)
2026-08-20 22:39:23,229 - INFO - [bot-1787212198437-798e] Starting signal check cycle for BTC/USDT (5m)...
2026-08-20 22:39:23,278 - INFO - Fetching recent candles for BTC/USDT (5m) [Bot: bot-1787212198437-798e] via ProviderManager...
2026-08-20 22:39:23,672 - INFO - Indicators computed | close=72721.58 ema_9=72628.09 ema_20=72470.99 ema_50=72191.75 ema_200=70906.36 macd=179.8811 poc=64325.0 val=63300.0 vah=69625.0
2026-08-20 22:39:23,673 - INFO - [bot-1787212198437-798e] Evaluating strategy on completed candle: 2026-08-20 17:00:00+00:00 at Close price: 72766.11
2026-08-20 22:39:23,750 - INFO - Confluence Evaluation | Regime: TRENDING (ADX=31.9) | Direction: HOLD | BullScore: 55.9% | BearScore: 44.1% | Active: ['ema_9', 'ema_20', 'rsi', 'vwap', 'supertrend', 'atr']
2026-08-20 22:39:23,838 - INFO - Signal evaluated: HOLD. Reason/Details: Confluence score: 56% (HOLD)
2026-08-20 22:39:24,048 - INFO - Logged heartbeat status: OK
2026-08-20 22:39:24,049 - INFO - Job "LiveRunner.process_cycle (trigger: interval[0:05:00], next run at: 2026-08-20 22:44:23 IST)" executed successfully
2026-08-20 22:44:23,187 - INFO - Running job "LiveRunner.process_cycle (trigger: interval[0:05:00], next run at: 2026-08-20 22:49:23 IST)" (scheduled at 2026-08-20 22:44:23.174028+05:30)
2026-08-20 22:44:23,195 - INFO - [bot-1787212198437-798e] Starting signal check cycle for BTC/USDT (5m)...
2026-08-20 22:44:23,255 - INFO - Fetching recent candles for BTC/USDT (5m) [Bot: bot-1787212198437-798e] via ProviderManager...
2026-08-20 22:44:23,703 - INFO - Indicators computed | close=72692.10 ema_9=72631.68 ema_20=72487.09 ema_50=72209.20 ema_200=70923.57 macd=171.8656 poc=64325.0 val=63300.0 vah=69625.0
2026-08-20 22:44:23,704 - INFO - [bot-1787212198437-798e] Evaluating strategy on completed candle: 2026-08-20 17:05:00+00:00 at Close price: 72664.00
2026-08-20 22:44:23,808 - INFO - Confluence Evaluation | Regime: TRENDING (ADX=29.5) | Direction: HOLD | BullScore: 55.9% | BearScore: 44.1% | Active: ['ema_9', 'ema_20', 'rsi', 'vwap', 'supertrend', 'atr']
2026-08-20 22:44:23,936 - INFO - Signal evaluated: HOLD. Reason/Details: Confluence score: 56% (HOLD)
2026-08-20 22:44:24,066 - INFO - Logged heartbeat status: OK
2026-08-20 22:44:24,071 - INFO - Job "LiveRunner.process_cycle (trigger: interval[0:05:00], next run at: 2026-08-20 22:49:23 IST)" executed successfully
2026-08-20 22:49:23,188 - INFO - Running job "LiveRunner.process_cycle (trigger: interval[0:05:00], next run at: 2026-08-20 22:54:23 IST)" (scheduled at 2026-08-20 22:49:23.174028+05:30)
2026-08-20 22:49:23,201 - INFO - [bot-1787212198437-798e] Starting signal check cycle for BTC/USDT (5m)...
2026-08-20 22:49:23,251 - INFO - Fetching recent candles for BTC/USDT (5m) [Bot: bot-1787212198437-798e] via ProviderManager...
2026-08-20 22:49:23,681 - INFO - Indicators computed | close=72675.76 ema_9=72640.48 ema_20=72505.05 ema_50=72227.50 ema_200=70941.00 macd=165.9162 poc=64325.0 val=63300.0 vah=69625.0
2026-08-20 22:49:23,682 - INFO - [bot-1787212198437-798e] Evaluating strategy on completed candle: 2026-08-20 17:10:00+00:00 at Close price: 72692.00
2026-08-20 22:49:23,757 - INFO - Confluence Evaluation | Regime: TRENDING (ADX=28.2) | Direction: LONG | BullScore: 100.0% | BearScore: 0.0% | Active: ['ema_9', 'ema_20', 'rsi', 'vwap', 'supertrend', 'atr']
2026-08-20 22:49:23,865 - INFO - Capping position size 1.305369 BTC to available cash equivalent 0.206350 BTC.
2026-08-20 22:49:23,889 - INFO - Created pending signal approval ID 71 for bot bot-1787212198437-798e (LONG @ $72692.00, status: WAITING_APPROVAL)
2026-08-20 22:49:24,003 - INFO - [bot-1787212198437-798e] Signal LONG generated (ID: 71). Waiting for manual user approval.
2026-08-20 22:49:24,210 - INFO - Logged heartbeat status: OK
2026-08-20 22:49:24,210 - INFO - Job "LiveRunner.process_cycle (trigger: interval[0:05:00], next run at: 2026-08-20 22:54:23 IST)" executed successfully
2026-08-21 00:19:22,251 - WARNING - Run time of job "LiveRunner.process_cycle (trigger: interval[0:05:00], next run at: 2026-08-21 00:19:23 IST)" was missed by 0:04:59.065739
2026-08-21 00:19:23,176 - INFO - Running job "LiveRunner.process_cycle (trigger: interval[0:05:00], next run at: 2026-08-21 00:24:23 IST)" (scheduled at 2026-08-21 00:19:23.174028+05:30)
2026-08-21 00:19:23,215 - INFO - [bot-1787212198437-798e] Starting signal check cycle for BTC/USDT (5m)...
2026-08-21 00:19:23,273 - INFO - Fetching recent candles for BTC/USDT (5m) [Bot: bot-1787212198437-798e] via ProviderManager...
2026-08-21 00:19:33,334 - ERROR - Binance Spot Network Error: binance GET https://api.binance.com/api/v3/klines?interval=5m&limit=1000&symbol=BTCUSDT
--- Logging error ---
Traceback (most recent call last):
  File "/Users/ashishparadkar/Downloads/algo-code-main/.venv/lib/python3.9/site-packages/urllib3/connectionpool.py", line 534, in _make_request
    response = conn.getresponse()
  File "/Users/ashishparadkar/Downloads/algo-code-main/.venv/lib/python3.9/site-packages/urllib3/connection.py", line 571, in getresponse
    httplib_response = super().getresponse()
  File "/Library/Developer/CommandLineTools/Library/Frameworks/Python3.framework/Versions/3.9/lib/python3.9/http/client.py", line 1349, in getresponse
    response.begin()
  File "/Library/Developer/CommandLineTools/Library/Frameworks/Python3.framework/Versions/3.9/lib/python3.9/http/client.py", line 316, in begin
    version, status, reason = self._read_status()
  File "/Library/Developer/CommandLineTools/Library/Frameworks/Python3.framework/Versions/3.9/lib/python3.9/http/client.py", line 277, in _read_status
    line = str(self.fp.readline(_MAXLINE + 1), "iso-8859-1")
  File "/Library/Developer/CommandLineTools/Library/Frameworks/Python3.framework/Versions/3.9/lib/python3.9/socket.py", line 704, in readinto
    return self._sock.recv_into(b)
  File "/Library/Developer/CommandLineTools/Library/Frameworks/Python3.framework/Versions/3.9/lib/python3.9/ssl.py", line 1241, in recv_into
    return self.read(nbytes, buffer)
  File "/Library/Developer/CommandLineTools/Library/Frameworks/Python3.framework/Versions/3.9/lib/python3.9/ssl.py", line 1099, in read
    return self._sslobj.read(len, buffer)
socket.timeout: The read operation timed out

The above exception was the direct cause of the following exception:

Traceback (most recent call last):
  File "/Users/ashishparadkar/Downloads/algo-code-main/.venv/lib/python3.9/site-packages/requests/adapters.py", line 644, in send
    resp = conn.urlopen(
  File "/Users/ashishparadkar/Downloads/algo-code-main/.venv/lib/python3.9/site-packages/urllib3/connectionpool.py", line 841, in urlopen
    retries = retries.increment(
  File "/Users/ashishparadkar/Downloads/algo-code-main/.venv/lib/python3.9/site-packages/urllib3/util/retry.py", line 490, in increment
    raise reraise(type(error), error, _stacktrace)
  File "/Users/ashishparadkar/Downloads/algo-code-main/.venv/lib/python3.9/site-packages/urllib3/util/util.py", line 39, in reraise
    raise value
  File "/Users/ashishparadkar/Downloads/algo-code-main/.venv/lib/python3.9/site-packages/urllib3/connectionpool.py", line 787, in urlopen
    response = self._make_request(
  File "/Users/ashishparadkar/Downloads/algo-code-main/.venv/lib/python3.9/site-packages/urllib3/connectionpool.py", line 536, in _make_request
    self._raise_timeout(err=e, url=url, timeout_value=read_timeout)
  File "/Users/ashishparadkar/Downloads/algo-code-main/.venv/lib/python3.9/site-packages/urllib3/connectionpool.py", line 367, in _raise_timeout
    raise ReadTimeoutError(
urllib3.exceptions.ReadTimeoutError: HTTPSConnectionPool(host='api.binance.com', port=443): Read timed out. (read timeout=10.0)

During handling of the above exception, another exception occurred:

Traceback (most recent call last):
  File "/Users/ashishparadkar/Downloads/algo-code-main/.venv/lib/python3.9/site-packages/ccxt/base/exchange.py", line 665, in fetch
    response = self.session.request(
  File "/Users/ashishparadkar/Downloads/algo-code-main/.venv/lib/python3.9/site-packages/requests/sessions.py", line 589, in request
    resp = self.send(prep, **send_kwargs)
  File "/Users/ashishparadkar/Downloads/algo-code-main/.venv/lib/python3.9/site-packages/requests/sessions.py", line 703, in send
    r = adapter.send(request, **kwargs)
  File "/Users/ashishparadkar/Downloads/algo-code-main/.venv/lib/python3.9/site-packages/requests/adapters.py", line 690, in send
    raise ReadTimeout(e, request=request)
requests.exceptions.ReadTimeout: HTTPSConnectionPool(host='api.binance.com', port=443): Read timed out. (read timeout=10.0)

The above exception was the direct cause of the following exception:

Traceback (most recent call last):
  File "/Users/ashishparadkar/Downloads/algo-code-main/src/provider_manager.py", line 351, in fetch_ohlcv_safe
    df = adapter.fetch_ohlcv(instrument, timeframe, limit=limit)
  File "/Users/ashishparadkar/Downloads/algo-code-main/src/provider_manager.py", line 211, in fetch_ohlcv
    raise net_err
  File "/Users/ashishparadkar/Downloads/algo-code-main/src/provider_manager.py", line 183, in fetch_ohlcv
    raw_candles = self.exchange.fetch_ohlcv(
  File "/Users/ashishparadkar/Downloads/algo-code-main/.venv/lib/python3.9/site-packages/ccxt/binance.py", line 4759, in fetch_ohlcv
    response = self.publicGetKlines(self.extend(request, params))
  File "/Users/ashishparadkar/Downloads/algo-code-main/.venv/lib/python3.9/site-packages/ccxt/base/types.py", line 35, in unbound_method
    return _self.request(self.path, self.api, self.method, params, config=self.config)
  File "/Users/ashishparadkar/Downloads/algo-code-main/.venv/lib/python3.9/site-packages/ccxt/binance.py", line 11724, in request
    response = self.fetch2(path, api, method, params, headers, body, config)
  File "/Users/ashishparadkar/Downloads/algo-code-main/.venv/lib/python3.9/site-packages/ccxt/base/exchange.py", line 5566, in fetch2
    raise e
  File "/Users/ashishparadkar/Downloads/algo-code-main/.venv/lib/python3.9/site-packages/ccxt/base/exchange.py", line 5549, in fetch2
    response = self.fetch(request['url'], request['method'], request['headers'], request['body'])
  File "/Users/ashishparadkar/Downloads/algo-code-main/.venv/lib/python3.9/site-packages/ccxt/base/exchange.py", line 698, in fetch
    raise RequestTimeout(details) from e
ccxt.base.errors.RequestTimeout: binance GET https://api.binance.com/api/v3/klines?interval=5m&limit=1000&symbol=BTCUSDT

During handling of the above exception, another exception occurred:

Traceback (most recent call last):
  File "/Library/Developer/CommandLineTools/Library/Frameworks/Python3.framework/Versions/3.9/lib/python3.9/logging/__init__.py", line 1083, in emit
    msg = self.format(record)
  File "/Library/Developer/CommandLineTools/Library/Frameworks/Python3.framework/Versions/3.9/lib/python3.9/logging/__init__.py", line 927, in format
    return fmt.format(record)
  File "/Library/Developer/CommandLineTools/Library/Frameworks/Python3.framework/Versions/3.9/lib/python3.9/logging/__init__.py", line 663, in format
    record.message = record.getMessage()
  File "/Library/Developer/CommandLineTools/Library/Frameworks/Python3.framework/Versions/3.9/lib/python3.9/logging/__init__.py", line 367, in getMessage
    msg = msg % self.args
TypeError: must be real number, not RequestTimeout
Call stack:
  File "/Library/Developer/CommandLineTools/Library/Frameworks/Python3.framework/Versions/3.9/lib/python3.9/threading.py", line 930, in _bootstrap
    self._bootstrap_inner()
  File "/Library/Developer/CommandLineTools/Library/Frameworks/Python3.framework/Versions/3.9/lib/python3.9/threading.py", line 973, in _bootstrap_inner
    self.run()
  File "/Library/Developer/CommandLineTools/Library/Frameworks/Python3.framework/Versions/3.9/lib/python3.9/threading.py", line 910, in run
    self._target(*self._args, **self._kwargs)
  File "/Library/Developer/CommandLineTools/Library/Frameworks/Python3.framework/Versions/3.9/lib/python3.9/concurrent/futures/thread.py", line 77, in _worker
    work_item.run()
  File "/Library/Developer/CommandLineTools/Library/Frameworks/Python3.framework/Versions/3.9/lib/python3.9/concurrent/futures/thread.py", line 52, in run
    result = self.fn(*self.args, **self.kwargs)
  File "/Users/ashishparadkar/Downloads/algo-code-main/.venv/lib/python3.9/site-packages/apscheduler/executors/base.py", line 131, in run_job
    retval = job.func(*job.args, **job.kwargs)
  File "/Users/ashishparadkar/Downloads/algo-code-main/src/live_runner.py", line 199, in process_cycle
    df, _ = self.provider_manager.fetch_ohlcv_safe(self.symbol, self.timeframe, limit=1000)
  File "/Users/ashishparadkar/Downloads/algo-code-main/src/provider_manager.py", line 362, in fetch_ohlcv_safe
    logger.warning(
Message: 'Retryable network failure for %s (Attempt %d/%d). Backing off %.2fs: %s'
Arguments: ('BTC/USDT', 1, 3, RequestTimeout('binance GET https://api.binance.com/api/v3/klines?interval=5m&limit=1000&symbol=BTCUSDT'))
2026-08-21 00:19:36,202 - INFO - Indicators computed | close=72532.00 ema_9=72573.47 ema_20=72601.97 ema_50=72445.22 ema_200=71225.38 macd=8.4881 poc=64325.0 val=63300.0 vah=69700.0
2026-08-21 00:19:36,203 - INFO - [bot-1787212198437-798e] Evaluating strategy on completed candle: 2026-08-20 18:40:00+00:00 at Close price: 72501.42
2026-08-21 00:19:36,278 - INFO - Confluence Evaluation | Regime: TRENDING (ADX=27.9) | Direction: HOLD | BullScore: 44.1% | BearScore: 11.8% | Active: ['ema_9', 'ema_20', 'rsi', 'vwap', 'supertrend', 'atr']
2026-08-21 00:19:36,377 - INFO - Signal evaluated: HOLD. Reason/Details: Confluence score: 44% (HOLD)
2026-08-21 00:19:36,560 - INFO - Logged heartbeat status: OK
2026-08-21 00:19:36,560 - INFO - Job "LiveRunner.process_cycle (trigger: interval[0:05:00], next run at: 2026-08-21 00:24:23 IST)" executed successfully
2026-08-21 00:24:23,196 - INFO - Running job "LiveRunner.process_cycle (trigger: interval[0:05:00], next run at: 2026-08-21 00:29:23 IST)" (scheduled at 2026-08-21 00:24:23.174028+05:30)
2026-08-21 00:24:23,216 - INFO - [bot-1787212198437-798e] Starting signal check cycle for BTC/USDT (5m)...
2026-08-21 00:24:23,266 - INFO - Fetching recent candles for BTC/USDT (5m) [Bot: bot-1787212198437-798e] via ProviderManager...
2026-08-21 00:24:23,971 - INFO - Indicators computed | close=72474.52 ema_9=72554.00 ema_20=72590.01 ema_50=72446.44 ema_200=71237.83 macd=-1.4154 poc=64325.0 val=63300.0 vah=69700.0
2026-08-21 00:24:23,973 - INFO - [bot-1787212198437-798e] Evaluating strategy on completed candle: 2026-08-20 18:45:00+00:00 at Close price: 72534.00
2026-08-21 00:24:24,081 - INFO - Confluence Evaluation | Regime: TRENDING (ADX=27.7) | Direction: HOLD | BullScore: 44.1% | BearScore: 11.8% | Active: ['ema_9', 'ema_20', 'rsi', 'vwap', 'supertrend', 'atr']
2026-08-21 00:24:24,214 - INFO - Signal evaluated: HOLD. Reason/Details: Confluence score: 44% (HOLD)
2026-08-21 00:24:24,368 - INFO - Logged heartbeat status: OK
2026-08-21 00:24:24,368 - INFO - Job "LiveRunner.process_cycle (trigger: interval[0:05:00], next run at: 2026-08-21 00:29:23 IST)" executed successfully
/Users/ashishparadkar/Downloads/algo-code-main/.venv/lib/python3.9/site-packages/urllib3/__init__.py:35: NotOpenSSLWarning: urllib3 v2 only supports OpenSSL 1.1.1+, currently the 'ssl' module is compiled with 'LibreSSL 2.8.3'. See: https://github.com/urllib3/urllib3/issues/3020
  warnings.warn(
2026-08-21 06:20:55,056 - INFO - Bot state startup reconciliation finished: 0 bot(s) reconciled to STOPPED.
2026-08-21 06:20:56,085 - INFO - Telegram notification service initialized successfully (Chat ID: 5657...)
2026-08-21 06:20:56,111 - INFO - Initializing scheduled trading bot live runner for bot-1787212198437-798e...
2026-08-21 06:20:57,090 - INFO - SQLite database tables verified/created.
2026-08-21 06:20:57,596 - INFO - Initializing CCXT Binance in TESTNET mode.
2026-08-21 06:21:21,828 - INFO - [bot-1787212198437-798e] Pre-flight instrument resolved: BTC/USDT (SPOT via binance_spot)
2026-08-21 06:21:21,900 - INFO - [bot-1787212198437-798e] Starting signal check cycle for BTC/USDT (5m)...
2026-08-21 06:21:21,910 - INFO - Fetching recent candles for BTC/USDT (5m) [Bot: bot-1787212198437-798e] via ProviderManager...
2026-08-21 06:22:33,078 - INFO - Indicators computed | close=73808.00 ema_9=73645.37 ema_20=73424.18 ema_50=73102.60 ema_200=72114.38 macd=244.1038 poc=64325.0 val=63575.0 vah=71300.0
2026-08-21 06:22:33,094 - INFO - [bot-1787212198437-798e] Evaluating strategy on completed candle: 2026-08-21 00:45:00+00:00 at Close price: 73761.56
2026-08-21 06:22:33,762 - INFO - Confluence Evaluation | Regime: TRENDING (ADX=53.5) | Direction: LONG | BullScore: 100.0% | BearScore: 0.0% | Active: ['ema_9', 'ema_20', 'rsi', 'vwap', 'supertrend', 'atr']
2026-08-21 06:22:33,790 - INFO - Capping position size 0.986064 BTC to available cash equivalent 0.203358 BTC.
2026-08-21 06:22:34,329 - INFO - Created pending signal approval ID 92 for bot bot-1787212198437-798e (LONG @ $73761.56, status: WAITING_APPROVAL)
2026-08-21 06:22:34,425 - INFO - [bot-1787212198437-798e] Signal LONG generated (ID: 92). Waiting for manual user approval.
2026-08-21 06:22:35,441 - INFO - Logged heartbeat status: OK
2026-08-21 06:22:35,477 - INFO - Adding job tentatively -- it will be properly scheduled when the scheduler starts
2026-08-21 06:22:35,477 - INFO - Bot bot-1787212198437-798e scheduled to check every 5 minutes.
2026-08-21 06:22:35,484 - INFO - Added job "LiveRunner.process_cycle" to job store "default"
2026-08-21 06:22:35,484 - INFO - Scheduler started
2026-08-21 06:27:35,616 - INFO - Running job "LiveRunner.process_cycle (trigger: interval[0:05:00], next run at: 2026-08-21 06:32:35 IST)" (scheduled at 2026-08-21 06:27:35.475513+05:30)
2026-08-21 06:27:35,682 - INFO - [bot-1787212198437-798e] Starting signal check cycle for BTC/USDT (5m)...
2026-08-21 06:27:35,746 - INFO - Fetching recent candles for BTC/USDT (5m) [Bot: bot-1787212198437-798e] via ProviderManager...
2026-08-21 06:27:36,497 - INFO - Indicators computed | close=73653.50 ema_9=73624.27 ema_20=73433.79 ema_50=73118.85 ema_200=72128.29 macd=223.2671 poc=64325.0 val=63575.0 vah=71300.0
2026-08-21 06:27:36,498 - INFO - [bot-1787212198437-798e] Evaluating strategy on completed candle: 2026-08-21 00:50:00+00:00 at Close price: 73666.00
2026-08-21 06:27:36,552 - INFO - Confluence Evaluation | Regime: TRENDING (ADX=53.5) | Direction: HOLD | BullScore: 55.9% | BearScore: 44.1% | Active: ['ema_9', 'ema_20', 'rsi', 'vwap', 'supertrend', 'atr']
2026-08-21 06:27:36,637 - INFO - Signal evaluated: HOLD. Reason/Details: Confluence score: 56% (HOLD)
2026-08-21 06:27:36,829 - INFO - Logged heartbeat status: OK
2026-08-21 06:27:36,829 - INFO - Job "LiveRunner.process_cycle (trigger: interval[0:05:00], next run at: 2026-08-21 06:32:35 IST)" executed successfully
2026-08-21 06:32:35,549 - INFO - Running job "LiveRunner.process_cycle (trigger: interval[0:05:00], next run at: 2026-08-21 06:37:35 IST)" (scheduled at 2026-08-21 06:32:35.475513+05:30)
2026-08-21 06:32:35,576 - INFO - [bot-1787212198437-798e] Starting signal check cycle for BTC/USDT (5m)...
2026-08-21 06:32:35,640 - INFO - Fetching recent candles for BTC/USDT (5m) [Bot: bot-1787212198437-798e] via ProviderManager...
2026-08-21 06:32:36,289 - INFO - Indicators computed | close=73810.66 ema_9=73670.27 ema_20=73474.38 ema_50=73148.04 ema_200=72145.57 macd=229.1674 poc=64325.0 val=63575.0 vah=71300.0
2026-08-21 06:32:36,290 - INFO - [bot-1787212198437-798e] Evaluating strategy on completed candle: 2026-08-21 00:55:00+00:00 at Close price: 73708.02
2026-08-21 06:32:36,356 - INFO - Confluence Evaluation | Regime: TRENDING (ADX=53.7) | Direction: LONG | BullScore: 100.0% | BearScore: 0.0% | Active: ['ema_9', 'ema_20', 'rsi', 'vwap', 'supertrend', 'atr']
2026-08-21 06:32:36,441 - INFO - Capping position size 1.196649 BTC to available cash equivalent 0.203506 BTC.
2026-08-21 06:32:36,451 - INFO - [bot-1787212198437-798e] Signal LONG active pending approval already exists (ID: 92).
2026-08-21 06:32:36,650 - INFO - Logged heartbeat status: OK
2026-08-21 06:32:36,650 - INFO - Job "LiveRunner.process_cycle (trigger: interval[0:05:00], next run at: 2026-08-21 06:37:35 IST)" executed successfully
2026-08-21 06:37:35,494 - INFO - Running job "LiveRunner.process_cycle (trigger: interval[0:05:00], next run at: 2026-08-21 06:42:35 IST)" (scheduled at 2026-08-21 06:37:35.475513+05:30)
2026-08-21 06:37:35,506 - INFO - [bot-1787212198437-798e] Starting signal check cycle for BTC/USDT (5m)...
2026-08-21 06:37:35,550 - INFO - Fetching recent candles for BTC/USDT (5m) [Bot: bot-1787212198437-798e] via ProviderManager...
2026-08-21 06:37:36,322 - INFO - Indicators computed | close=73858.01 ema_9=73712.52 ema_20=73513.44 ema_50=73176.99 ema_200=72162.90 macd=233.3561 poc=64325.0 val=63575.0 vah=71325.0
2026-08-21 06:37:36,324 - INFO - [bot-1787212198437-798e] Evaluating strategy on completed candle: 2026-08-21 01:00:00+00:00 at Close price: 73840.01
2026-08-21 06:37:36,387 - INFO - Confluence Evaluation | Regime: TRENDING (ADX=55.5) | Direction: LONG | BullScore: 100.0% | BearScore: 0.0% | Active: ['ema_9', 'ema_20', 'rsi', 'vwap', 'supertrend', 'atr']
2026-08-21 06:37:36,478 - INFO - Capping position size 0.783924 BTC to available cash equivalent 0.203142 BTC.
2026-08-21 06:37:36,483 - INFO - [bot-1787212198437-798e] Signal LONG active pending approval already exists (ID: 92).
2026-08-21 06:37:36,671 - INFO - Logged heartbeat status: OK
2026-08-21 06:37:36,675 - INFO - Job "LiveRunner.process_cycle (trigger: interval[0:05:00], next run at: 2026-08-21 06:42:35 IST)" executed successfully
2026-08-21 06:42:35,509 - INFO - Running job "LiveRunner.process_cycle (trigger: interval[0:05:00], next run at: 2026-08-21 06:47:35 IST)" (scheduled at 2026-08-21 06:42:35.475513+05:30)
2026-08-21 06:42:35,533 - INFO - [bot-1787212198437-798e] Starting signal check cycle for BTC/USDT (5m)...
2026-08-21 06:42:35,585 - INFO - Fetching recent candles for BTC/USDT (5m) [Bot: bot-1787212198437-798e] via ProviderManager...
2026-08-21 06:42:36,728 - INFO - Indicators computed | close=73930.01 ema_9=73767.51 ema_20=73559.31 ema_50=73209.22 ema_200=72181.19 macd=242.3135 poc=64325.0 val=63575.0 vah=71325.0
2026-08-21 06:42:36,731 - INFO - [bot-1787212198437-798e] Evaluating strategy on completed candle: 2026-08-21 01:05:00+00:00 at Close price: 73929.87
2026-08-21 06:42:36,802 - INFO - Confluence Evaluation | Regime: TRENDING (ADX=57.3) | Direction: LONG | BullScore: 100.0% | BearScore: 0.0% | Active: ['ema_9', 'ema_20', 'rsi', 'vwap', 'supertrend', 'atr']
2026-08-21 06:42:36,903 - INFO - Capping position size 0.722509 BTC to available cash equivalent 0.202895 BTC.
2026-08-21 06:42:36,915 - INFO - [bot-1787212198437-798e] Signal LONG active pending approval already exists (ID: 92).
2026-08-21 06:42:37,072 - INFO - Logged heartbeat status: OK
2026-08-21 06:42:37,074 - INFO - Job "LiveRunner.process_cycle (trigger: interval[0:05:00], next run at: 2026-08-21 06:47:35 IST)" executed successfully
2026-08-21 06:47:35,529 - INFO - Running job "LiveRunner.process_cycle (trigger: interval[0:05:00], next run at: 2026-08-21 06:52:35 IST)" (scheduled at 2026-08-21 06:47:35.475513+05:30)
2026-08-21 06:47:35,572 - INFO - [bot-1787212198437-798e] Starting signal check cycle for BTC/USDT (5m)...
2026-08-21 06:47:35,622 - INFO - Fetching recent candles for BTC/USDT (5m) [Bot: bot-1787212198437-798e] via ProviderManager...
2026-08-21 06:47:36,180 - INFO - Indicators computed | close=74124.58 ema_9=73848.61 ema_20=73618.36 ema_50=73247.40 ema_200=72201.12 macd=261.3257 poc=64325.0 val=63575.0 vah=71350.0
2026-08-21 06:47:36,181 - INFO - [bot-1787212198437-798e] Evaluating strategy on completed candle: 2026-08-21 01:10:00+00:00 at Close price: 73990.50
2026-08-21 06:47:36,264 - INFO - Confluence Evaluation | Regime: TRENDING (ADX=59.3) | Direction: LONG | BullScore: 100.0% | BearScore: 0.0% | Active: ['ema_9', 'ema_20', 'rsi', 'vwap', 'supertrend', 'atr']
2026-08-21 06:47:36,348 - INFO - Capping position size 0.630451 BTC to available cash equivalent 0.202729 BTC.
2026-08-21 06:47:36,389 - INFO - [bot-1787212198437-798e] Signal LONG active pending approval already exists (ID: 92).
2026-08-21 06:47:36,608 - INFO - Logged heartbeat status: OK
2026-08-21 06:47:36,609 - INFO - Job "LiveRunner.process_cycle (trigger: interval[0:05:00], next run at: 2026-08-21 06:52:35 IST)" executed successfully
2026-08-21 06:52:35,486 - INFO - Running job "LiveRunner.process_cycle (trigger: interval[0:05:00], next run at: 2026-08-21 06:57:35 IST)" (scheduled at 2026-08-21 06:52:35.475513+05:30)
2026-08-21 06:52:35,496 - INFO - [bot-1787212198437-798e] Starting signal check cycle for BTC/USDT (5m)...
2026-08-21 06:52:35,546 - INFO - Fetching recent candles for BTC/USDT (5m) [Bot: bot-1787212198437-798e] via ProviderManager...
2026-08-21 06:52:35,914 - INFO - Indicators computed | close=74409.54 ema_9=74046.45 ema_20=73739.84 ema_50=73313.14 ema_200=72228.37 macd=325.1663 poc=64325.0 val=63575.0 vah=71425.0
2026-08-21 06:52:35,915 - INFO - [bot-1787212198437-798e] Evaluating strategy on completed candle: 2026-08-21 01:15:00+00:00 at Close price: 74659.92
2026-08-21 06:52:35,984 - INFO - Confluence Evaluation | Regime: TRENDING (ADX=60.9) | Direction: LONG | BullScore: 100.0% | BearScore: 0.0% | Active: ['ema_9', 'ema_20', 'rsi', 'vwap', 'supertrend', 'atr']
2026-08-21 06:52:36,079 - INFO - Capping position size 0.261947 BTC to available cash equivalent 0.200911 BTC.
2026-08-21 06:52:36,199 - INFO - Created pending signal approval ID 122 for bot bot-1787212198437-798e (LONG @ $74659.92, status: WAITING_APPROVAL)
2026-08-21 06:52:36,296 - INFO - [bot-1787212198437-798e] Signal LONG generated (ID: 122). Waiting for manual user approval.
2026-08-21 06:52:36,516 - INFO - Logged heartbeat status: OK
2026-08-21 06:52:36,516 - INFO - Job "LiveRunner.process_cycle (trigger: interval[0:05:00], next run at: 2026-08-21 06:57:35 IST)" executed successfully
2026-08-21 06:57:35,496 - INFO - Running job "LiveRunner.process_cycle (trigger: interval[0:05:00], next run at: 2026-08-21 07:02:35 IST)" (scheduled at 2026-08-21 06:57:35.475513+05:30)
2026-08-21 06:57:35,510 - INFO - [bot-1787212198437-798e] Starting signal check cycle for BTC/USDT (5m)...
2026-08-21 06:57:35,528 - INFO - Fetching recent candles for BTC/USDT (5m) [Bot: bot-1787212198437-798e] via ProviderManager...
2026-08-21 06:57:35,981 - INFO - Indicators computed | close=74701.43 ema_9=74192.17 ema_20=73839.35 ema_50=73371.05 ema_200=72253.89 macd=366.9739 poc=64325.0 val=63575.0 vah=71450.0
2026-08-21 06:57:35,983 - INFO - [bot-1787212198437-798e] Evaluating strategy on completed candle: 2026-08-21 01:20:00+00:00 at Close price: 74501.59
2026-08-21 06:57:36,056 - INFO - Confluence Evaluation | Regime: TRENDING (ADX=62.1) | Direction: HOLD | BullScore: 55.9% | BearScore: 44.1% | Active: ['ema_9', 'ema_20', 'rsi', 'vwap', 'supertrend', 'atr']
2026-08-21 06:57:36,145 - INFO - Signal evaluated: HOLD. Reason/Details: Confluence score: 56% (HOLD)
2026-08-21 06:57:36,366 - INFO - Logged heartbeat status: OK
2026-08-21 06:57:36,366 - INFO - Job "LiveRunner.process_cycle (trigger: interval[0:05:00], next run at: 2026-08-21 07:02:35 IST)" executed successfully
2026-08-21 07:02:35,499 - INFO - Running job "LiveRunner.process_cycle (trigger: interval[0:05:00], next run at: 2026-08-21 07:07:35 IST)" (scheduled at 2026-08-21 07:02:35.475513+05:30)
2026-08-21 07:02:35,597 - INFO - [bot-1787212198437-798e] Starting signal check cycle for BTC/USDT (5m)...
2026-08-21 07:02:35,614 - INFO - Fetching recent candles for BTC/USDT (5m) [Bot: bot-1787212198437-798e] via ProviderManager...
2026-08-21 07:02:36,018 - INFO - Indicators computed | close=74885.82 ema_9=74334.96 ema_20=73941.20 ema_50=73431.41 ema_200=72280.33 macd=406.0638 poc=64325.0 val=63575.0 vah=71475.0
2026-08-21 07:02:36,019 - INFO - [bot-1787212198437-798e] Evaluating strategy on completed candle: 2026-08-21 01:25:00+00:00 at Close price: 74726.77
2026-08-21 07:02:36,083 - INFO - Confluence Evaluation | Regime: TRENDING (ADX=62.4) | Direction: LONG | BullScore: 100.0% | BearScore: 0.0% | Active: ['ema_9', 'ema_20', 'rsi', 'vwap', 'supertrend', 'atr']
2026-08-21 07:02:36,177 - INFO - Capping position size 0.302243 BTC to available cash equivalent 0.200731 BTC.
2026-08-21 07:02:36,201 - INFO - [bot-1787212198437-798e] Signal LONG active pending approval already exists (ID: 122).
2026-08-21 07:02:36,409 - INFO - Logged heartbeat status: OK
2026-08-21 07:02:36,410 - INFO - Job "LiveRunner.process_cycle (trigger: interval[0:05:00], next run at: 2026-08-21 07:07:35 IST)" executed successfully
/Users/ashishparadkar/Downloads/algo-code-main/.venv/lib/python3.9/site-packages/urllib3/__init__.py:35: NotOpenSSLWarning: urllib3 v2 only supports OpenSSL 1.1.1+, currently the 'ssl' module is compiled with 'LibreSSL 2.8.3'. See: https://github.com/urllib3/urllib3/issues/3020
  warnings.warn(
2026-08-21 12:13:30,038 - INFO - Bot state startup reconciliation finished: 0 bot(s) reconciled to STOPPED.
2026-08-21 12:13:30,851 - INFO - Telegram notification service initialized successfully (Chat ID: 5657...)
2026-08-21 12:13:31,054 - INFO - Initializing scheduled trading bot live runner for bot-1787212198437-798e...
2026-08-21 12:13:31,567 - INFO - SQLite database tables verified/created.
2026-08-21 12:13:32,729 - INFO - Initializing CCXT Binance in TESTNET mode.
2026-08-21 12:13:58,529 - INFO - [bot-1787212198437-798e] Pre-flight instrument resolved: BTC/USDT (SPOT via binance_spot)
2026-08-21 12:13:58,561 - INFO - [bot-1787212198437-798e] Starting signal check cycle for BTC/USDT (5m)...
2026-08-21 12:13:58,573 - INFO - Fetching recent candles for BTC/USDT (5m) [Bot: bot-1787212198437-798e] via ProviderManager...
2026-08-21 12:15:12,319 - INFO - Indicators computed | close=75374.01 ema_9=75423.62 ema_20=75327.71 ema_50=75013.08 ema_200=73558.09 macd=132.7892 poc=64275.0 val=64025.0 vah=71850.0
2026-08-21 12:15:12,334 - INFO - [bot-1787212198437-798e] Evaluating strategy on completed candle: 2026-08-21 06:40:00+00:00 at Close price: 75394.97
2026-08-21 12:15:12,852 - INFO - Confluence Evaluation | Regime: TRENDING (ADX=26.8) | Direction: HOLD | BullScore: 55.9% | BearScore: 44.1% | Active: ['ema_9', 'ema_20', 'rsi', 'vwap', 'supertrend', 'atr']
2026-08-21 12:15:12,882 - INFO - Signal evaluated: HOLD. Reason/Details: Confluence score: 56% (HOLD)
2026-08-21 12:15:13,640 - INFO - Logged heartbeat status: OK
2026-08-21 12:15:14,084 - INFO - Adding job tentatively -- it will be properly scheduled when the scheduler starts
2026-08-21 12:15:14,085 - INFO - Bot bot-1787212198437-798e scheduled to check every 5 minutes.
2026-08-21 12:15:14,091 - INFO - Added job "LiveRunner.process_cycle" to job store "default"
2026-08-21 12:15:14,095 - INFO - Scheduler started
2026-08-21 12:20:14,378 - INFO - Running job "LiveRunner.process_cycle (trigger: interval[0:05:00], next run at: 2026-08-21 12:25:14 IST)" (scheduled at 2026-08-21 12:20:14.083976+05:30)
2026-08-21 12:20:14,514 - INFO - [bot-1787212198437-798e] Starting signal check cycle for BTC/USDT (5m)...
2026-08-21 12:20:14,584 - INFO - Fetching recent candles for BTC/USDT (5m) [Bot: bot-1787212198437-798e] via ProviderManager...
2026-08-21 12:20:16,068 - INFO - Indicators computed | close=75533.99 ema_9=75468.46 ema_20=75359.62 ema_50=75038.87 ema_200=73579.15 macd=142.3256 poc=64275.0 val=64025.0 vah=71850.0
2026-08-21 12:20:16,075 - INFO - [bot-1787212198437-798e] Evaluating strategy on completed candle: 2026-08-21 06:45:00+00:00 at Close price: 75516.28
2026-08-21 12:20:16,169 - INFO - Confluence Evaluation | Regime: TRENDING (ADX=25.9) | Direction: LONG | BullScore: 100.0% | BearScore: 0.0% | Active: ['ema_9', 'ema_20', 'rsi', 'vwap', 'supertrend', 'atr']
2026-08-21 12:20:16,303 - INFO - Capping position size 0.762854 BTC to available cash equivalent 0.198633 BTC.
2026-08-21 12:20:16,468 - INFO - Created pending signal approval ID 153 for bot bot-1787212198437-798e (LONG @ $75516.28, status: WAITING_APPROVAL)
2026-08-21 12:20:16,552 - INFO - [bot-1787212198437-798e] Signal LONG generated (ID: 153). Waiting for manual user approval.
2026-08-21 12:20:16,797 - INFO - Logged heartbeat status: OK
2026-08-21 12:20:16,798 - INFO - Job "LiveRunner.process_cycle (trigger: interval[0:05:00], next run at: 2026-08-21 12:25:14 IST)" executed successfully
2026-08-21 12:25:14,098 - INFO - Running job "LiveRunner.process_cycle (trigger: interval[0:05:00], next run at: 2026-08-21 12:30:14 IST)" (scheduled at 2026-08-21 12:25:14.083976+05:30)
2026-08-21 12:25:14,117 - INFO - [bot-1787212198437-798e] Starting signal check cycle for BTC/USDT (5m)...
2026-08-21 12:25:14,159 - INFO - Fetching recent candles for BTC/USDT (5m) [Bot: bot-1787212198437-798e] via ProviderManager...
2026-08-21 12:25:15,091 - INFO - Indicators computed | close=75599.99 ema_9=75496.37 ema_20=75383.37 ema_50=75061.25 ema_200=73599.35 macd=145.1649 poc=64275.0 val=64025.0 vah=71875.0
2026-08-21 12:25:15,098 - INFO - [bot-1787212198437-798e] Evaluating strategy on completed candle: 2026-08-21 06:50:00+00:00 at Close price: 75544.00
2026-08-21 12:25:15,145 - INFO - Confluence Evaluation | Regime: TRENDING (ADX=25.1) | Direction: LONG | BullScore: 100.0% | BearScore: 0.0% | Active: ['ema_9', 'ema_20', 'rsi', 'vwap', 'supertrend', 'atr']
2026-08-21 12:25:15,222 - INFO - Capping position size 0.939555 BTC to available cash equivalent 0.198560 BTC.
2026-08-21 12:25:15,282 - INFO - [bot-1787212198437-798e] Signal LONG active pending approval already exists (ID: 153).
2026-08-21 12:25:15,463 - INFO - Logged heartbeat status: OK
2026-08-21 12:25:15,466 - INFO - Job "LiveRunner.process_cycle (trigger: interval[0:05:00], next run at: 2026-08-21 12:30:14 IST)" executed successfully
2026-08-21 12:30:14,095 - INFO - Running job "LiveRunner.process_cycle (trigger: interval[0:05:00], next run at: 2026-08-21 12:35:14 IST)" (scheduled at 2026-08-21 12:30:14.083976+05:30)
2026-08-21 12:30:14,104 - INFO - [bot-1787212198437-798e] Starting signal check cycle for BTC/USDT (5m)...
2026-08-21 12:30:14,150 - INFO - Fetching recent candles for BTC/USDT (5m) [Bot: bot-1787212198437-798e] via ProviderManager...
2026-08-21 12:30:14,940 - INFO - Indicators computed | close=75624.37 ema_9=75529.36 ema_20=75410.31 ema_50=75085.07 ema_200=73619.96 macd=149.9010 poc=64275.0 val=64025.0 vah=71875.0
2026-08-21 12:30:14,951 - INFO - [bot-1787212198437-798e] Evaluating strategy on completed candle: 2026-08-21 06:55:00+00:00 at Close price: 75646.21
2026-08-21 12:30:15,042 - INFO - Confluence Evaluation | Regime: RANGING (ADX=24.8) | Direction: LONG | BullScore: 100.0% | BearScore: 0.0% | Active: ['ema_9', 'ema_20', 'rsi', 'vwap', 'supertrend', 'atr']
2026-08-21 12:30:15,127 - INFO - Capping position size 0.711727 BTC to available cash equivalent 0.198291 BTC.
2026-08-21 12:30:15,190 - INFO - [bot-1787212198437-798e] Signal LONG active pending approval already exists (ID: 153).
2026-08-21 12:30:15,395 - INFO - Logged heartbeat status: OK
2026-08-21 12:30:15,396 - INFO - Job "LiveRunner.process_cycle (trigger: interval[0:05:00], next run at: 2026-08-21 12:35:14 IST)" executed successfully
2026-08-21 12:35:14,120 - INFO - Running job "LiveRunner.process_cycle (trigger: interval[0:05:00], next run at: 2026-08-21 12:40:14 IST)" (scheduled at 2026-08-21 12:35:14.083976+05:30)
2026-08-21 12:35:14,128 - INFO - [bot-1787212198437-798e] Starting signal check cycle for BTC/USDT (5m)...
2026-08-21 12:35:14,177 - INFO - Fetching recent candles for BTC/USDT (5m) [Bot: bot-1787212198437-798e] via ProviderManager...
2026-08-21 12:35:14,606 - INFO - Indicators computed | close=75717.49 ema_9=75584.47 ema_20=75448.98 ema_50=75113.99 ema_200=73641.91 macd=163.1712 poc=64275.0 val=64025.0 vah=71875.0
2026-08-21 12:35:14,609 - INFO - [bot-1787212198437-798e] Evaluating strategy on completed candle: 2026-08-21 07:00:00+00:00 at Close price: 75733.61
2026-08-21 12:35:14,630 - INFO - Confluence Evaluation | Regime: RANGING (ADX=23.7) | Direction: LONG | BullScore: 100.0% | BearScore: 0.0% | Active: ['ema_9', 'ema_20', 'rsi', 'vwap', 'supertrend', 'atr']
2026-08-21 12:35:14,717 - INFO - Capping position size 0.589495 BTC to available cash equivalent 0.198063 BTC.
2026-08-21 12:35:14,725 - INFO - [bot-1787212198437-798e] Signal LONG active pending approval already exists (ID: 153).
2026-08-21 12:35:14,927 - INFO - Logged heartbeat status: OK
2026-08-21 12:35:14,928 - INFO - Job "LiveRunner.process_cycle (trigger: interval[0:05:00], next run at: 2026-08-21 12:40:14 IST)" executed successfully
2026-08-21 12:40:14,095 - INFO - Running job "LiveRunner.process_cycle (trigger: interval[0:05:00], next run at: 2026-08-21 12:45:14 IST)" (scheduled at 2026-08-21 12:40:14.083976+05:30)
2026-08-21 12:40:14,103 - INFO - [bot-1787212198437-798e] Starting signal check cycle for BTC/USDT (5m)...
2026-08-21 12:40:14,142 - INFO - Fetching recent candles for BTC/USDT (5m) [Bot: bot-1787212198437-798e] via ProviderManager...
2026-08-21 12:40:15,049 - INFO - Indicators computed | close=75917.32 ema_9=75675.16 ema_20=75506.57 ema_50=75151.17 ema_200=73666.03 macd=190.1092 poc=64275.0 val=64025.0 vah=71875.0
2026-08-21 12:40:15,053 - INFO - [bot-1787212198437-798e] Evaluating strategy on completed candle: 2026-08-21 07:05:00+00:00 at Close price: 75868.28
2026-08-21 12:40:15,140 - INFO - Confluence Evaluation | Regime: RANGING (ADX=22.5) | Direction: LONG | BullScore: 100.0% | BearScore: 0.0% | Active: ['ema_9', 'ema_20', 'rsi', 'vwap', 'supertrend', 'atr']
2026-08-21 12:40:15,202 - INFO - Capping position size 0.466143 BTC to available cash equivalent 0.197711 BTC.
2026-08-21 12:40:15,228 - INFO - [bot-1787212198437-798e] Signal LONG active pending approval already exists (ID: 153).
2026-08-21 12:40:15,439 - INFO - Logged heartbeat status: OK
2026-08-21 12:40:15,439 - INFO - Job "LiveRunner.process_cycle (trigger: interval[0:05:00], next run at: 2026-08-21 12:45:14 IST)" executed successfully
2026-08-21 12:45:14,094 - INFO - Running job "LiveRunner.process_cycle (trigger: interval[0:05:00], next run at: 2026-08-21 12:50:14 IST)" (scheduled at 2026-08-21 12:45:14.083976+05:30)
2026-08-21 12:45:14,102 - INFO - [bot-1787212198437-798e] Starting signal check cycle for BTC/USDT (5m)...
2026-08-21 12:45:14,153 - INFO - Fetching recent candles for BTC/USDT (5m) [Bot: bot-1787212198437-798e] via ProviderManager...
2026-08-21 12:45:14,548 - INFO - Indicators computed | close=75969.69 ema_9=75742.50 ema_20=75555.22 ema_50=75185.26 ema_200=73689.47 macd=207.0453 poc=64275.0 val=64025.0 vah=71875.0
2026-08-21 12:45:14,549 - INFO - [bot-1787212198437-798e] Evaluating strategy on completed candle: 2026-08-21 07:10:00+00:00 at Close price: 75969.99
2026-08-21 12:45:14,629 - INFO - Confluence Evaluation | Regime: RANGING (ADX=21.9) | Direction: LONG | BullScore: 100.0% | BearScore: 0.0% | Active: ['ema_9', 'ema_20', 'rsi', 'vwap', 'supertrend', 'atr']
2026-08-21 12:45:14,714 - INFO - Capping position size 0.480430 BTC to available cash equivalent 0.197446 BTC.
2026-08-21 12:45:14,722 - INFO - [bot-1787212198437-798e] Signal LONG active pending approval already exists (ID: 153).
2026-08-21 12:45:14,941 - INFO - Logged heartbeat status: OK
2026-08-21 12:45:14,942 - INFO - Job "LiveRunner.process_cycle (trigger: interval[0:05:00], next run at: 2026-08-21 12:50:14 IST)" executed successfully
2026-08-21 12:50:14,130 - INFO - Running job "LiveRunner.process_cycle (trigger: interval[0:05:00], next run at: 2026-08-21 12:55:14 IST)" (scheduled at 2026-08-21 12:50:14.083976+05:30)
2026-08-21 12:50:14,135 - INFO - [bot-1787212198437-798e] Starting signal check cycle for BTC/USDT (5m)...
2026-08-21 12:50:14,183 - INFO - Fetching recent candles for BTC/USDT (5m) [Bot: bot-1787212198437-798e] via ProviderManager...
2026-08-21 12:50:14,730 - INFO - Indicators computed | close=76498.00 ema_9=75975.96 ema_20=75689.36 ema_50=75256.13 ema_200=73722.49 macd=288.5135 poc=64275.0 val=64025.0 vah=71900.0
2026-08-21 12:50:14,736 - INFO - [bot-1787212198437-798e] Evaluating strategy on completed candle: 2026-08-21 07:15:00+00:00 at Close price: 76484.48
2026-08-21 12:50:14,833 - INFO - Confluence Evaluation | Regime: RANGING (ADX=23.2) | Direction: LONG | BullScore: 100.0% | BearScore: 0.0% | Active: ['ema_9', 'ema_20', 'rsi', 'vwap', 'supertrend', 'atr']
2026-08-21 12:50:14,953 - INFO - Capping position size 0.292963 BTC to available cash equivalent 0.196118 BTC.
2026-08-21 12:50:15,005 - INFO - [bot-1787212198437-798e] Signal LONG active pending approval already exists (ID: 153).
2026-08-21 12:50:15,231 - INFO - Logged heartbeat status: OK
2026-08-21 12:50:15,231 - INFO - Job "LiveRunner.process_cycle (trigger: interval[0:05:00], next run at: 2026-08-21 12:55:14 IST)" executed successfully
2026-08-21 12:55:14,095 - INFO - Running job "LiveRunner.process_cycle (trigger: interval[0:05:00], next run at: 2026-08-21 13:00:14 IST)" (scheduled at 2026-08-21 12:55:14.083976+05:30)
2026-08-21 12:55:14,102 - INFO - [bot-1787212198437-798e] Starting signal check cycle for BTC/USDT (5m)...
2026-08-21 12:55:14,149 - INFO - Fetching recent candles for BTC/USDT (5m) [Bot: bot-1787212198437-798e] via ProviderManager...
2026-08-21 12:55:14,616 - INFO - Indicators computed | close=76300.92 ema_9=76001.89 ema_20=75726.57 ema_50=75287.91 ema_200=73745.74 macd=286.1204 poc=64275.0 val=64025.0 vah=71900.0
2026-08-21 12:55:14,617 - INFO - [bot-1787212198437-798e] Evaluating strategy on completed candle: 2026-08-21 07:20:00+00:00 at Close price: 76253.84
2026-08-21 12:55:14,680 - INFO - Confluence Evaluation | Regime: TRENDING (ADX=25.2) | Direction: HOLD | BullScore: 55.9% | BearScore: 44.1% | Active: ['ema_9', 'ema_20', 'rsi', 'vwap', 'supertrend', 'atr']
2026-08-21 12:55:14,771 - INFO - Signal evaluated: HOLD. Reason/Details: Confluence score: 56% (HOLD)
2026-08-21 12:55:14,962 - INFO - Logged heartbeat status: OK
2026-08-21 12:55:14,963 - INFO - Job "LiveRunner.process_cycle (trigger: interval[0:05:00], next run at: 2026-08-21 13:00:14 IST)" executed successfully
2026-08-21 13:00:14,096 - INFO - Running job "LiveRunner.process_cycle (trigger: interval[0:05:00], next run at: 2026-08-21 13:05:14 IST)" (scheduled at 2026-08-21 13:00:14.083976+05:30)
2026-08-21 13:00:14,102 - INFO - [bot-1787212198437-798e] Starting signal check cycle for BTC/USDT (5m)...
2026-08-21 13:00:14,147 - INFO - Fetching recent candles for BTC/USDT (5m) [Bot: bot-1787212198437-798e] via ProviderManager...
2026-08-21 13:00:14,630 - INFO - Indicators computed | close=76409.22 ema_9=76100.87 ema_20=75801.02 ema_50=75336.00 ema_200=73773.32 macd=311.6258 poc=64275.0 val=64025.0 vah=71900.0
2026-08-21 13:00:14,631 - INFO - [bot-1787212198437-798e] Evaluating strategy on completed candle: 2026-08-21 07:25:00+00:00 at Close price: 76410.38
2026-08-21 13:00:14,672 - INFO - Confluence Evaluation | Regime: TRENDING (ADX=27.7) | Direction: LONG | BullScore: 100.0% | BearScore: 0.0% | Active: ['ema_9', 'ema_20', 'rsi', 'vwap', 'supertrend', 'atr']
2026-08-21 13:00:14,760 - INFO - Capping position size 0.360564 BTC to available cash equivalent 0.196308 BTC.
2026-08-21 13:00:14,817 - INFO - Created pending signal approval ID 179 for bot bot-1787212198437-798e (LONG @ $76410.38, status: WAITING_APPROVAL)
2026-08-21 13:00:14,878 - INFO - [bot-1787212198437-798e] Signal LONG generated (ID: 179). Waiting for manual user approval.
2026-08-21 13:00:15,063 - INFO - Logged heartbeat status: OK
2026-08-21 13:00:15,063 - INFO - Job "LiveRunner.process_cycle (trigger: interval[0:05:00], next run at: 2026-08-21 13:05:14 IST)" executed successfully
2026-08-21 13:05:14,200 - INFO - Running job "LiveRunner.process_cycle (trigger: interval[0:05:00], next run at: 2026-08-21 13:10:14 IST)" (scheduled at 2026-08-21 13:05:14.083976+05:30)
2026-08-21 13:05:14,249 - INFO - [bot-1787212198437-798e] Starting signal check cycle for BTC/USDT (5m)...
2026-08-21 13:05:14,307 - INFO - Fetching recent candles for BTC/USDT (5m) [Bot: bot-1787212198437-798e] via ProviderManager...
2026-08-21 13:05:15,186 - INFO - Indicators computed | close=76422.75 ema_9=76161.31 ema_20=75858.11 ema_50=75377.69 ema_200=73799.44 macd=320.7797 poc=64325.0 val=64025.0 vah=71925.0
2026-08-21 13:05:15,188 - INFO - [bot-1787212198437-798e] Evaluating strategy on completed candle: 2026-08-21 07:30:00+00:00 at Close price: 76384.61
2026-08-21 13:05:15,296 - INFO - Confluence Evaluation | Regime: TRENDING (ADX=33.2) | Direction: HOLD | BullScore: 55.9% | BearScore: 44.1% | Active: ['ema_9', 'ema_20', 'rsi', 'vwap', 'supertrend', 'atr']
2026-08-21 13:05:15,490 - INFO - Signal evaluated: HOLD. Reason/Details: Confluence score: 56% (HOLD)
2026-08-21 13:05:15,769 - INFO - Logged heartbeat status: OK
2026-08-21 13:05:15,769 - INFO - Job "LiveRunner.process_cycle (trigger: interval[0:05:00], next run at: 2026-08-21 13:10:14 IST)" executed successfully
2026-08-21 13:10:14,101 - INFO - Running job "LiveRunner.process_cycle (trigger: interval[0:05:00], next run at: 2026-08-21 13:15:14 IST)" (scheduled at 2026-08-21 13:10:14.083976+05:30)
2026-08-21 13:10:14,114 - INFO - [bot-1787212198437-798e] Starting signal check cycle for BTC/USDT (5m)...
2026-08-21 13:10:14,173 - INFO - Fetching recent candles for BTC/USDT (5m) [Bot: bot-1787212198437-798e] via ProviderManager...
2026-08-21 13:10:14,651 - INFO - Indicators computed | close=76464.85 ema_9=76238.14 ema_20=75924.58 ema_50=75424.12 ema_200=73826.96 macd=335.3995 poc=64325.0 val=64025.0 vah=71925.0
2026-08-21 13:10:14,655 - INFO - [bot-1787212198437-798e] Evaluating strategy on completed candle: 2026-08-21 07:35:00+00:00 at Close price: 76523.53
2026-08-21 13:10:14,731 - INFO - Confluence Evaluation | Regime: TRENDING (ADX=38.7) | Direction: LONG | BullScore: 100.0% | BearScore: 0.0% | Active: ['ema_9', 'ema_20', 'rsi', 'vwap', 'supertrend', 'atr']
2026-08-21 13:10:14,825 - INFO - Capping position size 0.449324 BTC to available cash equivalent 0.196018 BTC.
2026-08-21 13:10:14,862 - INFO - [bot-1787212198437-798e] Signal LONG active pending approval already exists (ID: 179).
2026-08-21 13:10:15,077 - INFO - Logged heartbeat status: OK
2026-08-21 13:10:15,078 - INFO - Job "LiveRunner.process_cycle (trigger: interval[0:05:00], next run at: 2026-08-21 13:15:14 IST)" executed successfully
2026-08-21 13:15:14,095 - INFO - Running job "LiveRunner.process_cycle (trigger: interval[0:05:00], next run at: 2026-08-21 13:20:14 IST)" (scheduled at 2026-08-21 13:15:14.083976+05:30)
2026-08-21 13:15:14,112 - INFO - [bot-1787212198437-798e] Starting signal check cycle for BTC/USDT (5m)...
2026-08-21 13:15:14,158 - INFO - Fetching recent candles for BTC/USDT (5m) [Bot: bot-1787212198437-798e] via ProviderManager...
2026-08-21 13:15:14,681 - INFO - Indicators computed | close=76613.82 ema_9=76334.24 ema_20=76001.51 ema_50=75475.72 ema_200=73855.98 macd=356.6874 poc=64325.0 val=64025.0 vah=71950.0
2026-08-21 13:15:14,685 - INFO - [bot-1787212198437-798e] Evaluating strategy on completed candle: 2026-08-21 07:40:00+00:00 at Close price: 76595.89
2026-08-21 13:15:14,749 - INFO - Confluence Evaluation | Regime: TRENDING (ADX=43.7) | Direction: LONG | BullScore: 100.0% | BearScore: 0.0% | Active: ['ema_9', 'ema_20', 'rsi', 'vwap', 'supertrend', 'atr']
2026-08-21 13:15:14,795 - INFO - Capping position size 0.716897 BTC to available cash equivalent 0.195833 BTC.
2026-08-21 13:15:14,846 - INFO - [bot-1787212198437-798e] Signal LONG active pending approval already exists (ID: 179).
2026-08-21 13:15:15,073 - INFO - Logged heartbeat status: OK
2026-08-21 13:15:15,074 - INFO - Job "LiveRunner.process_cycle (trigger: interval[0:05:00], next run at: 2026-08-21 13:20:14 IST)" executed successfully
2026-08-21 13:20:14,136 - INFO - Running job "LiveRunner.process_cycle (trigger: interval[0:05:00], next run at: 2026-08-21 13:25:14 IST)" (scheduled at 2026-08-21 13:20:14.083976+05:30)
2026-08-21 13:20:14,148 - INFO - [bot-1787212198437-798e] Starting signal check cycle for BTC/USDT (5m)...
2026-08-21 13:20:14,195 - INFO - Fetching recent candles for BTC/USDT (5m) [Bot: bot-1787212198437-798e] via ProviderManager...
2026-08-21 13:20:24,242 - ERROR - Binance Spot Network Error: binance GET https://api.binance.com/api/v3/klines?interval=5m&limit=1000&symbol=BTCUSDT
--- Logging error ---
Traceback (most recent call last):
  File "/Users/ashishparadkar/Downloads/algo-code-main/.venv/lib/python3.9/site-packages/urllib3/connectionpool.py", line 534, in _make_request
    response = conn.getresponse()
  File "/Users/ashishparadkar/Downloads/algo-code-main/.venv/lib/python3.9/site-packages/urllib3/connection.py", line 571, in getresponse
    httplib_response = super().getresponse()
  File "/Library/Developer/CommandLineTools/Library/Frameworks/Python3.framework/Versions/3.9/lib/python3.9/http/client.py", line 1349, in getresponse
    response.begin()
  File "/Library/Developer/CommandLineTools/Library/Frameworks/Python3.framework/Versions/3.9/lib/python3.9/http/client.py", line 316, in begin
    version, status, reason = self._read_status()
  File "/Library/Developer/CommandLineTools/Library/Frameworks/Python3.framework/Versions/3.9/lib/python3.9/http/client.py", line 277, in _read_status
    line = str(self.fp.readline(_MAXLINE + 1), "iso-8859-1")
  File "/Library/Developer/CommandLineTools/Library/Frameworks/Python3.framework/Versions/3.9/lib/python3.9/socket.py", line 704, in readinto
    return self._sock.recv_into(b)
  File "/Library/Developer/CommandLineTools/Library/Frameworks/Python3.framework/Versions/3.9/lib/python3.9/ssl.py", line 1241, in recv_into
    return self.read(nbytes, buffer)
  File "/Library/Developer/CommandLineTools/Library/Frameworks/Python3.framework/Versions/3.9/lib/python3.9/ssl.py", line 1099, in read
    return self._sslobj.read(len, buffer)
socket.timeout: The read operation timed out

The above exception was the direct cause of the following exception:

Traceback (most recent call last):
  File "/Users/ashishparadkar/Downloads/algo-code-main/.venv/lib/python3.9/site-packages/requests/adapters.py", line 644, in send
    resp = conn.urlopen(
  File "/Users/ashishparadkar/Downloads/algo-code-main/.venv/lib/python3.9/site-packages/urllib3/connectionpool.py", line 841, in urlopen
    retries = retries.increment(
  File "/Users/ashishparadkar/Downloads/algo-code-main/.venv/lib/python3.9/site-packages/urllib3/util/retry.py", line 490, in increment
    raise reraise(type(error), error, _stacktrace)
  File "/Users/ashishparadkar/Downloads/algo-code-main/.venv/lib/python3.9/site-packages/urllib3/util/util.py", line 39, in reraise
    raise value
  File "/Users/ashishparadkar/Downloads/algo-code-main/.venv/lib/python3.9/site-packages/urllib3/connectionpool.py", line 787, in urlopen
    response = self._make_request(
  File "/Users/ashishparadkar/Downloads/algo-code-main/.venv/lib/python3.9/site-packages/urllib3/connectionpool.py", line 536, in _make_request
    self._raise_timeout(err=e, url=url, timeout_value=read_timeout)
  File "/Users/ashishparadkar/Downloads/algo-code-main/.venv/lib/python3.9/site-packages/urllib3/connectionpool.py", line 367, in _raise_timeout
    raise ReadTimeoutError(
urllib3.exceptions.ReadTimeoutError: HTTPSConnectionPool(host='api.binance.com', port=443): Read timed out. (read timeout=10.0)

During handling of the above exception, another exception occurred:

Traceback (most recent call last):
  File "/Users/ashishparadkar/Downloads/algo-code-main/.venv/lib/python3.9/site-packages/ccxt/base/exchange.py", line 665, in fetch
    response = self.session.request(
  File "/Users/ashishparadkar/Downloads/algo-code-main/.venv/lib/python3.9/site-packages/requests/sessions.py", line 589, in request
    resp = self.send(prep, **send_kwargs)
  File "/Users/ashishparadkar/Downloads/algo-code-main/.venv/lib/python3.9/site-packages/requests/sessions.py", line 703, in send
    r = adapter.send(request, **kwargs)
  File "/Users/ashishparadkar/Downloads/algo-code-main/.venv/lib/python3.9/site-packages/requests/adapters.py", line 690, in send
    raise ReadTimeout(e, request=request)
requests.exceptions.ReadTimeout: HTTPSConnectionPool(host='api.binance.com', port=443): Read timed out. (read timeout=10.0)

The above exception was the direct cause of the following exception:

Traceback (most recent call last):
  File "/Users/ashishparadkar/Downloads/algo-code-main/src/provider_manager.py", line 351, in fetch_ohlcv_safe
    df = adapter.fetch_ohlcv(instrument, timeframe, limit=limit)
  File "/Users/ashishparadkar/Downloads/algo-code-main/src/provider_manager.py", line 211, in fetch_ohlcv
    raise net_err
  File "/Users/ashishparadkar/Downloads/algo-code-main/src/provider_manager.py", line 183, in fetch_ohlcv
    raw_candles = self.exchange.fetch_ohlcv(
  File "/Users/ashishparadkar/Downloads/algo-code-main/.venv/lib/python3.9/site-packages/ccxt/binance.py", line 4759, in fetch_ohlcv
    response = self.publicGetKlines(self.extend(request, params))
  File "/Users/ashishparadkar/Downloads/algo-code-main/.venv/lib/python3.9/site-packages/ccxt/base/types.py", line 35, in unbound_method
    return _self.request(self.path, self.api, self.method, params, config=self.config)
  File "/Users/ashishparadkar/Downloads/algo-code-main/.venv/lib/python3.9/site-packages/ccxt/binance.py", line 11724, in request
    response = self.fetch2(path, api, method, params, headers, body, config)
  File "/Users/ashishparadkar/Downloads/algo-code-main/.venv/lib/python3.9/site-packages/ccxt/base/exchange.py", line 5566, in fetch2
    raise e
  File "/Users/ashishparadkar/Downloads/algo-code-main/.venv/lib/python3.9/site-packages/ccxt/base/exchange.py", line 5549, in fetch2
    response = self.fetch(request['url'], request['method'], request['headers'], request['body'])
  File "/Users/ashishparadkar/Downloads/algo-code-main/.venv/lib/python3.9/site-packages/ccxt/base/exchange.py", line 698, in fetch
    raise RequestTimeout(details) from e
ccxt.base.errors.RequestTimeout: binance GET https://api.binance.com/api/v3/klines?interval=5m&limit=1000&symbol=BTCUSDT

During handling of the above exception, another exception occurred:

Traceback (most recent call last):
  File "/Library/Developer/CommandLineTools/Library/Frameworks/Python3.framework/Versions/3.9/lib/python3.9/logging/__init__.py", line 1083, in emit
    msg = self.format(record)
  File "/Library/Developer/CommandLineTools/Library/Frameworks/Python3.framework/Versions/3.9/lib/python3.9/logging/__init__.py", line 927, in format
    return fmt.format(record)
  File "/Library/Developer/CommandLineTools/Library/Frameworks/Python3.framework/Versions/3.9/lib/python3.9/logging/__init__.py", line 663, in format
    record.message = record.getMessage()
  File "/Library/Developer/CommandLineTools/Library/Frameworks/Python3.framework/Versions/3.9/lib/python3.9/logging/__init__.py", line 367, in getMessage
    msg = msg % self.args
TypeError: must be real number, not RequestTimeout
Call stack:
  File "/Library/Developer/CommandLineTools/Library/Frameworks/Python3.framework/Versions/3.9/lib/python3.9/threading.py", line 930, in _bootstrap
    self._bootstrap_inner()
  File "/Library/Developer/CommandLineTools/Library/Frameworks/Python3.framework/Versions/3.9/lib/python3.9/threading.py", line 973, in _bootstrap_inner
    self.run()
  File "/Library/Developer/CommandLineTools/Library/Frameworks/Python3.framework/Versions/3.9/lib/python3.9/threading.py", line 910, in run
    self._target(*self._args, **self._kwargs)
  File "/Library/Developer/CommandLineTools/Library/Frameworks/Python3.framework/Versions/3.9/lib/python3.9/concurrent/futures/thread.py", line 77, in _worker
    work_item.run()
  File "/Library/Developer/CommandLineTools/Library/Frameworks/Python3.framework/Versions/3.9/lib/python3.9/concurrent/futures/thread.py", line 52, in run
    result = self.fn(*self.args, **self.kwargs)
  File "/Users/ashishparadkar/Downloads/algo-code-main/.venv/lib/python3.9/site-packages/apscheduler/executors/base.py", line 131, in run_job
    retval = job.func(*job.args, **job.kwargs)
  File "/Users/ashishparadkar/Downloads/algo-code-main/src/live_runner.py", line 199, in process_cycle
    df, _ = self.provider_manager.fetch_ohlcv_safe(self.symbol, self.timeframe, limit=1000)
  File "/Users/ashishparadkar/Downloads/algo-code-main/src/provider_manager.py", line 362, in fetch_ohlcv_safe
    logger.warning(
Message: 'Retryable network failure for %s (Attempt %d/%d). Backing off %.2fs: %s'
Arguments: ('BTC/USDT', 1, 3, RequestTimeout('binance GET https://api.binance.com/api/v3/klines?interval=5m&limit=1000&symbol=BTCUSDT'))
2026-08-21 13:20:26,030 - ERROR - Binance Spot Network Error: binance GET https://api.binance.com/api/v3/klines?interval=5m&limit=1000&symbol=BTCUSDT
--- Logging error ---
Traceback (most recent call last):
  File "/Users/ashishparadkar/Downloads/algo-code-main/.venv/lib/python3.9/site-packages/urllib3/connection.py", line 204, in _new_conn
    sock = connection.create_connection(
  File "/Users/ashishparadkar/Downloads/algo-code-main/.venv/lib/python3.9/site-packages/urllib3/util/connection.py", line 60, in create_connection
    for res in socket.getaddrinfo(host, port, family, socket.SOCK_STREAM):
  File "/Library/Developer/CommandLineTools/Library/Frameworks/Python3.framework/Versions/3.9/lib/python3.9/socket.py", line 953, in getaddrinfo
    for res in _socket.getaddrinfo(host, port, family, type, proto, flags):
socket.gaierror: [Errno 8] nodename nor servname provided, or not known

The above exception was the direct cause of the following exception:

Traceback (most recent call last):
  File "/Users/ashishparadkar/Downloads/algo-code-main/.venv/lib/python3.9/site-packages/urllib3/connectionpool.py", line 787, in urlopen
    response = self._make_request(
  File "/Users/ashishparadkar/Downloads/algo-code-main/.venv/lib/python3.9/site-packages/urllib3/connectionpool.py", line 488, in _make_request
    raise new_e
  File "/Users/ashishparadkar/Downloads/algo-code-main/.venv/lib/python3.9/site-packages/urllib3/connectionpool.py", line 464, in _make_request
    self._validate_conn(conn)
  File "/Users/ashishparadkar/Downloads/algo-code-main/.venv/lib/python3.9/site-packages/urllib3/connectionpool.py", line 1093, in _validate_conn
    conn.connect()
  File "/Users/ashishparadkar/Downloads/algo-code-main/.venv/lib/python3.9/site-packages/urllib3/connection.py", line 759, in connect
    self.sock = sock = self._new_conn()
  File "/Users/ashishparadkar/Downloads/algo-code-main/.venv/lib/python3.9/site-packages/urllib3/connection.py", line 211, in _new_conn
    raise NameResolutionError(self.host, self, e) from e
urllib3.exceptions.NameResolutionError: HTTPSConnection(host='api.binance.com', port=443): Failed to resolve 'api.binance.com' ([Errno 8] nodename nor servname provided, or not known)

The above exception was the direct cause of the following exception:

Traceback (most recent call last):
  File "/Users/ashishparadkar/Downloads/algo-code-main/.venv/lib/python3.9/site-packages/requests/adapters.py", line 644, in send
    resp = conn.urlopen(
  File "/Users/ashishparadkar/Downloads/algo-code-main/.venv/lib/python3.9/site-packages/urllib3/connectionpool.py", line 841, in urlopen
    retries = retries.increment(
  File "/Users/ashishparadkar/Downloads/algo-code-main/.venv/lib/python3.9/site-packages/urllib3/util/retry.py", line 535, in increment
    raise MaxRetryError(_pool, url, reason) from reason  # type: ignore[arg-type]
urllib3.exceptions.MaxRetryError: HTTPSConnectionPool(host='api.binance.com', port=443): Max retries exceeded with url: /api/v3/klines?interval=5m&limit=1000&symbol=BTCUSDT (Caused by NameResolutionError("HTTPSConnection(host='api.binance.com', port=443): Failed to resolve 'api.binance.com' ([Errno 8] nodename nor servname provided, or not known)"))

During handling of the above exception, another exception occurred:

Traceback (most recent call last):
  File "/Users/ashishparadkar/Downloads/algo-code-main/.venv/lib/python3.9/site-packages/ccxt/base/exchange.py", line 665, in fetch
    response = self.session.request(
  File "/Users/ashishparadkar/Downloads/algo-code-main/.venv/lib/python3.9/site-packages/requests/sessions.py", line 589, in request
    resp = self.send(prep, **send_kwargs)
  File "/Users/ashishparadkar/Downloads/algo-code-main/.venv/lib/python3.9/site-packages/requests/sessions.py", line 703, in send
    r = adapter.send(request, **kwargs)
  File "/Users/ashishparadkar/Downloads/algo-code-main/.venv/lib/python3.9/site-packages/requests/adapters.py", line 677, in send
    raise ConnectionError(e, request=request)
requests.exceptions.ConnectionError: HTTPSConnectionPool(host='api.binance.com', port=443): Max retries exceeded with url: /api/v3/klines?interval=5m&limit=1000&symbol=BTCUSDT (Caused by NameResolutionError("HTTPSConnection(host='api.binance.com', port=443): Failed to resolve 'api.binance.com' ([Errno 8] nodename nor servname provided, or not known)"))

The above exception was the direct cause of the following exception:

Traceback (most recent call last):
  File "/Users/ashishparadkar/Downloads/algo-code-main/src/provider_manager.py", line 351, in fetch_ohlcv_safe
    df = adapter.fetch_ohlcv(instrument, timeframe, limit=limit)
  File "/Users/ashishparadkar/Downloads/algo-code-main/src/provider_manager.py", line 211, in fetch_ohlcv
    raise net_err
  File "/Users/ashishparadkar/Downloads/algo-code-main/src/provider_manager.py", line 183, in fetch_ohlcv
    raw_candles = self.exchange.fetch_ohlcv(
  File "/Users/ashishparadkar/Downloads/algo-code-main/.venv/lib/python3.9/site-packages/ccxt/binance.py", line 4759, in fetch_ohlcv
    response = self.publicGetKlines(self.extend(request, params))
  File "/Users/ashishparadkar/Downloads/algo-code-main/.venv/lib/python3.9/site-packages/ccxt/base/types.py", line 35, in unbound_method
    return _self.request(self.path, self.api, self.method, params, config=self.config)
  File "/Users/ashishparadkar/Downloads/algo-code-main/.venv/lib/python3.9/site-packages/ccxt/binance.py", line 11724, in request
    response = self.fetch2(path, api, method, params, headers, body, config)
  File "/Users/ashishparadkar/Downloads/algo-code-main/.venv/lib/python3.9/site-packages/ccxt/base/exchange.py", line 5566, in fetch2
    raise e
  File "/Users/ashishparadkar/Downloads/algo-code-main/.venv/lib/python3.9/site-packages/ccxt/base/exchange.py", line 5549, in fetch2
    response = self.fetch(request['url'], request['method'], request['headers'], request['body'])
  File "/Users/ashishparadkar/Downloads/algo-code-main/.venv/lib/python3.9/site-packages/ccxt/base/exchange.py", line 721, in fetch
    raise NetworkError(details) from e
ccxt.base.errors.NetworkError: binance GET https://api.binance.com/api/v3/klines?interval=5m&limit=1000&symbol=BTCUSDT

During handling of the above exception, another exception occurred:

Traceback (most recent call last):
  File "/Library/Developer/CommandLineTools/Library/Frameworks/Python3.framework/Versions/3.9/lib/python3.9/logging/__init__.py", line 1083, in emit
    msg = self.format(record)
  File "/Library/Developer/CommandLineTools/Library/Frameworks/Python3.framework/Versions/3.9/lib/python3.9/logging/__init__.py", line 927, in format
    return fmt.format(record)
  File "/Library/Developer/CommandLineTools/Library/Frameworks/Python3.framework/Versions/3.9/lib/python3.9/logging/__init__.py", line 663, in format
    record.message = record.getMessage()
  File "/Library/Developer/CommandLineTools/Library/Frameworks/Python3.framework/Versions/3.9/lib/python3.9/logging/__init__.py", line 367, in getMessage
    msg = msg % self.args
TypeError: must be real number, not NetworkError
Call stack:
  File "/Library/Developer/CommandLineTools/Library/Frameworks/Python3.framework/Versions/3.9/lib/python3.9/threading.py", line 930, in _bootstrap
    self._bootstrap_inner()
  File "/Library/Developer/CommandLineTools/Library/Frameworks/Python3.framework/Versions/3.9/lib/python3.9/threading.py", line 973, in _bootstrap_inner
    self.run()
  File "/Library/Developer/CommandLineTools/Library/Frameworks/Python3.framework/Versions/3.9/lib/python3.9/threading.py", line 910, in run
    self._target(*self._args, **self._kwargs)
  File "/Library/Developer/CommandLineTools/Library/Frameworks/Python3.framework/Versions/3.9/lib/python3.9/concurrent/futures/thread.py", line 77, in _worker
    work_item.run()
  File "/Library/Developer/CommandLineTools/Library/Frameworks/Python3.framework/Versions/3.9/lib/python3.9/concurrent/futures/thread.py", line 52, in run
    result = self.fn(*self.args, **self.kwargs)
  File "/Users/ashishparadkar/Downloads/algo-code-main/.venv/lib/python3.9/site-packages/apscheduler/executors/base.py", line 131, in run_job
    retval = job.func(*job.args, **job.kwargs)
  File "/Users/ashishparadkar/Downloads/algo-code-main/src/live_runner.py", line 199, in process_cycle
    df, _ = self.provider_manager.fetch_ohlcv_safe(self.symbol, self.timeframe, limit=1000)
  File "/Users/ashishparadkar/Downloads/algo-code-main/src/provider_manager.py", line 362, in fetch_ohlcv_safe
    logger.warning(
Message: 'Retryable network failure for %s (Attempt %d/%d). Backing off %.2fs: %s'
Arguments: ('BTC/USDT', 2, 3, NetworkError('binance GET https://api.binance.com/api/v3/klines?interval=5m&limit=1000&symbol=BTCUSDT'))
2026-08-21 13:20:28,409 - ERROR - Binance Spot Network Error: binance GET https://api.binance.com/api/v3/klines?interval=5m&limit=1000&symbol=BTCUSDT
2026-08-21 13:20:28,409 - ERROR - System Error in runner execution cycle: binance GET https://api.binance.com/api/v3/klines?interval=5m&limit=1000&symbol=BTCUSDT
Traceback (most recent call last):
  File "/Users/ashishparadkar/Downloads/algo-code-main/.venv/lib/python3.9/site-packages/urllib3/connection.py", line 204, in _new_conn
    sock = connection.create_connection(
  File "/Users/ashishparadkar/Downloads/algo-code-main/.venv/lib/python3.9/site-packages/urllib3/util/connection.py", line 60, in create_connection
    for res in socket.getaddrinfo(host, port, family, socket.SOCK_STREAM):
  File "/Library/Developer/CommandLineTools/Library/Frameworks/Python3.framework/Versions/3.9/lib/python3.9/socket.py", line 953, in getaddrinfo
    for res in _socket.getaddrinfo(host, port, family, type, proto, flags):
socket.gaierror: [Errno 8] nodename nor servname provided, or not known

The above exception was the direct cause of the following exception:

Traceback (most recent call last):
  File "/Users/ashishparadkar/Downloads/algo-code-main/.venv/lib/python3.9/site-packages/urllib3/connectionpool.py", line 787, in urlopen
    response = self._make_request(
  File "/Users/ashishparadkar/Downloads/algo-code-main/.venv/lib/python3.9/site-packages/urllib3/connectionpool.py", line 488, in _make_request
    raise new_e
  File "/Users/ashishparadkar/Downloads/algo-code-main/.venv/lib/python3.9/site-packages/urllib3/connectionpool.py", line 464, in _make_request
    self._validate_conn(conn)
  File "/Users/ashishparadkar/Downloads/algo-code-main/.venv/lib/python3.9/site-packages/urllib3/connectionpool.py", line 1093, in _validate_conn
    conn.connect()
  File "/Users/ashishparadkar/Downloads/algo-code-main/.venv/lib/python3.9/site-packages/urllib3/connection.py", line 759, in connect
    self.sock = sock = self._new_conn()
  File "/Users/ashishparadkar/Downloads/algo-code-main/.venv/lib/python3.9/site-packages/urllib3/connection.py", line 211, in _new_conn
    raise NameResolutionError(self.host, self, e) from e
urllib3.exceptions.NameResolutionError: HTTPSConnection(host='api.binance.com', port=443): Failed to resolve 'api.binance.com' ([Errno 8] nodename nor servname provided, or not known)

The above exception was the direct cause of the following exception:

Traceback (most recent call last):
  File "/Users/ashishparadkar/Downloads/algo-code-main/.venv/lib/python3.9/site-packages/requests/adapters.py", line 644, in send
    resp = conn.urlopen(
  File "/Users/ashishparadkar/Downloads/algo-code-main/.venv/lib/python3.9/site-packages/urllib3/connectionpool.py", line 841, in urlopen
    retries = retries.increment(
  File "/Users/ashishparadkar/Downloads/algo-code-main/.venv/lib/python3.9/site-packages/urllib3/util/retry.py", line 535, in increment
    raise MaxRetryError(_pool, url, reason) from reason  # type: ignore[arg-type]
urllib3.exceptions.MaxRetryError: HTTPSConnectionPool(host='api.binance.com', port=443): Max retries exceeded with url: /api/v3/klines?interval=5m&limit=1000&symbol=BTCUSDT (Caused by NameResolutionError("HTTPSConnection(host='api.binance.com', port=443): Failed to resolve 'api.binance.com' ([Errno 8] nodename nor servname provided, or not known)"))

During handling of the above exception, another exception occurred:

Traceback (most recent call last):
  File "/Users/ashishparadkar/Downloads/algo-code-main/.venv/lib/python3.9/site-packages/ccxt/base/exchange.py", line 665, in fetch
    response = self.session.request(
  File "/Users/ashishparadkar/Downloads/algo-code-main/.venv/lib/python3.9/site-packages/requests/sessions.py", line 589, in request
    resp = self.send(prep, **send_kwargs)
  File "/Users/ashishparadkar/Downloads/algo-code-main/.venv/lib/python3.9/site-packages/requests/sessions.py", line 703, in send
    r = adapter.send(request, **kwargs)
  File "/Users/ashishparadkar/Downloads/algo-code-main/.venv/lib/python3.9/site-packages/requests/adapters.py", line 677, in send
    raise ConnectionError(e, request=request)
requests.exceptions.ConnectionError: HTTPSConnectionPool(host='api.binance.com', port=443): Max retries exceeded with url: /api/v3/klines?interval=5m&limit=1000&symbol=BTCUSDT (Caused by NameResolutionError("HTTPSConnection(host='api.binance.com', port=443): Failed to resolve 'api.binance.com' ([Errno 8] nodename nor servname provided, or not known)"))

The above exception was the direct cause of the following exception:

Traceback (most recent call last):
  File "/Users/ashishparadkar/Downloads/algo-code-main/src/live_runner.py", line 199, in process_cycle
    df, _ = self.provider_manager.fetch_ohlcv_safe(self.symbol, self.timeframe, limit=1000)
  File "/Users/ashishparadkar/Downloads/algo-code-main/src/provider_manager.py", line 359, in fetch_ohlcv_safe
    raise retryable_err
  File "/Users/ashishparadkar/Downloads/algo-code-main/src/provider_manager.py", line 351, in fetch_ohlcv_safe
    df = adapter.fetch_ohlcv(instrument, timeframe, limit=limit)
  File "/Users/ashishparadkar/Downloads/algo-code-main/src/provider_manager.py", line 211, in fetch_ohlcv
    raise net_err
  File "/Users/ashishparadkar/Downloads/algo-code-main/src/provider_manager.py", line 183, in fetch_ohlcv
    raw_candles = self.exchange.fetch_ohlcv(
  File "/Users/ashishparadkar/Downloads/algo-code-main/.venv/lib/python3.9/site-packages/ccxt/binance.py", line 4759, in fetch_ohlcv
    response = self.publicGetKlines(self.extend(request, params))
  File "/Users/ashishparadkar/Downloads/algo-code-main/.venv/lib/python3.9/site-packages/ccxt/base/types.py", line 35, in unbound_method
    return _self.request(self.path, self.api, self.method, params, config=self.config)
  File "/Users/ashishparadkar/Downloads/algo-code-main/.venv/lib/python3.9/site-packages/ccxt/binance.py", line 11724, in request
    response = self.fetch2(path, api, method, params, headers, body, config)
  File "/Users/ashishparadkar/Downloads/algo-code-main/.venv/lib/python3.9/site-packages/ccxt/base/exchange.py", line 5566, in fetch2
    raise e
  File "/Users/ashishparadkar/Downloads/algo-code-main/.venv/lib/python3.9/site-packages/ccxt/base/exchange.py", line 5549, in fetch2
    response = self.fetch(request['url'], request['method'], request['headers'], request['body'])
  File "/Users/ashishparadkar/Downloads/algo-code-main/.venv/lib/python3.9/site-packages/ccxt/base/exchange.py", line 721, in fetch
    raise NetworkError(details) from e
ccxt.base.errors.NetworkError: binance GET https://api.binance.com/api/v3/klines?interval=5m&limit=1000&symbol=BTCUSDT
2026-08-21 13:20:28,487 - WARNING - [bot-1787212198437-798e] Marked bot as non-retryable configuration error to prevent infinite error storm.
2026-08-21 13:20:28,595 - WARNING - Telegram alert [GENERAL] failed (Connection Error: HTTPSConnectionPool(host='api.telegram.org', port=443): Max retries exceeded with url: /bot8865086302:AAHhh3VL9czoQRSnw8Hf9iyDEwGJnqQTtqc/sendMessage (Caused by NameResolutionError("HTTPSConnection(host='api.telegram.org', port=443): Failed to resolve 'api.telegram.org' ([Errno 8] nodename nor servname provided, or not known)"))). Re-queueing retry 1/3 in 1.0s
2026-08-21 13:20:28,765 - INFO - Logged heartbeat status: ERROR
2026-08-21 13:20:28,765 - INFO - Job "LiveRunner.process_cycle (trigger: interval[0:05:00], next run at: 2026-08-21 13:25:14 IST)" executed successfully
2026-08-21 13:20:29,603 - WARNING - Telegram alert [GENERAL] failed (Connection Error: HTTPSConnectionPool(host='api.telegram.org', port=443): Max retries exceeded with url: /bot8865086302:AAHhh3VL9czoQRSnw8Hf9iyDEwGJnqQTtqc/sendMessage (Caused by NameResolutionError("HTTPSConnection(host='api.telegram.org', port=443): Failed to resolve 'api.telegram.org' ([Errno 8] nodename nor servname provided, or not known)"))). Re-queueing retry 2/3 in 2.0s
2026-08-21 13:20:30,623 - WARNING - Telegram alert [GENERAL] failed (Connection Error: HTTPSConnectionPool(host='api.telegram.org', port=443): Max retries exceeded with url: /bot8865086302:AAHhh3VL9czoQRSnw8Hf9iyDEwGJnqQTtqc/sendMessage (Caused by NameResolutionError("HTTPSConnection(host='api.telegram.org', port=443): Failed to resolve 'api.telegram.org' ([Errno 8] nodename nor servname provided, or not known)"))). Re-queueing retry 3/3 in 4.0s
2026-08-21 13:20:31,630 - ERROR - Telegram alert [GENERAL] failed permanently after 3 retries: Connection Error: HTTPSConnectionPool(host='api.telegram.org', port=443): Max retries exceeded with url: /bot8865086302:AAHhh3VL9czoQRSnw8Hf9iyDEwGJnqQTtqc/sendMessage (Caused by NameResolutionError("HTTPSConnection(host='api.telegram.org', port=443): Failed to resolve 'api.telegram.org' ([Errno 8] nodename nor servname provided, or not known)"))
2026-08-21 13:25:14,102 - INFO - Running job "LiveRunner.process_cycle (trigger: interval[0:05:00], next run at: 2026-08-21 13:30:14 IST)" (scheduled at 2026-08-21 13:25:14.083976+05:30)
2026-08-21 13:25:14,106 - ERROR - [bot-1787212198437-798e] Halting runner cycle: Bot is configured with unexecutable instrument 'BTC/USDT'. Error: Fatal Non-Retryable Error: binance GET https://api.binance.com/api/v3/klines?interval=5m&limit=1000&symbol=BTCUSDT
2026-08-21 13:25:14,241 - INFO - Job "LiveRunner.process_cycle (trigger: interval[0:05:00], next run at: 2026-08-21 13:30:14 IST)" executed successfully
2026-08-21 13:30:14,093 - INFO - Running job "LiveRunner.process_cycle (trigger: interval[0:05:00], next run at: 2026-08-21 13:35:14 IST)" (scheduled at 2026-08-21 13:30:14.083976+05:30)
2026-08-21 13:30:14,096 - ERROR - [bot-1787212198437-798e] Halting runner cycle: Bot is configured with unexecutable instrument 'BTC/USDT'. Error: Fatal Non-Retryable Error: binance GET https://api.binance.com/api/v3/klines?interval=5m&limit=1000&symbol=BTCUSDT
2026-08-21 13:30:14,280 - INFO - Job "LiveRunner.process_cycle (trigger: interval[0:05:00], next run at: 2026-08-21 13:35:14 IST)" executed successfully
2026-08-21 13:35:14,173 - INFO - Running job "LiveRunner.process_cycle (trigger: interval[0:05:00], next run at: 2026-08-21 13:40:14 IST)" (scheduled at 2026-08-21 13:35:14.083976+05:30)
2026-08-21 13:35:14,180 - ERROR - [bot-1787212198437-798e] Halting runner cycle: Bot is configured with unexecutable instrument 'BTC/USDT'. Error: Fatal Non-Retryable Error: binance GET https://api.binance.com/api/v3/klines?interval=5m&limit=1000&symbol=BTCUSDT
2026-08-21 13:35:14,233 - INFO - Job "LiveRunner.process_cycle (trigger: interval[0:05:00], next run at: 2026-08-21 13:40:14 IST)" executed successfully
/Users/ashishparadkar/Downloads/algo-code-main/.venv/lib/python3.9/site-packages/urllib3/__init__.py:35: NotOpenSSLWarning: urllib3 v2 only supports OpenSSL 1.1.1+, currently the 'ssl' module is compiled with 'LibreSSL 2.8.3'. See: https://github.com/urllib3/urllib3/issues/3020
  warnings.warn(
2026-08-21 14:50:50,078 - INFO - Bot state startup reconciliation finished: 0 bot(s) reconciled to STOPPED.
2026-08-21 14:50:51,079 - INFO - Telegram notification service initialized successfully (Chat ID: 5657...)
2026-08-21 14:50:51,090 - INFO - Initializing scheduled trading bot live runner for bot-1787212198437-798e...
2026-08-21 14:50:51,311 - INFO - SQLite database tables verified/created.
2026-08-21 14:50:52,606 - INFO - Initializing CCXT Binance in TESTNET mode.
2026-08-21 14:51:20,584 - INFO - [bot-1787212198437-798e] Pre-flight instrument resolved: BTC/USDT (SPOT via binance_spot)
2026-08-21 14:51:20,664 - INFO - [bot-1787212198437-798e] Starting signal check cycle for BTC/USDT (5m)...
2026-08-21 14:51:20,670 - INFO - Fetching recent candles for BTC/USDT (5m) [Bot: bot-1787212198437-798e] via ProviderManager...
/Users/ashishparadkar/Downloads/algo-code-main/.venv/lib/python3.9/site-packages/urllib3/__init__.py:35: NotOpenSSLWarning: urllib3 v2 only supports OpenSSL 1.1.1+, currently the 'ssl' module is compiled with 'LibreSSL 2.8.3'. See: https://github.com/urllib3/urllib3/issues/3020
  warnings.warn(
2026-08-21 15:30:15,146 - INFO - Bot state startup reconciliation finished: 0 bot(s) reconciled to STOPPED.
2026-08-21 15:30:15,765 - INFO - Telegram notification service initialized successfully (Chat ID: 5657...)
2026-08-21 15:30:15,778 - INFO - Initializing scheduled trading bot live runner for bot-1787212198437-798e...
2026-08-21 15:30:16,263 - INFO - SQLite database tables verified/created.
2026-08-21 15:30:16,701 - INFO - Initializing CCXT Binance in TESTNET mode.
2026-08-21 15:30:36,096 - INFO - [bot-1787212198437-798e] Pre-flight instrument resolved: BTC/USDT (SPOT via binance_spot)
2026-08-21 15:30:36,581 - INFO - [bot-1787212198437-798e] Starting signal check cycle for BTC/USDT (5m)...
2026-08-21 15:30:36,998 - INFO - Fetching recent candles for BTC/USDT (5m) [Bot: bot-1787212198437-798e] via ProviderManager...
/Users/ashishparadkar/Downloads/algo-code-main/.venv/lib/python3.9/site-packages/urllib3/__init__.py:35: NotOpenSSLWarning: urllib3 v2 only supports OpenSSL 1.1.1+, currently the 'ssl' module is compiled with 'LibreSSL 2.8.3'. See: https://github.com/urllib3/urllib3/issues/3020
  warnings.warn(
2026-08-21 18:13:25,290 - INFO - Bot state startup reconciliation finished: 0 bot(s) reconciled to STOPPED.
2026-08-21 18:13:25,694 - INFO - Telegram notification service initialized successfully (Chat ID: 5657...)
2026-08-21 18:13:25,707 - INFO - Initializing scheduled trading bot live runner for bot-1787212198437-798e...
2026-08-21 18:13:26,295 - INFO - SQLite database tables verified/created.
2026-08-21 18:13:26,849 - INFO - Initializing CCXT Binance in TESTNET mode.
2026-08-21 18:14:00,881 - INFO - [bot-1787212198437-798e] Pre-flight instrument resolved: BTC/USDT (SPOT via binance_spot)
2026-08-21 18:14:01,909 - INFO - [bot-1787212198437-798e] Starting signal check cycle for BTC/USDT (5m)...
2026-08-21 18:14:01,941 - INFO - Fetching recent candles for BTC/USDT (5m) [Bot: bot-1787212198437-798e] via ProviderManager...
/Users/ashishparadkar/Downloads/algo-code-main/.venv/lib/python3.9/site-packages/urllib3/__init__.py:35: NotOpenSSLWarning: urllib3 v2 only supports OpenSSL 1.1.1+, currently the 'ssl' module is compiled with 'LibreSSL 2.8.3'. See: https://github.com/urllib3/urllib3/issues/3020
  warnings.warn(
2026-08-21 20:26:57,376 - INFO - Bot state startup reconciliation finished: 0 bot(s) reconciled to STOPPED.
2026-08-21 20:26:58,562 - INFO - Telegram notification service initialized successfully (Chat ID: 5657...)
2026-08-21 20:26:58,572 - INFO - Initializing scheduled trading bot live runner for bot-1787212198437-798e...
2026-08-21 20:26:59,242 - INFO - SQLite database tables verified/created.
2026-08-21 20:27:00,099 - INFO - Initializing CCXT Binance in TESTNET mode.
2026-08-21 20:27:25,229 - INFO - [bot-1787212198437-798e] Pre-flight instrument resolved: BTC/USDT (SPOT via binance_spot)
2026-08-21 20:27:25,277 - INFO - [bot-1787212198437-798e] Starting signal check cycle for BTC/USDT (5m)...
2026-08-21 20:27:25,289 - INFO - Fetching recent candles for BTC/USDT (5m) [Bot: bot-1787212198437-798e] via ProviderManager...
/Users/ashishparadkar/Downloads/algo-code-main/.venv/lib/python3.9/site-packages/urllib3/__init__.py:35: NotOpenSSLWarning: urllib3 v2 only supports OpenSSL 1.1.1+, currently the 'ssl' module is compiled with 'LibreSSL 2.8.3'. See: https://github.com/urllib3/urllib3/issues/3020
  warnings.warn(
2026-08-21 21:32:38,343 - INFO - Bot state startup reconciliation finished: 0 bot(s) reconciled to STOPPED.
2026-08-21 21:32:39,411 - INFO - Telegram notification service initialized successfully (Chat ID: 5657...)
2026-08-21 21:32:39,428 - INFO - Initializing scheduled trading bot live runner for bot-1787212198437-798e...
2026-08-21 21:32:40,029 - INFO - SQLite database tables verified/created.
2026-08-21 21:32:40,731 - INFO - Initializing CCXT Binance in TESTNET mode.
2026-08-21 21:33:23,902 - INFO - [bot-1787212198437-798e] Pre-flight instrument resolved: BTC/USDT (SPOT via binance_spot)
2026-08-21 21:33:24,810 - INFO - [bot-1787212198437-798e] Starting signal check cycle for BTC/USDT (5m)...
2026-08-21 21:33:25,258 - INFO - Fetching recent candles for BTC/USDT (5m) [Bot: bot-1787212198437-798e] via ProviderManager...
2026-08-21 21:43:19,919 - INFO - Indicators computed | close=76985.01 ema_9=77214.14 ema_20=77280.23 ema_50=77237.32 ema_200=76060.33 macd=-22.4647 poc=64250.0 val=64025.0 vah=74325.0
2026-08-21 21:43:22,633 - INFO - [bot-1787212198437-798e] Evaluating strategy on completed candle: 2026-08-21 16:05:00+00:00 at Close price: 76962.00
2026-08-21 21:43:33,629 - INFO - SHORT signal blocked | Trend blocked (Close 76962.00 >= EMA200 76051.04) | Momentum blocked (MACD 3.0900 >= 0) | Location blocked (Close 76962.00 outside Value Area [62744.50 - 75811.50], VAL=64025.00, VAH=74325.00) | context={'close': 76962.0, 'ema_9': 77271.42691582377, 'ema_20': 77311.30652203494, 'ema_50': 77247.61567582296, 'ema_200': 76051.03583941142, 'macd_line': 3.089965001359815, 'macd_signal': 72.7531430614222, 'macd_hist': -69.66317806006238, 'poc': np.float64(64250.0), 'val': np.float64(64025.0), 'vah': np.float64(74325.0)}
2026-08-21 21:43:38,604 - INFO - Confluence Evaluation | Regime: TRENDING (ADX=29.8) | Direction: HOLD | BullScore: 0.0% | BearScore: 55.9% | Active: ['ema_9', 'ema_20', 'rsi', 'vwap', 'supertrend', 'atr']
2026-08-21 21:43:38,699 - INFO - Signal evaluated: HOLD. Reason/Details: SHORT setup blocked: Trend blocked (Close 76962.00 >= EMA200 76051.04) | Momentum blocked (MACD 3.0900 >= 0) | Location blocked (Close 76962.00 outside Value Area [62744.50 - 75811.50], VAL=64025.00, VAH=74325.00)
2026-08-21 21:43:48,865 - INFO - Logged heartbeat status: OK
2026-08-21 21:43:56,979 - INFO - Adding job tentatively -- it will be properly scheduled when the scheduler starts
2026-08-21 21:43:57,037 - INFO - Bot bot-1787212198437-798e scheduled to check every 5 minutes.
2026-08-21 21:44:00,651 - INFO - Added job "LiveRunner.process_cycle" to job store "default"
2026-08-21 21:44:00,651 - INFO - Scheduler started
2026-08-21 21:49:01,402 - WARNING - Run time of job "LiveRunner.process_cycle (trigger: interval[0:05:00], next run at: 2026-08-21 21:53:54 IST)" was missed by 0:00:05.784018
2026-08-21 21:53:58,014 - WARNING - Run time of job "LiveRunner.process_cycle (trigger: interval[0:05:00], next run at: 2026-08-21 21:58:54 IST)" was missed by 0:00:02.357133
2026-08-21 21:58:57,063 - WARNING - Run time of job "LiveRunner.process_cycle (trigger: interval[0:05:00], next run at: 2026-08-21 22:03:54 IST)" was missed by 0:00:01.944487
2026-08-21 22:03:55,045 - INFO - Running job "LiveRunner.process_cycle (trigger: interval[0:05:00], next run at: 2026-08-21 22:08:54 IST)" (scheduled at 2026-08-21 22:03:54.786735+05:30)
2026-08-21 22:03:55,359 - INFO - [bot-1787212198437-798e] Starting signal check cycle for BTC/USDT (5m)...
2026-08-21 22:03:55,889 - INFO - Fetching recent candles for BTC/USDT (5m) [Bot: bot-1787212198437-798e] via ProviderManager...
2026-08-21 22:04:03,367 - INFO - Indicators computed | close=77340.51 ema_9=77240.13 ema_20=77266.59 ema_50=77236.02 ema_200=76105.92 macd=-13.4897 poc=69350.0 val=64025.0 vah=74450.0
2026-08-21 22:04:03,378 - INFO - [bot-1787212198437-798e] Evaluating strategy on completed candle: 2026-08-21 16:25:00+00:00 at Close price: 77383.87
2026-08-21 22:04:03,528 - INFO - Confluence Evaluation | Regime: TRENDING (ADX=39.1) | Direction: LONG | BullScore: 88.2% | BearScore: 11.8% | Active: ['ema_9', 'ema_20', 'rsi', 'vwap', 'supertrend', 'atr']
2026-08-21 22:04:03,738 - INFO - Capping position size 0.443892 BTC to available cash equivalent 0.193839 BTC.
2026-08-21 22:04:03,882 - INFO - Created pending signal approval ID 220 for bot bot-1787212198437-798e (LONG @ $77383.87, status: WAITING_APPROVAL)
2026-08-21 22:04:04,073 - INFO - [bot-1787212198437-798e] Signal LONG generated (ID: 220). Waiting for manual user approval.
2026-08-21 22:04:04,393 - INFO - Logged heartbeat status: OK
2026-08-21 22:04:04,394 - INFO - Job "LiveRunner.process_cycle (trigger: interval[0:05:00], next run at: 2026-08-21 22:08:54 IST)" executed successfully
2026-08-21 22:08:54,812 - INFO - Running job "LiveRunner.process_cycle (trigger: interval[0:05:00], next run at: 2026-08-21 22:13:54 IST)" (scheduled at 2026-08-21 22:08:54.786735+05:30)
2026-08-21 22:08:54,878 - INFO - [bot-1787212198437-798e] Starting signal check cycle for BTC/USDT (5m)...
2026-08-21 22:08:54,961 - INFO - Fetching recent candles for BTC/USDT (5m) [Bot: bot-1787212198437-798e] via ProviderManager...
2026-08-21 22:08:56,177 - INFO - Indicators computed | close=77264.01 ema_9=77244.52 ema_20=77266.14 ema_50=77237.03 ema_200=76117.42 macd=-11.6572 poc=69350.0 val=64025.0 vah=74475.0
2026-08-21 22:08:56,178 - INFO - [bot-1787212198437-798e] Evaluating strategy on completed candle: 2026-08-21 16:30:00+00:00 at Close price: 77338.12
2026-08-21 22:08:56,255 - INFO - Confluence Evaluation | Regime: TRENDING (ADX=39.7) | Direction: HOLD | BullScore: 44.1% | BearScore: 55.9% | Active: ['ema_9', 'ema_20', 'rsi', 'vwap', 'supertrend', 'atr']
2026-08-21 22:08:56,456 - INFO - Signal evaluated: HOLD. Reason/Details: Confluence score: 56% (HOLD)
2026-08-21 22:08:56,753 - INFO - Logged heartbeat status: OK
2026-08-21 22:08:56,754 - INFO - Job "LiveRunner.process_cycle (trigger: interval[0:05:00], next run at: 2026-08-21 22:13:54 IST)" executed successfully
2026-08-21 22:13:54,808 - INFO - Running job "LiveRunner.process_cycle (trigger: interval[0:05:00], next run at: 2026-08-21 22:18:54 IST)" (scheduled at 2026-08-21 22:13:54.786735+05:30)
2026-08-21 22:13:54,842 - INFO - [bot-1787212198437-798e] Starting signal check cycle for BTC/USDT (5m)...
2026-08-21 22:13:54,907 - INFO - Fetching recent candles for BTC/USDT (5m) [Bot: bot-1787212198437-798e] via ProviderManager...
2026-08-21 22:13:56,085 - INFO - Indicators computed | close=77319.21 ema_9=77267.82 ema_20=77275.70 ema_50=77242.22 ema_200=76129.90 macd=-2.3165 poc=69350.0 val=64025.0 vah=74475.0
2026-08-21 22:13:56,086 - INFO - [bot-1787212198437-798e] Evaluating strategy on completed candle: 2026-08-21 16:35:00+00:00 at Close price: 77316.28
2026-08-21 22:13:56,406 - INFO - Confluence Evaluation | Regime: TRENDING (ADX=39.7) | Direction: HOLD | BullScore: 44.1% | BearScore: 55.9% | Active: ['ema_9', 'ema_20', 'rsi', 'vwap', 'supertrend', 'atr']
2026-08-21 22:13:56,552 - INFO - Signal evaluated: HOLD. Reason/Details: Confluence score: 56% (HOLD)
2026-08-21 22:13:56,770 - INFO - Logged heartbeat status: OK
2026-08-21 22:13:56,770 - INFO - Job "LiveRunner.process_cycle (trigger: interval[0:05:00], next run at: 2026-08-21 22:18:54 IST)" executed successfully
2026-08-21 22:18:54,806 - INFO - Running job "LiveRunner.process_cycle (trigger: interval[0:05:00], next run at: 2026-08-21 22:23:54 IST)" (scheduled at 2026-08-21 22:18:54.786735+05:30)
2026-08-21 22:18:54,853 - INFO - [bot-1787212198437-798e] Starting signal check cycle for BTC/USDT (5m)...
2026-08-21 22:18:54,935 - INFO - Fetching recent candles for BTC/USDT (5m) [Bot: bot-1787212198437-798e] via ProviderManager...
2026-08-21 22:18:55,487 - INFO - Indicators computed | close=77418.01 ema_9=77304.71 ema_20=77292.94 ema_50=77250.73 ema_200=76143.14 macd=12.2806 poc=69350.0 val=64025.0 vah=74500.0
2026-08-21 22:18:55,489 - INFO - [bot-1787212198437-798e] Evaluating strategy on completed candle: 2026-08-21 16:40:00+00:00 at Close price: 77362.04
2026-08-21 22:18:55,552 - INFO - Confluence Evaluation | Regime: TRENDING (ADX=40.2) | Direction: LONG | BullScore: 88.2% | BearScore: 11.8% | Active: ['ema_9', 'ema_20', 'rsi', 'vwap', 'supertrend', 'atr']
2026-08-21 22:18:55,696 - INFO - Capping position size 0.791348 BTC to available cash equivalent 0.193894 BTC.
2026-08-21 22:18:55,704 - INFO - [bot-1787212198437-798e] Signal LONG active pending approval already exists (ID: 220).
2026-08-21 22:18:55,982 - INFO - Logged heartbeat status: OK
2026-08-21 22:18:55,982 - INFO - Job "LiveRunner.process_cycle (trigger: interval[0:05:00], next run at: 2026-08-21 22:23:54 IST)" executed successfully
2026-08-21 22:23:54,831 - INFO - Running job "LiveRunner.process_cycle (trigger: interval[0:05:00], next run at: 2026-08-21 22:28:54 IST)" (scheduled at 2026-08-21 22:23:54.786735+05:30)
2026-08-21 22:23:54,873 - INFO - [bot-1787212198437-798e] Starting signal check cycle for BTC/USDT (5m)...
2026-08-21 22:23:54,919 - INFO - Fetching recent candles for BTC/USDT (5m) [Bot: bot-1787212198437-798e] via ProviderManager...
2026-08-21 22:23:55,462 - INFO - Indicators computed | close=77468.01 ema_9=77355.32 ema_20=77319.28 ema_50=77263.47 ema_200=76157.42 macd=31.7982 poc=69350.0 val=64025.0 vah=74525.0
2026-08-21 22:23:55,464 - INFO - [bot-1787212198437-798e] Evaluating strategy on completed candle: 2026-08-21 16:45:00+00:00 at Close price: 77530.19
2026-08-21 22:23:55,540 - INFO - LONG signal blocked | Location blocked (Close 77530.19 outside Value Area [62744.50 - 76015.50], VAL=64025.00, VAH=74525.00) | context={'close': 77530.19, 'ema_9': 77327.14786556269, 'ema_20': 77303.62543003306, 'ema_50': 77255.12450110391, 'ema_200': 76144.25262187838, 'macd_line': 21.229475276821177, 'macd_signal': 6.32280964717363, 'macd_hist': 14.906665629647547, 'poc': np.float64(69350.0), 'val': np.float64(64025.0), 'vah': np.float64(74525.0)}
2026-08-21 22:23:55,550 - INFO - Confluence Evaluation | Regime: TRENDING (ADX=39.6) | Direction: LONG | BullScore: 88.2% | BearScore: 11.8% | Active: ['ema_9', 'ema_20', 'rsi', 'vwap', 'supertrend', 'atr']
2026-08-21 22:23:55,809 - INFO - Signal evaluated: HOLD. Reason/Details: Confluence score: 88% (LONG) meets 75% threshold
2026-08-21 22:23:56,150 - INFO - Logged heartbeat status: OK
2026-08-21 22:23:56,150 - INFO - Job "LiveRunner.process_cycle (trigger: interval[0:05:00], next run at: 2026-08-21 22:28:54 IST)" executed successfully
2026-08-21 22:28:54,846 - INFO - Running job "LiveRunner.process_cycle (trigger: interval[0:05:00], next run at: 2026-08-21 22:33:54 IST)" (scheduled at 2026-08-21 22:28:54.786735+05:30)
2026-08-21 22:28:54,879 - INFO - [bot-1787212198437-798e] Starting signal check cycle for BTC/USDT (5m)...
2026-08-21 22:28:55,036 - INFO - Fetching recent candles for BTC/USDT (5m) [Bot: bot-1787212198437-798e] via ProviderManager...
2026-08-21 22:28:55,662 - INFO - Indicators computed | close=77529.99 ema_9=77390.57 ema_20=77339.52 ema_50=77274.00 ema_200=76171.10 macd=44.7829 poc=69350.0 val=64025.0 vah=74550.0
2026-08-21 22:28:55,663 - INFO - [bot-1787212198437-798e] Evaluating strategy on completed candle: 2026-08-21 16:50:00+00:00 at Close price: 77470.00
2026-08-21 22:28:55,775 - INFO - Confluence Evaluation | Regime: TRENDING (ADX=39.0) | Direction: HOLD | BullScore: 44.1% | BearScore: 55.9% | Active: ['ema_9', 'ema_20', 'rsi', 'vwap', 'supertrend', 'atr']
2026-08-21 22:28:55,890 - INFO - Signal evaluated: HOLD. Reason/Details: Confluence score: 56% (HOLD)
2026-08-21 22:28:56,126 - INFO - Logged heartbeat status: OK
2026-08-21 22:28:56,126 - INFO - Job "LiveRunner.process_cycle (trigger: interval[0:05:00], next run at: 2026-08-21 22:33:54 IST)" executed successfully
2026-08-21 22:33:54,831 - INFO - Running job "LiveRunner.process_cycle (trigger: interval[0:05:00], next run at: 2026-08-21 22:38:54 IST)" (scheduled at 2026-08-21 22:33:54.786735+05:30)
2026-08-21 22:33:54,873 - INFO - [bot-1787212198437-798e] Starting signal check cycle for BTC/USDT (5m)...
2026-08-21 22:33:54,886 - INFO - Fetching recent candles for BTC/USDT (5m) [Bot: bot-1787212198437-798e] via ProviderManager...
2026-08-21 22:33:56,180 - INFO - Indicators computed | close=77559.67 ema_9=77417.36 ema_20=77356.70 ema_50=77283.55 ema_200=76184.49 macd=53.9804 poc=69350.0 val=64025.0 vah=74550.0
2026-08-21 22:33:56,183 - INFO - [bot-1787212198437-798e] Evaluating strategy on completed candle: 2026-08-21 16:55:00+00:00 at Close price: 77486.01
2026-08-21 22:33:56,309 - INFO - Confluence Evaluation | Regime: TRENDING (ADX=37.1) | Direction: LONG | BullScore: 100.0% | BearScore: 0.0% | Active: ['ema_9', 'ema_20', 'rsi', 'vwap', 'supertrend', 'atr']
2026-08-21 22:33:56,402 - INFO - Capping position size 0.927013 BTC to available cash equivalent 0.193583 BTC.
2026-08-21 22:33:56,438 - INFO - [bot-1787212198437-798e] Signal LONG active pending approval already exists (ID: 220).
2026-08-21 22:33:56,501 - INFO - Logged heartbeat status: OK
2026-08-21 22:33:56,501 - INFO - Job "LiveRunner.process_cycle (trigger: interval[0:05:00], next run at: 2026-08-21 22:38:54 IST)" executed successfully
2026-08-21 22:38:54,895 - INFO - Running job "LiveRunner.process_cycle (trigger: interval[0:05:00], next run at: 2026-08-21 22:43:54 IST)" (scheduled at 2026-08-21 22:38:54.786735+05:30)
2026-08-21 22:38:54,908 - INFO - [bot-1787212198437-798e] Starting signal check cycle for BTC/USDT (5m)...
2026-08-21 22:38:54,928 - INFO - Fetching recent candles for BTC/USDT (5m) [Bot: bot-1787212198437-798e] via ProviderManager...
2026-08-21 22:38:55,530 - INFO - Indicators computed | close=77680.00 ema_9=77463.86 ema_20=77384.24 ema_50=77297.67 ema_200=76199.00 macd=70.5988 poc=69350.0 val=64025.0 vah=74575.0
2026-08-21 22:38:55,531 - INFO - [bot-1787212198437-798e] Evaluating strategy on completed candle: 2026-08-21 17:00:00+00:00 at Close price: 77522.00
2026-08-21 22:38:55,595 - INFO - Confluence Evaluation | Regime: TRENDING (ADX=34.7) | Direction: LONG | BullScore: 100.0% | BearScore: 0.0% | Active: ['ema_9', 'ema_20', 'rsi', 'vwap', 'supertrend', 'atr']
2026-08-21 22:38:55,655 - INFO - Capping position size 0.922311 BTC to available cash equivalent 0.193493 BTC.
2026-08-21 22:38:55,753 - INFO - Created pending signal approval ID 265 for bot bot-1787212198437-798e (LONG @ $77522.00, status: WAITING_APPROVAL)
2026-08-21 22:38:55,812 - INFO - [bot-1787212198437-798e] Signal LONG generated (ID: 265). Waiting for manual user approval.
2026-08-21 22:38:56,044 - INFO - Logged heartbeat status: OK
2026-08-21 22:38:56,045 - INFO - Job "LiveRunner.process_cycle (trigger: interval[0:05:00], next run at: 2026-08-21 22:43:54 IST)" executed successfully
/Users/ashishparadkar/Downloads/algo-code-main/.venv/lib/python3.9/site-packages/urllib3/__init__.py:35: NotOpenSSLWarning: urllib3 v2 only supports OpenSSL 1.1.1+, currently the 'ssl' module is compiled with 'LibreSSL 2.8.3'. See: https://github.com/urllib3/urllib3/issues/3020
  warnings.warn(
2026-08-21 22:44:43,029 - INFO - Bot state startup reconciliation finished: 0 bot(s) reconciled to STOPPED.
2026-08-21 22:44:43,727 - INFO - Telegram notification service initialized successfully (Chat ID: 5657...)
2026-08-21 22:44:43,741 - INFO - Initializing scheduled trading bot live runner for bot-1787212198437-798e...
2026-08-21 22:44:44,281 - INFO - SQLite database tables verified/created.
2026-08-21 22:44:44,596 - INFO - Initializing CCXT Binance in TESTNET mode.
2026-08-21 22:45:17,240 - INFO - [bot-1787212198437-798e] Pre-flight instrument resolved: BTC/USDT (SPOT via binance_spot)
2026-08-21 22:45:18,351 - INFO - [bot-1787212198437-798e] Starting signal check cycle for BTC/USDT (5m)...
2026-08-21 22:45:18,712 - INFO - Fetching recent candles for BTC/USDT (5m) [Bot: bot-1787212198437-798e] via ProviderManager...
