/Users/ashishparadkar/Downloads/algo-code-main/.venv/lib/python3.9/site-packages/urllib3/__init__.py:35: NotOpenSSLWarning: urllib3 v2 only supports OpenSSL 1.1.1+, currently the 'ssl' module is compiled with 'LibreSSL 2.8.3'. See: https://github.com/urllib3/urllib3/issues/3020
  warnings.warn(
2026-08-20 22:17:57,740 - INFO - Bot state startup reconciliation finished: 0 bot(s) reconciled to STOPPED.
2026-08-20 22:17:58,749 - INFO - Telegram notification service initialized successfully (Chat ID: 5657...)
2026-08-20 22:17:59,052 - INFO - Initializing scheduled trading bot live runner for bot-1787212339639-1dd2...
2026-08-20 22:17:59,623 - INFO - SQLite database tables verified/created.
2026-08-20 22:18:00,548 - INFO - Initializing CCXT Binance in TESTNET mode.
2026-08-20 22:18:29,443 - INFO - [bot-1787212339639-1dd2] Pre-flight instrument resolved: ETH/USDT (SPOT via binance_spot)
2026-08-20 22:18:29,804 - INFO - [bot-1787212339639-1dd2] Starting signal check cycle for ETH/USDT (5m)...
2026-08-20 22:18:30,392 - INFO - Fetching recent candles for ETH/USDT (5m) [Bot: bot-1787212339639-1dd2] via ProviderManager...
2026-08-20 22:19:40,077 - INFO - Indicators computed | close=2344.23 ema_9=2331.51 ema_20=2320.16 ema_50=2304.36 ema_200=2258.20 macd=12.4090 poc=1900.0 val=1875.0 vah=2250.0
2026-08-20 22:19:40,089 - INFO - [bot-1787212339639-1dd2] Evaluating strategy on completed candle: 2026-08-20 16:40:00+00:00 at Close price: 2348.94
2026-08-20 22:19:40,167 - INFO - Confluence Evaluation | Regime: TRENDING (ADX=59.9) | Direction: LONG | BullScore: 82.6% | BearScore: 17.4% | Active: ['ema', 'macd', 'rsi', 'vp']
2026-08-20 22:19:41,014 - INFO - Capping position size 11.947431 BTC to available cash equivalent 8.514479 BTC.
2026-08-20 22:19:41,455 - INFO - Created pending signal approval ID 48 for bot bot-1787212339639-1dd2 (LONG @ $2348.94, status: WAITING_APPROVAL)
2026-08-20 22:19:41,545 - INFO - [bot-1787212339639-1dd2] Signal LONG generated (ID: 48). Waiting for manual user approval.
2026-08-20 22:19:42,440 - INFO - Logged heartbeat status: OK
2026-08-20 22:19:42,681 - INFO - Adding job tentatively -- it will be properly scheduled when the scheduler starts
2026-08-20 22:19:42,681 - INFO - Bot bot-1787212339639-1dd2 scheduled to check every 5 minutes.
2026-08-20 22:19:42,688 - INFO - Added job "LiveRunner.process_cycle" to job store "default"
2026-08-20 22:19:42,689 - INFO - Scheduler started
2026-08-20 22:24:42,846 - INFO - Running job "LiveRunner.process_cycle (trigger: interval[0:05:00], next run at: 2026-08-20 22:29:42 IST)" (scheduled at 2026-08-20 22:24:42.680633+05:30)
2026-08-20 22:24:42,923 - INFO - [bot-1787212339639-1dd2] Starting signal check cycle for ETH/USDT (5m)...
2026-08-20 22:24:42,998 - INFO - Fetching recent candles for ETH/USDT (5m) [Bot: bot-1787212339639-1dd2] via ProviderManager...
2026-08-20 22:24:44,456 - INFO - Indicators computed | close=2341.92 ema_9=2333.37 ema_20=2322.11 ema_50=2305.78 ema_200=2259.02 macd=12.5109 poc=1900.0 val=1875.0 vah=2250.0
2026-08-20 22:24:44,458 - INFO - [bot-1787212339639-1dd2] Evaluating strategy on completed candle: 2026-08-20 16:45:00+00:00 at Close price: 2342.79
2026-08-20 22:24:44,580 - INFO - Confluence Evaluation | Regime: TRENDING (ADX=61.0) | Direction: LONG | BullScore: 82.6% | BearScore: 17.4% | Active: ['ema', 'macd', 'rsi', 'vp']
2026-08-20 22:24:44,702 - INFO - Capping position size 15.100038 BTC to available cash equivalent 8.536830 BTC.
2026-08-20 22:24:44,753 - INFO - [bot-1787212339639-1dd2] Signal LONG active pending approval already exists (ID: 48).
2026-08-20 22:24:44,923 - INFO - Logged heartbeat status: OK
2026-08-20 22:24:44,924 - INFO - Job "LiveRunner.process_cycle (trigger: interval[0:05:00], next run at: 2026-08-20 22:29:42 IST)" executed successfully
2026-08-20 22:29:42,704 - INFO - Running job "LiveRunner.process_cycle (trigger: interval[0:05:00], next run at: 2026-08-20 22:34:42 IST)" (scheduled at 2026-08-20 22:29:42.680633+05:30)
2026-08-20 22:29:42,752 - INFO - [bot-1787212339639-1dd2] Starting signal check cycle for ETH/USDT (5m)...
2026-08-20 22:29:42,798 - INFO - Fetching recent candles for ETH/USDT (5m) [Bot: bot-1787212339639-1dd2] via ProviderManager...
2026-08-20 22:29:43,443 - INFO - Indicators computed | close=2346.11 ema_9=2335.79 ema_20=2324.33 ema_50=2307.34 ema_200=2259.88 macd=12.8263 poc=1900.0 val=1875.0 vah=2250.0
2026-08-20 22:29:43,444 - INFO - [bot-1787212339639-1dd2] Evaluating strategy on completed candle: 2026-08-20 16:50:00+00:00 at Close price: 2341.17
2026-08-20 22:29:43,516 - INFO - Confluence Evaluation | Regime: TRENDING (ADX=61.9) | Direction: LONG | BullScore: 82.6% | BearScore: 17.4% | Active: ['ema', 'macd', 'rsi', 'vp']
2026-08-20 22:29:43,614 - INFO - Capping position size 17.323517 BTC to available cash equivalent 8.542737 BTC.
2026-08-20 22:29:43,619 - INFO - [bot-1787212339639-1dd2] Signal LONG active pending approval already exists (ID: 48).
2026-08-20 22:29:43,824 - INFO - Logged heartbeat status: OK
2026-08-20 22:29:43,825 - INFO - Job "LiveRunner.process_cycle (trigger: interval[0:05:00], next run at: 2026-08-20 22:34:42 IST)" executed successfully
2026-08-20 22:34:42,731 - INFO - Running job "LiveRunner.process_cycle (trigger: interval[0:05:00], next run at: 2026-08-20 22:39:42 IST)" (scheduled at 2026-08-20 22:34:42.680633+05:30)
2026-08-20 22:34:42,784 - INFO - [bot-1787212339639-1dd2] Starting signal check cycle for ETH/USDT (5m)...
2026-08-20 22:34:42,844 - INFO - Fetching recent candles for ETH/USDT (5m) [Bot: bot-1787212339639-1dd2] via ProviderManager...
2026-08-20 22:34:43,327 - INFO - Indicators computed | close=2340.56 ema_9=2336.49 ema_20=2325.74 ema_50=2308.58 ema_200=2260.66 macd=12.4309 poc=1900.0 val=1875.0 vah=2250.0
2026-08-20 22:34:43,328 - INFO - [bot-1787212339639-1dd2] Evaluating strategy on completed candle: 2026-08-20 16:55:00+00:00 at Close price: 2344.48
2026-08-20 22:34:43,405 - INFO - Confluence Evaluation | Regime: TRENDING (ADX=61.7) | Direction: LONG | BullScore: 82.6% | BearScore: 17.4% | Active: ['ema', 'macd', 'rsi', 'vp']
2026-08-20 22:34:43,496 - INFO - Capping position size 18.214936 BTC to available cash equivalent 8.530676 BTC.
2026-08-20 22:34:43,510 - INFO - [bot-1787212339639-1dd2] Signal LONG active pending approval already exists (ID: 48).
2026-08-20 22:34:43,628 - INFO - Logged heartbeat status: OK
2026-08-20 22:34:43,628 - INFO - Job "LiveRunner.process_cycle (trigger: interval[0:05:00], next run at: 2026-08-20 22:39:42 IST)" executed successfully
2026-08-20 22:39:42,727 - INFO - Running job "LiveRunner.process_cycle (trigger: interval[0:05:00], next run at: 2026-08-20 22:44:42 IST)" (scheduled at 2026-08-20 22:39:42.680633+05:30)
2026-08-20 22:39:42,767 - INFO - [bot-1787212339639-1dd2] Starting signal check cycle for ETH/USDT (5m)...
2026-08-20 22:39:42,878 - INFO - Fetching recent candles for ETH/USDT (5m) [Bot: bot-1787212339639-1dd2] via ProviderManager...
2026-08-20 22:39:43,411 - INFO - Indicators computed | close=2337.95 ema_9=2336.58 ema_20=2326.79 ema_50=2309.68 ema_200=2261.42 macd=11.7949 poc=1900.0 val=1875.0 vah=2250.0
2026-08-20 22:39:43,414 - INFO - [bot-1787212339639-1dd2] Evaluating strategy on completed candle: 2026-08-20 17:00:00+00:00 at Close price: 2339.29
2026-08-20 22:39:43,523 - INFO - Confluence Evaluation | Regime: TRENDING (ADX=59.6) | Direction: LONG | BullScore: 82.6% | BearScore: 17.4% | Active: ['ema', 'macd', 'rsi', 'vp']
2026-08-20 22:39:43,643 - INFO - Capping position size 32.786885 BTC to available cash equivalent 8.549603 BTC.
2026-08-20 22:39:43,704 - INFO - [bot-1787212339639-1dd2] Signal LONG active pending approval already exists (ID: 48).
2026-08-20 22:39:43,929 - INFO - Logged heartbeat status: OK
2026-08-20 22:39:43,930 - INFO - Job "LiveRunner.process_cycle (trigger: interval[0:05:00], next run at: 2026-08-20 22:44:42 IST)" executed successfully
2026-08-20 22:44:42,694 - INFO - Running job "LiveRunner.process_cycle (trigger: interval[0:05:00], next run at: 2026-08-20 22:49:42 IST)" (scheduled at 2026-08-20 22:44:42.680633+05:30)
2026-08-20 22:44:42,707 - INFO - [bot-1787212339639-1dd2] Starting signal check cycle for ETH/USDT (5m)...
2026-08-20 22:44:42,748 - INFO - Fetching recent candles for ETH/USDT (5m) [Bot: bot-1787212339639-1dd2] via ProviderManager...
2026-08-20 22:44:43,164 - INFO - Indicators computed | close=2336.39 ema_9=2336.77 ema_20=2327.83 ema_50=2310.78 ema_200=2262.18 macd=11.2052 poc=1900.0 val=1875.0 vah=2250.0
2026-08-20 22:44:43,165 - INFO - [bot-1787212339639-1dd2] Evaluating strategy on completed candle: 2026-08-20 17:05:00+00:00 at Close price: 2339.38
2026-08-20 22:44:43,241 - INFO - Confluence Evaluation | Regime: TRENDING (ADX=56.4) | Direction: LONG | BullScore: 82.6% | BearScore: 17.4% | Active: ['ema', 'macd', 'rsi', 'vp']
2026-08-20 22:44:43,341 - INFO - Capping position size 63.593005 BTC to available cash equivalent 8.549274 BTC.
2026-08-20 22:44:43,346 - INFO - [bot-1787212339639-1dd2] Signal LONG active pending approval already exists (ID: 48).
2026-08-20 22:44:43,528 - INFO - Logged heartbeat status: OK
2026-08-20 22:44:43,529 - INFO - Job "LiveRunner.process_cycle (trigger: interval[0:05:00], next run at: 2026-08-20 22:49:42 IST)" executed successfully
2026-08-20 22:49:42,695 - INFO - Running job "LiveRunner.process_cycle (trigger: interval[0:05:00], next run at: 2026-08-20 22:54:42 IST)" (scheduled at 2026-08-20 22:49:42.680633+05:30)
2026-08-20 22:49:42,707 - INFO - [bot-1787212339639-1dd2] Starting signal check cycle for ETH/USDT (5m)...
2026-08-20 22:49:42,754 - INFO - Fetching recent candles for ETH/USDT (5m) [Bot: bot-1787212339639-1dd2] via ProviderManager...
2026-08-20 22:49:43,235 - INFO - Indicators computed | close=2339.89 ema_9=2337.61 ema_20=2329.09 ema_50=2311.97 ema_200=2262.97 macd=10.8879 poc=1900.0 val=1875.0 vah=2250.0
2026-08-20 22:49:43,236 - INFO - [bot-1787212339639-1dd2] Evaluating strategy on completed candle: 2026-08-20 17:10:00+00:00 at Close price: 2337.73
2026-08-20 22:49:43,276 - INFO - Confluence Evaluation | Regime: TRENDING (ADX=54.7) | Direction: HOLD | BullScore: 50.0% | BearScore: 17.4% | Active: ['ema', 'macd', 'rsi', 'vp']
2026-08-20 22:49:43,383 - INFO - Signal evaluated: HOLD. Reason/Details: Confluence score: 50% (HOLD)
2026-08-20 22:49:43,572 - INFO - Logged heartbeat status: OK
2026-08-20 22:49:43,572 - INFO - Job "LiveRunner.process_cycle (trigger: interval[0:05:00], next run at: 2026-08-20 22:54:42 IST)" executed successfully
2026-08-21 00:19:41,761 - WARNING - Run time of job "LiveRunner.process_cycle (trigger: interval[0:05:00], next run at: 2026-08-21 00:19:42 IST)" was missed by 0:04:59.070214
2026-08-21 00:19:42,681 - INFO - Running job "LiveRunner.process_cycle (trigger: interval[0:05:00], next run at: 2026-08-21 00:24:42 IST)" (scheduled at 2026-08-21 00:19:42.680633+05:30)
2026-08-21 00:19:42,699 - INFO - [bot-1787212339639-1dd2] Starting signal check cycle for ETH/USDT (5m)...
2026-08-21 00:19:42,745 - INFO - Fetching recent candles for ETH/USDT (5m) [Bot: bot-1787212339639-1dd2] via ProviderManager...
2026-08-21 00:19:52,819 - ERROR - Binance Spot Network Error: binance GET https://api.binance.com/api/v3/klines?interval=5m&limit=1000&symbol=ETHUSDT
--- Logging error ---
Traceback (most recent call last):
  File "/Users/ashishparadkar/Downloads/algo-code-main/.venv/lib/python3.9/site-packages/urllib3/connectionpool.py", line 534, in _make_request
    response = conn.getresponse()
  File "/Users/ashishparadkar/Downloads/algo-code-main/.venv/lib/python3.9/site-packages/urllib3/connection.py", line 571, in getresponse
    httplib_response = super().getresponse()
  File "/Library/Developer/CommandLineTools/Library/Frameworks/Python3.framework/Versions/3.9/lib/python3.9/http/client.py", line 1349, in getresponse
    response.begin()
  File "/Library/Developer/CommandLineTools/Library/Frameworks/Python3.framework/Versions/3.9/lib/python3.9/http/client.py", line 316, in begin
    version, status, reason = self._read_status()
  File "/Library/Developer/CommandLineTools/Library/Frameworks/Python3.framework/Versions/3.9/lib/python3.9/http/client.py", line 277, in _read_status
    line = str(self.fp.readline(_MAXLINE + 1), "iso-8859-1")
  File "/Library/Developer/CommandLineTools/Library/Frameworks/Python3.framework/Versions/3.9/lib/python3.9/socket.py", line 704, in readinto
    return self._sock.recv_into(b)
  File "/Library/Developer/CommandLineTools/Library/Frameworks/Python3.framework/Versions/3.9/lib/python3.9/ssl.py", line 1241, in recv_into
    return self.read(nbytes, buffer)
  File "/Library/Developer/CommandLineTools/Library/Frameworks/Python3.framework/Versions/3.9/lib/python3.9/ssl.py", line 1099, in read
    return self._sslobj.read(len, buffer)
socket.timeout: The read operation timed out

The above exception was the direct cause of the following exception:

Traceback (most recent call last):
  File "/Users/ashishparadkar/Downloads/algo-code-main/.venv/lib/python3.9/site-packages/requests/adapters.py", line 644, in send
    resp = conn.urlopen(
  File "/Users/ashishparadkar/Downloads/algo-code-main/.venv/lib/python3.9/site-packages/urllib3/connectionpool.py", line 841, in urlopen
    retries = retries.increment(
  File "/Users/ashishparadkar/Downloads/algo-code-main/.venv/lib/python3.9/site-packages/urllib3/util/retry.py", line 490, in increment
    raise reraise(type(error), error, _stacktrace)
  File "/Users/ashishparadkar/Downloads/algo-code-main/.venv/lib/python3.9/site-packages/urllib3/util/util.py", line 39, in reraise
    raise value
  File "/Users/ashishparadkar/Downloads/algo-code-main/.venv/lib/python3.9/site-packages/urllib3/connectionpool.py", line 787, in urlopen
    response = self._make_request(
  File "/Users/ashishparadkar/Downloads/algo-code-main/.venv/lib/python3.9/site-packages/urllib3/connectionpool.py", line 536, in _make_request
    self._raise_timeout(err=e, url=url, timeout_value=read_timeout)
  File "/Users/ashishparadkar/Downloads/algo-code-main/.venv/lib/python3.9/site-packages/urllib3/connectionpool.py", line 367, in _raise_timeout
    raise ReadTimeoutError(
urllib3.exceptions.ReadTimeoutError: HTTPSConnectionPool(host='api.binance.com', port=443): Read timed out. (read timeout=10.0)

During handling of the above exception, another exception occurred:

Traceback (most recent call last):
  File "/Users/ashishparadkar/Downloads/algo-code-main/.venv/lib/python3.9/site-packages/ccxt/base/exchange.py", line 665, in fetch
    response = self.session.request(
  File "/Users/ashishparadkar/Downloads/algo-code-main/.venv/lib/python3.9/site-packages/requests/sessions.py", line 589, in request
    resp = self.send(prep, **send_kwargs)
  File "/Users/ashishparadkar/Downloads/algo-code-main/.venv/lib/python3.9/site-packages/requests/sessions.py", line 703, in send
    r = adapter.send(request, **kwargs)
  File "/Users/ashishparadkar/Downloads/algo-code-main/.venv/lib/python3.9/site-packages/requests/adapters.py", line 690, in send
    raise ReadTimeout(e, request=request)
requests.exceptions.ReadTimeout: HTTPSConnectionPool(host='api.binance.com', port=443): Read timed out. (read timeout=10.0)

The above exception was the direct cause of the following exception:

Traceback (most recent call last):
  File "/Users/ashishparadkar/Downloads/algo-code-main/src/provider_manager.py", line 351, in fetch_ohlcv_safe
    df = adapter.fetch_ohlcv(instrument, timeframe, limit=limit)
  File "/Users/ashishparadkar/Downloads/algo-code-main/src/provider_manager.py", line 211, in fetch_ohlcv
    raise net_err
  File "/Users/ashishparadkar/Downloads/algo-code-main/src/provider_manager.py", line 183, in fetch_ohlcv
    raw_candles = self.exchange.fetch_ohlcv(
  File "/Users/ashishparadkar/Downloads/algo-code-main/.venv/lib/python3.9/site-packages/ccxt/binance.py", line 4759, in fetch_ohlcv
    response = self.publicGetKlines(self.extend(request, params))
  File "/Users/ashishparadkar/Downloads/algo-code-main/.venv/lib/python3.9/site-packages/ccxt/base/types.py", line 35, in unbound_method
    return _self.request(self.path, self.api, self.method, params, config=self.config)
  File "/Users/ashishparadkar/Downloads/algo-code-main/.venv/lib/python3.9/site-packages/ccxt/binance.py", line 11724, in request
    response = self.fetch2(path, api, method, params, headers, body, config)
  File "/Users/ashishparadkar/Downloads/algo-code-main/.venv/lib/python3.9/site-packages/ccxt/base/exchange.py", line 5566, in fetch2
    raise e
  File "/Users/ashishparadkar/Downloads/algo-code-main/.venv/lib/python3.9/site-packages/ccxt/base/exchange.py", line 5549, in fetch2
    response = self.fetch(request['url'], request['method'], request['headers'], request['body'])
  File "/Users/ashishparadkar/Downloads/algo-code-main/.venv/lib/python3.9/site-packages/ccxt/base/exchange.py", line 698, in fetch
    raise RequestTimeout(details) from e
ccxt.base.errors.RequestTimeout: binance GET https://api.binance.com/api/v3/klines?interval=5m&limit=1000&symbol=ETHUSDT

During handling of the above exception, another exception occurred:

Traceback (most recent call last):
  File "/Library/Developer/CommandLineTools/Library/Frameworks/Python3.framework/Versions/3.9/lib/python3.9/logging/__init__.py", line 1083, in emit
    msg = self.format(record)
  File "/Library/Developer/CommandLineTools/Library/Frameworks/Python3.framework/Versions/3.9/lib/python3.9/logging/__init__.py", line 927, in format
    return fmt.format(record)
  File "/Library/Developer/CommandLineTools/Library/Frameworks/Python3.framework/Versions/3.9/lib/python3.9/logging/__init__.py", line 663, in format
    record.message = record.getMessage()
  File "/Library/Developer/CommandLineTools/Library/Frameworks/Python3.framework/Versions/3.9/lib/python3.9/logging/__init__.py", line 367, in getMessage
    msg = msg % self.args
TypeError: must be real number, not RequestTimeout
Call stack:
  File "/Library/Developer/CommandLineTools/Library/Frameworks/Python3.framework/Versions/3.9/lib/python3.9/threading.py", line 930, in _bootstrap
    self._bootstrap_inner()
  File "/Library/Developer/CommandLineTools/Library/Frameworks/Python3.framework/Versions/3.9/lib/python3.9/threading.py", line 973, in _bootstrap_inner
    self.run()
  File "/Library/Developer/CommandLineTools/Library/Frameworks/Python3.framework/Versions/3.9/lib/python3.9/threading.py", line 910, in run
    self._target(*self._args, **self._kwargs)
  File "/Library/Developer/CommandLineTools/Library/Frameworks/Python3.framework/Versions/3.9/lib/python3.9/concurrent/futures/thread.py", line 77, in _worker
    work_item.run()
  File "/Library/Developer/CommandLineTools/Library/Frameworks/Python3.framework/Versions/3.9/lib/python3.9/concurrent/futures/thread.py", line 52, in run
    result = self.fn(*self.args, **self.kwargs)
  File "/Users/ashishparadkar/Downloads/algo-code-main/.venv/lib/python3.9/site-packages/apscheduler/executors/base.py", line 131, in run_job
    retval = job.func(*job.args, **job.kwargs)
  File "/Users/ashishparadkar/Downloads/algo-code-main/src/live_runner.py", line 199, in process_cycle
    df, _ = self.provider_manager.fetch_ohlcv_safe(self.symbol, self.timeframe, limit=1000)
  File "/Users/ashishparadkar/Downloads/algo-code-main/src/provider_manager.py", line 362, in fetch_ohlcv_safe
    logger.warning(
Message: 'Retryable network failure for %s (Attempt %d/%d). Backing off %.2fs: %s'
Arguments: ('ETH/USDT', 1, 3, RequestTimeout('binance GET https://api.binance.com/api/v3/klines?interval=5m&limit=1000&symbol=ETHUSDT'))
2026-08-21 00:19:55,079 - INFO - Indicators computed | close=2319.05 ema_9=2323.07 ema_20=2328.10 ema_50=2321.80 ema_200=2274.46 macd=-2.6271 poc=2250.0 val=2000.0 vah=2350.0
2026-08-21 00:19:55,082 - INFO - [bot-1787212339639-1dd2] Evaluating strategy on completed candle: 2026-08-20 18:40:00+00:00 at Close price: 2316.79
2026-08-21 00:19:55,153 - INFO - Confluence Evaluation | Regime: TRENDING (ADX=41.8) | Direction: HOLD | BullScore: 0.0% | BearScore: 50.0% | Active: ['ema', 'macd', 'rsi', 'vp']
2026-08-21 00:19:55,267 - INFO - Signal evaluated: HOLD. Reason/Details: Confluence score: 50% (HOLD)
2026-08-21 00:19:55,405 - INFO - Logged heartbeat status: OK
2026-08-21 00:19:55,405 - INFO - Job "LiveRunner.process_cycle (trigger: interval[0:05:00], next run at: 2026-08-21 00:24:42 IST)" executed successfully
2026-08-21 00:24:42,749 - INFO - Running job "LiveRunner.process_cycle (trigger: interval[0:05:00], next run at: 2026-08-21 00:29:42 IST)" (scheduled at 2026-08-21 00:24:42.680633+05:30)
2026-08-21 00:24:42,798 - INFO - [bot-1787212339639-1dd2] Starting signal check cycle for ETH/USDT (5m)...
2026-08-21 00:24:42,884 - INFO - Fetching recent candles for ETH/USDT (5m) [Bot: bot-1787212339639-1dd2] via ProviderManager...
2026-08-21 00:24:43,345 - INFO - Indicators computed | close=2319.36 ema_9=2322.33 ema_20=2327.27 ema_50=2321.70 ema_200=2274.91 macd=-2.9095 poc=2250.0 val=2000.0 vah=2350.0
2026-08-21 00:24:43,346 - INFO - [bot-1787212339639-1dd2] Evaluating strategy on completed candle: 2026-08-20 18:45:00+00:00 at Close price: 2319.07
2026-08-21 00:24:43,427 - INFO - Confluence Evaluation | Regime: TRENDING (ADX=43.4) | Direction: HOLD | BullScore: 0.0% | BearScore: 50.0% | Active: ['ema', 'macd', 'rsi', 'vp']
2026-08-21 00:24:43,520 - INFO - Signal evaluated: HOLD. Reason/Details: Confluence score: 50% (HOLD)
2026-08-21 00:24:43,688 - INFO - Logged heartbeat status: OK
2026-08-21 00:24:43,688 - INFO - Job "LiveRunner.process_cycle (trigger: interval[0:05:00], next run at: 2026-08-21 00:29:42 IST)" executed successfully
/Users/ashishparadkar/Downloads/algo-code-main/.venv/lib/python3.9/site-packages/urllib3/__init__.py:35: NotOpenSSLWarning: urllib3 v2 only supports OpenSSL 1.1.1+, currently the 'ssl' module is compiled with 'LibreSSL 2.8.3'. See: https://github.com/urllib3/urllib3/issues/3020
  warnings.warn(
2026-08-21 06:21:23,662 - INFO - Bot state startup reconciliation finished: 0 bot(s) reconciled to STOPPED.
2026-08-21 06:21:24,668 - INFO - Telegram notification service initialized successfully (Chat ID: 5657...)
2026-08-21 06:21:24,714 - INFO - Initializing scheduled trading bot live runner for bot-1787212339639-1dd2...
2026-08-21 06:21:25,341 - INFO - SQLite database tables verified/created.
2026-08-21 06:21:26,093 - INFO - Initializing CCXT Binance in TESTNET mode.
2026-08-21 06:21:55,538 - INFO - [bot-1787212339639-1dd2] Pre-flight instrument resolved: ETH/USDT (SPOT via binance_spot)
2026-08-21 06:21:55,595 - INFO - [bot-1787212339639-1dd2] Starting signal check cycle for ETH/USDT (5m)...
2026-08-21 06:21:56,521 - INFO - Fetching recent candles for ETH/USDT (5m) [Bot: bot-1787212339639-1dd2] via ProviderManager...
2026-08-21 06:23:11,068 - INFO - Indicators computed | close=2344.77 ema_9=2340.07 ema_20=2334.45 ema_50=2327.66 ema_200=2300.40 macd=6.0148 poc=2250.0 val=2050.0 vah=2350.0
2026-08-21 06:23:11,077 - INFO - [bot-1787212339639-1dd2] Evaluating strategy on completed candle: 2026-08-21 00:45:00+00:00 at Close price: 2347.29
2026-08-21 06:23:11,353 - INFO - Confluence Evaluation | Regime: TRENDING (ADX=62.5) | Direction: LONG | BullScore: 82.6% | BearScore: 17.4% | Active: ['ema', 'macd', 'rsi', 'vp']
2026-08-21 06:23:11,505 - INFO - Capping position size 22.740193 BTC to available cash equivalent 8.520464 BTC.
2026-08-21 06:23:11,553 - INFO - Created pending signal approval ID 105 for bot bot-1787212339639-1dd2 (LONG @ $2347.29, status: WAITING_APPROVAL)
2026-08-21 06:23:11,577 - INFO - [bot-1787212339639-1dd2] Signal LONG generated (ID: 105). Waiting for manual user approval.
2026-08-21 06:23:11,779 - INFO - Logged heartbeat status: OK
2026-08-21 06:23:11,815 - INFO - Adding job tentatively -- it will be properly scheduled when the scheduler starts
2026-08-21 06:23:11,815 - INFO - Bot bot-1787212339639-1dd2 scheduled to check every 5 minutes.
2026-08-21 06:23:11,822 - INFO - Added job "LiveRunner.process_cycle" to job store "default"
2026-08-21 06:23:11,822 - INFO - Scheduler started
2026-08-21 06:28:11,956 - INFO - Running job "LiveRunner.process_cycle (trigger: interval[0:05:00], next run at: 2026-08-21 06:33:11 IST)" (scheduled at 2026-08-21 06:28:11.814442+05:30)
2026-08-21 06:28:12,062 - INFO - [bot-1787212339639-1dd2] Starting signal check cycle for ETH/USDT (5m)...
2026-08-21 06:28:12,124 - INFO - Fetching recent candles for ETH/USDT (5m) [Bot: bot-1787212339639-1dd2] via ProviderManager...
2026-08-21 06:28:12,973 - INFO - Indicators computed | close=2339.82 ema_9=2339.54 ema_20=2334.71 ema_50=2328.02 ema_200=2300.77 macd=5.5060 poc=2250.0 val=2050.0 vah=2350.0
2026-08-21 06:28:12,981 - INFO - [bot-1787212339639-1dd2] Evaluating strategy on completed candle: 2026-08-21 00:50:00+00:00 at Close price: 2341.81
2026-08-21 06:28:13,102 - INFO - Confluence Evaluation | Regime: TRENDING (ADX=62.6) | Direction: LONG | BullScore: 82.6% | BearScore: 17.4% | Active: ['ema', 'macd', 'rsi', 'vp']
2026-08-21 06:28:13,190 - INFO - Capping position size 33.030553 BTC to available cash equivalent 8.540403 BTC.
2026-08-21 06:28:13,204 - INFO - [bot-1787212339639-1dd2] Signal LONG active pending approval already exists (ID: 105).
2026-08-21 06:28:13,328 - INFO - Logged heartbeat status: OK
2026-08-21 06:28:13,328 - INFO - Job "LiveRunner.process_cycle (trigger: interval[0:05:00], next run at: 2026-08-21 06:33:11 IST)" executed successfully
2026-08-21 06:33:11,864 - INFO - Running job "LiveRunner.process_cycle (trigger: interval[0:05:00], next run at: 2026-08-21 06:38:11 IST)" (scheduled at 2026-08-21 06:33:11.814442+05:30)
2026-08-21 06:33:11,885 - INFO - [bot-1787212339639-1dd2] Starting signal check cycle for ETH/USDT (5m)...
2026-08-21 06:33:11,926 - INFO - Fetching recent candles for ETH/USDT (5m) [Bot: bot-1787212339639-1dd2] via ProviderManager...
2026-08-21 06:33:12,821 - INFO - Indicators computed | close=2341.56 ema_9=2340.11 ema_20=2335.45 ema_50=2328.59 ema_200=2301.18 macd=5.4299 poc=2250.0 val=2050.0 vah=2350.0
2026-08-21 06:33:12,823 - INFO - [bot-1787212339639-1dd2] Evaluating strategy on completed candle: 2026-08-21 00:55:00+00:00 at Close price: 2340.82
2026-08-21 06:33:12,909 - INFO - Confluence Evaluation | Regime: TRENDING (ADX=61.1) | Direction: LONG | BullScore: 82.6% | BearScore: 17.4% | Active: ['ema', 'macd', 'rsi', 'vp']
2026-08-21 06:33:13,002 - INFO - Capping position size 35.971223 BTC to available cash equivalent 8.544014 BTC.
2026-08-21 06:33:13,056 - INFO - [bot-1787212339639-1dd2] Signal LONG active pending approval already exists (ID: 105).
2026-08-21 06:33:13,190 - INFO - Logged heartbeat status: OK
2026-08-21 06:33:13,191 - INFO - Job "LiveRunner.process_cycle (trigger: interval[0:05:00], next run at: 2026-08-21 06:38:11 IST)" executed successfully
2026-08-21 06:38:11,841 - INFO - Running job "LiveRunner.process_cycle (trigger: interval[0:05:00], next run at: 2026-08-21 06:43:11 IST)" (scheduled at 2026-08-21 06:38:11.814442+05:30)
2026-08-21 06:38:11,852 - INFO - [bot-1787212339639-1dd2] Starting signal check cycle for ETH/USDT (5m)...
2026-08-21 06:38:11,894 - INFO - Fetching recent candles for ETH/USDT (5m) [Bot: bot-1787212339639-1dd2] via ProviderManager...
2026-08-21 06:38:12,630 - INFO - Indicators computed | close=2344.83 ema_9=2341.23 ema_20=2336.43 ema_50=2329.27 ema_200=2301.63 macd=5.5740 poc=2250.0 val=2050.0 vah=2350.0
2026-08-21 06:38:12,633 - INFO - [bot-1787212339639-1dd2] Evaluating strategy on completed candle: 2026-08-21 01:00:00+00:00 at Close price: 2342.65
2026-08-21 06:38:12,692 - INFO - Confluence Evaluation | Regime: TRENDING (ADX=60.2) | Direction: LONG | BullScore: 82.6% | BearScore: 17.4% | Active: ['ema', 'macd', 'rsi', 'vp']
2026-08-21 06:38:12,794 - INFO - Capping position size 30.888031 BTC to available cash equivalent 8.537340 BTC.
2026-08-21 06:38:12,860 - INFO - [bot-1787212339639-1dd2] Signal LONG active pending approval already exists (ID: 105).
2026-08-21 06:38:12,993 - INFO - Logged heartbeat status: OK
2026-08-21 06:38:12,994 - INFO - Job "LiveRunner.process_cycle (trigger: interval[0:05:00], next run at: 2026-08-21 06:43:11 IST)" executed successfully
2026-08-21 06:43:11,836 - INFO - Running job "LiveRunner.process_cycle (trigger: interval[0:05:00], next run at: 2026-08-21 06:48:11 IST)" (scheduled at 2026-08-21 06:43:11.814442+05:30)
2026-08-21 06:43:11,850 - INFO - [bot-1787212339639-1dd2] Starting signal check cycle for ETH/USDT (5m)...
2026-08-21 06:43:11,927 - INFO - Fetching recent candles for ETH/USDT (5m) [Bot: bot-1787212339639-1dd2] via ProviderManager...
2026-08-21 06:43:13,513 - INFO - Indicators computed | close=2346.69 ema_9=2342.56 ema_20=2337.54 ema_50=2330.01 ema_200=2302.09 macd=5.7953 poc=2250.0 val=2050.0 vah=2350.0
2026-08-21 06:43:13,523 - INFO - [bot-1787212339639-1dd2] Evaluating strategy on completed candle: 2026-08-21 01:05:00+00:00 at Close price: 2346.32
2026-08-21 06:43:13,726 - INFO - Confluence Evaluation | Regime: TRENDING (ADX=59.3) | Direction: LONG | BullScore: 82.6% | BearScore: 17.4% | Active: ['ema', 'macd', 'rsi', 'vp']
2026-08-21 06:43:13,979 - INFO - Capping position size 28.149191 BTC to available cash equivalent 8.523986 BTC.
2026-08-21 06:43:13,998 - INFO - [bot-1787212339639-1dd2] Signal LONG active pending approval already exists (ID: 105).
2026-08-21 06:43:14,178 - INFO - Logged heartbeat status: OK
2026-08-21 06:43:14,178 - INFO - Job "LiveRunner.process_cycle (trigger: interval[0:05:00], next run at: 2026-08-21 06:48:11 IST)" executed successfully
2026-08-21 06:48:11,874 - INFO - Running job "LiveRunner.process_cycle (trigger: interval[0:05:00], next run at: 2026-08-21 06:53:11 IST)" (scheduled at 2026-08-21 06:48:11.814442+05:30)
2026-08-21 06:48:11,954 - INFO - [bot-1787212339639-1dd2] Starting signal check cycle for ETH/USDT (5m)...
2026-08-21 06:48:12,025 - INFO - Fetching recent candles for ETH/USDT (5m) [Bot: bot-1787212339639-1dd2] via ProviderManager...
2026-08-21 06:48:13,241 - INFO - Indicators computed | close=2355.56 ema_9=2345.01 ema_20=2339.17 ema_50=2330.97 ema_200=2302.61 macd=6.4593 poc=2250.0 val=2050.0 vah=2350.0
2026-08-21 06:48:13,247 - INFO - [bot-1787212339639-1dd2] Evaluating strategy on completed candle: 2026-08-21 01:10:00+00:00 at Close price: 2345.75
2026-08-21 06:48:13,333 - INFO - Confluence Evaluation | Regime: TRENDING (ADX=58.8) | Direction: LONG | BullScore: 82.6% | BearScore: 17.4% | Active: ['ema', 'macd', 'rsi', 'vp']
2026-08-21 06:48:13,474 - INFO - Capping position size 29.325513 BTC to available cash equivalent 8.526058 BTC.
2026-08-21 06:48:13,507 - INFO - [bot-1787212339639-1dd2] Signal LONG active pending approval already exists (ID: 105).
2026-08-21 06:48:13,614 - INFO - Logged heartbeat status: OK
2026-08-21 06:48:13,616 - INFO - Job "LiveRunner.process_cycle (trigger: interval[0:05:00], next run at: 2026-08-21 06:53:11 IST)" executed successfully
2026-08-21 06:53:11,928 - INFO - Running job "LiveRunner.process_cycle (trigger: interval[0:05:00], next run at: 2026-08-21 06:58:11 IST)" (scheduled at 2026-08-21 06:53:11.814442+05:30)
2026-08-21 06:53:11,939 - INFO - [bot-1787212339639-1dd2] Starting signal check cycle for ETH/USDT (5m)...
2026-08-21 06:53:11,957 - INFO - Fetching recent candles for ETH/USDT (5m) [Bot: bot-1787212339639-1dd2] via ProviderManager...
2026-08-21 06:53:12,375 - INFO - Indicators computed | close=2341.32 ema_9=2344.62 ema_20=2339.56 ema_50=2331.46 ema_200=2303.02 macd=5.9617 poc=2250.0 val=2050.0 vah=2350.0
2026-08-21 06:53:12,378 - INFO - [bot-1787212339639-1dd2] Evaluating strategy on completed candle: 2026-08-21 01:15:00+00:00 at Close price: 2357.72
2026-08-21 06:53:12,489 - INFO - Confluence Evaluation | Regime: TRENDING (ADX=58.6) | Direction: LONG | BullScore: 82.6% | BearScore: 17.4% | Active: ['ema', 'macd', 'rsi', 'vp']
2026-08-21 06:53:12,617 - INFO - Capping position size 15.618899 BTC to available cash equivalent 8.482771 BTC.
2026-08-21 06:53:12,720 - INFO - Created pending signal approval ID 135 for bot bot-1787212339639-1dd2 (LONG @ $2357.72, status: WAITING_APPROVAL)
2026-08-21 06:53:12,846 - INFO - [bot-1787212339639-1dd2] Signal LONG generated (ID: 135). Waiting for manual user approval.
2026-08-21 06:53:13,017 - INFO - Logged heartbeat status: OK
2026-08-21 06:53:13,025 - INFO - Job "LiveRunner.process_cycle (trigger: interval[0:05:00], next run at: 2026-08-21 06:58:11 IST)" executed successfully
2026-08-21 06:58:11,861 - INFO - Running job "LiveRunner.process_cycle (trigger: interval[0:05:00], next run at: 2026-08-21 07:03:11 IST)" (scheduled at 2026-08-21 06:58:11.814442+05:30)
2026-08-21 06:58:11,942 - INFO - [bot-1787212339639-1dd2] Starting signal check cycle for ETH/USDT (5m)...
2026-08-21 06:58:12,004 - INFO - Fetching recent candles for ETH/USDT (5m) [Bot: bot-1787212339639-1dd2] via ProviderManager...
2026-08-21 06:58:12,531 - INFO - Indicators computed | close=2347.10 ema_9=2345.77 ema_20=2340.63 ema_50=2332.23 ema_200=2303.50 macd=6.0819 poc=2250.0 val=2050.0 vah=2350.0
2026-08-21 06:58:12,535 - INFO - [bot-1787212339639-1dd2] Evaluating strategy on completed candle: 2026-08-21 01:20:00+00:00 at Close price: 2345.41
2026-08-21 06:58:12,840 - INFO - Confluence Evaluation | Regime: TRENDING (ADX=56.9) | Direction: LONG | BullScore: 82.6% | BearScore: 17.4% | Active: ['ema', 'macd', 'rsi', 'vp']
2026-08-21 06:58:13,119 - INFO - Capping position size 41.025641 BTC to available cash equivalent 8.527294 BTC.
2026-08-21 06:58:13,131 - INFO - [bot-1787212339639-1dd2] Signal LONG active pending approval already exists (ID: 135).
2026-08-21 06:58:13,235 - INFO - Logged heartbeat status: OK
2026-08-21 06:58:13,235 - INFO - Job "LiveRunner.process_cycle (trigger: interval[0:05:00], next run at: 2026-08-21 07:03:11 IST)" executed successfully
2026-08-21 07:03:11,834 - INFO - Running job "LiveRunner.process_cycle (trigger: interval[0:05:00], next run at: 2026-08-21 07:08:11 IST)" (scheduled at 2026-08-21 07:03:11.814442+05:30)
2026-08-21 07:03:11,905 - INFO - [bot-1787212339639-1dd2] Starting signal check cycle for ETH/USDT (5m)...
2026-08-21 07:03:11,964 - INFO - Fetching recent candles for ETH/USDT (5m) [Bot: bot-1787212339639-1dd2] via ProviderManager...
2026-08-21 07:03:12,297 - INFO - Indicators computed | close=2365.08 ema_9=2350.59 ema_20=2343.48 ema_50=2333.74 ema_200=2304.17 macd=7.6549 poc=2250.0 val=2050.0 vah=2350.0
2026-08-21 07:03:12,298 - INFO - [bot-1787212339639-1dd2] Evaluating strategy on completed candle: 2026-08-21 01:25:00+00:00 at Close price: 2353.10
2026-08-21 07:03:12,364 - INFO - Confluence Evaluation | Regime: TRENDING (ADX=54.3) | Direction: LONG | BullScore: 82.6% | BearScore: 17.4% | Active: ['ema', 'macd', 'rsi', 'vp']
2026-08-21 07:03:12,453 - INFO - Capping position size 23.752969 BTC to available cash equivalent 8.499426 BTC.
2026-08-21 07:03:12,503 - INFO - [bot-1787212339639-1dd2] Signal LONG active pending approval already exists (ID: 135).
2026-08-21 07:03:12,640 - INFO - Logged heartbeat status: OK
2026-08-21 07:03:12,640 - INFO - Job "LiveRunner.process_cycle (trigger: interval[0:05:00], next run at: 2026-08-21 07:08:11 IST)" executed successfully
/Users/ashishparadkar/Downloads/algo-code-main/.venv/lib/python3.9/site-packages/urllib3/__init__.py:35: NotOpenSSLWarning: urllib3 v2 only supports OpenSSL 1.1.1+, currently the 'ssl' module is compiled with 'LibreSSL 2.8.3'. See: https://github.com/urllib3/urllib3/issues/3020
  warnings.warn(
2026-08-21 12:14:07,561 - INFO - Bot state startup reconciliation finished: 0 bot(s) reconciled to STOPPED.
2026-08-21 12:14:08,715 - INFO - Telegram notification service initialized successfully (Chat ID: 5657...)
2026-08-21 12:14:08,745 - INFO - Initializing scheduled trading bot live runner for bot-1787212339639-1dd2...
2026-08-21 12:14:09,351 - INFO - SQLite database tables verified/created.
2026-08-21 12:14:10,168 - INFO - Initializing CCXT Binance in TESTNET mode.
2026-08-21 12:14:40,093 - INFO - [bot-1787212339639-1dd2] Pre-flight instrument resolved: ETH/USDT (SPOT via binance_spot)
2026-08-21 12:14:40,325 - INFO - [bot-1787212339639-1dd2] Starting signal check cycle for ETH/USDT (5m)...
2026-08-21 12:14:40,348 - INFO - Fetching recent candles for ETH/USDT (5m) [Bot: bot-1787212339639-1dd2] via ProviderManager...
2026-08-21 12:15:52,502 - INFO - Indicators computed | close=2368.35 ema_9=2367.21 ema_20=2363.48 ema_50=2356.63 ema_200=2328.30 macd=4.3656 poc=2250.0 val=2075.0 vah=2350.0
2026-08-21 12:15:52,515 - INFO - [bot-1787212339639-1dd2] Evaluating strategy on completed candle: 2026-08-21 06:40:00+00:00 at Close price: 2369.66
2026-08-21 12:15:53,357 - INFO - Confluence Evaluation | Regime: RANGING (ADX=20.1) | Direction: HOLD | BullScore: 67.4% | BearScore: 32.6% | Active: ['ema', 'macd', 'rsi', 'vp']
2026-08-21 12:15:53,617 - INFO - Signal evaluated: HOLD. Reason/Details: Confluence score: 67% (HOLD)
2026-08-21 12:15:53,690 - INFO - Logged heartbeat status: OK
2026-08-21 12:15:53,971 - INFO - Adding job tentatively -- it will be properly scheduled when the scheduler starts
2026-08-21 12:15:53,971 - INFO - Bot bot-1787212339639-1dd2 scheduled to check every 5 minutes.
2026-08-21 12:15:54,002 - INFO - Added job "LiveRunner.process_cycle" to job store "default"
2026-08-21 12:15:54,005 - INFO - Scheduler started
2026-08-21 12:20:54,016 - INFO - Running job "LiveRunner.process_cycle (trigger: interval[0:05:00], next run at: 2026-08-21 12:20:53 IST)" (scheduled at 2026-08-21 12:20:53.965336+05:30)
2026-08-21 12:20:54,037 - INFO - [bot-1787212339639-1dd2] Starting signal check cycle for ETH/USDT (5m)...
2026-08-21 12:20:54,093 - INFO - Fetching recent candles for ETH/USDT (5m) [Bot: bot-1787212339639-1dd2] via ProviderManager...
2026-08-21 12:20:54,855 - INFO - Indicators computed | close=2374.06 ema_9=2370.02 ema_20=2365.26 ema_50=2357.65 ema_200=2328.85 macd=5.2290 poc=2250.0 val=2075.0 vah=2375.0
2026-08-21 12:20:54,856 - INFO - [bot-1787212339639-1dd2] Evaluating strategy on completed candle: 2026-08-21 06:45:00+00:00 at Close price: 2377.38
2026-08-21 12:20:55,002 - INFO - Confluence Evaluation | Regime: RANGING (ADX=22.0) | Direction: HOLD | BullScore: 67.4% | BearScore: 32.6% | Active: ['ema', 'macd', 'rsi', 'vp']
2026-08-21 12:20:55,115 - INFO - Signal evaluated: HOLD. Reason/Details: Confluence score: 67% (HOLD)
2026-08-21 12:20:55,350 - INFO - Logged heartbeat status: OK
2026-08-21 12:20:55,350 - INFO - Job "LiveRunner.process_cycle (trigger: interval[0:05:00], next run at: 2026-08-21 12:25:53 IST)" executed successfully
2026-08-21 12:25:53,990 - INFO - Running job "LiveRunner.process_cycle (trigger: interval[0:05:00], next run at: 2026-08-21 12:30:53 IST)" (scheduled at 2026-08-21 12:25:53.965336+05:30)
2026-08-21 12:25:54,006 - INFO - [bot-1787212339639-1dd2] Starting signal check cycle for ETH/USDT (5m)...
2026-08-21 12:25:54,071 - INFO - Fetching recent candles for ETH/USDT (5m) [Bot: bot-1787212339639-1dd2] via ProviderManager...
2026-08-21 12:25:54,725 - INFO - Indicators computed | close=2371.88 ema_9=2369.91 ema_20=2365.63 ema_50=2358.10 ema_200=2329.24 macd=4.9191 poc=2250.0 val=2075.0 vah=2375.0
2026-08-21 12:25:54,726 - INFO - [bot-1787212339639-1dd2] Evaluating strategy on completed candle: 2026-08-21 06:50:00+00:00 at Close price: 2371.00
2026-08-21 12:25:54,833 - INFO - Confluence Evaluation | Regime: RANGING (ADX=24.3) | Direction: HOLD | BullScore: 67.4% | BearScore: 32.6% | Active: ['ema', 'macd', 'rsi', 'vp']
2026-08-21 12:25:55,013 - INFO - Signal evaluated: HOLD. Reason/Details: Confluence score: 67% (HOLD)
2026-08-21 12:25:55,309 - INFO - Logged heartbeat status: OK
2026-08-21 12:25:55,310 - INFO - Job "LiveRunner.process_cycle (trigger: interval[0:05:00], next run at: 2026-08-21 12:30:53 IST)" executed successfully
2026-08-21 12:30:53,980 - INFO - Running job "LiveRunner.process_cycle (trigger: interval[0:05:00], next run at: 2026-08-21 12:35:53 IST)" (scheduled at 2026-08-21 12:30:53.965336+05:30)
2026-08-21 12:30:54,003 - INFO - [bot-1787212339639-1dd2] Starting signal check cycle for ETH/USDT (5m)...
2026-08-21 12:30:54,063 - INFO - Fetching recent candles for ETH/USDT (5m) [Bot: bot-1787212339639-1dd2] via ProviderManager...
2026-08-21 12:30:54,614 - INFO - Indicators computed | close=2372.25 ema_9=2370.47 ema_20=2366.31 ema_50=2358.67 ema_200=2329.68 macd=4.8774 poc=2250.0 val=2075.0 vah=2375.0
2026-08-21 12:30:54,615 - INFO - [bot-1787212339639-1dd2] Evaluating strategy on completed candle: 2026-08-21 06:55:00+00:00 at Close price: 2372.47
2026-08-21 12:30:54,708 - INFO - Confluence Evaluation | Regime: TRENDING (ADX=26.6) | Direction: LONG | BullScore: 82.6% | BearScore: 17.4% | Active: ['ema', 'macd', 'rsi', 'vp']
2026-08-21 12:30:54,789 - INFO - Capping position size 34.965035 BTC to available cash equivalent 8.430033 BTC.
2026-08-21 12:30:54,884 - INFO - Created pending signal approval ID 161 for bot bot-1787212339639-1dd2 (LONG @ $2372.47, status: WAITING_APPROVAL)
2026-08-21 12:30:55,009 - INFO - [bot-1787212339639-1dd2] Signal LONG generated (ID: 161). Waiting for manual user approval.
2026-08-21 12:30:55,249 - INFO - Logged heartbeat status: OK
2026-08-21 12:30:55,250 - INFO - Job "LiveRunner.process_cycle (trigger: interval[0:05:00], next run at: 2026-08-21 12:35:53 IST)" executed successfully
2026-08-21 12:35:54,003 - INFO - Running job "LiveRunner.process_cycle (trigger: interval[0:05:00], next run at: 2026-08-21 12:40:53 IST)" (scheduled at 2026-08-21 12:35:53.965336+05:30)
2026-08-21 12:35:54,011 - INFO - [bot-1787212339639-1dd2] Starting signal check cycle for ETH/USDT (5m)...
2026-08-21 12:35:54,058 - INFO - Fetching recent candles for ETH/USDT (5m) [Bot: bot-1787212339639-1dd2] via ProviderManager...
2026-08-21 12:35:54,707 - INFO - Indicators computed | close=2373.32 ema_9=2371.28 ema_20=2367.11 ema_50=2359.30 ema_200=2330.13 macd=4.9312 poc=2250.0 val=2075.0 vah=2375.0
2026-08-21 12:35:54,711 - INFO - [bot-1787212339639-1dd2] Evaluating strategy on completed candle: 2026-08-21 07:00:00+00:00 at Close price: 2373.77
2026-08-21 12:35:54,787 - INFO - Confluence Evaluation | Regime: TRENDING (ADX=27.5) | Direction: LONG | BullScore: 82.6% | BearScore: 17.4% | Active: ['ema', 'macd', 'rsi', 'vp']
2026-08-21 12:35:54,926 - INFO - Capping position size 31.397174 BTC to available cash equivalent 8.425416 BTC.
2026-08-21 12:35:54,934 - INFO - [bot-1787212339639-1dd2] Signal LONG active pending approval already exists (ID: 161).
2026-08-21 12:35:55,182 - INFO - Logged heartbeat status: OK
2026-08-21 12:35:55,182 - INFO - Job "LiveRunner.process_cycle (trigger: interval[0:05:00], next run at: 2026-08-21 12:40:53 IST)" executed successfully
2026-08-21 12:40:53,977 - INFO - Running job "LiveRunner.process_cycle (trigger: interval[0:05:00], next run at: 2026-08-21 12:45:53 IST)" (scheduled at 2026-08-21 12:40:53.965336+05:30)
2026-08-21 12:40:53,985 - INFO - [bot-1787212339639-1dd2] Starting signal check cycle for ETH/USDT (5m)...
2026-08-21 12:40:54,035 - INFO - Fetching recent candles for ETH/USDT (5m) [Bot: bot-1787212339639-1dd2] via ProviderManager...
2026-08-21 12:40:54,439 - INFO - Indicators computed | close=2379.72 ema_9=2373.44 ema_20=2368.56 ema_50=2360.21 ema_200=2330.65 macd=5.5119 poc=2250.0 val=2075.0 vah=2375.0
2026-08-21 12:40:54,440 - INFO - [bot-1787212339639-1dd2] Evaluating strategy on completed candle: 2026-08-21 07:05:00+00:00 at Close price: 2376.23
2026-08-21 12:40:54,510 - INFO - Confluence Evaluation | Regime: TRENDING (ADX=27.6) | Direction: LONG | BullScore: 82.6% | BearScore: 17.4% | Active: ['ema', 'macd', 'rsi', 'vp']
2026-08-21 12:40:54,613 - INFO - Capping position size 28.632785 BTC to available cash equivalent 8.416694 BTC.
2026-08-21 12:40:54,669 - INFO - [bot-1787212339639-1dd2] Signal LONG active pending approval already exists (ID: 161).
2026-08-21 12:40:54,834 - INFO - Logged heartbeat status: OK
2026-08-21 12:40:54,834 - INFO - Job "LiveRunner.process_cycle (trigger: interval[0:05:00], next run at: 2026-08-21 12:45:53 IST)" executed successfully
2026-08-21 12:45:53,977 - INFO - Running job "LiveRunner.process_cycle (trigger: interval[0:05:00], next run at: 2026-08-21 12:50:53 IST)" (scheduled at 2026-08-21 12:45:53.965336+05:30)
2026-08-21 12:45:53,985 - INFO - [bot-1787212339639-1dd2] Starting signal check cycle for ETH/USDT (5m)...
2026-08-21 12:45:54,030 - INFO - Fetching recent candles for ETH/USDT (5m) [Bot: bot-1787212339639-1dd2] via ProviderManager...
2026-08-21 12:45:54,395 - INFO - Indicators computed | close=2386.84 ema_9=2377.20 ema_20=2370.88 ema_50=2361.51 ema_200=2331.28 macd=6.7059 poc=2250.0 val=2075.0 vah=2375.0
2026-08-21 12:45:54,395 - INFO - [bot-1787212339639-1dd2] Evaluating strategy on completed candle: 2026-08-21 07:10:00+00:00 at Close price: 2386.47
2026-08-21 12:45:54,463 - INFO - Confluence Evaluation | Regime: TRENDING (ADX=26.9) | Direction: LONG | BullScore: 82.6% | BearScore: 17.4% | Active: ['ema', 'macd', 'rsi', 'vp']
2026-08-21 12:45:54,550 - INFO - Capping position size 20.345880 BTC to available cash equivalent 8.380579 BTC.
2026-08-21 12:45:54,559 - INFO - [bot-1787212339639-1dd2] Signal LONG active pending approval already exists (ID: 161).
2026-08-21 12:45:54,718 - INFO - Logged heartbeat status: OK
2026-08-21 12:45:54,718 - INFO - Job "LiveRunner.process_cycle (trigger: interval[0:05:00], next run at: 2026-08-21 12:50:53 IST)" executed successfully
2026-08-21 12:50:54,017 - INFO - Running job "LiveRunner.process_cycle (trigger: interval[0:05:00], next run at: 2026-08-21 12:55:53 IST)" (scheduled at 2026-08-21 12:50:53.965336+05:30)
2026-08-21 12:50:54,026 - INFO - [bot-1787212339639-1dd2] Starting signal check cycle for ETH/USDT (5m)...
2026-08-21 12:50:54,069 - INFO - Fetching recent candles for ETH/USDT (5m) [Bot: bot-1787212339639-1dd2] via ProviderManager...
2026-08-21 12:50:54,823 - INFO - Indicators computed | close=2384.54 ema_9=2378.58 ema_20=2372.14 ema_50=2362.40 ema_200=2331.80 macd=6.9282 poc=2250.0 val=2075.0 vah=2375.0
2026-08-21 12:50:54,824 - INFO - [bot-1787212339639-1dd2] Evaluating strategy on completed candle: 2026-08-21 07:15:00+00:00 at Close price: 2386.33
2026-08-21 12:50:54,914 - INFO - Confluence Evaluation | Regime: TRENDING (ADX=26.3) | Direction: LONG | BullScore: 82.6% | BearScore: 17.4% | Active: ['ema', 'macd', 'rsi', 'vp']
2026-08-21 12:50:54,977 - INFO - Capping position size 22.234575 BTC to available cash equivalent 8.381071 BTC.
2026-08-21 12:50:54,982 - INFO - [bot-1787212339639-1dd2] Signal LONG active pending approval already exists (ID: 161).
2026-08-21 12:50:55,163 - INFO - Logged heartbeat status: OK
2026-08-21 12:50:55,163 - INFO - Job "LiveRunner.process_cycle (trigger: interval[0:05:00], next run at: 2026-08-21 12:55:53 IST)" executed successfully
2026-08-21 12:55:53,986 - INFO - Running job "LiveRunner.process_cycle (trigger: interval[0:05:00], next run at: 2026-08-21 13:00:53 IST)" (scheduled at 2026-08-21 12:55:53.965336+05:30)
2026-08-21 12:55:53,997 - INFO - [bot-1787212339639-1dd2] Starting signal check cycle for ETH/USDT (5m)...
2026-08-21 12:55:54,047 - INFO - Fetching recent candles for ETH/USDT (5m) [Bot: bot-1787212339639-1dd2] via ProviderManager...
2026-08-21 12:55:54,532 - INFO - Indicators computed | close=2383.18 ema_9=2378.49 ema_20=2372.64 ema_50=2362.97 ema_200=2332.25 macd=6.5557 poc=2250.0 val=2075.0 vah=2375.0
2026-08-21 12:55:54,533 - INFO - [bot-1787212339639-1dd2] Evaluating strategy on completed candle: 2026-08-21 07:20:00+00:00 at Close price: 2378.19
2026-08-21 12:55:54,599 - INFO - Confluence Evaluation | Regime: TRENDING (ADX=26.5) | Direction: LONG | BullScore: 82.6% | BearScore: 17.4% | Active: ['ema', 'macd', 'rsi', 'vp']
2026-08-21 12:55:54,732 - INFO - Capping position size 40.609137 BTC to available cash equivalent 8.409757 BTC.
2026-08-21 12:55:54,763 - INFO - [bot-1787212339639-1dd2] Signal LONG active pending approval already exists (ID: 161).
2026-08-21 12:55:54,899 - INFO - Logged heartbeat status: OK
2026-08-21 12:55:54,899 - INFO - Job "LiveRunner.process_cycle (trigger: interval[0:05:00], next run at: 2026-08-21 13:00:53 IST)" executed successfully
2026-08-21 13:00:53,988 - INFO - Running job "LiveRunner.process_cycle (trigger: interval[0:05:00], next run at: 2026-08-21 13:05:53 IST)" (scheduled at 2026-08-21 13:00:53.965336+05:30)
2026-08-21 13:00:53,999 - INFO - [bot-1787212339639-1dd2] Starting signal check cycle for ETH/USDT (5m)...
2026-08-21 13:00:54,049 - INFO - Fetching recent candles for ETH/USDT (5m) [Bot: bot-1787212339639-1dd2] via ProviderManager...
2026-08-21 13:00:54,507 - INFO - Indicators computed | close=2383.31 ema_9=2379.22 ema_20=2373.54 ema_50=2363.72 ema_200=2332.74 macd=6.5077 poc=2250.0 val=2075.0 vah=2375.0
2026-08-21 13:00:54,508 - INFO - [bot-1787212339639-1dd2] Evaluating strategy on completed candle: 2026-08-21 07:25:00+00:00 at Close price: 2381.74
2026-08-21 13:00:54,573 - INFO - Confluence Evaluation | Regime: TRENDING (ADX=27.1) | Direction: LONG | BullScore: 82.6% | BearScore: 17.4% | Active: ['ema', 'macd', 'rsi', 'vp']
2026-08-21 13:00:54,657 - INFO - Capping position size 33.726813 BTC to available cash equivalent 8.397222 BTC.
2026-08-21 13:00:54,714 - INFO - [bot-1787212339639-1dd2] Signal LONG active pending approval already exists (ID: 161).
2026-08-21 13:00:54,928 - INFO - Logged heartbeat status: OK
2026-08-21 13:00:54,928 - INFO - Job "LiveRunner.process_cycle (trigger: interval[0:05:00], next run at: 2026-08-21 13:05:53 IST)" executed successfully
2026-08-21 13:05:54,031 - INFO - Running job "LiveRunner.process_cycle (trigger: interval[0:05:00], next run at: 2026-08-21 13:10:53 IST)" (scheduled at 2026-08-21 13:05:53.965336+05:30)
2026-08-21 13:05:54,093 - INFO - [bot-1787212339639-1dd2] Starting signal check cycle for ETH/USDT (5m)...
2026-08-21 13:05:54,151 - INFO - Fetching recent candles for ETH/USDT (5m) [Bot: bot-1787212339639-1dd2] via ProviderManager...
2026-08-21 13:05:54,650 - INFO - Indicators computed | close=2375.55 ema_9=2377.85 ema_20=2373.39 ema_50=2364.03 ema_200=2333.13 macd=5.6237 poc=2250.0 val=2075.0 vah=2375.0
2026-08-21 13:05:54,651 - INFO - [bot-1787212339639-1dd2] Evaluating strategy on completed candle: 2026-08-21 07:30:00+00:00 at Close price: 2379.36
2026-08-21 13:05:54,715 - INFO - Confluence Evaluation | Regime: TRENDING (ADX=31.3) | Direction: LONG | BullScore: 82.6% | BearScore: 17.4% | Active: ['ema', 'macd', 'rsi', 'vp']
2026-08-21 13:05:54,817 - INFO - Capping position size 72.595281 BTC to available cash equivalent 8.405622 BTC.
2026-08-21 13:05:54,863 - INFO - Created pending signal approval ID 188 for bot bot-1787212339639-1dd2 (LONG @ $2379.36, status: WAITING_APPROVAL)
2026-08-21 13:05:54,896 - INFO - [bot-1787212339639-1dd2] Signal LONG generated (ID: 188). Waiting for manual user approval.
2026-08-21 13:05:55,050 - INFO - Logged heartbeat status: OK
2026-08-21 13:05:55,053 - INFO - Job "LiveRunner.process_cycle (trigger: interval[0:05:00], next run at: 2026-08-21 13:10:53 IST)" executed successfully
2026-08-21 13:10:53,980 - INFO - Running job "LiveRunner.process_cycle (trigger: interval[0:05:00], next run at: 2026-08-21 13:15:53 IST)" (scheduled at 2026-08-21 13:10:53.965336+05:30)
2026-08-21 13:10:53,997 - INFO - [bot-1787212339639-1dd2] Starting signal check cycle for ETH/USDT (5m)...
2026-08-21 13:10:54,037 - INFO - Fetching recent candles for ETH/USDT (5m) [Bot: bot-1787212339639-1dd2] via ProviderManager...
2026-08-21 13:10:54,592 - INFO - Indicators computed | close=2382.07 ema_9=2379.75 ema_20=2374.78 ema_50=2364.99 ema_200=2333.68 macd=6.0404 poc=2250.0 val=2075.0 vah=2375.0
2026-08-21 13:10:54,595 - INFO - [bot-1787212339639-1dd2] Evaluating strategy on completed candle: 2026-08-21 07:35:00+00:00 at Close price: 2382.15
2026-08-21 13:10:54,682 - INFO - Confluence Evaluation | Regime: TRENDING (ADX=34.7) | Direction: LONG | BullScore: 82.6% | BearScore: 17.4% | Active: ['ema', 'macd', 'rsi', 'vp']
2026-08-21 13:10:54,760 - INFO - Capping position size 32.414911 BTC to available cash equivalent 8.395777 BTC.
2026-08-21 13:10:54,785 - INFO - [bot-1787212339639-1dd2] Signal LONG active pending approval already exists (ID: 188).
2026-08-21 13:10:54,912 - INFO - Logged heartbeat status: OK
2026-08-21 13:10:54,913 - INFO - Job "LiveRunner.process_cycle (trigger: interval[0:05:00], next run at: 2026-08-21 13:15:53 IST)" executed successfully
2026-08-21 13:15:53,980 - INFO - Running job "LiveRunner.process_cycle (trigger: interval[0:05:00], next run at: 2026-08-21 13:20:53 IST)" (scheduled at 2026-08-21 13:15:53.965336+05:30)
2026-08-21 13:15:53,987 - INFO - [bot-1787212339639-1dd2] Starting signal check cycle for ETH/USDT (5m)...
2026-08-21 13:15:54,032 - INFO - Fetching recent candles for ETH/USDT (5m) [Bot: bot-1787212339639-1dd2] via ProviderManager...
2026-08-21 13:15:54,464 - INFO - Indicators computed | close=2379.97 ema_9=2379.59 ema_20=2375.17 ema_50=2365.53 ema_200=2334.13 macd=5.6386 poc=2250.0 val=2075.0 vah=2375.0
2026-08-21 13:15:54,465 - INFO - [bot-1787212339639-1dd2] Evaluating strategy on completed candle: 2026-08-21 07:40:00+00:00 at Close price: 2380.78
2026-08-21 13:15:54,529 - INFO - Confluence Evaluation | Regime: TRENDING (ADX=37.0) | Direction: LONG | BullScore: 82.6% | BearScore: 17.4% | Active: ['ema', 'macd', 'rsi', 'vp']
2026-08-21 13:15:54,613 - INFO - Capping position size 36.463081 BTC to available cash equivalent 8.400608 BTC.
2026-08-21 13:15:54,622 - INFO - [bot-1787212339639-1dd2] Signal LONG active pending approval already exists (ID: 188).
2026-08-21 13:15:54,696 - INFO - Logged heartbeat status: OK
2026-08-21 13:15:54,696 - INFO - Job "LiveRunner.process_cycle (trigger: interval[0:05:00], next run at: 2026-08-21 13:20:53 IST)" executed successfully
2026-08-21 13:20:54,016 - INFO - Running job "LiveRunner.process_cycle (trigger: interval[0:05:00], next run at: 2026-08-21 13:25:53 IST)" (scheduled at 2026-08-21 13:20:53.965336+05:30)
2026-08-21 13:20:54,041 - INFO - [bot-1787212339639-1dd2] Starting signal check cycle for ETH/USDT (5m)...
2026-08-21 13:20:54,055 - INFO - Fetching recent candles for ETH/USDT (5m) [Bot: bot-1787212339639-1dd2] via ProviderManager...
2026-08-21 13:21:04,100 - ERROR - Binance Spot Network Error: binance GET https://api.binance.com/api/v3/klines?interval=5m&limit=1000&symbol=ETHUSDT
--- Logging error ---
Traceback (most recent call last):
  File "/Users/ashishparadkar/Downloads/algo-code-main/.venv/lib/python3.9/site-packages/urllib3/connectionpool.py", line 534, in _make_request
    response = conn.getresponse()
  File "/Users/ashishparadkar/Downloads/algo-code-main/.venv/lib/python3.9/site-packages/urllib3/connection.py", line 571, in getresponse
    httplib_response = super().getresponse()
  File "/Library/Developer/CommandLineTools/Library/Frameworks/Python3.framework/Versions/3.9/lib/python3.9/http/client.py", line 1349, in getresponse
    response.begin()
  File "/Library/Developer/CommandLineTools/Library/Frameworks/Python3.framework/Versions/3.9/lib/python3.9/http/client.py", line 316, in begin
    version, status, reason = self._read_status()
  File "/Library/Developer/CommandLineTools/Library/Frameworks/Python3.framework/Versions/3.9/lib/python3.9/http/client.py", line 277, in _read_status
    line = str(self.fp.readline(_MAXLINE + 1), "iso-8859-1")
  File "/Library/Developer/CommandLineTools/Library/Frameworks/Python3.framework/Versions/3.9/lib/python3.9/socket.py", line 704, in readinto
    return self._sock.recv_into(b)
  File "/Library/Developer/CommandLineTools/Library/Frameworks/Python3.framework/Versions/3.9/lib/python3.9/ssl.py", line 1241, in recv_into
    return self.read(nbytes, buffer)
  File "/Library/Developer/CommandLineTools/Library/Frameworks/Python3.framework/Versions/3.9/lib/python3.9/ssl.py", line 1099, in read
    return self._sslobj.read(len, buffer)
socket.timeout: The read operation timed out

The above exception was the direct cause of the following exception:

Traceback (most recent call last):
  File "/Users/ashishparadkar/Downloads/algo-code-main/.venv/lib/python3.9/site-packages/requests/adapters.py", line 644, in send
    resp = conn.urlopen(
  File "/Users/ashishparadkar/Downloads/algo-code-main/.venv/lib/python3.9/site-packages/urllib3/connectionpool.py", line 841, in urlopen
    retries = retries.increment(
  File "/Users/ashishparadkar/Downloads/algo-code-main/.venv/lib/python3.9/site-packages/urllib3/util/retry.py", line 490, in increment
    raise reraise(type(error), error, _stacktrace)
  File "/Users/ashishparadkar/Downloads/algo-code-main/.venv/lib/python3.9/site-packages/urllib3/util/util.py", line 39, in reraise
    raise value
  File "/Users/ashishparadkar/Downloads/algo-code-main/.venv/lib/python3.9/site-packages/urllib3/connectionpool.py", line 787, in urlopen
    response = self._make_request(
  File "/Users/ashishparadkar/Downloads/algo-code-main/.venv/lib/python3.9/site-packages/urllib3/connectionpool.py", line 536, in _make_request
    self._raise_timeout(err=e, url=url, timeout_value=read_timeout)
  File "/Users/ashishparadkar/Downloads/algo-code-main/.venv/lib/python3.9/site-packages/urllib3/connectionpool.py", line 367, in _raise_timeout
    raise ReadTimeoutError(
urllib3.exceptions.ReadTimeoutError: HTTPSConnectionPool(host='api.binance.com', port=443): Read timed out. (read timeout=10.0)

During handling of the above exception, another exception occurred:

Traceback (most recent call last):
  File "/Users/ashishparadkar/Downloads/algo-code-main/.venv/lib/python3.9/site-packages/ccxt/base/exchange.py", line 665, in fetch
    response = self.session.request(
  File "/Users/ashishparadkar/Downloads/algo-code-main/.venv/lib/python3.9/site-packages/requests/sessions.py", line 589, in request
    resp = self.send(prep, **send_kwargs)
  File "/Users/ashishparadkar/Downloads/algo-code-main/.venv/lib/python3.9/site-packages/requests/sessions.py", line 703, in send
    r = adapter.send(request, **kwargs)
  File "/Users/ashishparadkar/Downloads/algo-code-main/.venv/lib/python3.9/site-packages/requests/adapters.py", line 690, in send
    raise ReadTimeout(e, request=request)
requests.exceptions.ReadTimeout: HTTPSConnectionPool(host='api.binance.com', port=443): Read timed out. (read timeout=10.0)

The above exception was the direct cause of the following exception:

Traceback (most recent call last):
  File "/Users/ashishparadkar/Downloads/algo-code-main/src/provider_manager.py", line 351, in fetch_ohlcv_safe
    df = adapter.fetch_ohlcv(instrument, timeframe, limit=limit)
  File "/Users/ashishparadkar/Downloads/algo-code-main/src/provider_manager.py", line 211, in fetch_ohlcv
    raise net_err
  File "/Users/ashishparadkar/Downloads/algo-code-main/src/provider_manager.py", line 183, in fetch_ohlcv
    raw_candles = self.exchange.fetch_ohlcv(
  File "/Users/ashishparadkar/Downloads/algo-code-main/.venv/lib/python3.9/site-packages/ccxt/binance.py", line 4759, in fetch_ohlcv
    response = self.publicGetKlines(self.extend(request, params))
  File "/Users/ashishparadkar/Downloads/algo-code-main/.venv/lib/python3.9/site-packages/ccxt/base/types.py", line 35, in unbound_method
    return _self.request(self.path, self.api, self.method, params, config=self.config)
  File "/Users/ashishparadkar/Downloads/algo-code-main/.venv/lib/python3.9/site-packages/ccxt/binance.py", line 11724, in request
    response = self.fetch2(path, api, method, params, headers, body, config)
  File "/Users/ashishparadkar/Downloads/algo-code-main/.venv/lib/python3.9/site-packages/ccxt/base/exchange.py", line 5566, in fetch2
    raise e
  File "/Users/ashishparadkar/Downloads/algo-code-main/.venv/lib/python3.9/site-packages/ccxt/base/exchange.py", line 5549, in fetch2
    response = self.fetch(request['url'], request['method'], request['headers'], request['body'])
  File "/Users/ashishparadkar/Downloads/algo-code-main/.venv/lib/python3.9/site-packages/ccxt/base/exchange.py", line 698, in fetch
    raise RequestTimeout(details) from e
ccxt.base.errors.RequestTimeout: binance GET https://api.binance.com/api/v3/klines?interval=5m&limit=1000&symbol=ETHUSDT

During handling of the above exception, another exception occurred:

Traceback (most recent call last):
  File "/Library/Developer/CommandLineTools/Library/Frameworks/Python3.framework/Versions/3.9/lib/python3.9/logging/__init__.py", line 1083, in emit
    msg = self.format(record)
  File "/Library/Developer/CommandLineTools/Library/Frameworks/Python3.framework/Versions/3.9/lib/python3.9/logging/__init__.py", line 927, in format
    return fmt.format(record)
  File "/Library/Developer/CommandLineTools/Library/Frameworks/Python3.framework/Versions/3.9/lib/python3.9/logging/__init__.py", line 663, in format
    record.message = record.getMessage()
  File "/Library/Developer/CommandLineTools/Library/Frameworks/Python3.framework/Versions/3.9/lib/python3.9/logging/__init__.py", line 367, in getMessage
    msg = msg % self.args
TypeError: must be real number, not RequestTimeout
Call stack:
  File "/Library/Developer/CommandLineTools/Library/Frameworks/Python3.framework/Versions/3.9/lib/python3.9/threading.py", line 930, in _bootstrap
    self._bootstrap_inner()
  File "/Library/Developer/CommandLineTools/Library/Frameworks/Python3.framework/Versions/3.9/lib/python3.9/threading.py", line 973, in _bootstrap_inner
    self.run()
  File "/Library/Developer/CommandLineTools/Library/Frameworks/Python3.framework/Versions/3.9/lib/python3.9/threading.py", line 910, in run
    self._target(*self._args, **self._kwargs)
  File "/Library/Developer/CommandLineTools/Library/Frameworks/Python3.framework/Versions/3.9/lib/python3.9/concurrent/futures/thread.py", line 77, in _worker
    work_item.run()
  File "/Library/Developer/CommandLineTools/Library/Frameworks/Python3.framework/Versions/3.9/lib/python3.9/concurrent/futures/thread.py", line 52, in run
    result = self.fn(*self.args, **self.kwargs)
  File "/Users/ashishparadkar/Downloads/algo-code-main/.venv/lib/python3.9/site-packages/apscheduler/executors/base.py", line 131, in run_job
    retval = job.func(*job.args, **job.kwargs)
  File "/Users/ashishparadkar/Downloads/algo-code-main/src/live_runner.py", line 199, in process_cycle
    df, _ = self.provider_manager.fetch_ohlcv_safe(self.symbol, self.timeframe, limit=1000)
  File "/Users/ashishparadkar/Downloads/algo-code-main/src/provider_manager.py", line 362, in fetch_ohlcv_safe
    logger.warning(
Message: 'Retryable network failure for %s (Attempt %d/%d). Backing off %.2fs: %s'
Arguments: ('ETH/USDT', 1, 3, RequestTimeout('binance GET https://api.binance.com/api/v3/klines?interval=5m&limit=1000&symbol=ETHUSDT'))
2026-08-21 13:21:06,083 - ERROR - Binance Spot Network Error: binance GET https://api.binance.com/api/v3/klines?interval=5m&limit=1000&symbol=ETHUSDT
--- Logging error ---
Traceback (most recent call last):
  File "/Users/ashishparadkar/Downloads/algo-code-main/.venv/lib/python3.9/site-packages/urllib3/connection.py", line 204, in _new_conn
    sock = connection.create_connection(
  File "/Users/ashishparadkar/Downloads/algo-code-main/.venv/lib/python3.9/site-packages/urllib3/util/connection.py", line 60, in create_connection
    for res in socket.getaddrinfo(host, port, family, socket.SOCK_STREAM):
  File "/Library/Developer/CommandLineTools/Library/Frameworks/Python3.framework/Versions/3.9/lib/python3.9/socket.py", line 953, in getaddrinfo
    for res in _socket.getaddrinfo(host, port, family, type, proto, flags):
socket.gaierror: [Errno 8] nodename nor servname provided, or not known

The above exception was the direct cause of the following exception:

Traceback (most recent call last):
  File "/Users/ashishparadkar/Downloads/algo-code-main/.venv/lib/python3.9/site-packages/urllib3/connectionpool.py", line 787, in urlopen
    response = self._make_request(
  File "/Users/ashishparadkar/Downloads/algo-code-main/.venv/lib/python3.9/site-packages/urllib3/connectionpool.py", line 488, in _make_request
    raise new_e
  File "/Users/ashishparadkar/Downloads/algo-code-main/.venv/lib/python3.9/site-packages/urllib3/connectionpool.py", line 464, in _make_request
    self._validate_conn(conn)
  File "/Users/ashishparadkar/Downloads/algo-code-main/.venv/lib/python3.9/site-packages/urllib3/connectionpool.py", line 1093, in _validate_conn
    conn.connect()
  File "/Users/ashishparadkar/Downloads/algo-code-main/.venv/lib/python3.9/site-packages/urllib3/connection.py", line 759, in connect
    self.sock = sock = self._new_conn()
  File "/Users/ashishparadkar/Downloads/algo-code-main/.venv/lib/python3.9/site-packages/urllib3/connection.py", line 211, in _new_conn
    raise NameResolutionError(self.host, self, e) from e
urllib3.exceptions.NameResolutionError: HTTPSConnection(host='api.binance.com', port=443): Failed to resolve 'api.binance.com' ([Errno 8] nodename nor servname provided, or not known)

The above exception was the direct cause of the following exception:

Traceback (most recent call last):
  File "/Users/ashishparadkar/Downloads/algo-code-main/.venv/lib/python3.9/site-packages/requests/adapters.py", line 644, in send
    resp = conn.urlopen(
  File "/Users/ashishparadkar/Downloads/algo-code-main/.venv/lib/python3.9/site-packages/urllib3/connectionpool.py", line 841, in urlopen
    retries = retries.increment(
  File "/Users/ashishparadkar/Downloads/algo-code-main/.venv/lib/python3.9/site-packages/urllib3/util/retry.py", line 535, in increment
    raise MaxRetryError(_pool, url, reason) from reason  # type: ignore[arg-type]
urllib3.exceptions.MaxRetryError: HTTPSConnectionPool(host='api.binance.com', port=443): Max retries exceeded with url: /api/v3/klines?interval=5m&limit=1000&symbol=ETHUSDT (Caused by NameResolutionError("HTTPSConnection(host='api.binance.com', port=443): Failed to resolve 'api.binance.com' ([Errno 8] nodename nor servname provided, or not known)"))

During handling of the above exception, another exception occurred:

Traceback (most recent call last):
  File "/Users/ashishparadkar/Downloads/algo-code-main/.venv/lib/python3.9/site-packages/ccxt/base/exchange.py", line 665, in fetch
    response = self.session.request(
  File "/Users/ashishparadkar/Downloads/algo-code-main/.venv/lib/python3.9/site-packages/requests/sessions.py", line 589, in request
    resp = self.send(prep, **send_kwargs)
  File "/Users/ashishparadkar/Downloads/algo-code-main/.venv/lib/python3.9/site-packages/requests/sessions.py", line 703, in send
    r = adapter.send(request, **kwargs)
  File "/Users/ashishparadkar/Downloads/algo-code-main/.venv/lib/python3.9/site-packages/requests/adapters.py", line 677, in send
    raise ConnectionError(e, request=request)
requests.exceptions.ConnectionError: HTTPSConnectionPool(host='api.binance.com', port=443): Max retries exceeded with url: /api/v3/klines?interval=5m&limit=1000&symbol=ETHUSDT (Caused by NameResolutionError("HTTPSConnection(host='api.binance.com', port=443): Failed to resolve 'api.binance.com' ([Errno 8] nodename nor servname provided, or not known)"))

The above exception was the direct cause of the following exception:

Traceback (most recent call last):
  File "/Users/ashishparadkar/Downloads/algo-code-main/src/provider_manager.py", line 351, in fetch_ohlcv_safe
    df = adapter.fetch_ohlcv(instrument, timeframe, limit=limit)
  File "/Users/ashishparadkar/Downloads/algo-code-main/src/provider_manager.py", line 211, in fetch_ohlcv
    raise net_err
  File "/Users/ashishparadkar/Downloads/algo-code-main/src/provider_manager.py", line 183, in fetch_ohlcv
    raw_candles = self.exchange.fetch_ohlcv(
  File "/Users/ashishparadkar/Downloads/algo-code-main/.venv/lib/python3.9/site-packages/ccxt/binance.py", line 4759, in fetch_ohlcv
    response = self.publicGetKlines(self.extend(request, params))
  File "/Users/ashishparadkar/Downloads/algo-code-main/.venv/lib/python3.9/site-packages/ccxt/base/types.py", line 35, in unbound_method
    return _self.request(self.path, self.api, self.method, params, config=self.config)
  File "/Users/ashishparadkar/Downloads/algo-code-main/.venv/lib/python3.9/site-packages/ccxt/binance.py", line 11724, in request
    response = self.fetch2(path, api, method, params, headers, body, config)
  File "/Users/ashishparadkar/Downloads/algo-code-main/.venv/lib/python3.9/site-packages/ccxt/base/exchange.py", line 5566, in fetch2
    raise e
  File "/Users/ashishparadkar/Downloads/algo-code-main/.venv/lib/python3.9/site-packages/ccxt/base/exchange.py", line 5549, in fetch2
    response = self.fetch(request['url'], request['method'], request['headers'], request['body'])
  File "/Users/ashishparadkar/Downloads/algo-code-main/.venv/lib/python3.9/site-packages/ccxt/base/exchange.py", line 721, in fetch
    raise NetworkError(details) from e
ccxt.base.errors.NetworkError: binance GET https://api.binance.com/api/v3/klines?interval=5m&limit=1000&symbol=ETHUSDT

During handling of the above exception, another exception occurred:

Traceback (most recent call last):
  File "/Library/Developer/CommandLineTools/Library/Frameworks/Python3.framework/Versions/3.9/lib/python3.9/logging/__init__.py", line 1083, in emit
    msg = self.format(record)
  File "/Library/Developer/CommandLineTools/Library/Frameworks/Python3.framework/Versions/3.9/lib/python3.9/logging/__init__.py", line 927, in format
    return fmt.format(record)
  File "/Library/Developer/CommandLineTools/Library/Frameworks/Python3.framework/Versions/3.9/lib/python3.9/logging/__init__.py", line 663, in format
    record.message = record.getMessage()
  File "/Library/Developer/CommandLineTools/Library/Frameworks/Python3.framework/Versions/3.9/lib/python3.9/logging/__init__.py", line 367, in getMessage
    msg = msg % self.args
TypeError: must be real number, not NetworkError
Call stack:
  File "/Library/Developer/CommandLineTools/Library/Frameworks/Python3.framework/Versions/3.9/lib/python3.9/threading.py", line 930, in _bootstrap
    self._bootstrap_inner()
  File "/Library/Developer/CommandLineTools/Library/Frameworks/Python3.framework/Versions/3.9/lib/python3.9/threading.py", line 973, in _bootstrap_inner
    self.run()
  File "/Library/Developer/CommandLineTools/Library/Frameworks/Python3.framework/Versions/3.9/lib/python3.9/threading.py", line 910, in run
    self._target(*self._args, **self._kwargs)
  File "/Library/Developer/CommandLineTools/Library/Frameworks/Python3.framework/Versions/3.9/lib/python3.9/concurrent/futures/thread.py", line 77, in _worker
    work_item.run()
  File "/Library/Developer/CommandLineTools/Library/Frameworks/Python3.framework/Versions/3.9/lib/python3.9/concurrent/futures/thread.py", line 52, in run
    result = self.fn(*self.args, **self.kwargs)
  File "/Users/ashishparadkar/Downloads/algo-code-main/.venv/lib/python3.9/site-packages/apscheduler/executors/base.py", line 131, in run_job
    retval = job.func(*job.args, **job.kwargs)
  File "/Users/ashishparadkar/Downloads/algo-code-main/src/live_runner.py", line 199, in process_cycle
    df, _ = self.provider_manager.fetch_ohlcv_safe(self.symbol, self.timeframe, limit=1000)
  File "/Users/ashishparadkar/Downloads/algo-code-main/src/provider_manager.py", line 362, in fetch_ohlcv_safe
    logger.warning(
Message: 'Retryable network failure for %s (Attempt %d/%d). Backing off %.2fs: %s'
Arguments: ('ETH/USDT', 2, 3, NetworkError('binance GET https://api.binance.com/api/v3/klines?interval=5m&limit=1000&symbol=ETHUSDT'))
2026-08-21 13:21:08,495 - ERROR - Binance Spot Network Error: binance GET https://api.binance.com/api/v3/klines?interval=5m&limit=1000&symbol=ETHUSDT
2026-08-21 13:21:08,495 - ERROR - System Error in runner execution cycle: binance GET https://api.binance.com/api/v3/klines?interval=5m&limit=1000&symbol=ETHUSDT
Traceback (most recent call last):
  File "/Users/ashishparadkar/Downloads/algo-code-main/.venv/lib/python3.9/site-packages/urllib3/connection.py", line 204, in _new_conn
    sock = connection.create_connection(
  File "/Users/ashishparadkar/Downloads/algo-code-main/.venv/lib/python3.9/site-packages/urllib3/util/connection.py", line 60, in create_connection
    for res in socket.getaddrinfo(host, port, family, socket.SOCK_STREAM):
  File "/Library/Developer/CommandLineTools/Library/Frameworks/Python3.framework/Versions/3.9/lib/python3.9/socket.py", line 953, in getaddrinfo
    for res in _socket.getaddrinfo(host, port, family, type, proto, flags):
socket.gaierror: [Errno 8] nodename nor servname provided, or not known

The above exception was the direct cause of the following exception:

Traceback (most recent call last):
  File "/Users/ashishparadkar/Downloads/algo-code-main/.venv/lib/python3.9/site-packages/urllib3/connectionpool.py", line 787, in urlopen
    response = self._make_request(
  File "/Users/ashishparadkar/Downloads/algo-code-main/.venv/lib/python3.9/site-packages/urllib3/connectionpool.py", line 488, in _make_request
    raise new_e
  File "/Users/ashishparadkar/Downloads/algo-code-main/.venv/lib/python3.9/site-packages/urllib3/connectionpool.py", line 464, in _make_request
    self._validate_conn(conn)
  File "/Users/ashishparadkar/Downloads/algo-code-main/.venv/lib/python3.9/site-packages/urllib3/connectionpool.py", line 1093, in _validate_conn
    conn.connect()
  File "/Users/ashishparadkar/Downloads/algo-code-main/.venv/lib/python3.9/site-packages/urllib3/connection.py", line 759, in connect
    self.sock = sock = self._new_conn()
  File "/Users/ashishparadkar/Downloads/algo-code-main/.venv/lib/python3.9/site-packages/urllib3/connection.py", line 211, in _new_conn
    raise NameResolutionError(self.host, self, e) from e
urllib3.exceptions.NameResolutionError: HTTPSConnection(host='api.binance.com', port=443): Failed to resolve 'api.binance.com' ([Errno 8] nodename nor servname provided, or not known)

The above exception was the direct cause of the following exception:

Traceback (most recent call last):
  File "/Users/ashishparadkar/Downloads/algo-code-main/.venv/lib/python3.9/site-packages/requests/adapters.py", line 644, in send
    resp = conn.urlopen(
  File "/Users/ashishparadkar/Downloads/algo-code-main/.venv/lib/python3.9/site-packages/urllib3/connectionpool.py", line 841, in urlopen
    retries = retries.increment(
  File "/Users/ashishparadkar/Downloads/algo-code-main/.venv/lib/python3.9/site-packages/urllib3/util/retry.py", line 535, in increment
    raise MaxRetryError(_pool, url, reason) from reason  # type: ignore[arg-type]
urllib3.exceptions.MaxRetryError: HTTPSConnectionPool(host='api.binance.com', port=443): Max retries exceeded with url: /api/v3/klines?interval=5m&limit=1000&symbol=ETHUSDT (Caused by NameResolutionError("HTTPSConnection(host='api.binance.com', port=443): Failed to resolve 'api.binance.com' ([Errno 8] nodename nor servname provided, or not known)"))

During handling of the above exception, another exception occurred:

Traceback (most recent call last):
  File "/Users/ashishparadkar/Downloads/algo-code-main/.venv/lib/python3.9/site-packages/ccxt/base/exchange.py", line 665, in fetch
    response = self.session.request(
  File "/Users/ashishparadkar/Downloads/algo-code-main/.venv/lib/python3.9/site-packages/requests/sessions.py", line 589, in request
    resp = self.send(prep, **send_kwargs)
  File "/Users/ashishparadkar/Downloads/algo-code-main/.venv/lib/python3.9/site-packages/requests/sessions.py", line 703, in send
    r = adapter.send(request, **kwargs)
  File "/Users/ashishparadkar/Downloads/algo-code-main/.venv/lib/python3.9/site-packages/requests/adapters.py", line 677, in send
    raise ConnectionError(e, request=request)
requests.exceptions.ConnectionError: HTTPSConnectionPool(host='api.binance.com', port=443): Max retries exceeded with url: /api/v3/klines?interval=5m&limit=1000&symbol=ETHUSDT (Caused by NameResolutionError("HTTPSConnection(host='api.binance.com', port=443): Failed to resolve 'api.binance.com' ([Errno 8] nodename nor servname provided, or not known)"))

The above exception was the direct cause of the following exception:

Traceback (most recent call last):
  File "/Users/ashishparadkar/Downloads/algo-code-main/src/live_runner.py", line 199, in process_cycle
    df, _ = self.provider_manager.fetch_ohlcv_safe(self.symbol, self.timeframe, limit=1000)
  File "/Users/ashishparadkar/Downloads/algo-code-main/src/provider_manager.py", line 359, in fetch_ohlcv_safe
    raise retryable_err
  File "/Users/ashishparadkar/Downloads/algo-code-main/src/provider_manager.py", line 351, in fetch_ohlcv_safe
    df = adapter.fetch_ohlcv(instrument, timeframe, limit=limit)
  File "/Users/ashishparadkar/Downloads/algo-code-main/src/provider_manager.py", line 211, in fetch_ohlcv
    raise net_err
  File "/Users/ashishparadkar/Downloads/algo-code-main/src/provider_manager.py", line 183, in fetch_ohlcv
    raw_candles = self.exchange.fetch_ohlcv(
  File "/Users/ashishparadkar/Downloads/algo-code-main/.venv/lib/python3.9/site-packages/ccxt/binance.py", line 4759, in fetch_ohlcv
    response = self.publicGetKlines(self.extend(request, params))
  File "/Users/ashishparadkar/Downloads/algo-code-main/.venv/lib/python3.9/site-packages/ccxt/base/types.py", line 35, in unbound_method
    return _self.request(self.path, self.api, self.method, params, config=self.config)
  File "/Users/ashishparadkar/Downloads/algo-code-main/.venv/lib/python3.9/site-packages/ccxt/binance.py", line 11724, in request
    response = self.fetch2(path, api, method, params, headers, body, config)
  File "/Users/ashishparadkar/Downloads/algo-code-main/.venv/lib/python3.9/site-packages/ccxt/base/exchange.py", line 5566, in fetch2
    raise e
  File "/Users/ashishparadkar/Downloads/algo-code-main/.venv/lib/python3.9/site-packages/ccxt/base/exchange.py", line 5549, in fetch2
    response = self.fetch(request['url'], request['method'], request['headers'], request['body'])
  File "/Users/ashishparadkar/Downloads/algo-code-main/.venv/lib/python3.9/site-packages/ccxt/base/exchange.py", line 721, in fetch
    raise NetworkError(details) from e
ccxt.base.errors.NetworkError: binance GET https://api.binance.com/api/v3/klines?interval=5m&limit=1000&symbol=ETHUSDT
2026-08-21 13:21:08,575 - WARNING - [bot-1787212339639-1dd2] Marked bot as non-retryable configuration error to prevent infinite error storm.
2026-08-21 13:21:08,697 - WARNING - Telegram alert [GENERAL] failed (Connection Error: HTTPSConnectionPool(host='api.telegram.org', port=443): Max retries exceeded with url: /bot8865086302:AAHhh3VL9czoQRSnw8Hf9iyDEwGJnqQTtqc/sendMessage (Caused by NameResolutionError("HTTPSConnection(host='api.telegram.org', port=443): Failed to resolve 'api.telegram.org' ([Errno 8] nodename nor servname provided, or not known)"))). Re-queueing retry 1/3 in 1.0s
2026-08-21 13:21:08,795 - INFO - Logged heartbeat status: ERROR
2026-08-21 13:21:08,795 - INFO - Job "LiveRunner.process_cycle (trigger: interval[0:05:00], next run at: 2026-08-21 13:25:53 IST)" executed successfully
2026-08-21 13:21:09,711 - WARNING - Telegram alert [GENERAL] failed (Connection Error: HTTPSConnectionPool(host='api.telegram.org', port=443): Max retries exceeded with url: /bot8865086302:AAHhh3VL9czoQRSnw8Hf9iyDEwGJnqQTtqc/sendMessage (Caused by NameResolutionError("HTTPSConnection(host='api.telegram.org', port=443): Failed to resolve 'api.telegram.org' ([Errno 8] nodename nor servname provided, or not known)"))). Re-queueing retry 2/3 in 2.0s
2026-08-21 13:21:10,716 - WARNING - Telegram alert [GENERAL] failed (Connection Error: HTTPSConnectionPool(host='api.telegram.org', port=443): Max retries exceeded with url: /bot8865086302:AAHhh3VL9czoQRSnw8Hf9iyDEwGJnqQTtqc/sendMessage (Caused by NameResolutionError("HTTPSConnection(host='api.telegram.org', port=443): Failed to resolve 'api.telegram.org' ([Errno 8] nodename nor servname provided, or not known)"))). Re-queueing retry 3/3 in 4.0s
2026-08-21 13:21:11,726 - ERROR - Telegram alert [GENERAL] failed permanently after 3 retries: Connection Error: HTTPSConnectionPool(host='api.telegram.org', port=443): Max retries exceeded with url: /bot8865086302:AAHhh3VL9czoQRSnw8Hf9iyDEwGJnqQTtqc/sendMessage (Caused by NameResolutionError("HTTPSConnection(host='api.telegram.org', port=443): Failed to resolve 'api.telegram.org' ([Errno 8] nodename nor servname provided, or not known)"))
2026-08-21 13:25:53,977 - INFO - Running job "LiveRunner.process_cycle (trigger: interval[0:05:00], next run at: 2026-08-21 13:30:53 IST)" (scheduled at 2026-08-21 13:25:53.965336+05:30)
2026-08-21 13:25:53,979 - ERROR - [bot-1787212339639-1dd2] Halting runner cycle: Bot is configured with unexecutable instrument 'ETH/USDT'. Error: Fatal Non-Retryable Error: binance GET https://api.binance.com/api/v3/klines?interval=5m&limit=1000&symbol=ETHUSDT
2026-08-21 13:25:54,121 - INFO - Job "LiveRunner.process_cycle (trigger: interval[0:05:00], next run at: 2026-08-21 13:30:53 IST)" executed successfully
2026-08-21 13:30:53,980 - INFO - Running job "LiveRunner.process_cycle (trigger: interval[0:05:00], next run at: 2026-08-21 13:35:53 IST)" (scheduled at 2026-08-21 13:30:53.965336+05:30)
2026-08-21 13:30:53,989 - ERROR - [bot-1787212339639-1dd2] Halting runner cycle: Bot is configured with unexecutable instrument 'ETH/USDT'. Error: Fatal Non-Retryable Error: binance GET https://api.binance.com/api/v3/klines?interval=5m&limit=1000&symbol=ETHUSDT
2026-08-21 13:30:54,156 - INFO - Job "LiveRunner.process_cycle (trigger: interval[0:05:00], next run at: 2026-08-21 13:35:53 IST)" executed successfully
2026-08-21 13:35:54,019 - INFO - Running job "LiveRunner.process_cycle (trigger: interval[0:05:00], next run at: 2026-08-21 13:40:53 IST)" (scheduled at 2026-08-21 13:35:53.965336+05:30)
2026-08-21 13:35:54,026 - ERROR - [bot-1787212339639-1dd2] Halting runner cycle: Bot is configured with unexecutable instrument 'ETH/USDT'. Error: Fatal Non-Retryable Error: binance GET https://api.binance.com/api/v3/klines?interval=5m&limit=1000&symbol=ETHUSDT
2026-08-21 13:35:54,231 - INFO - Job "LiveRunner.process_cycle (trigger: interval[0:05:00], next run at: 2026-08-21 13:40:53 IST)" executed successfully
/Users/ashishparadkar/Downloads/algo-code-main/.venv/lib/python3.9/site-packages/urllib3/__init__.py:35: NotOpenSSLWarning: urllib3 v2 only supports OpenSSL 1.1.1+, currently the 'ssl' module is compiled with 'LibreSSL 2.8.3'. See: https://github.com/urllib3/urllib3/issues/3020
  warnings.warn(
2026-08-21 14:51:27,920 - INFO - Bot state startup reconciliation finished: 0 bot(s) reconciled to STOPPED.
2026-08-21 14:51:29,393 - INFO - Telegram notification service initialized successfully (Chat ID: 5657...)
2026-08-21 14:51:29,450 - INFO - Initializing scheduled trading bot live runner for bot-1787212339639-1dd2...
2026-08-21 14:51:30,258 - INFO - SQLite database tables verified/created.
2026-08-21 14:51:31,010 - INFO - Initializing CCXT Binance in TESTNET mode.
/Users/ashishparadkar/Downloads/algo-code-main/.venv/lib/python3.9/site-packages/urllib3/__init__.py:35: NotOpenSSLWarning: urllib3 v2 only supports OpenSSL 1.1.1+, currently the 'ssl' module is compiled with 'LibreSSL 2.8.3'. See: https://github.com/urllib3/urllib3/issues/3020
  warnings.warn(
2026-08-21 15:30:40,522 - INFO - Bot state startup reconciliation finished: 0 bot(s) reconciled to STOPPED.
2026-08-21 15:30:41,426 - INFO - Telegram notification service initialized successfully (Chat ID: 5657...)
2026-08-21 15:30:41,435 - INFO - Initializing scheduled trading bot live runner for bot-1787212339639-1dd2...
2026-08-21 15:30:42,474 - INFO - SQLite database tables verified/created.
2026-08-21 15:30:43,232 - INFO - Initializing CCXT Binance in TESTNET mode.
2026-08-21 15:31:25,121 - INFO - [bot-1787212339639-1dd2] Pre-flight instrument resolved: ETH/USDT (SPOT via binance_spot)
2026-08-21 15:31:25,178 - INFO - [bot-1787212339639-1dd2] Starting signal check cycle for ETH/USDT (5m)...
2026-08-21 15:31:25,206 - INFO - Fetching recent candles for ETH/USDT (5m) [Bot: bot-1787212339639-1dd2] via ProviderManager...
/Users/ashishparadkar/Downloads/algo-code-main/.venv/lib/python3.9/site-packages/urllib3/__init__.py:35: NotOpenSSLWarning: urllib3 v2 only supports OpenSSL 1.1.1+, currently the 'ssl' module is compiled with 'LibreSSL 2.8.3'. See: https://github.com/urllib3/urllib3/issues/3020
  warnings.warn(
2026-08-21 18:13:53,699 - INFO - Bot state startup reconciliation finished: 0 bot(s) reconciled to STOPPED.
2026-08-21 18:13:54,543 - INFO - Telegram notification service initialized successfully (Chat ID: 5657...)
2026-08-21 18:13:54,612 - INFO - Initializing scheduled trading bot live runner for bot-1787212339639-1dd2...
2026-08-21 18:13:55,357 - INFO - SQLite database tables verified/created.
2026-08-21 18:13:56,394 - INFO - Initializing CCXT Binance in TESTNET mode.
2026-08-21 18:14:34,111 - INFO - [bot-1787212339639-1dd2] Pre-flight instrument resolved: ETH/USDT (SPOT via binance_spot)
2026-08-21 18:14:35,208 - INFO - [bot-1787212339639-1dd2] Starting signal check cycle for ETH/USDT (5m)...
2026-08-21 18:14:35,230 - INFO - Fetching recent candles for ETH/USDT (5m) [Bot: bot-1787212339639-1dd2] via ProviderManager...
/Users/ashishparadkar/Downloads/algo-code-main/.venv/lib/python3.9/site-packages/urllib3/__init__.py:35: NotOpenSSLWarning: urllib3 v2 only supports OpenSSL 1.1.1+, currently the 'ssl' module is compiled with 'LibreSSL 2.8.3'. See: https://github.com/urllib3/urllib3/issues/3020
  warnings.warn(
2026-08-21 20:27:26,480 - INFO - Bot state startup reconciliation finished: 0 bot(s) reconciled to STOPPED.
2026-08-21 20:27:27,571 - INFO - Telegram notification service initialized successfully (Chat ID: 5657...)
2026-08-21 20:27:27,581 - INFO - Initializing scheduled trading bot live runner for bot-1787212339639-1dd2...
2026-08-21 20:27:28,405 - INFO - SQLite database tables verified/created.
2026-08-21 20:27:29,462 - INFO - Initializing CCXT Binance in TESTNET mode.
2026-08-21 20:28:15,108 - INFO - [bot-1787212339639-1dd2] Pre-flight instrument resolved: ETH/USDT (SPOT via binance_spot)
2026-08-21 20:28:17,097 - INFO - [bot-1787212339639-1dd2] Starting signal check cycle for ETH/USDT (5m)...
2026-08-21 20:28:17,126 - INFO - Fetching recent candles for ETH/USDT (5m) [Bot: bot-1787212339639-1dd2] via ProviderManager...
/Users/ashishparadkar/Downloads/algo-code-main/.venv/lib/python3.9/site-packages/urllib3/__init__.py:35: NotOpenSSLWarning: urllib3 v2 only supports OpenSSL 1.1.1+, currently the 'ssl' module is compiled with 'LibreSSL 2.8.3'. See: https://github.com/urllib3/urllib3/issues/3020
  warnings.warn(
2026-08-21 21:33:30,200 - INFO - Bot state startup reconciliation finished: 0 bot(s) reconciled to STOPPED.
2026-08-21 21:33:31,937 - INFO - Telegram notification service initialized successfully (Chat ID: 5657...)
2026-08-21 21:33:33,187 - INFO - Initializing scheduled trading bot live runner for bot-1787212339639-1dd2...
2026-08-21 21:33:33,892 - INFO - SQLite database tables verified/created.
2026-08-21 21:33:34,574 - INFO - Initializing CCXT Binance in TESTNET mode.
2026-08-21 21:34:28,076 - INFO - [bot-1787212339639-1dd2] Pre-flight instrument resolved: ETH/USDT (SPOT via binance_spot)
2026-08-21 21:34:29,364 - INFO - [bot-1787212339639-1dd2] Starting signal check cycle for ETH/USDT (5m)...
2026-08-21 21:34:29,377 - INFO - Fetching recent candles for ETH/USDT (5m) [Bot: bot-1787212339639-1dd2] via ProviderManager...
2026-08-21 21:45:39,420 - INFO - Indicators computed | close=2386.06 ema_9=2392.69 ema_20=2393.21 ema_50=2390.66 ema_200=2370.11 macd=0.6728 poc=2250.0 val=2100.0 vah=2425.0
2026-08-21 21:45:41,006 - INFO - [bot-1787212339639-1dd2] Evaluating strategy on completed candle: 2026-08-21 16:05:00+00:00 at Close price: 2387.52
2026-08-21 21:45:48,503 - INFO - Confluence Evaluation | Regime: TRENDING (ADX=25.4) | Direction: HOLD | BullScore: 0.0% | BearScore: 17.4% | Active: ['ema', 'macd', 'rsi', 'vp']
2026-08-21 21:45:52,081 - INFO - Signal evaluated: HOLD. Reason/Details: Confluence score: 17% (HOLD)
2026-08-21 21:45:56,215 - INFO - Logged heartbeat status: OK
2026-08-21 21:46:05,188 - INFO - Adding job tentatively -- it will be properly scheduled when the scheduler starts
2026-08-21 21:46:05,456 - INFO - Bot bot-1787212339639-1dd2 scheduled to check every 5 minutes.
2026-08-21 21:46:07,355 - INFO - Added job "LiveRunner.process_cycle" to job store "default"
2026-08-21 21:46:07,356 - INFO - Scheduler started
2026-08-21 21:51:08,848 - WARNING - Run time of job "LiveRunner.process_cycle (trigger: interval[0:05:00], next run at: 2026-08-21 21:56:04 IST)" was missed by 0:00:04.260708
2026-08-21 21:56:07,347 - WARNING - Run time of job "LiveRunner.process_cycle (trigger: interval[0:05:00], next run at: 2026-08-21 22:01:04 IST)" was missed by 0:00:03.178168
2026-08-21 22:01:04,909 - INFO - Running job "LiveRunner.process_cycle (trigger: interval[0:05:00], next run at: 2026-08-21 22:01:04 IST)" (scheduled at 2026-08-21 22:01:04.109165+05:30)
2026-08-21 22:01:10,406 - INFO - [bot-1787212339639-1dd2] Starting signal check cycle for ETH/USDT (5m)...
2026-08-21 22:01:12,832 - INFO - Fetching recent candles for ETH/USDT (5m) [Bot: bot-1787212339639-1dd2] via ProviderManager...
2026-08-21 22:02:10,715 - INFO - Indicators computed | close=2399.41 ema_9=2396.39 ema_20=2395.00 ema_50=2391.82 ema_200=2371.22 macd=1.7804 poc=2250.0 val=2100.0 vah=2425.0
2026-08-21 22:02:11,222 - INFO - [bot-1787212339639-1dd2] Evaluating strategy on completed candle: 2026-08-21 16:25:00+00:00 at Close price: 2402.91
2026-08-21 22:02:14,981 - INFO - Confluence Evaluation | Regime: RANGING (ADX=24.4) | Direction: HOLD | BullScore: 50.0% | BearScore: 0.0% | Active: ['ema', 'macd', 'rsi', 'vp']
2026-08-21 22:02:16,114 - INFO - Signal evaluated: HOLD. Reason/Details: Confluence score: 50% (HOLD)
2026-08-21 22:02:18,496 - INFO - Logged heartbeat status: OK
2026-08-21 22:02:18,767 - INFO - Job "LiveRunner.process_cycle (trigger: interval[0:05:00], next run at: 2026-08-21 22:06:04 IST)" executed successfully
2026-08-21 22:06:04,130 - INFO - Running job "LiveRunner.process_cycle (trigger: interval[0:05:00], next run at: 2026-08-21 22:11:04 IST)" (scheduled at 2026-08-21 22:06:04.109165+05:30)
2026-08-21 22:06:04,181 - INFO - [bot-1787212339639-1dd2] Starting signal check cycle for ETH/USDT (5m)...
2026-08-21 22:06:04,209 - INFO - Fetching recent candles for ETH/USDT (5m) [Bot: bot-1787212339639-1dd2] via ProviderManager...
2026-08-21 22:06:06,542 - INFO - Indicators computed | close=2401.44 ema_9=2397.86 ema_20=2395.86 ema_50=2392.30 ema_200=2371.55 macd=2.2612 poc=2250.0 val=2100.0 vah=2425.0
2026-08-21 22:06:06,545 - INFO - [bot-1787212339639-1dd2] Evaluating strategy on completed candle: 2026-08-21 16:30:00+00:00 at Close price: 2402.31
2026-08-21 22:06:06,795 - INFO - Confluence Evaluation | Regime: RANGING (ADX=23.6) | Direction: HOLD | BullScore: 67.4% | BearScore: 0.0% | Active: ['ema', 'macd', 'rsi', 'vp']
2026-08-21 22:06:07,093 - INFO - Signal evaluated: HOLD. Reason/Details: Confluence score: 67% (HOLD)
2026-08-21 22:06:07,314 - INFO - Logged heartbeat status: OK
2026-08-21 22:06:07,315 - INFO - Job "LiveRunner.process_cycle (trigger: interval[0:05:00], next run at: 2026-08-21 22:11:04 IST)" executed successfully
2026-08-21 22:11:04,186 - INFO - Running job "LiveRunner.process_cycle (trigger: interval[0:05:00], next run at: 2026-08-21 22:16:04 IST)" (scheduled at 2026-08-21 22:11:04.109165+05:30)
2026-08-21 22:11:04,247 - INFO - [bot-1787212339639-1dd2] Starting signal check cycle for ETH/USDT (5m)...
2026-08-21 22:11:04,324 - INFO - Fetching recent candles for ETH/USDT (5m) [Bot: bot-1787212339639-1dd2] via ProviderManager...
2026-08-21 22:11:05,905 - INFO - Indicators computed | close=2400.81 ema_9=2398.46 ema_20=2396.34 ema_50=2392.64 ema_200=2371.84 macd=2.3844 poc=2250.0 val=2100.0 vah=2425.0
2026-08-21 22:11:05,959 - INFO - [bot-1787212339639-1dd2] Evaluating strategy on completed candle: 2026-08-21 16:35:00+00:00 at Close price: 2401.50
2026-08-21 22:11:06,106 - INFO - Confluence Evaluation | Regime: RANGING (ADX=22.0) | Direction: HOLD | BullScore: 67.4% | BearScore: 0.0% | Active: ['ema', 'macd', 'rsi', 'vp']
2026-08-21 22:11:06,175 - INFO - Signal evaluated: HOLD. Reason/Details: Confluence score: 67% (HOLD)
2026-08-21 22:11:06,340 - INFO - Logged heartbeat status: OK
2026-08-21 22:11:06,340 - INFO - Job "LiveRunner.process_cycle (trigger: interval[0:05:00], next run at: 2026-08-21 22:16:04 IST)" executed successfully
2026-08-21 22:16:04,134 - INFO - Running job "LiveRunner.process_cycle (trigger: interval[0:05:00], next run at: 2026-08-21 22:21:04 IST)" (scheduled at 2026-08-21 22:16:04.109165+05:30)
2026-08-21 22:16:04,265 - INFO - [bot-1787212339639-1dd2] Starting signal check cycle for ETH/USDT (5m)...
2026-08-21 22:16:04,316 - INFO - Fetching recent candles for ETH/USDT (5m) [Bot: bot-1787212339639-1dd2] via ProviderManager...
2026-08-21 22:16:05,448 - INFO - Indicators computed | close=2402.02 ema_9=2399.30 ema_20=2396.95 ema_50=2393.04 ema_200=2372.15 macd=2.5951 poc=2250.0 val=2100.0 vah=2425.0
2026-08-21 22:16:05,450 - INFO - [bot-1787212339639-1dd2] Evaluating strategy on completed candle: 2026-08-21 16:40:00+00:00 at Close price: 2401.60
2026-08-21 22:16:05,548 - INFO - Confluence Evaluation | Regime: RANGING (ADX=20.1) | Direction: HOLD | BullScore: 67.4% | BearScore: 0.0% | Active: ['ema', 'macd', 'rsi', 'vp']
2026-08-21 22:16:05,648 - INFO - Signal evaluated: HOLD. Reason/Details: Confluence score: 67% (HOLD)
2026-08-21 22:16:05,915 - INFO - Logged heartbeat status: OK
2026-08-21 22:16:05,916 - INFO - Job "LiveRunner.process_cycle (trigger: interval[0:05:00], next run at: 2026-08-21 22:21:04 IST)" executed successfully
2026-08-21 22:21:04,146 - INFO - Running job "LiveRunner.process_cycle (trigger: interval[0:05:00], next run at: 2026-08-21 22:26:04 IST)" (scheduled at 2026-08-21 22:21:04.109165+05:30)
2026-08-21 22:21:04,186 - INFO - [bot-1787212339639-1dd2] Starting signal check cycle for ETH/USDT (5m)...
2026-08-21 22:21:04,220 - INFO - Fetching recent candles for ETH/USDT (5m) [Bot: bot-1787212339639-1dd2] via ProviderManager...
2026-08-21 22:21:05,078 - INFO - Indicators computed | close=2409.30 ema_9=2402.38 ema_20=2398.71 ema_50=2393.93 ema_200=2372.58 macd=3.6796 poc=2250.0 val=2100.0 vah=2425.0
2026-08-21 22:21:05,080 - INFO - [bot-1787212339639-1dd2] Evaluating strategy on completed candle: 2026-08-21 16:45:00+00:00 at Close price: 2408.80
2026-08-21 22:21:05,153 - INFO - Confluence Evaluation | Regime: RANGING (ADX=19.2) | Direction: HOLD | BullScore: 67.4% | BearScore: 0.0% | Active: ['ema', 'macd', 'rsi', 'vp']
2026-08-21 22:21:05,279 - INFO - Signal evaluated: HOLD. Reason/Details: Confluence score: 67% (HOLD)
2026-08-21 22:21:05,525 - INFO - Logged heartbeat status: OK
2026-08-21 22:21:05,525 - INFO - Job "LiveRunner.process_cycle (trigger: interval[0:05:00], next run at: 2026-08-21 22:26:04 IST)" executed successfully
2026-08-21 22:26:04,138 - INFO - Running job "LiveRunner.process_cycle (trigger: interval[0:05:00], next run at: 2026-08-21 22:31:04 IST)" (scheduled at 2026-08-21 22:26:04.109165+05:30)
2026-08-21 22:26:04,213 - INFO - [bot-1787212339639-1dd2] Starting signal check cycle for ETH/USDT (5m)...
2026-08-21 22:26:04,264 - INFO - Fetching recent candles for ETH/USDT (5m) [Bot: bot-1787212339639-1dd2] via ProviderManager...
2026-08-21 22:26:05,461 - INFO - Indicators computed | close=2407.86 ema_9=2403.58 ema_20=2399.63 ema_50=2394.50 ema_200=2372.94 macd=3.9863 poc=2250.0 val=2100.0 vah=2425.0
2026-08-21 22:26:05,463 - INFO - [bot-1787212339639-1dd2] Evaluating strategy on completed candle: 2026-08-21 16:50:00+00:00 at Close price: 2409.91
2026-08-21 22:26:05,562 - INFO - Confluence Evaluation | Regime: RANGING (ADX=18.7) | Direction: HOLD | BullScore: 67.4% | BearScore: 0.0% | Active: ['ema', 'macd', 'rsi', 'vp']
2026-08-21 22:26:05,702 - INFO - Signal evaluated: HOLD. Reason/Details: Confluence score: 67% (HOLD)
2026-08-21 22:26:05,949 - INFO - Logged heartbeat status: OK
2026-08-21 22:26:05,950 - INFO - Job "LiveRunner.process_cycle (trigger: interval[0:05:00], next run at: 2026-08-21 22:31:04 IST)" executed successfully
2026-08-21 22:31:04,152 - INFO - Running job "LiveRunner.process_cycle (trigger: interval[0:05:00], next run at: 2026-08-21 22:36:04 IST)" (scheduled at 2026-08-21 22:31:04.109165+05:30)
2026-08-21 22:31:04,225 - INFO - [bot-1787212339639-1dd2] Starting signal check cycle for ETH/USDT (5m)...
2026-08-21 22:31:04,290 - INFO - Fetching recent candles for ETH/USDT (5m) [Bot: bot-1787212339639-1dd2] via ProviderManager...
2026-08-21 22:31:05,997 - INFO - Indicators computed | close=2405.74 ema_9=2403.71 ema_20=2400.05 ema_50=2394.87 ema_200=2373.25 macd=3.8575 poc=2250.0 val=2100.0 vah=2425.0
2026-08-21 22:31:06,003 - INFO - [bot-1787212339639-1dd2] Evaluating strategy on completed candle: 2026-08-21 16:55:00+00:00 at Close price: 2405.97
2026-08-21 22:31:06,564 - INFO - Confluence Evaluation | Regime: RANGING (ADX=14.6) | Direction: HOLD | BullScore: 67.4% | BearScore: 0.0% | Active: ['ema', 'macd', 'rsi', 'vp']
2026-08-21 22:31:06,694 - INFO - Signal evaluated: HOLD. Reason/Details: Confluence score: 67% (HOLD)
2026-08-21 22:31:06,954 - INFO - Logged heartbeat status: OK
2026-08-21 22:31:06,955 - INFO - Job "LiveRunner.process_cycle (trigger: interval[0:05:00], next run at: 2026-08-21 22:36:04 IST)" executed successfully
2026-08-21 22:36:04,124 - INFO - Running job "LiveRunner.process_cycle (trigger: interval[0:05:00], next run at: 2026-08-21 22:41:04 IST)" (scheduled at 2026-08-21 22:36:04.109165+05:30)
2026-08-21 22:36:04,166 - INFO - [bot-1787212339639-1dd2] Starting signal check cycle for ETH/USDT (5m)...
2026-08-21 22:36:04,209 - INFO - Fetching recent candles for ETH/USDT (5m) [Bot: bot-1787212339639-1dd2] via ProviderManager...
2026-08-21 22:36:04,731 - INFO - Indicators computed | close=2408.97 ema_9=2405.16 ema_20=2401.11 ema_50=2395.52 ema_200=2373.63 macd=4.2412 poc=2250.0 val=2100.0 vah=2425.0
2026-08-21 22:36:04,733 - INFO - [bot-1787212339639-1dd2] Evaluating strategy on completed candle: 2026-08-21 17:00:00+00:00 at Close price: 2408.22
2026-08-21 22:36:04,803 - INFO - Confluence Evaluation | Regime: RANGING (ADX=15.3) | Direction: HOLD | BullScore: 67.4% | BearScore: 0.0% | Active: ['ema', 'macd', 'rsi', 'vp']
2026-08-21 22:36:04,903 - INFO - Signal evaluated: HOLD. Reason/Details: Confluence score: 67% (HOLD)
2026-08-21 22:36:05,096 - INFO - Logged heartbeat status: OK
2026-08-21 22:36:05,096 - INFO - Job "LiveRunner.process_cycle (trigger: interval[0:05:00], next run at: 2026-08-21 22:41:04 IST)" executed successfully
2026-08-21 22:41:04,211 - INFO - Running job "LiveRunner.process_cycle (trigger: interval[0:05:00], next run at: 2026-08-21 22:46:04 IST)" (scheduled at 2026-08-21 22:41:04.109165+05:30)
2026-08-21 22:41:04,248 - INFO - [bot-1787212339639-1dd2] Starting signal check cycle for ETH/USDT (5m)...
2026-08-21 22:41:04,287 - INFO - Fetching recent candles for ETH/USDT (5m) [Bot: bot-1787212339639-1dd2] via ProviderManager...
2026-08-21 22:41:05,158 - INFO - Indicators computed | close=2417.43 ema_9=2408.70 ema_20=2403.25 ema_50=2396.63 ema_200=2374.13 macd=5.4309 poc=2250.0 val=2100.0 vah=2425.0
2026-08-21 22:41:05,159 - INFO - [bot-1787212339639-1dd2] Evaluating strategy on completed candle: 2026-08-21 17:05:00+00:00 at Close price: 2415.75
2026-08-21 22:41:05,376 - INFO - Confluence Evaluation | Regime: RANGING (ADX=17.9) | Direction: HOLD | BullScore: 67.4% | BearScore: 32.6% | Active: ['ema', 'macd', 'rsi', 'vp']
2026-08-21 22:41:05,537 - INFO - Signal evaluated: HOLD. Reason/Details: Confluence score: 67% (HOLD)
2026-08-21 22:41:05,743 - INFO - Logged heartbeat status: OK
2026-08-21 22:41:05,743 - INFO - Job "LiveRunner.process_cycle (trigger: interval[0:05:00], next run at: 2026-08-21 22:46:04 IST)" executed successfully
/Users/ashishparadkar/Downloads/algo-code-main/.venv/lib/python3.9/site-packages/urllib3/__init__.py:35: NotOpenSSLWarning: urllib3 v2 only supports OpenSSL 1.1.1+, currently the 'ssl' module is compiled with 'LibreSSL 2.8.3'. See: https://github.com/urllib3/urllib3/issues/3020
  warnings.warn(
2026-08-21 22:45:30,772 - INFO - Bot state startup reconciliation finished: 0 bot(s) reconciled to STOPPED.
2026-08-21 22:45:32,295 - INFO - Telegram notification service initialized successfully (Chat ID: 5657...)
2026-08-21 22:45:32,977 - INFO - Initializing scheduled trading bot live runner for bot-1787212339639-1dd2...
2026-08-21 22:45:33,619 - INFO - SQLite database tables verified/created.
2026-08-21 22:45:35,395 - INFO - Initializing CCXT Binance in TESTNET mode.
