/Users/ashishparadkar/Downloads/algo-code-main/.venv/lib/python3.9/site-packages/urllib3/__init__.py:35: NotOpenSSLWarning: urllib3 v2 only supports OpenSSL 1.1.1+, currently the 'ssl' module is compiled with 'LibreSSL 2.8.3'. See: https://github.com/urllib3/urllib3/issues/3020
  warnings.warn(
2026-08-20 22:18:07,391 - INFO - Bot state startup reconciliation finished: 0 bot(s) reconciled to STOPPED.
2026-08-20 22:18:08,353 - INFO - Telegram notification service initialized successfully (Chat ID: 5657...)
2026-08-20 22:18:08,363 - INFO - Initializing scheduled trading bot live runner for bot-1787212524606-4693...
2026-08-20 22:18:08,713 - INFO - SQLite database tables verified/created.
2026-08-20 22:18:09,837 - INFO - Initializing CCXT Binance in TESTNET mode.
2026-08-20 22:18:42,619 - INFO - [bot-1787212524606-4693] Pre-flight instrument resolved: BTC/USDT (SPOT via binance_spot)
2026-08-20 22:18:43,094 - INFO - [bot-1787212524606-4693] Starting signal check cycle for BTC/USDT (5m)...
2026-08-20 22:18:43,752 - INFO - Fetching recent candles for BTC/USDT (5m) [Bot: bot-1787212524606-4693] via ProviderManager...
2026-08-20 22:19:54,483 - INFO - Indicators computed | close=72563.39 ema_9=72456.80 ema_20=72335.55 ema_50=72095.67 ema_200=70831.33 macd=146.7210 poc=64325.0 val=63300.0 vah=69600.0
2026-08-20 22:19:54,498 - INFO - [bot-1787212524606-4693] Evaluating strategy on completed candle: 2026-08-20 16:40:00+00:00 at Close price: 72630.89
2026-08-20 22:19:54,567 - INFO - Confluence Evaluation | Regime: TRENDING (ADX=34.9) | Direction: LONG | BullScore: 100.0% | BearScore: 0.0% | Active: ['ema_9', 'ema_20', 'rsi', 'vwap', 'supertrend', 'atr']
2026-08-20 22:19:54,858 - INFO - Capping position size 0.711946 BTC to available cash equivalent 0.206524 BTC.
2026-08-20 22:19:54,879 - INFO - Created pending signal approval ID 52 for bot bot-1787212524606-4693 (LONG @ $72630.89, status: WAITING_APPROVAL)
2026-08-20 22:19:54,900 - INFO - [bot-1787212524606-4693] Signal LONG generated (ID: 52). Waiting for manual user approval.
2026-08-20 22:19:55,235 - INFO - Logged heartbeat status: OK
2026-08-20 22:19:55,258 - INFO - Adding job tentatively -- it will be properly scheduled when the scheduler starts
2026-08-20 22:19:55,259 - INFO - Bot bot-1787212524606-4693 scheduled to check every 5 minutes.
2026-08-20 22:19:55,266 - INFO - Added job "LiveRunner.process_cycle" to job store "default"
2026-08-20 22:19:55,266 - INFO - Scheduler started
2026-08-20 22:24:55,473 - INFO - Running job "LiveRunner.process_cycle (trigger: interval[0:05:00], next run at: 2026-08-20 22:29:55 IST)" (scheduled at 2026-08-20 22:24:55.257388+05:30)
2026-08-20 22:24:55,658 - INFO - [bot-1787212524606-4693] Starting signal check cycle for BTC/USDT (5m)...
2026-08-20 22:24:55,743 - INFO - Fetching recent candles for BTC/USDT (5m) [Bot: bot-1787212524606-4693] via ProviderManager...
2026-08-20 22:24:58,108 - INFO - Indicators computed | close=72647.27 ema_9=72495.63 ema_20=72365.63 ema_50=72117.47 ema_200=70849.44 macd=153.9724 poc=64325.0 val=63300.0 vah=69600.0
2026-08-20 22:24:58,110 - INFO - [bot-1787212524606-4693] Evaluating strategy on completed candle: 2026-08-20 16:45:00+00:00 at Close price: 72568.00
2026-08-20 22:24:58,173 - INFO - Confluence Evaluation | Regime: TRENDING (ADX=34.0) | Direction: HOLD | BullScore: 55.9% | BearScore: 44.1% | Active: ['ema_9', 'ema_20', 'rsi', 'vwap', 'supertrend', 'atr']
2026-08-20 22:24:58,444 - INFO - Signal evaluated: HOLD. Reason/Details: Confluence score: 56% (HOLD)
2026-08-20 22:24:58,606 - INFO - Logged heartbeat status: OK
2026-08-20 22:24:58,607 - INFO - Job "LiveRunner.process_cycle (trigger: interval[0:05:00], next run at: 2026-08-20 22:29:55 IST)" executed successfully
2026-08-20 22:29:55,269 - INFO - Running job "LiveRunner.process_cycle (trigger: interval[0:05:00], next run at: 2026-08-20 22:34:55 IST)" (scheduled at 2026-08-20 22:29:55.257388+05:30)
2026-08-20 22:29:55,274 - INFO - [bot-1787212524606-4693] Starting signal check cycle for BTC/USDT (5m)...
2026-08-20 22:29:55,313 - INFO - Fetching recent candles for BTC/USDT (5m) [Bot: bot-1787212524606-4693] via ProviderManager...
2026-08-20 22:29:56,010 - INFO - Indicators computed | close=72848.00 ema_9=72566.54 ema_20=72411.81 ema_50=72146.22 ema_200=70869.35 macd=173.7911 poc=64325.0 val=63300.0 vah=69625.0
2026-08-20 22:29:56,012 - INFO - [bot-1787212524606-4693] Evaluating strategy on completed candle: 2026-08-20 16:50:00+00:00 at Close price: 72649.99
2026-08-20 22:29:56,071 - INFO - Confluence Evaluation | Regime: TRENDING (ADX=33.2) | Direction: LONG | BullScore: 100.0% | BearScore: 0.0% | Active: ['ema_9', 'ema_20', 'rsi', 'vwap', 'supertrend', 'atr']
2026-08-20 22:29:56,172 - INFO - Capping position size 0.684510 BTC to available cash equivalent 0.206469 BTC.
2026-08-20 22:29:56,183 - INFO - [bot-1787212524606-4693] Signal LONG active pending approval already exists (ID: 52).
2026-08-20 22:29:56,296 - INFO - Logged heartbeat status: OK
2026-08-20 22:29:56,297 - INFO - Job "LiveRunner.process_cycle (trigger: interval[0:05:00], next run at: 2026-08-20 22:34:55 IST)" executed successfully
2026-08-20 22:34:55,274 - INFO - Running job "LiveRunner.process_cycle (trigger: interval[0:05:00], next run at: 2026-08-20 22:39:55 IST)" (scheduled at 2026-08-20 22:34:55.257388+05:30)
2026-08-20 22:34:55,285 - INFO - [bot-1787212524606-4693] Starting signal check cycle for BTC/USDT (5m)...
2026-08-20 22:34:55,325 - INFO - Fetching recent candles for BTC/USDT (5m) [Bot: bot-1787212524606-4693] via ProviderManager...
2026-08-20 22:34:55,793 - INFO - Indicators computed | close=72766.12 ema_9=72604.72 ema_20=72444.62 ema_50=72170.13 ema_200=70888.12 macd=179.9681 poc=64325.0 val=63300.0 vah=69625.0
2026-08-20 22:34:55,794 - INFO - [bot-1787212524606-4693] Evaluating strategy on completed candle: 2026-08-20 16:55:00+00:00 at Close price: 72837.15
2026-08-20 22:34:55,848 - INFO - Confluence Evaluation | Regime: TRENDING (ADX=33.1) | Direction: LONG | BullScore: 100.0% | BearScore: 0.0% | Active: ['ema_9', 'ema_20', 'rsi', 'vwap', 'supertrend', 'atr']
2026-08-20 22:34:55,956 - INFO - Capping position size 0.492247 BTC to available cash equivalent 0.205939 BTC.
2026-08-20 22:34:56,016 - INFO - [bot-1787212524606-4693] Signal LONG active pending approval already exists (ID: 52).
2026-08-20 22:34:56,158 - INFO - Logged heartbeat status: OK
2026-08-20 22:34:56,159 - INFO - Job "LiveRunner.process_cycle (trigger: interval[0:05:00], next run at: 2026-08-20 22:39:55 IST)" executed successfully
2026-08-20 22:39:55,318 - INFO - Running job "LiveRunner.process_cycle (trigger: interval[0:05:00], next run at: 2026-08-20 22:44:55 IST)" (scheduled at 2026-08-20 22:39:55.257388+05:30)
2026-08-20 22:39:55,331 - INFO - [bot-1787212524606-4693] Starting signal check cycle for BTC/USDT (5m)...
2026-08-20 22:39:55,384 - INFO - Fetching recent candles for BTC/USDT (5m) [Bot: bot-1787212524606-4693] via ProviderManager...
2026-08-20 22:39:56,490 - INFO - Indicators computed | close=72671.73 ema_9=72618.12 ema_20=72466.25 ema_50=72189.80 ema_200=70905.87 macd=175.9045 poc=64325.0 val=63300.0 vah=69625.0
2026-08-20 22:39:56,500 - INFO - [bot-1787212524606-4693] Evaluating strategy on completed candle: 2026-08-20 17:00:00+00:00 at Close price: 72766.11
2026-08-20 22:39:56,575 - INFO - Confluence Evaluation | Regime: TRENDING (ADX=31.9) | Direction: HOLD | BullScore: 55.9% | BearScore: 44.1% | Active: ['ema_9', 'ema_20', 'rsi', 'vwap', 'supertrend', 'atr']
2026-08-20 22:39:56,645 - INFO - Signal evaluated: HOLD. Reason/Details: Confluence score: 56% (HOLD)
2026-08-20 22:39:56,787 - INFO - Logged heartbeat status: OK
2026-08-20 22:39:56,787 - INFO - Job "LiveRunner.process_cycle (trigger: interval[0:05:00], next run at: 2026-08-20 22:44:55 IST)" executed successfully
2026-08-20 22:44:55,270 - INFO - Running job "LiveRunner.process_cycle (trigger: interval[0:05:00], next run at: 2026-08-20 22:49:55 IST)" (scheduled at 2026-08-20 22:44:55.257388+05:30)
2026-08-20 22:44:55,278 - INFO - [bot-1787212524606-4693] Starting signal check cycle for BTC/USDT (5m)...
2026-08-20 22:44:55,319 - INFO - Fetching recent candles for BTC/USDT (5m) [Bot: bot-1787212524606-4693] via ProviderManager...
2026-08-20 22:44:55,761 - INFO - Indicators computed | close=72688.66 ema_9=72630.99 ema_20=72486.76 ema_50=72209.07 ema_200=70923.53 macd=171.5912 poc=64325.0 val=63300.0 vah=69625.0
2026-08-20 22:44:55,762 - INFO - [bot-1787212524606-4693] Evaluating strategy on completed candle: 2026-08-20 17:05:00+00:00 at Close price: 72664.00
2026-08-20 22:44:55,825 - INFO - Confluence Evaluation | Regime: TRENDING (ADX=29.5) | Direction: HOLD | BullScore: 55.9% | BearScore: 44.1% | Active: ['ema_9', 'ema_20', 'rsi', 'vwap', 'supertrend', 'atr']
2026-08-20 22:44:55,921 - INFO - Signal evaluated: HOLD. Reason/Details: Confluence score: 56% (HOLD)
2026-08-20 22:44:56,139 - INFO - Logged heartbeat status: OK
2026-08-20 22:44:56,141 - INFO - Job "LiveRunner.process_cycle (trigger: interval[0:05:00], next run at: 2026-08-20 22:49:55 IST)" executed successfully
2026-08-20 22:49:55,267 - INFO - Running job "LiveRunner.process_cycle (trigger: interval[0:05:00], next run at: 2026-08-20 22:54:55 IST)" (scheduled at 2026-08-20 22:49:55.257388+05:30)
2026-08-20 22:49:55,272 - INFO - [bot-1787212524606-4693] Starting signal check cycle for BTC/USDT (5m)...
2026-08-20 22:49:55,316 - INFO - Fetching recent candles for BTC/USDT (5m) [Bot: bot-1787212524606-4693] via ProviderManager...
2026-08-20 22:49:55,746 - INFO - Indicators computed | close=72652.43 ema_9=72635.81 ema_20=72502.83 ema_50=72226.58 ema_200=70940.77 macd=164.0551 poc=64325.0 val=63300.0 vah=69625.0
2026-08-20 22:49:55,752 - INFO - [bot-1787212524606-4693] Evaluating strategy on completed candle: 2026-08-20 17:10:00+00:00 at Close price: 72692.00
2026-08-20 22:49:55,812 - INFO - Confluence Evaluation | Regime: TRENDING (ADX=28.2) | Direction: LONG | BullScore: 100.0% | BearScore: 0.0% | Active: ['ema_9', 'ema_20', 'rsi', 'vwap', 'supertrend', 'atr']
2026-08-20 22:49:55,880 - INFO - Capping position size 1.305369 BTC to available cash equivalent 0.206350 BTC.
2026-08-20 22:49:55,980 - INFO - Created pending signal approval ID 77 for bot bot-1787212524606-4693 (LONG @ $72692.00, status: WAITING_APPROVAL)
2026-08-20 22:49:56,051 - INFO - [bot-1787212524606-4693] Signal LONG generated (ID: 77). Waiting for manual user approval.
2026-08-20 22:49:56,233 - INFO - Logged heartbeat status: OK
2026-08-20 22:49:56,234 - INFO - Job "LiveRunner.process_cycle (trigger: interval[0:05:00], next run at: 2026-08-20 22:54:55 IST)" executed successfully
2026-08-21 00:19:54,310 - WARNING - Run time of job "LiveRunner.process_cycle (trigger: interval[0:05:00], next run at: 2026-08-21 00:19:55 IST)" was missed by 0:04:59.048374
2026-08-21 00:19:55,265 - INFO - Running job "LiveRunner.process_cycle (trigger: interval[0:05:00], next run at: 2026-08-21 00:24:55 IST)" (scheduled at 2026-08-21 00:19:55.257388+05:30)
2026-08-21 00:19:55,303 - INFO - [bot-1787212524606-4693] Starting signal check cycle for BTC/USDT (5m)...
2026-08-21 00:19:55,320 - INFO - Fetching recent candles for BTC/USDT (5m) [Bot: bot-1787212524606-4693] via ProviderManager...
2026-08-21 00:20:05,375 - ERROR - Binance Spot Network Error: binance GET https://api.binance.com/api/v3/klines?interval=5m&limit=1000&symbol=BTCUSDT
--- Logging error ---
Traceback (most recent call last):
  File "/Users/ashishparadkar/Downloads/algo-code-main/.venv/lib/python3.9/site-packages/urllib3/connectionpool.py", line 534, in _make_request
    response = conn.getresponse()
  File "/Users/ashishparadkar/Downloads/algo-code-main/.venv/lib/python3.9/site-packages/urllib3/connection.py", line 571, in getresponse
    httplib_response = super().getresponse()
  File "/Library/Developer/CommandLineTools/Library/Frameworks/Python3.framework/Versions/3.9/lib/python3.9/http/client.py", line 1349, in getresponse
    response.begin()
  File "/Library/Developer/CommandLineTools/Library/Frameworks/Python3.framework/Versions/3.9/lib/python3.9/http/client.py", line 316, in begin
    version, status, reason = self._read_status()
  File "/Library/Developer/CommandLineTools/Library/Frameworks/Python3.framework/Versions/3.9/lib/python3.9/http/client.py", line 277, in _read_status
    line = str(self.fp.readline(_MAXLINE + 1), "iso-8859-1")
  File "/Library/Developer/CommandLineTools/Library/Frameworks/Python3.framework/Versions/3.9/lib/python3.9/socket.py", line 704, in readinto
    return self._sock.recv_into(b)
  File "/Library/Developer/CommandLineTools/Library/Frameworks/Python3.framework/Versions/3.9/lib/python3.9/ssl.py", line 1241, in recv_into
    return self.read(nbytes, buffer)
  File "/Library/Developer/CommandLineTools/Library/Frameworks/Python3.framework/Versions/3.9/lib/python3.9/ssl.py", line 1099, in read
    return self._sslobj.read(len, buffer)
socket.timeout: The read operation timed out

The above exception was the direct cause of the following exception:

Traceback (most recent call last):
  File "/Users/ashishparadkar/Downloads/algo-code-main/.venv/lib/python3.9/site-packages/requests/adapters.py", line 644, in send
    resp = conn.urlopen(
  File "/Users/ashishparadkar/Downloads/algo-code-main/.venv/lib/python3.9/site-packages/urllib3/connectionpool.py", line 841, in urlopen
    retries = retries.increment(
  File "/Users/ashishparadkar/Downloads/algo-code-main/.venv/lib/python3.9/site-packages/urllib3/util/retry.py", line 490, in increment
    raise reraise(type(error), error, _stacktrace)
  File "/Users/ashishparadkar/Downloads/algo-code-main/.venv/lib/python3.9/site-packages/urllib3/util/util.py", line 39, in reraise
    raise value
  File "/Users/ashishparadkar/Downloads/algo-code-main/.venv/lib/python3.9/site-packages/urllib3/connectionpool.py", line 787, in urlopen
    response = self._make_request(
  File "/Users/ashishparadkar/Downloads/algo-code-main/.venv/lib/python3.9/site-packages/urllib3/connectionpool.py", line 536, in _make_request
    self._raise_timeout(err=e, url=url, timeout_value=read_timeout)
  File "/Users/ashishparadkar/Downloads/algo-code-main/.venv/lib/python3.9/site-packages/urllib3/connectionpool.py", line 367, in _raise_timeout
    raise ReadTimeoutError(
urllib3.exceptions.ReadTimeoutError: HTTPSConnectionPool(host='api.binance.com', port=443): Read timed out. (read timeout=10.0)

During handling of the above exception, another exception occurred:

Traceback (most recent call last):
  File "/Users/ashishparadkar/Downloads/algo-code-main/.venv/lib/python3.9/site-packages/ccxt/base/exchange.py", line 665, in fetch
    response = self.session.request(
  File "/Users/ashishparadkar/Downloads/algo-code-main/.venv/lib/python3.9/site-packages/requests/sessions.py", line 589, in request
    resp = self.send(prep, **send_kwargs)
  File "/Users/ashishparadkar/Downloads/algo-code-main/.venv/lib/python3.9/site-packages/requests/sessions.py", line 703, in send
    r = adapter.send(request, **kwargs)
  File "/Users/ashishparadkar/Downloads/algo-code-main/.venv/lib/python3.9/site-packages/requests/adapters.py", line 690, in send
    raise ReadTimeout(e, request=request)
requests.exceptions.ReadTimeout: HTTPSConnectionPool(host='api.binance.com', port=443): Read timed out. (read timeout=10.0)

The above exception was the direct cause of the following exception:

Traceback (most recent call last):
  File "/Users/ashishparadkar/Downloads/algo-code-main/src/provider_manager.py", line 351, in fetch_ohlcv_safe
    df = adapter.fetch_ohlcv(instrument, timeframe, limit=limit)
  File "/Users/ashishparadkar/Downloads/algo-code-main/src/provider_manager.py", line 211, in fetch_ohlcv
    raise net_err
  File "/Users/ashishparadkar/Downloads/algo-code-main/src/provider_manager.py", line 183, in fetch_ohlcv
    raw_candles = self.exchange.fetch_ohlcv(
  File "/Users/ashishparadkar/Downloads/algo-code-main/.venv/lib/python3.9/site-packages/ccxt/binance.py", line 4759, in fetch_ohlcv
    response = self.publicGetKlines(self.extend(request, params))
  File "/Users/ashishparadkar/Downloads/algo-code-main/.venv/lib/python3.9/site-packages/ccxt/base/types.py", line 35, in unbound_method
    return _self.request(self.path, self.api, self.method, params, config=self.config)
  File "/Users/ashishparadkar/Downloads/algo-code-main/.venv/lib/python3.9/site-packages/ccxt/binance.py", line 11724, in request
    response = self.fetch2(path, api, method, params, headers, body, config)
  File "/Users/ashishparadkar/Downloads/algo-code-main/.venv/lib/python3.9/site-packages/ccxt/base/exchange.py", line 5566, in fetch2
    raise e
  File "/Users/ashishparadkar/Downloads/algo-code-main/.venv/lib/python3.9/site-packages/ccxt/base/exchange.py", line 5549, in fetch2
    response = self.fetch(request['url'], request['method'], request['headers'], request['body'])
  File "/Users/ashishparadkar/Downloads/algo-code-main/.venv/lib/python3.9/site-packages/ccxt/base/exchange.py", line 698, in fetch
    raise RequestTimeout(details) from e
ccxt.base.errors.RequestTimeout: binance GET https://api.binance.com/api/v3/klines?interval=5m&limit=1000&symbol=BTCUSDT

During handling of the above exception, another exception occurred:

Traceback (most recent call last):
  File "/Library/Developer/CommandLineTools/Library/Frameworks/Python3.framework/Versions/3.9/lib/python3.9/logging/__init__.py", line 1083, in emit
    msg = self.format(record)
  File "/Library/Developer/CommandLineTools/Library/Frameworks/Python3.framework/Versions/3.9/lib/python3.9/logging/__init__.py", line 927, in format
    return fmt.format(record)
  File "/Library/Developer/CommandLineTools/Library/Frameworks/Python3.framework/Versions/3.9/lib/python3.9/logging/__init__.py", line 663, in format
    record.message = record.getMessage()
  File "/Library/Developer/CommandLineTools/Library/Frameworks/Python3.framework/Versions/3.9/lib/python3.9/logging/__init__.py", line 367, in getMessage
    msg = msg % self.args
TypeError: must be real number, not RequestTimeout
Call stack:
  File "/Library/Developer/CommandLineTools/Library/Frameworks/Python3.framework/Versions/3.9/lib/python3.9/threading.py", line 930, in _bootstrap
    self._bootstrap_inner()
  File "/Library/Developer/CommandLineTools/Library/Frameworks/Python3.framework/Versions/3.9/lib/python3.9/threading.py", line 973, in _bootstrap_inner
    self.run()
  File "/Library/Developer/CommandLineTools/Library/Frameworks/Python3.framework/Versions/3.9/lib/python3.9/threading.py", line 910, in run
    self._target(*self._args, **self._kwargs)
  File "/Library/Developer/CommandLineTools/Library/Frameworks/Python3.framework/Versions/3.9/lib/python3.9/concurrent/futures/thread.py", line 77, in _worker
    work_item.run()
  File "/Library/Developer/CommandLineTools/Library/Frameworks/Python3.framework/Versions/3.9/lib/python3.9/concurrent/futures/thread.py", line 52, in run
    result = self.fn(*self.args, **self.kwargs)
  File "/Users/ashishparadkar/Downloads/algo-code-main/.venv/lib/python3.9/site-packages/apscheduler/executors/base.py", line 131, in run_job
    retval = job.func(*job.args, **job.kwargs)
  File "/Users/ashishparadkar/Downloads/algo-code-main/src/live_runner.py", line 199, in process_cycle
    df, _ = self.provider_manager.fetch_ohlcv_safe(self.symbol, self.timeframe, limit=1000)
  File "/Users/ashishparadkar/Downloads/algo-code-main/src/provider_manager.py", line 362, in fetch_ohlcv_safe
    logger.warning(
Message: 'Retryable network failure for %s (Attempt %d/%d). Backing off %.2fs: %s'
Arguments: ('BTC/USDT', 1, 3, RequestTimeout('binance GET https://api.binance.com/api/v3/klines?interval=5m&limit=1000&symbol=BTCUSDT'))
2026-08-21 00:20:08,484 - INFO - Indicators computed | close=72524.33 ema_9=72563.96 ema_20=72594.75 ema_50=72448.40 ema_200=71238.32 macd=2.5581 poc=64325.0 val=63300.0 vah=69700.0
2026-08-21 00:20:08,486 - INFO - [bot-1787212524606-4693] Evaluating strategy on completed candle: 2026-08-20 18:45:00+00:00 at Close price: 72534.00
2026-08-21 00:20:08,635 - INFO - Confluence Evaluation | Regime: TRENDING (ADX=27.7) | Direction: HOLD | BullScore: 44.1% | BearScore: 11.8% | Active: ['ema_9', 'ema_20', 'rsi', 'vwap', 'supertrend', 'atr']
2026-08-21 00:20:08,767 - INFO - Signal evaluated: HOLD. Reason/Details: Confluence score: 44% (HOLD)
2026-08-21 00:20:08,977 - INFO - Logged heartbeat status: OK
2026-08-21 00:20:08,978 - INFO - Job "LiveRunner.process_cycle (trigger: interval[0:05:00], next run at: 2026-08-21 00:24:55 IST)" executed successfully
2026-08-21 00:24:55,282 - INFO - Running job "LiveRunner.process_cycle (trigger: interval[0:05:00], next run at: 2026-08-21 00:29:55 IST)" (scheduled at 2026-08-21 00:24:55.257388+05:30)
2026-08-21 00:24:55,315 - INFO - [bot-1787212524606-4693] Starting signal check cycle for BTC/USDT (5m)...
2026-08-21 00:24:55,376 - INFO - Fetching recent candles for BTC/USDT (5m) [Bot: bot-1787212524606-4693] via ProviderManager...
2026-08-21 00:24:57,063 - INFO - Indicators computed | close=72492.00 ema_9=72557.50 ema_20=72591.67 ema_50=72447.13 ema_200=71238.00 macd=-0.0209 poc=64325.0 val=63300.0 vah=69700.0
2026-08-21 00:24:57,080 - INFO - [bot-1787212524606-4693] Evaluating strategy on completed candle: 2026-08-20 18:45:00+00:00 at Close price: 72534.00
2026-08-21 00:24:57,211 - INFO - Confluence Evaluation | Regime: TRENDING (ADX=27.7) | Direction: HOLD | BullScore: 44.1% | BearScore: 11.8% | Active: ['ema_9', 'ema_20', 'rsi', 'vwap', 'supertrend', 'atr']
2026-08-21 00:24:57,300 - INFO - Signal evaluated: HOLD. Reason/Details: Confluence score: 44% (HOLD)
2026-08-21 00:24:57,515 - INFO - Logged heartbeat status: OK
2026-08-21 00:24:57,515 - INFO - Job "LiveRunner.process_cycle (trigger: interval[0:05:00], next run at: 2026-08-21 00:29:55 IST)" executed successfully
/Users/ashishparadkar/Downloads/algo-code-main/.venv/lib/python3.9/site-packages/urllib3/__init__.py:35: NotOpenSSLWarning: urllib3 v2 only supports OpenSSL 1.1.1+, currently the 'ssl' module is compiled with 'LibreSSL 2.8.3'. See: https://github.com/urllib3/urllib3/issues/3020
  warnings.warn(
2026-08-21 06:21:34,025 - INFO - Bot state startup reconciliation finished: 0 bot(s) reconciled to STOPPED.
2026-08-21 06:21:35,342 - INFO - Telegram notification service initialized successfully (Chat ID: 5657...)
2026-08-21 06:21:35,353 - INFO - Initializing scheduled trading bot live runner for bot-1787212524606-4693...
2026-08-21 06:21:35,933 - INFO - SQLite database tables verified/created.
2026-08-21 06:21:36,990 - INFO - Initializing CCXT Binance in TESTNET mode.
2026-08-21 06:22:07,683 - INFO - [bot-1787212524606-4693] Pre-flight instrument resolved: BTC/USDT (SPOT via binance_spot)
2026-08-21 06:22:08,384 - INFO - [bot-1787212524606-4693] Starting signal check cycle for BTC/USDT (5m)...
2026-08-21 06:22:08,426 - INFO - Fetching recent candles for BTC/USDT (5m) [Bot: bot-1787212524606-4693] via ProviderManager...
2026-08-21 06:23:11,168 - INFO - Indicators computed | close=73763.21 ema_9=73636.41 ema_20=73419.92 ema_50=73100.84 ema_200=72113.93 macd=240.5308 poc=64325.0 val=63575.0 vah=71300.0
2026-08-21 06:23:11,173 - INFO - [bot-1787212524606-4693] Evaluating strategy on completed candle: 2026-08-21 00:45:00+00:00 at Close price: 73761.56
2026-08-21 06:23:11,443 - INFO - Confluence Evaluation | Regime: TRENDING (ADX=53.5) | Direction: LONG | BullScore: 100.0% | BearScore: 0.0% | Active: ['ema_9', 'ema_20', 'rsi', 'vwap', 'supertrend', 'atr']
2026-08-21 06:23:11,532 - INFO - Capping position size 0.986064 BTC to available cash equivalent 0.203358 BTC.
2026-08-21 06:23:11,717 - INFO - Created pending signal approval ID 106 for bot bot-1787212524606-4693 (LONG @ $73761.56, status: WAITING_APPROVAL)
2026-08-21 06:23:11,749 - INFO - [bot-1787212524606-4693] Signal LONG generated (ID: 106). Waiting for manual user approval.
2026-08-21 06:23:11,982 - INFO - Logged heartbeat status: OK
2026-08-21 06:23:12,048 - INFO - Adding job tentatively -- it will be properly scheduled when the scheduler starts
2026-08-21 06:23:12,048 - INFO - Bot bot-1787212524606-4693 scheduled to check every 5 minutes.
2026-08-21 06:23:12,051 - INFO - Added job "LiveRunner.process_cycle" to job store "default"
2026-08-21 06:23:12,051 - INFO - Scheduler started
2026-08-21 06:28:12,271 - INFO - Running job "LiveRunner.process_cycle (trigger: interval[0:05:00], next run at: 2026-08-21 06:33:12 IST)" (scheduled at 2026-08-21 06:28:12.047023+05:30)
2026-08-21 06:28:12,319 - INFO - [bot-1787212524606-4693] Starting signal check cycle for BTC/USDT (5m)...
2026-08-21 06:28:12,372 - INFO - Fetching recent candles for BTC/USDT (5m) [Bot: bot-1787212524606-4693] via ProviderManager...
2026-08-21 06:28:13,149 - INFO - Indicators computed | close=73698.00 ema_9=73633.17 ema_20=73438.02 ema_50=73120.60 ema_200=72128.73 macd=226.8169 poc=64325.0 val=63575.0 vah=71300.0
2026-08-21 06:28:13,150 - INFO - [bot-1787212524606-4693] Evaluating strategy on completed candle: 2026-08-21 00:50:00+00:00 at Close price: 73666.00
2026-08-21 06:28:13,217 - INFO - Confluence Evaluation | Regime: TRENDING (ADX=53.5) | Direction: HOLD | BullScore: 55.9% | BearScore: 44.1% | Active: ['ema_9', 'ema_20', 'rsi', 'vwap', 'supertrend', 'atr']
2026-08-21 06:28:13,357 - INFO - Signal evaluated: HOLD. Reason/Details: Confluence score: 56% (HOLD)
2026-08-21 06:28:13,467 - INFO - Logged heartbeat status: OK
2026-08-21 06:28:13,481 - INFO - Job "LiveRunner.process_cycle (trigger: interval[0:05:00], next run at: 2026-08-21 06:33:12 IST)" executed successfully
2026-08-21 06:33:12,098 - INFO - Running job "LiveRunner.process_cycle (trigger: interval[0:05:00], next run at: 2026-08-21 06:38:12 IST)" (scheduled at 2026-08-21 06:33:12.047023+05:30)
2026-08-21 06:33:12,113 - INFO - [bot-1787212524606-4693] Starting signal check cycle for BTC/USDT (5m)...
2026-08-21 06:33:12,156 - INFO - Fetching recent candles for BTC/USDT (5m) [Bot: bot-1787212524606-4693] via ProviderManager...
2026-08-21 06:33:12,945 - INFO - Indicators computed | close=73829.19 ema_9=73673.98 ema_20=73476.14 ema_50=73148.76 ema_200=72145.75 macd=230.6456 poc=64325.0 val=63575.0 vah=71300.0
2026-08-21 06:33:12,948 - INFO - [bot-1787212524606-4693] Evaluating strategy on completed candle: 2026-08-21 00:55:00+00:00 at Close price: 73708.02
2026-08-21 06:33:13,039 - INFO - Confluence Evaluation | Regime: TRENDING (ADX=53.7) | Direction: LONG | BullScore: 100.0% | BearScore: 0.0% | Active: ['ema_9', 'ema_20', 'rsi', 'vwap', 'supertrend', 'atr']
2026-08-21 06:33:13,163 - INFO - Capping position size 1.196649 BTC to available cash equivalent 0.203506 BTC.
2026-08-21 06:33:13,200 - INFO - [bot-1787212524606-4693] Signal LONG active pending approval already exists (ID: 106).
2026-08-21 06:33:13,393 - INFO - Logged heartbeat status: OK
2026-08-21 06:33:13,394 - INFO - Job "LiveRunner.process_cycle (trigger: interval[0:05:00], next run at: 2026-08-21 06:38:12 IST)" executed successfully
2026-08-21 06:38:12,075 - INFO - Running job "LiveRunner.process_cycle (trigger: interval[0:05:00], next run at: 2026-08-21 06:43:12 IST)" (scheduled at 2026-08-21 06:38:12.047023+05:30)
2026-08-21 06:38:12,107 - INFO - [bot-1787212524606-4693] Starting signal check cycle for BTC/USDT (5m)...
2026-08-21 06:38:12,150 - INFO - Fetching recent candles for BTC/USDT (5m) [Bot: bot-1787212524606-4693] via ProviderManager...
2026-08-21 06:38:12,841 - INFO - Indicators computed | close=73902.40 ema_9=73721.40 ema_20=73517.67 ema_50=73178.73 ema_200=72163.34 macd=236.8971 poc=64325.0 val=63575.0 vah=71325.0
2026-08-21 06:38:12,848 - INFO - [bot-1787212524606-4693] Evaluating strategy on completed candle: 2026-08-21 01:00:00+00:00 at Close price: 73840.01
2026-08-21 06:38:12,964 - INFO - Confluence Evaluation | Regime: TRENDING (ADX=55.5) | Direction: LONG | BullScore: 100.0% | BearScore: 0.0% | Active: ['ema_9', 'ema_20', 'rsi', 'vwap', 'supertrend', 'atr']
2026-08-21 06:38:13,037 - INFO - Capping position size 0.783924 BTC to available cash equivalent 0.203142 BTC.
2026-08-21 06:38:13,044 - INFO - [bot-1787212524606-4693] Signal LONG active pending approval already exists (ID: 106).
2026-08-21 06:38:13,226 - INFO - Logged heartbeat status: OK
2026-08-21 06:38:13,227 - INFO - Job "LiveRunner.process_cycle (trigger: interval[0:05:00], next run at: 2026-08-21 06:43:12 IST)" executed successfully
2026-08-21 06:43:12,080 - INFO - Running job "LiveRunner.process_cycle (trigger: interval[0:05:00], next run at: 2026-08-21 06:48:12 IST)" (scheduled at 2026-08-21 06:43:12.047023+05:30)
2026-08-21 06:43:12,111 - INFO - [bot-1787212524606-4693] Starting signal check cycle for BTC/USDT (5m)...
2026-08-21 06:43:12,177 - INFO - Fetching recent candles for BTC/USDT (5m) [Bot: bot-1787212524606-4693] via ProviderManager...
2026-08-21 06:43:13,743 - INFO - Indicators computed | close=73975.99 ema_9=73776.71 ema_20=73563.69 ema_50=73211.03 ema_200=72181.65 macd=245.9814 poc=64325.0 val=63575.0 vah=71325.0
2026-08-21 06:43:13,746 - INFO - [bot-1787212524606-4693] Evaluating strategy on completed candle: 2026-08-21 01:05:00+00:00 at Close price: 73929.87
2026-08-21 06:43:13,964 - INFO - Confluence Evaluation | Regime: TRENDING (ADX=57.3) | Direction: LONG | BullScore: 100.0% | BearScore: 0.0% | Active: ['ema_9', 'ema_20', 'rsi', 'vwap', 'supertrend', 'atr']
2026-08-21 06:43:14,010 - INFO - Capping position size 0.722509 BTC to available cash equivalent 0.202895 BTC.
2026-08-21 06:43:14,243 - INFO - [bot-1787212524606-4693] Signal LONG active pending approval already exists (ID: 106).
2026-08-21 06:43:14,579 - INFO - Logged heartbeat status: OK
2026-08-21 06:43:14,579 - INFO - Job "LiveRunner.process_cycle (trigger: interval[0:05:00], next run at: 2026-08-21 06:48:12 IST)" executed successfully
2026-08-21 06:48:12,112 - INFO - Running job "LiveRunner.process_cycle (trigger: interval[0:05:00], next run at: 2026-08-21 06:53:12 IST)" (scheduled at 2026-08-21 06:48:12.047023+05:30)
2026-08-21 06:48:12,160 - INFO - [bot-1787212524606-4693] Starting signal check cycle for BTC/USDT (5m)...
2026-08-21 06:48:12,222 - INFO - Fetching recent candles for BTC/USDT (5m) [Bot: bot-1787212524606-4693] via ProviderManager...
2026-08-21 06:48:13,313 - INFO - Indicators computed | close=74558.87 ema_9=73935.46 ema_20=73659.72 ema_50=73264.43 ema_200=72205.45 macd=295.9699 poc=64325.0 val=63575.0 vah=71375.0
2026-08-21 06:48:13,316 - INFO - [bot-1787212524606-4693] Evaluating strategy on completed candle: 2026-08-21 01:10:00+00:00 at Close price: 73990.50
2026-08-21 06:48:13,379 - INFO - Confluence Evaluation | Regime: TRENDING (ADX=59.3) | Direction: LONG | BullScore: 100.0% | BearScore: 0.0% | Active: ['ema_9', 'ema_20', 'rsi', 'vwap', 'supertrend', 'atr']
2026-08-21 06:48:13,499 - INFO - Capping position size 0.630451 BTC to available cash equivalent 0.202729 BTC.
2026-08-21 06:48:13,510 - INFO - [bot-1787212524606-4693] Signal LONG active pending approval already exists (ID: 106).
2026-08-21 06:48:13,642 - INFO - Logged heartbeat status: OK
2026-08-21 06:48:13,642 - INFO - Job "LiveRunner.process_cycle (trigger: interval[0:05:00], next run at: 2026-08-21 06:53:12 IST)" executed successfully
2026-08-21 06:53:12,067 - INFO - Running job "LiveRunner.process_cycle (trigger: interval[0:05:00], next run at: 2026-08-21 06:58:12 IST)" (scheduled at 2026-08-21 06:53:12.047023+05:30)
2026-08-21 06:53:12,092 - INFO - [bot-1787212524606-4693] Starting signal check cycle for BTC/USDT (5m)...
2026-08-21 06:53:12,102 - INFO - Fetching recent candles for BTC/USDT (5m) [Bot: bot-1787212524606-4693] via ProviderManager...
2026-08-21 06:53:12,528 - INFO - Indicators computed | close=74327.92 ema_9=74030.12 ema_20=73732.06 ema_50=73309.94 ema_200=72227.56 macd=318.6553 poc=64325.0 val=63575.0 vah=71425.0
2026-08-21 06:53:12,529 - INFO - [bot-1787212524606-4693] Evaluating strategy on completed candle: 2026-08-21 01:15:00+00:00 at Close price: 74659.92
2026-08-21 06:53:12,603 - INFO - Confluence Evaluation | Regime: TRENDING (ADX=60.9) | Direction: LONG | BullScore: 100.0% | BearScore: 0.0% | Active: ['ema_9', 'ema_20', 'rsi', 'vwap', 'supertrend', 'atr']
2026-08-21 06:53:12,664 - INFO - Capping position size 0.261947 BTC to available cash equivalent 0.200911 BTC.
2026-08-21 06:53:12,800 - INFO - Created pending signal approval ID 136 for bot bot-1787212524606-4693 (LONG @ $74659.92, status: WAITING_APPROVAL)
2026-08-21 06:53:12,881 - INFO - [bot-1787212524606-4693] Signal LONG generated (ID: 136). Waiting for manual user approval.
2026-08-21 06:53:13,147 - INFO - Logged heartbeat status: OK
2026-08-21 06:53:13,148 - INFO - Job "LiveRunner.process_cycle (trigger: interval[0:05:00], next run at: 2026-08-21 06:58:12 IST)" executed successfully
2026-08-21 06:58:12,137 - INFO - Running job "LiveRunner.process_cycle (trigger: interval[0:05:00], next run at: 2026-08-21 07:03:12 IST)" (scheduled at 2026-08-21 06:58:12.047023+05:30)
2026-08-21 06:58:12,163 - INFO - [bot-1787212524606-4693] Starting signal check cycle for BTC/USDT (5m)...
2026-08-21 06:58:12,197 - INFO - Fetching recent candles for BTC/USDT (5m) [Bot: bot-1787212524606-4693] via ProviderManager...
2026-08-21 06:58:12,839 - INFO - Indicators computed | close=74695.14 ema_9=74190.91 ema_20=73838.75 ema_50=73370.81 ema_200=72253.83 macd=366.4721 poc=64325.0 val=63575.0 vah=71450.0
2026-08-21 06:58:12,860 - INFO - [bot-1787212524606-4693] Evaluating strategy on completed candle: 2026-08-21 01:20:00+00:00 at Close price: 74501.59
2026-08-21 06:58:13,020 - INFO - Confluence Evaluation | Regime: TRENDING (ADX=62.1) | Direction: HOLD | BullScore: 55.9% | BearScore: 44.1% | Active: ['ema_9', 'ema_20', 'rsi', 'vwap', 'supertrend', 'atr']
2026-08-21 06:58:13,137 - INFO - Signal evaluated: HOLD. Reason/Details: Confluence score: 56% (HOLD)
2026-08-21 06:58:13,322 - INFO - Logged heartbeat status: OK
2026-08-21 06:58:13,324 - INFO - Job "LiveRunner.process_cycle (trigger: interval[0:05:00], next run at: 2026-08-21 07:03:12 IST)" executed successfully
2026-08-21 07:03:12,065 - INFO - Running job "LiveRunner.process_cycle (trigger: interval[0:05:00], next run at: 2026-08-21 07:08:12 IST)" (scheduled at 2026-08-21 07:03:12.047023+05:30)
2026-08-21 07:03:12,077 - INFO - [bot-1787212524606-4693] Starting signal check cycle for BTC/USDT (5m)...
2026-08-21 07:03:12,122 - INFO - Fetching recent candles for BTC/USDT (5m) [Bot: bot-1787212524606-4693] via ProviderManager...
2026-08-21 07:03:12,498 - INFO - Indicators computed | close=75004.74 ema_9=74358.74 ema_20=73952.52 ema_50=73436.08 ema_200=72281.51 macd=415.5503 poc=64325.0 val=63575.0 vah=71475.0
2026-08-21 07:03:12,505 - INFO - [bot-1787212524606-4693] Evaluating strategy on completed candle: 2026-08-21 01:25:00+00:00 at Close price: 74726.77
2026-08-21 07:03:12,553 - INFO - Confluence Evaluation | Regime: TRENDING (ADX=62.4) | Direction: LONG | BullScore: 100.0% | BearScore: 0.0% | Active: ['ema_9', 'ema_20', 'rsi', 'vwap', 'supertrend', 'atr']
2026-08-21 07:03:12,618 - INFO - Capping position size 0.302243 BTC to available cash equivalent 0.200731 BTC.
2026-08-21 07:03:12,696 - INFO - [bot-1787212524606-4693] Signal LONG active pending approval already exists (ID: 136).
2026-08-21 07:03:12,869 - INFO - Logged heartbeat status: OK
2026-08-21 07:03:12,869 - INFO - Job "LiveRunner.process_cycle (trigger: interval[0:05:00], next run at: 2026-08-21 07:08:12 IST)" executed successfully
/Users/ashishparadkar/Downloads/algo-code-main/.venv/lib/python3.9/site-packages/urllib3/__init__.py:35: NotOpenSSLWarning: urllib3 v2 only supports OpenSSL 1.1.1+, currently the 'ssl' module is compiled with 'LibreSSL 2.8.3'. See: https://github.com/urllib3/urllib3/issues/3020
  warnings.warn(
2026-08-21 12:14:16,689 - INFO - Bot state startup reconciliation finished: 0 bot(s) reconciled to STOPPED.
2026-08-21 12:14:17,529 - INFO - Telegram notification service initialized successfully (Chat ID: 5657...)
2026-08-21 12:14:17,540 - INFO - Initializing scheduled trading bot live runner for bot-1787212524606-4693...
2026-08-21 12:14:18,116 - INFO - SQLite database tables verified/created.
2026-08-21 12:14:19,131 - INFO - Initializing CCXT Binance in TESTNET mode.
2026-08-21 12:14:47,448 - INFO - [bot-1787212524606-4693] Pre-flight instrument resolved: BTC/USDT (SPOT via binance_spot)
2026-08-21 12:14:48,415 - INFO - [bot-1787212524606-4693] Starting signal check cycle for BTC/USDT (5m)...
2026-08-21 12:14:48,481 - INFO - Fetching recent candles for BTC/USDT (5m) [Bot: bot-1787212524606-4693] via ProviderManager...
2026-08-21 12:15:57,647 - INFO - Indicators computed | close=75328.31 ema_9=75414.48 ema_20=75323.36 ema_50=75011.29 ema_200=73557.63 macd=129.1436 poc=64275.0 val=64025.0 vah=71850.0
2026-08-21 12:15:57,657 - INFO - [bot-1787212524606-4693] Evaluating strategy on completed candle: 2026-08-21 06:40:00+00:00 at Close price: 75394.97
2026-08-21 12:15:57,710 - INFO - Confluence Evaluation | Regime: TRENDING (ADX=26.8) | Direction: HOLD | BullScore: 55.9% | BearScore: 44.1% | Active: ['ema_9', 'ema_20', 'rsi', 'vwap', 'supertrend', 'atr']
2026-08-21 12:15:58,372 - INFO - Signal evaluated: HOLD. Reason/Details: Confluence score: 56% (HOLD)
2026-08-21 12:15:58,694 - INFO - Logged heartbeat status: OK
2026-08-21 12:15:58,807 - INFO - Adding job tentatively -- it will be properly scheduled when the scheduler starts
2026-08-21 12:15:58,808 - INFO - Bot bot-1787212524606-4693 scheduled to check every 5 minutes.
2026-08-21 12:15:58,813 - INFO - Added job "LiveRunner.process_cycle" to job store "default"
2026-08-21 12:15:58,813 - INFO - Scheduler started
2026-08-21 12:20:58,854 - INFO - Running job "LiveRunner.process_cycle (trigger: interval[0:05:00], next run at: 2026-08-21 12:25:58 IST)" (scheduled at 2026-08-21 12:20:58.806916+05:30)
2026-08-21 12:20:58,875 - INFO - [bot-1787212524606-4693] Starting signal check cycle for BTC/USDT (5m)...
2026-08-21 12:20:58,932 - INFO - Fetching recent candles for BTC/USDT (5m) [Bot: bot-1787212524606-4693] via ProviderManager...
2026-08-21 12:20:59,938 - INFO - Indicators computed | close=75491.13 ema_9=75459.89 ema_20=75355.53 ema_50=75037.19 ema_200=73578.72 macd=138.9066 poc=64275.0 val=64025.0 vah=71850.0
2026-08-21 12:20:59,940 - INFO - [bot-1787212524606-4693] Evaluating strategy on completed candle: 2026-08-21 06:45:00+00:00 at Close price: 75516.28
2026-08-21 12:21:00,008 - INFO - Confluence Evaluation | Regime: TRENDING (ADX=25.9) | Direction: LONG | BullScore: 100.0% | BearScore: 0.0% | Active: ['ema_9', 'ema_20', 'rsi', 'vwap', 'supertrend', 'atr']
2026-08-21 12:21:00,113 - INFO - Capping position size 0.762854 BTC to available cash equivalent 0.198633 BTC.
2026-08-21 12:21:00,235 - INFO - Created pending signal approval ID 158 for bot bot-1787212524606-4693 (LONG @ $75516.28, status: WAITING_APPROVAL)
2026-08-21 12:21:00,336 - INFO - [bot-1787212524606-4693] Signal LONG generated (ID: 158). Waiting for manual user approval.
2026-08-21 12:21:00,475 - INFO - Logged heartbeat status: OK
2026-08-21 12:21:00,476 - INFO - Job "LiveRunner.process_cycle (trigger: interval[0:05:00], next run at: 2026-08-21 12:25:58 IST)" executed successfully
2026-08-21 12:25:58,825 - INFO - Running job "LiveRunner.process_cycle (trigger: interval[0:05:00], next run at: 2026-08-21 12:30:58 IST)" (scheduled at 2026-08-21 12:25:58.806916+05:30)
2026-08-21 12:25:58,843 - INFO - [bot-1787212524606-4693] Starting signal check cycle for BTC/USDT (5m)...
2026-08-21 12:25:58,902 - INFO - Fetching recent candles for BTC/USDT (5m) [Bot: bot-1787212524606-4693] via ProviderManager...
2026-08-21 12:25:59,521 - INFO - Indicators computed | close=75566.01 ema_9=75489.57 ema_20=75380.14 ema_50=75059.92 ema_200=73599.02 macd=142.4542 poc=64275.0 val=64025.0 vah=71875.0
2026-08-21 12:25:59,528 - INFO - [bot-1787212524606-4693] Evaluating strategy on completed candle: 2026-08-21 06:50:00+00:00 at Close price: 75544.00
2026-08-21 12:25:59,627 - INFO - Confluence Evaluation | Regime: TRENDING (ADX=25.1) | Direction: LONG | BullScore: 100.0% | BearScore: 0.0% | Active: ['ema_9', 'ema_20', 'rsi', 'vwap', 'supertrend', 'atr']
2026-08-21 12:25:59,713 - INFO - Capping position size 0.939555 BTC to available cash equivalent 0.198560 BTC.
2026-08-21 12:25:59,781 - INFO - [bot-1787212524606-4693] Signal LONG active pending approval already exists (ID: 158).
2026-08-21 12:25:59,979 - INFO - Logged heartbeat status: OK
2026-08-21 12:25:59,980 - INFO - Job "LiveRunner.process_cycle (trigger: interval[0:05:00], next run at: 2026-08-21 12:30:58 IST)" executed successfully
2026-08-21 12:30:58,820 - INFO - Running job "LiveRunner.process_cycle (trigger: interval[0:05:00], next run at: 2026-08-21 12:35:58 IST)" (scheduled at 2026-08-21 12:30:58.806916+05:30)
2026-08-21 12:30:58,838 - INFO - [bot-1787212524606-4693] Starting signal check cycle for BTC/USDT (5m)...
2026-08-21 12:30:58,888 - INFO - Fetching recent candles for BTC/USDT (5m) [Bot: bot-1787212524606-4693] via ProviderManager...
2026-08-21 12:30:59,599 - INFO - Indicators computed | close=75702.00 ema_9=75544.89 ema_20=75417.70 ema_50=75088.12 ema_200=73620.73 macd=156.0937 poc=64275.0 val=64025.0 vah=71875.0
2026-08-21 12:30:59,603 - INFO - [bot-1787212524606-4693] Evaluating strategy on completed candle: 2026-08-21 06:55:00+00:00 at Close price: 75646.21
2026-08-21 12:30:59,715 - INFO - Confluence Evaluation | Regime: RANGING (ADX=24.8) | Direction: LONG | BullScore: 100.0% | BearScore: 0.0% | Active: ['ema_9', 'ema_20', 'rsi', 'vwap', 'supertrend', 'atr']
2026-08-21 12:30:59,840 - INFO - Capping position size 0.711727 BTC to available cash equivalent 0.198291 BTC.
2026-08-21 12:30:59,905 - INFO - [bot-1787212524606-4693] Signal LONG active pending approval already exists (ID: 158).
2026-08-21 12:31:00,157 - INFO - Logged heartbeat status: OK
2026-08-21 12:31:00,158 - INFO - Job "LiveRunner.process_cycle (trigger: interval[0:05:00], next run at: 2026-08-21 12:35:58 IST)" executed successfully
2026-08-21 12:35:58,842 - INFO - Running job "LiveRunner.process_cycle (trigger: interval[0:05:00], next run at: 2026-08-21 12:40:58 IST)" (scheduled at 2026-08-21 12:35:58.806916+05:30)
2026-08-21 12:35:58,870 - INFO - [bot-1787212524606-4693] Starting signal check cycle for BTC/USDT (5m)...
2026-08-21 12:35:58,904 - INFO - Fetching recent candles for BTC/USDT (5m) [Bot: bot-1787212524606-4693] via ProviderManager...
2026-08-21 12:35:59,351 - INFO - Indicators computed | close=75676.00 ema_9=75576.17 ema_20=75445.02 ema_50=75112.36 ema_200=73641.49 macd=159.8614 poc=64275.0 val=64025.0 vah=71875.0
2026-08-21 12:35:59,356 - INFO - [bot-1787212524606-4693] Evaluating strategy on completed candle: 2026-08-21 07:00:00+00:00 at Close price: 75733.61
2026-08-21 12:35:59,420 - INFO - Confluence Evaluation | Regime: RANGING (ADX=23.7) | Direction: LONG | BullScore: 100.0% | BearScore: 0.0% | Active: ['ema_9', 'ema_20', 'rsi', 'vwap', 'supertrend', 'atr']
2026-08-21 12:35:59,507 - INFO - Capping position size 0.589495 BTC to available cash equivalent 0.198063 BTC.
2026-08-21 12:35:59,565 - INFO - [bot-1787212524606-4693] Signal LONG active pending approval already exists (ID: 158).
2026-08-21 12:35:59,771 - INFO - Logged heartbeat status: OK
2026-08-21 12:35:59,771 - INFO - Job "LiveRunner.process_cycle (trigger: interval[0:05:00], next run at: 2026-08-21 12:40:58 IST)" executed successfully
2026-08-21 12:40:58,816 - INFO - Running job "LiveRunner.process_cycle (trigger: interval[0:05:00], next run at: 2026-08-21 12:45:58 IST)" (scheduled at 2026-08-21 12:40:58.806916+05:30)
2026-08-21 12:40:58,833 - INFO - [bot-1787212524606-4693] Starting signal check cycle for BTC/USDT (5m)...
2026-08-21 12:40:58,852 - INFO - Fetching recent candles for BTC/USDT (5m) [Bot: bot-1787212524606-4693] via ProviderManager...
2026-08-21 12:40:59,345 - INFO - Indicators computed | close=75940.02 ema_9=75679.70 ema_20=75508.73 ema_50=75152.06 ema_200=73666.26 macd=191.9200 poc=64275.0 val=64025.0 vah=71875.0
2026-08-21 12:40:59,347 - INFO - [bot-1787212524606-4693] Evaluating strategy on completed candle: 2026-08-21 07:05:00+00:00 at Close price: 75868.28
2026-08-21 12:40:59,431 - INFO - Confluence Evaluation | Regime: RANGING (ADX=22.5) | Direction: LONG | BullScore: 100.0% | BearScore: 0.0% | Active: ['ema_9', 'ema_20', 'rsi', 'vwap', 'supertrend', 'atr']
2026-08-21 12:40:59,534 - INFO - Capping position size 0.466143 BTC to available cash equivalent 0.197711 BTC.
2026-08-21 12:40:59,541 - INFO - [bot-1787212524606-4693] Signal LONG active pending approval already exists (ID: 158).
2026-08-21 12:40:59,737 - INFO - Logged heartbeat status: OK
2026-08-21 12:40:59,738 - INFO - Job "LiveRunner.process_cycle (trigger: interval[0:05:00], next run at: 2026-08-21 12:45:58 IST)" executed successfully
2026-08-21 12:45:58,815 - INFO - Running job "LiveRunner.process_cycle (trigger: interval[0:05:00], next run at: 2026-08-21 12:50:58 IST)" (scheduled at 2026-08-21 12:45:58.806916+05:30)
2026-08-21 12:45:58,840 - INFO - [bot-1787212524606-4693] Starting signal check cycle for BTC/USDT (5m)...
2026-08-21 12:45:58,875 - INFO - Fetching recent candles for BTC/USDT (5m) [Bot: bot-1787212524606-4693] via ProviderManager...
2026-08-21 12:45:59,311 - INFO - Indicators computed | close=76279.43 ema_9=75804.44 ema_20=75584.72 ema_50=75197.40 ema_200=73692.56 macd=231.7539 poc=64275.0 val=64025.0 vah=71875.0
2026-08-21 12:45:59,317 - INFO - [bot-1787212524606-4693] Evaluating strategy on completed candle: 2026-08-21 07:10:00+00:00 at Close price: 75969.99
2026-08-21 12:45:59,431 - INFO - Confluence Evaluation | Regime: RANGING (ADX=21.9) | Direction: LONG | BullScore: 100.0% | BearScore: 0.0% | Active: ['ema_9', 'ema_20', 'rsi', 'vwap', 'supertrend', 'atr']
2026-08-21 12:45:59,523 - INFO - Capping position size 0.480430 BTC to available cash equivalent 0.197446 BTC.
2026-08-21 12:45:59,530 - INFO - [bot-1787212524606-4693] Signal LONG active pending approval already exists (ID: 158).
2026-08-21 12:45:59,728 - INFO - Logged heartbeat status: OK
2026-08-21 12:45:59,728 - INFO - Job "LiveRunner.process_cycle (trigger: interval[0:05:00], next run at: 2026-08-21 12:50:58 IST)" executed successfully
2026-08-21 12:50:58,870 - INFO - Running job "LiveRunner.process_cycle (trigger: interval[0:05:00], next run at: 2026-08-21 12:55:58 IST)" (scheduled at 2026-08-21 12:50:58.806916+05:30)
2026-08-21 12:50:58,910 - INFO - [bot-1787212524606-4693] Starting signal check cycle for BTC/USDT (5m)...
2026-08-21 12:50:58,980 - INFO - Fetching recent candles for BTC/USDT (5m) [Bot: bot-1787212524606-4693] via ProviderManager...
2026-08-21 12:51:00,463 - INFO - Indicators computed | close=76461.59 ema_9=75968.68 ema_20=75685.90 ema_50=75254.71 ema_200=73722.13 macd=285.6090 poc=64275.0 val=64025.0 vah=71900.0
2026-08-21 12:51:00,471 - INFO - [bot-1787212524606-4693] Evaluating strategy on completed candle: 2026-08-21 07:15:00+00:00 at Close price: 76484.48
2026-08-21 12:51:00,515 - INFO - Confluence Evaluation | Regime: RANGING (ADX=23.2) | Direction: LONG | BullScore: 100.0% | BearScore: 0.0% | Active: ['ema_9', 'ema_20', 'rsi', 'vwap', 'supertrend', 'atr']
2026-08-21 12:51:00,738 - INFO - Capping position size 0.292963 BTC to available cash equivalent 0.196118 BTC.
2026-08-21 12:51:00,815 - INFO - Created pending signal approval ID 169 for bot bot-1787212524606-4693 (LONG @ $76484.48, status: WAITING_APPROVAL)
2026-08-21 12:51:00,871 - INFO - [bot-1787212524606-4693] Signal LONG generated (ID: 169). Waiting for manual user approval.
2026-08-21 12:51:01,192 - INFO - Logged heartbeat status: OK
2026-08-21 12:51:01,192 - INFO - Job "LiveRunner.process_cycle (trigger: interval[0:05:00], next run at: 2026-08-21 12:55:58 IST)" executed successfully
2026-08-21 12:55:58,879 - INFO - Running job "LiveRunner.process_cycle (trigger: interval[0:05:00], next run at: 2026-08-21 13:00:58 IST)" (scheduled at 2026-08-21 12:55:58.806916+05:30)
2026-08-21 12:55:58,905 - INFO - [bot-1787212524606-4693] Starting signal check cycle for BTC/USDT (5m)...
2026-08-21 12:55:58,957 - INFO - Fetching recent candles for BTC/USDT (5m) [Bot: bot-1787212524606-4693] via ProviderManager...
2026-08-21 12:55:59,480 - INFO - Indicators computed | close=76336.01 ema_9=76008.91 ema_20=75729.91 ema_50=75289.28 ema_200=73746.09 macd=288.9196 poc=64275.0 val=64025.0 vah=71900.0
2026-08-21 12:55:59,481 - INFO - [bot-1787212524606-4693] Evaluating strategy on completed candle: 2026-08-21 07:20:00+00:00 at Close price: 76253.84
2026-08-21 12:55:59,539 - INFO - Confluence Evaluation | Regime: TRENDING (ADX=25.2) | Direction: HOLD | BullScore: 55.9% | BearScore: 44.1% | Active: ['ema_9', 'ema_20', 'rsi', 'vwap', 'supertrend', 'atr']
2026-08-21 12:55:59,628 - INFO - Signal evaluated: HOLD. Reason/Details: Confluence score: 56% (HOLD)
2026-08-21 12:55:59,852 - INFO - Logged heartbeat status: OK
2026-08-21 12:55:59,853 - INFO - Job "LiveRunner.process_cycle (trigger: interval[0:05:00], next run at: 2026-08-21 13:00:58 IST)" executed successfully
2026-08-21 13:00:58,827 - INFO - Running job "LiveRunner.process_cycle (trigger: interval[0:05:00], next run at: 2026-08-21 13:05:58 IST)" (scheduled at 2026-08-21 13:00:58.806916+05:30)
2026-08-21 13:00:58,865 - INFO - [bot-1787212524606-4693] Starting signal check cycle for BTC/USDT (5m)...
2026-08-21 13:00:58,887 - INFO - Fetching recent candles for BTC/USDT (5m) [Bot: bot-1787212524606-4693] via ProviderManager...
2026-08-21 13:00:59,408 - INFO - Indicators computed | close=76450.01 ema_9=76109.03 ema_20=75804.90 ema_50=75337.60 ema_200=73773.73 macd=314.8797 poc=64275.0 val=64025.0 vah=71925.0
2026-08-21 13:00:59,414 - INFO - [bot-1787212524606-4693] Evaluating strategy on completed candle: 2026-08-21 07:25:00+00:00 at Close price: 76410.38
2026-08-21 13:00:59,478 - INFO - Confluence Evaluation | Regime: TRENDING (ADX=27.7) | Direction: LONG | BullScore: 100.0% | BearScore: 0.0% | Active: ['ema_9', 'ema_20', 'rsi', 'vwap', 'supertrend', 'atr']
2026-08-21 13:00:59,574 - INFO - Capping position size 0.360564 BTC to available cash equivalent 0.196308 BTC.
2026-08-21 13:00:59,578 - INFO - [bot-1787212524606-4693] Signal LONG active pending approval already exists (ID: 169).
2026-08-21 13:00:59,795 - INFO - Logged heartbeat status: OK
2026-08-21 13:00:59,796 - INFO - Job "LiveRunner.process_cycle (trigger: interval[0:05:00], next run at: 2026-08-21 13:05:58 IST)" executed successfully
2026-08-21 13:05:58,858 - INFO - Running job "LiveRunner.process_cycle (trigger: interval[0:05:00], next run at: 2026-08-21 13:10:58 IST)" (scheduled at 2026-08-21 13:05:58.806916+05:30)
2026-08-21 13:05:58,899 - INFO - [bot-1787212524606-4693] Starting signal check cycle for BTC/USDT (5m)...
2026-08-21 13:05:58,945 - INFO - Fetching recent candles for BTC/USDT (5m) [Bot: bot-1787212524606-4693] via ProviderManager...
2026-08-21 13:05:59,603 - INFO - Indicators computed | close=76383.80 ema_9=76153.52 ema_20=75854.40 ema_50=75376.17 ema_200=73799.05 macd=317.6725 poc=64325.0 val=64025.0 vah=71925.0
2026-08-21 13:05:59,605 - INFO - [bot-1787212524606-4693] Evaluating strategy on completed candle: 2026-08-21 07:30:00+00:00 at Close price: 76384.61
2026-08-21 13:05:59,680 - INFO - Confluence Evaluation | Regime: TRENDING (ADX=33.2) | Direction: HOLD | BullScore: 55.9% | BearScore: 44.1% | Active: ['ema_9', 'ema_20', 'rsi', 'vwap', 'supertrend', 'atr']
2026-08-21 13:05:59,787 - INFO - Signal evaluated: HOLD. Reason/Details: Confluence score: 56% (HOLD)
2026-08-21 13:05:59,989 - INFO - Logged heartbeat status: OK
2026-08-21 13:05:59,990 - INFO - Job "LiveRunner.process_cycle (trigger: interval[0:05:00], next run at: 2026-08-21 13:10:58 IST)" executed successfully
2026-08-21 13:10:58,824 - INFO - Running job "LiveRunner.process_cycle (trigger: interval[0:05:00], next run at: 2026-08-21 13:15:58 IST)" (scheduled at 2026-08-21 13:10:58.806916+05:30)
2026-08-21 13:10:58,838 - INFO - [bot-1787212524606-4693] Starting signal check cycle for BTC/USDT (5m)...
2026-08-21 13:10:58,918 - INFO - Fetching recent candles for BTC/USDT (5m) [Bot: bot-1787212524606-4693] via ProviderManager...
2026-08-21 13:10:59,464 - INFO - Indicators computed | close=76549.47 ema_9=76255.06 ema_20=75932.64 ema_50=75427.44 ema_200=73827.80 macd=342.1498 poc=64325.0 val=64025.0 vah=71925.0
2026-08-21 13:10:59,470 - INFO - [bot-1787212524606-4693] Evaluating strategy on completed candle: 2026-08-21 07:35:00+00:00 at Close price: 76523.53
2026-08-21 13:10:59,536 - INFO - Confluence Evaluation | Regime: TRENDING (ADX=38.7) | Direction: LONG | BullScore: 100.0% | BearScore: 0.0% | Active: ['ema_9', 'ema_20', 'rsi', 'vwap', 'supertrend', 'atr']
2026-08-21 13:10:59,715 - INFO - Capping position size 0.449324 BTC to available cash equivalent 0.196018 BTC.
2026-08-21 13:10:59,777 - INFO - [bot-1787212524606-4693] Signal LONG active pending approval already exists (ID: 169).
2026-08-21 13:10:59,963 - INFO - Logged heartbeat status: OK
2026-08-21 13:10:59,969 - INFO - Job "LiveRunner.process_cycle (trigger: interval[0:05:00], next run at: 2026-08-21 13:15:58 IST)" executed successfully
2026-08-21 13:15:58,817 - INFO - Running job "LiveRunner.process_cycle (trigger: interval[0:05:00], next run at: 2026-08-21 13:20:58 IST)" (scheduled at 2026-08-21 13:15:58.806916+05:30)
2026-08-21 13:15:58,837 - INFO - [bot-1787212524606-4693] Starting signal check cycle for BTC/USDT (5m)...
2026-08-21 13:15:58,855 - INFO - Fetching recent candles for BTC/USDT (5m) [Bot: bot-1787212524606-4693] via ProviderManager...
2026-08-21 13:15:59,253 - INFO - Indicators computed | close=76542.32 ema_9=76319.94 ema_20=75994.70 ema_50=75472.91 ema_200=73855.27 macd=350.9837 poc=64325.0 val=64025.0 vah=71950.0
2026-08-21 13:15:59,254 - INFO - [bot-1787212524606-4693] Evaluating strategy on completed candle: 2026-08-21 07:40:00+00:00 at Close price: 76595.89
2026-08-21 13:15:59,326 - INFO - Confluence Evaluation | Regime: TRENDING (ADX=43.7) | Direction: LONG | BullScore: 100.0% | BearScore: 0.0% | Active: ['ema_9', 'ema_20', 'rsi', 'vwap', 'supertrend', 'atr']
2026-08-21 13:15:59,421 - INFO - Capping position size 0.716897 BTC to available cash equivalent 0.195833 BTC.
2026-08-21 13:15:59,429 - INFO - [bot-1787212524606-4693] Signal LONG active pending approval already exists (ID: 169).
2026-08-21 13:15:59,613 - INFO - Logged heartbeat status: OK
2026-08-21 13:15:59,613 - INFO - Job "LiveRunner.process_cycle (trigger: interval[0:05:00], next run at: 2026-08-21 13:20:58 IST)" executed successfully
2026-08-21 13:20:58,864 - INFO - Running job "LiveRunner.process_cycle (trigger: interval[0:05:00], next run at: 2026-08-21 13:25:58 IST)" (scheduled at 2026-08-21 13:20:58.806916+05:30)
2026-08-21 13:20:58,874 - INFO - [bot-1787212524606-4693] Starting signal check cycle for BTC/USDT (5m)...
2026-08-21 13:20:58,919 - INFO - Fetching recent candles for BTC/USDT (5m) [Bot: bot-1787212524606-4693] via ProviderManager...
2026-08-21 13:21:09,012 - ERROR - Binance Spot Network Error: binance GET https://api.binance.com/api/v3/klines?interval=5m&limit=1000&symbol=BTCUSDT
--- Logging error ---
Traceback (most recent call last):
  File "/Users/ashishparadkar/Downloads/algo-code-main/.venv/lib/python3.9/site-packages/urllib3/connectionpool.py", line 534, in _make_request
    response = conn.getresponse()
  File "/Users/ashishparadkar/Downloads/algo-code-main/.venv/lib/python3.9/site-packages/urllib3/connection.py", line 571, in getresponse
    httplib_response = super().getresponse()
  File "/Library/Developer/CommandLineTools/Library/Frameworks/Python3.framework/Versions/3.9/lib/python3.9/http/client.py", line 1349, in getresponse
    response.begin()
  File "/Library/Developer/CommandLineTools/Library/Frameworks/Python3.framework/Versions/3.9/lib/python3.9/http/client.py", line 316, in begin
    version, status, reason = self._read_status()
  File "/Library/Developer/CommandLineTools/Library/Frameworks/Python3.framework/Versions/3.9/lib/python3.9/http/client.py", line 277, in _read_status
    line = str(self.fp.readline(_MAXLINE + 1), "iso-8859-1")
  File "/Library/Developer/CommandLineTools/Library/Frameworks/Python3.framework/Versions/3.9/lib/python3.9/socket.py", line 704, in readinto
    return self._sock.recv_into(b)
  File "/Library/Developer/CommandLineTools/Library/Frameworks/Python3.framework/Versions/3.9/lib/python3.9/ssl.py", line 1241, in recv_into
    return self.read(nbytes, buffer)
  File "/Library/Developer/CommandLineTools/Library/Frameworks/Python3.framework/Versions/3.9/lib/python3.9/ssl.py", line 1099, in read
    return self._sslobj.read(len, buffer)
socket.timeout: The read operation timed out

The above exception was the direct cause of the following exception:

Traceback (most recent call last):
  File "/Users/ashishparadkar/Downloads/algo-code-main/.venv/lib/python3.9/site-packages/requests/adapters.py", line 644, in send
    resp = conn.urlopen(
  File "/Users/ashishparadkar/Downloads/algo-code-main/.venv/lib/python3.9/site-packages/urllib3/connectionpool.py", line 841, in urlopen
    retries = retries.increment(
  File "/Users/ashishparadkar/Downloads/algo-code-main/.venv/lib/python3.9/site-packages/urllib3/util/retry.py", line 490, in increment
    raise reraise(type(error), error, _stacktrace)
  File "/Users/ashishparadkar/Downloads/algo-code-main/.venv/lib/python3.9/site-packages/urllib3/util/util.py", line 39, in reraise
    raise value
  File "/Users/ashishparadkar/Downloads/algo-code-main/.venv/lib/python3.9/site-packages/urllib3/connectionpool.py", line 787, in urlopen
    response = self._make_request(
  File "/Users/ashishparadkar/Downloads/algo-code-main/.venv/lib/python3.9/site-packages/urllib3/connectionpool.py", line 536, in _make_request
    self._raise_timeout(err=e, url=url, timeout_value=read_timeout)
  File "/Users/ashishparadkar/Downloads/algo-code-main/.venv/lib/python3.9/site-packages/urllib3/connectionpool.py", line 367, in _raise_timeout
    raise ReadTimeoutError(
urllib3.exceptions.ReadTimeoutError: HTTPSConnectionPool(host='api.binance.com', port=443): Read timed out. (read timeout=10.0)

During handling of the above exception, another exception occurred:

Traceback (most recent call last):
  File "/Users/ashishparadkar/Downloads/algo-code-main/.venv/lib/python3.9/site-packages/ccxt/base/exchange.py", line 665, in fetch
    response = self.session.request(
  File "/Users/ashishparadkar/Downloads/algo-code-main/.venv/lib/python3.9/site-packages/requests/sessions.py", line 589, in request
    resp = self.send(prep, **send_kwargs)
  File "/Users/ashishparadkar/Downloads/algo-code-main/.venv/lib/python3.9/site-packages/requests/sessions.py", line 703, in send
    r = adapter.send(request, **kwargs)
  File "/Users/ashishparadkar/Downloads/algo-code-main/.venv/lib/python3.9/site-packages/requests/adapters.py", line 690, in send
    raise ReadTimeout(e, request=request)
requests.exceptions.ReadTimeout: HTTPSConnectionPool(host='api.binance.com', port=443): Read timed out. (read timeout=10.0)

The above exception was the direct cause of the following exception:

Traceback (most recent call last):
  File "/Users/ashishparadkar/Downloads/algo-code-main/src/provider_manager.py", line 351, in fetch_ohlcv_safe
    df = adapter.fetch_ohlcv(instrument, timeframe, limit=limit)
  File "/Users/ashishparadkar/Downloads/algo-code-main/src/provider_manager.py", line 211, in fetch_ohlcv
    raise net_err
  File "/Users/ashishparadkar/Downloads/algo-code-main/src/provider_manager.py", line 183, in fetch_ohlcv
    raw_candles = self.exchange.fetch_ohlcv(
  File "/Users/ashishparadkar/Downloads/algo-code-main/.venv/lib/python3.9/site-packages/ccxt/binance.py", line 4759, in fetch_ohlcv
    response = self.publicGetKlines(self.extend(request, params))
  File "/Users/ashishparadkar/Downloads/algo-code-main/.venv/lib/python3.9/site-packages/ccxt/base/types.py", line 35, in unbound_method
    return _self.request(self.path, self.api, self.method, params, config=self.config)
  File "/Users/ashishparadkar/Downloads/algo-code-main/.venv/lib/python3.9/site-packages/ccxt/binance.py", line 11724, in request
    response = self.fetch2(path, api, method, params, headers, body, config)
  File "/Users/ashishparadkar/Downloads/algo-code-main/.venv/lib/python3.9/site-packages/ccxt/base/exchange.py", line 5566, in fetch2
    raise e
  File "/Users/ashishparadkar/Downloads/algo-code-main/.venv/lib/python3.9/site-packages/ccxt/base/exchange.py", line 5549, in fetch2
    response = self.fetch(request['url'], request['method'], request['headers'], request['body'])
  File "/Users/ashishparadkar/Downloads/algo-code-main/.venv/lib/python3.9/site-packages/ccxt/base/exchange.py", line 698, in fetch
    raise RequestTimeout(details) from e
ccxt.base.errors.RequestTimeout: binance GET https://api.binance.com/api/v3/klines?interval=5m&limit=1000&symbol=BTCUSDT

During handling of the above exception, another exception occurred:

Traceback (most recent call last):
  File "/Library/Developer/CommandLineTools/Library/Frameworks/Python3.framework/Versions/3.9/lib/python3.9/logging/__init__.py", line 1083, in emit
    msg = self.format(record)
  File "/Library/Developer/CommandLineTools/Library/Frameworks/Python3.framework/Versions/3.9/lib/python3.9/logging/__init__.py", line 927, in format
    return fmt.format(record)
  File "/Library/Developer/CommandLineTools/Library/Frameworks/Python3.framework/Versions/3.9/lib/python3.9/logging/__init__.py", line 663, in format
    record.message = record.getMessage()
  File "/Library/Developer/CommandLineTools/Library/Frameworks/Python3.framework/Versions/3.9/lib/python3.9/logging/__init__.py", line 367, in getMessage
    msg = msg % self.args
TypeError: must be real number, not RequestTimeout
Call stack:
  File "/Library/Developer/CommandLineTools/Library/Frameworks/Python3.framework/Versions/3.9/lib/python3.9/threading.py", line 930, in _bootstrap
    self._bootstrap_inner()
  File "/Library/Developer/CommandLineTools/Library/Frameworks/Python3.framework/Versions/3.9/lib/python3.9/threading.py", line 973, in _bootstrap_inner
    self.run()
  File "/Library/Developer/CommandLineTools/Library/Frameworks/Python3.framework/Versions/3.9/lib/python3.9/threading.py", line 910, in run
    self._target(*self._args, **self._kwargs)
  File "/Library/Developer/CommandLineTools/Library/Frameworks/Python3.framework/Versions/3.9/lib/python3.9/concurrent/futures/thread.py", line 77, in _worker
    work_item.run()
  File "/Library/Developer/CommandLineTools/Library/Frameworks/Python3.framework/Versions/3.9/lib/python3.9/concurrent/futures/thread.py", line 52, in run
    result = self.fn(*self.args, **self.kwargs)
  File "/Users/ashishparadkar/Downloads/algo-code-main/.venv/lib/python3.9/site-packages/apscheduler/executors/base.py", line 131, in run_job
    retval = job.func(*job.args, **job.kwargs)
  File "/Users/ashishparadkar/Downloads/algo-code-main/src/live_runner.py", line 199, in process_cycle
    df, _ = self.provider_manager.fetch_ohlcv_safe(self.symbol, self.timeframe, limit=1000)
  File "/Users/ashishparadkar/Downloads/algo-code-main/src/provider_manager.py", line 362, in fetch_ohlcv_safe
    logger.warning(
Message: 'Retryable network failure for %s (Attempt %d/%d). Backing off %.2fs: %s'
Arguments: ('BTC/USDT', 1, 3, RequestTimeout('binance GET https://api.binance.com/api/v3/klines?interval=5m&limit=1000&symbol=BTCUSDT'))
2026-08-21 13:21:10,929 - ERROR - Binance Spot Network Error: binance GET https://api.binance.com/api/v3/klines?interval=5m&limit=1000&symbol=BTCUSDT
--- Logging error ---
Traceback (most recent call last):
  File "/Users/ashishparadkar/Downloads/algo-code-main/.venv/lib/python3.9/site-packages/urllib3/connection.py", line 204, in _new_conn
    sock = connection.create_connection(
  File "/Users/ashishparadkar/Downloads/algo-code-main/.venv/lib/python3.9/site-packages/urllib3/util/connection.py", line 60, in create_connection
    for res in socket.getaddrinfo(host, port, family, socket.SOCK_STREAM):
  File "/Library/Developer/CommandLineTools/Library/Frameworks/Python3.framework/Versions/3.9/lib/python3.9/socket.py", line 953, in getaddrinfo
    for res in _socket.getaddrinfo(host, port, family, type, proto, flags):
socket.gaierror: [Errno 8] nodename nor servname provided, or not known

The above exception was the direct cause of the following exception:

Traceback (most recent call last):
  File "/Users/ashishparadkar/Downloads/algo-code-main/.venv/lib/python3.9/site-packages/urllib3/connectionpool.py", line 787, in urlopen
    response = self._make_request(
  File "/Users/ashishparadkar/Downloads/algo-code-main/.venv/lib/python3.9/site-packages/urllib3/connectionpool.py", line 488, in _make_request
    raise new_e
  File "/Users/ashishparadkar/Downloads/algo-code-main/.venv/lib/python3.9/site-packages/urllib3/connectionpool.py", line 464, in _make_request
    self._validate_conn(conn)
  File "/Users/ashishparadkar/Downloads/algo-code-main/.venv/lib/python3.9/site-packages/urllib3/connectionpool.py", line 1093, in _validate_conn
    conn.connect()
  File "/Users/ashishparadkar/Downloads/algo-code-main/.venv/lib/python3.9/site-packages/urllib3/connection.py", line 759, in connect
    self.sock = sock = self._new_conn()
  File "/Users/ashishparadkar/Downloads/algo-code-main/.venv/lib/python3.9/site-packages/urllib3/connection.py", line 211, in _new_conn
    raise NameResolutionError(self.host, self, e) from e
urllib3.exceptions.NameResolutionError: HTTPSConnection(host='api.binance.com', port=443): Failed to resolve 'api.binance.com' ([Errno 8] nodename nor servname provided, or not known)

The above exception was the direct cause of the following exception:

Traceback (most recent call last):
  File "/Users/ashishparadkar/Downloads/algo-code-main/.venv/lib/python3.9/site-packages/requests/adapters.py", line 644, in send
    resp = conn.urlopen(
  File "/Users/ashishparadkar/Downloads/algo-code-main/.venv/lib/python3.9/site-packages/urllib3/connectionpool.py", line 841, in urlopen
    retries = retries.increment(
  File "/Users/ashishparadkar/Downloads/algo-code-main/.venv/lib/python3.9/site-packages/urllib3/util/retry.py", line 535, in increment
    raise MaxRetryError(_pool, url, reason) from reason  # type: ignore[arg-type]
urllib3.exceptions.MaxRetryError: HTTPSConnectionPool(host='api.binance.com', port=443): Max retries exceeded with url: /api/v3/klines?interval=5m&limit=1000&symbol=BTCUSDT (Caused by NameResolutionError("HTTPSConnection(host='api.binance.com', port=443): Failed to resolve 'api.binance.com' ([Errno 8] nodename nor servname provided, or not known)"))

During handling of the above exception, another exception occurred:

Traceback (most recent call last):
  File "/Users/ashishparadkar/Downloads/algo-code-main/.venv/lib/python3.9/site-packages/ccxt/base/exchange.py", line 665, in fetch
    response = self.session.request(
  File "/Users/ashishparadkar/Downloads/algo-code-main/.venv/lib/python3.9/site-packages/requests/sessions.py", line 589, in request
    resp = self.send(prep, **send_kwargs)
  File "/Users/ashishparadkar/Downloads/algo-code-main/.venv/lib/python3.9/site-packages/requests/sessions.py", line 703, in send
    r = adapter.send(request, **kwargs)
  File "/Users/ashishparadkar/Downloads/algo-code-main/.venv/lib/python3.9/site-packages/requests/adapters.py", line 677, in send
    raise ConnectionError(e, request=request)
requests.exceptions.ConnectionError: HTTPSConnectionPool(host='api.binance.com', port=443): Max retries exceeded with url: /api/v3/klines?interval=5m&limit=1000&symbol=BTCUSDT (Caused by NameResolutionError("HTTPSConnection(host='api.binance.com', port=443): Failed to resolve 'api.binance.com' ([Errno 8] nodename nor servname provided, or not known)"))

The above exception was the direct cause of the following exception:

Traceback (most recent call last):
  File "/Users/ashishparadkar/Downloads/algo-code-main/src/provider_manager.py", line 351, in fetch_ohlcv_safe
    df = adapter.fetch_ohlcv(instrument, timeframe, limit=limit)
  File "/Users/ashishparadkar/Downloads/algo-code-main/src/provider_manager.py", line 211, in fetch_ohlcv
    raise net_err
  File "/Users/ashishparadkar/Downloads/algo-code-main/src/provider_manager.py", line 183, in fetch_ohlcv
    raw_candles = self.exchange.fetch_ohlcv(
  File "/Users/ashishparadkar/Downloads/algo-code-main/.venv/lib/python3.9/site-packages/ccxt/binance.py", line 4759, in fetch_ohlcv
    response = self.publicGetKlines(self.extend(request, params))
  File "/Users/ashishparadkar/Downloads/algo-code-main/.venv/lib/python3.9/site-packages/ccxt/base/types.py", line 35, in unbound_method
    return _self.request(self.path, self.api, self.method, params, config=self.config)
  File "/Users/ashishparadkar/Downloads/algo-code-main/.venv/lib/python3.9/site-packages/ccxt/binance.py", line 11724, in request
    response = self.fetch2(path, api, method, params, headers, body, config)
  File "/Users/ashishparadkar/Downloads/algo-code-main/.venv/lib/python3.9/site-packages/ccxt/base/exchange.py", line 5566, in fetch2
    raise e
  File "/Users/ashishparadkar/Downloads/algo-code-main/.venv/lib/python3.9/site-packages/ccxt/base/exchange.py", line 5549, in fetch2
    response = self.fetch(request['url'], request['method'], request['headers'], request['body'])
  File "/Users/ashishparadkar/Downloads/algo-code-main/.venv/lib/python3.9/site-packages/ccxt/base/exchange.py", line 721, in fetch
    raise NetworkError(details) from e
ccxt.base.errors.NetworkError: binance GET https://api.binance.com/api/v3/klines?interval=5m&limit=1000&symbol=BTCUSDT

During handling of the above exception, another exception occurred:

Traceback (most recent call last):
  File "/Library/Developer/CommandLineTools/Library/Frameworks/Python3.framework/Versions/3.9/lib/python3.9/logging/__init__.py", line 1083, in emit
    msg = self.format(record)
  File "/Library/Developer/CommandLineTools/Library/Frameworks/Python3.framework/Versions/3.9/lib/python3.9/logging/__init__.py", line 927, in format
    return fmt.format(record)
  File "/Library/Developer/CommandLineTools/Library/Frameworks/Python3.framework/Versions/3.9/lib/python3.9/logging/__init__.py", line 663, in format
    record.message = record.getMessage()
  File "/Library/Developer/CommandLineTools/Library/Frameworks/Python3.framework/Versions/3.9/lib/python3.9/logging/__init__.py", line 367, in getMessage
    msg = msg % self.args
TypeError: must be real number, not NetworkError
Call stack:
  File "/Library/Developer/CommandLineTools/Library/Frameworks/Python3.framework/Versions/3.9/lib/python3.9/threading.py", line 930, in _bootstrap
    self._bootstrap_inner()
  File "/Library/Developer/CommandLineTools/Library/Frameworks/Python3.framework/Versions/3.9/lib/python3.9/threading.py", line 973, in _bootstrap_inner
    self.run()
  File "/Library/Developer/CommandLineTools/Library/Frameworks/Python3.framework/Versions/3.9/lib/python3.9/threading.py", line 910, in run
    self._target(*self._args, **self._kwargs)
  File "/Library/Developer/CommandLineTools/Library/Frameworks/Python3.framework/Versions/3.9/lib/python3.9/concurrent/futures/thread.py", line 77, in _worker
    work_item.run()
  File "/Library/Developer/CommandLineTools/Library/Frameworks/Python3.framework/Versions/3.9/lib/python3.9/concurrent/futures/thread.py", line 52, in run
    result = self.fn(*self.args, **self.kwargs)
  File "/Users/ashishparadkar/Downloads/algo-code-main/.venv/lib/python3.9/site-packages/apscheduler/executors/base.py", line 131, in run_job
    retval = job.func(*job.args, **job.kwargs)
  File "/Users/ashishparadkar/Downloads/algo-code-main/src/live_runner.py", line 199, in process_cycle
    df, _ = self.provider_manager.fetch_ohlcv_safe(self.symbol, self.timeframe, limit=1000)
  File "/Users/ashishparadkar/Downloads/algo-code-main/src/provider_manager.py", line 362, in fetch_ohlcv_safe
    logger.warning(
Message: 'Retryable network failure for %s (Attempt %d/%d). Backing off %.2fs: %s'
Arguments: ('BTC/USDT', 2, 3, NetworkError('binance GET https://api.binance.com/api/v3/klines?interval=5m&limit=1000&symbol=BTCUSDT'))
2026-08-21 13:21:13,414 - ERROR - Binance Spot Network Error: binance GET https://api.binance.com/api/v3/klines?interval=5m&limit=1000&symbol=BTCUSDT
2026-08-21 13:21:13,414 - ERROR - System Error in runner execution cycle: binance GET https://api.binance.com/api/v3/klines?interval=5m&limit=1000&symbol=BTCUSDT
Traceback (most recent call last):
  File "/Users/ashishparadkar/Downloads/algo-code-main/.venv/lib/python3.9/site-packages/urllib3/connection.py", line 204, in _new_conn
    sock = connection.create_connection(
  File "/Users/ashishparadkar/Downloads/algo-code-main/.venv/lib/python3.9/site-packages/urllib3/util/connection.py", line 60, in create_connection
    for res in socket.getaddrinfo(host, port, family, socket.SOCK_STREAM):
  File "/Library/Developer/CommandLineTools/Library/Frameworks/Python3.framework/Versions/3.9/lib/python3.9/socket.py", line 953, in getaddrinfo
    for res in _socket.getaddrinfo(host, port, family, type, proto, flags):
socket.gaierror: [Errno 8] nodename nor servname provided, or not known

The above exception was the direct cause of the following exception:

Traceback (most recent call last):
  File "/Users/ashishparadkar/Downloads/algo-code-main/.venv/lib/python3.9/site-packages/urllib3/connectionpool.py", line 787, in urlopen
    response = self._make_request(
  File "/Users/ashishparadkar/Downloads/algo-code-main/.venv/lib/python3.9/site-packages/urllib3/connectionpool.py", line 488, in _make_request
    raise new_e
  File "/Users/ashishparadkar/Downloads/algo-code-main/.venv/lib/python3.9/site-packages/urllib3/connectionpool.py", line 464, in _make_request
    self._validate_conn(conn)
  File "/Users/ashishparadkar/Downloads/algo-code-main/.venv/lib/python3.9/site-packages/urllib3/connectionpool.py", line 1093, in _validate_conn
    conn.connect()
  File "/Users/ashishparadkar/Downloads/algo-code-main/.venv/lib/python3.9/site-packages/urllib3/connection.py", line 759, in connect
    self.sock = sock = self._new_conn()
  File "/Users/ashishparadkar/Downloads/algo-code-main/.venv/lib/python3.9/site-packages/urllib3/connection.py", line 211, in _new_conn
    raise NameResolutionError(self.host, self, e) from e
urllib3.exceptions.NameResolutionError: HTTPSConnection(host='api.binance.com', port=443): Failed to resolve 'api.binance.com' ([Errno 8] nodename nor servname provided, or not known)

The above exception was the direct cause of the following exception:

Traceback (most recent call last):
  File "/Users/ashishparadkar/Downloads/algo-code-main/.venv/lib/python3.9/site-packages/requests/adapters.py", line 644, in send
    resp = conn.urlopen(
  File "/Users/ashishparadkar/Downloads/algo-code-main/.venv/lib/python3.9/site-packages/urllib3/connectionpool.py", line 841, in urlopen
    retries = retries.increment(
  File "/Users/ashishparadkar/Downloads/algo-code-main/.venv/lib/python3.9/site-packages/urllib3/util/retry.py", line 535, in increment
    raise MaxRetryError(_pool, url, reason) from reason  # type: ignore[arg-type]
urllib3.exceptions.MaxRetryError: HTTPSConnectionPool(host='api.binance.com', port=443): Max retries exceeded with url: /api/v3/klines?interval=5m&limit=1000&symbol=BTCUSDT (Caused by NameResolutionError("HTTPSConnection(host='api.binance.com', port=443): Failed to resolve 'api.binance.com' ([Errno 8] nodename nor servname provided, or not known)"))

During handling of the above exception, another exception occurred:

Traceback (most recent call last):
  File "/Users/ashishparadkar/Downloads/algo-code-main/.venv/lib/python3.9/site-packages/ccxt/base/exchange.py", line 665, in fetch
    response = self.session.request(
  File "/Users/ashishparadkar/Downloads/algo-code-main/.venv/lib/python3.9/site-packages/requests/sessions.py", line 589, in request
    resp = self.send(prep, **send_kwargs)
  File "/Users/ashishparadkar/Downloads/algo-code-main/.venv/lib/python3.9/site-packages/requests/sessions.py", line 703, in send
    r = adapter.send(request, **kwargs)
  File "/Users/ashishparadkar/Downloads/algo-code-main/.venv/lib/python3.9/site-packages/requests/adapters.py", line 677, in send
    raise ConnectionError(e, request=request)
requests.exceptions.ConnectionError: HTTPSConnectionPool(host='api.binance.com', port=443): Max retries exceeded with url: /api/v3/klines?interval=5m&limit=1000&symbol=BTCUSDT (Caused by NameResolutionError("HTTPSConnection(host='api.binance.com', port=443): Failed to resolve 'api.binance.com' ([Errno 8] nodename nor servname provided, or not known)"))

The above exception was the direct cause of the following exception:

Traceback (most recent call last):
  File "/Users/ashishparadkar/Downloads/algo-code-main/src/live_runner.py", line 199, in process_cycle
    df, _ = self.provider_manager.fetch_ohlcv_safe(self.symbol, self.timeframe, limit=1000)
  File "/Users/ashishparadkar/Downloads/algo-code-main/src/provider_manager.py", line 359, in fetch_ohlcv_safe
    raise retryable_err
  File "/Users/ashishparadkar/Downloads/algo-code-main/src/provider_manager.py", line 351, in fetch_ohlcv_safe
    df = adapter.fetch_ohlcv(instrument, timeframe, limit=limit)
  File "/Users/ashishparadkar/Downloads/algo-code-main/src/provider_manager.py", line 211, in fetch_ohlcv
    raise net_err
  File "/Users/ashishparadkar/Downloads/algo-code-main/src/provider_manager.py", line 183, in fetch_ohlcv
    raw_candles = self.exchange.fetch_ohlcv(
  File "/Users/ashishparadkar/Downloads/algo-code-main/.venv/lib/python3.9/site-packages/ccxt/binance.py", line 4759, in fetch_ohlcv
    response = self.publicGetKlines(self.extend(request, params))
  File "/Users/ashishparadkar/Downloads/algo-code-main/.venv/lib/python3.9/site-packages/ccxt/base/types.py", line 35, in unbound_method
    return _self.request(self.path, self.api, self.method, params, config=self.config)
  File "/Users/ashishparadkar/Downloads/algo-code-main/.venv/lib/python3.9/site-packages/ccxt/binance.py", line 11724, in request
    response = self.fetch2(path, api, method, params, headers, body, config)
  File "/Users/ashishparadkar/Downloads/algo-code-main/.venv/lib/python3.9/site-packages/ccxt/base/exchange.py", line 5566, in fetch2
    raise e
  File "/Users/ashishparadkar/Downloads/algo-code-main/.venv/lib/python3.9/site-packages/ccxt/base/exchange.py", line 5549, in fetch2
    response = self.fetch(request['url'], request['method'], request['headers'], request['body'])
  File "/Users/ashishparadkar/Downloads/algo-code-main/.venv/lib/python3.9/site-packages/ccxt/base/exchange.py", line 721, in fetch
    raise NetworkError(details) from e
ccxt.base.errors.NetworkError: binance GET https://api.binance.com/api/v3/klines?interval=5m&limit=1000&symbol=BTCUSDT
2026-08-21 13:21:13,502 - WARNING - [bot-1787212524606-4693] Marked bot as non-retryable configuration error to prevent infinite error storm.
2026-08-21 13:21:13,627 - WARNING - Telegram alert [GENERAL] failed (Connection Error: HTTPSConnectionPool(host='api.telegram.org', port=443): Max retries exceeded with url: /bot8865086302:AAHhh3VL9czoQRSnw8Hf9iyDEwGJnqQTtqc/sendMessage (Caused by NameResolutionError("HTTPSConnection(host='api.telegram.org', port=443): Failed to resolve 'api.telegram.org' ([Errno 8] nodename nor servname provided, or not known)"))). Re-queueing retry 1/3 in 1.0s
2026-08-21 13:21:13,788 - INFO - Logged heartbeat status: ERROR
2026-08-21 13:21:13,788 - INFO - Job "LiveRunner.process_cycle (trigger: interval[0:05:00], next run at: 2026-08-21 13:25:58 IST)" executed successfully
2026-08-21 13:21:14,639 - WARNING - Telegram alert [GENERAL] failed (Connection Error: HTTPSConnectionPool(host='api.telegram.org', port=443): Max retries exceeded with url: /bot8865086302:AAHhh3VL9czoQRSnw8Hf9iyDEwGJnqQTtqc/sendMessage (Caused by NameResolutionError("HTTPSConnection(host='api.telegram.org', port=443): Failed to resolve 'api.telegram.org' ([Errno 8] nodename nor servname provided, or not known)"))). Re-queueing retry 2/3 in 2.0s
2026-08-21 13:21:15,652 - WARNING - Telegram alert [GENERAL] failed (Connection Error: HTTPSConnectionPool(host='api.telegram.org', port=443): Max retries exceeded with url: /bot8865086302:AAHhh3VL9czoQRSnw8Hf9iyDEwGJnqQTtqc/sendMessage (Caused by NameResolutionError("HTTPSConnection(host='api.telegram.org', port=443): Failed to resolve 'api.telegram.org' ([Errno 8] nodename nor servname provided, or not known)"))). Re-queueing retry 3/3 in 4.0s
2026-08-21 13:21:16,661 - ERROR - Telegram alert [GENERAL] failed permanently after 3 retries: Connection Error: HTTPSConnectionPool(host='api.telegram.org', port=443): Max retries exceeded with url: /bot8865086302:AAHhh3VL9czoQRSnw8Hf9iyDEwGJnqQTtqc/sendMessage (Caused by NameResolutionError("HTTPSConnection(host='api.telegram.org', port=443): Failed to resolve 'api.telegram.org' ([Errno 8] nodename nor servname provided, or not known)"))
2026-08-21 13:25:58,818 - INFO - Running job "LiveRunner.process_cycle (trigger: interval[0:05:00], next run at: 2026-08-21 13:30:58 IST)" (scheduled at 2026-08-21 13:25:58.806916+05:30)
2026-08-21 13:25:58,820 - ERROR - [bot-1787212524606-4693] Halting runner cycle: Bot is configured with unexecutable instrument 'BTC/USDT'. Error: Fatal Non-Retryable Error: binance GET https://api.binance.com/api/v3/klines?interval=5m&limit=1000&symbol=BTCUSDT
2026-08-21 13:25:58,960 - INFO - Job "LiveRunner.process_cycle (trigger: interval[0:05:00], next run at: 2026-08-21 13:30:58 IST)" executed successfully
2026-08-21 13:30:58,827 - INFO - Running job "LiveRunner.process_cycle (trigger: interval[0:05:00], next run at: 2026-08-21 13:35:58 IST)" (scheduled at 2026-08-21 13:30:58.806916+05:30)
2026-08-21 13:30:58,832 - ERROR - [bot-1787212524606-4693] Halting runner cycle: Bot is configured with unexecutable instrument 'BTC/USDT'. Error: Fatal Non-Retryable Error: binance GET https://api.binance.com/api/v3/klines?interval=5m&limit=1000&symbol=BTCUSDT
2026-08-21 13:30:58,922 - INFO - Job "LiveRunner.process_cycle (trigger: interval[0:05:00], next run at: 2026-08-21 13:35:58 IST)" executed successfully
2026-08-21 13:35:58,932 - INFO - Running job "LiveRunner.process_cycle (trigger: interval[0:05:00], next run at: 2026-08-21 13:40:58 IST)" (scheduled at 2026-08-21 13:35:58.806916+05:30)
2026-08-21 13:35:58,944 - ERROR - [bot-1787212524606-4693] Halting runner cycle: Bot is configured with unexecutable instrument 'BTC/USDT'. Error: Fatal Non-Retryable Error: binance GET https://api.binance.com/api/v3/klines?interval=5m&limit=1000&symbol=BTCUSDT
2026-08-21 13:35:59,181 - INFO - Job "LiveRunner.process_cycle (trigger: interval[0:05:00], next run at: 2026-08-21 13:40:58 IST)" executed successfully
/Users/ashishparadkar/Downloads/algo-code-main/.venv/lib/python3.9/site-packages/urllib3/__init__.py:35: NotOpenSSLWarning: urllib3 v2 only supports OpenSSL 1.1.1+, currently the 'ssl' module is compiled with 'LibreSSL 2.8.3'. See: https://github.com/urllib3/urllib3/issues/3020
  warnings.warn(
2026-08-21 14:51:35,932 - INFO - Bot state startup reconciliation finished: 0 bot(s) reconciled to STOPPED.
2026-08-21 14:51:37,564 - INFO - Telegram notification service initialized successfully (Chat ID: 5657...)
2026-08-21 14:51:37,581 - INFO - Initializing scheduled trading bot live runner for bot-1787212524606-4693...
2026-08-21 14:51:38,198 - INFO - SQLite database tables verified/created.
2026-08-21 14:51:39,030 - INFO - Initializing CCXT Binance in TESTNET mode.
/Users/ashishparadkar/Downloads/algo-code-main/.venv/lib/python3.9/site-packages/urllib3/__init__.py:35: NotOpenSSLWarning: urllib3 v2 only supports OpenSSL 1.1.1+, currently the 'ssl' module is compiled with 'LibreSSL 2.8.3'. See: https://github.com/urllib3/urllib3/issues/3020
  warnings.warn(
2026-08-21 15:30:53,535 - INFO - Bot state startup reconciliation finished: 0 bot(s) reconciled to STOPPED.
2026-08-21 15:30:54,772 - INFO - Telegram notification service initialized successfully (Chat ID: 5657...)
2026-08-21 15:30:55,335 - INFO - Initializing scheduled trading bot live runner for bot-1787212524606-4693...
2026-08-21 15:30:55,415 - INFO - SQLite database tables verified/created.
2026-08-21 15:30:57,513 - INFO - Initializing CCXT Binance in TESTNET mode.
2026-08-21 15:32:00,474 - INFO - [bot-1787212524606-4693] Pre-flight instrument resolved: BTC/USDT (SPOT via binance_spot)
2026-08-21 15:32:01,953 - INFO - [bot-1787212524606-4693] Starting signal check cycle for BTC/USDT (5m)...
2026-08-21 15:32:02,781 - INFO - Fetching recent candles for BTC/USDT (5m) [Bot: bot-1787212524606-4693] via ProviderManager...
/Users/ashishparadkar/Downloads/algo-code-main/.venv/lib/python3.9/site-packages/urllib3/__init__.py:35: NotOpenSSLWarning: urllib3 v2 only supports OpenSSL 1.1.1+, currently the 'ssl' module is compiled with 'LibreSSL 2.8.3'. See: https://github.com/urllib3/urllib3/issues/3020
  warnings.warn(
2026-08-21 18:14:07,377 - INFO - Bot state startup reconciliation finished: 0 bot(s) reconciled to STOPPED.
2026-08-21 18:14:08,946 - INFO - Telegram notification service initialized successfully (Chat ID: 5657...)
2026-08-21 18:14:09,771 - INFO - Initializing scheduled trading bot live runner for bot-1787212524606-4693...
2026-08-21 18:14:10,470 - INFO - SQLite database tables verified/created.
2026-08-21 18:14:11,628 - INFO - Initializing CCXT Binance in TESTNET mode.
2026-08-21 18:15:02,227 - INFO - [bot-1787212524606-4693] Pre-flight instrument resolved: BTC/USDT (SPOT via binance_spot)
2026-08-21 18:15:03,106 - INFO - [bot-1787212524606-4693] Starting signal check cycle for BTC/USDT (5m)...
2026-08-21 18:15:03,119 - INFO - Fetching recent candles for BTC/USDT (5m) [Bot: bot-1787212524606-4693] via ProviderManager...
/Users/ashishparadkar/Downloads/algo-code-main/.venv/lib/python3.9/site-packages/urllib3/__init__.py:35: NotOpenSSLWarning: urllib3 v2 only supports OpenSSL 1.1.1+, currently the 'ssl' module is compiled with 'LibreSSL 2.8.3'. See: https://github.com/urllib3/urllib3/issues/3020
  warnings.warn(
2026-08-21 20:27:39,801 - INFO - Bot state startup reconciliation finished: 0 bot(s) reconciled to STOPPED.
2026-08-21 20:27:41,449 - INFO - Telegram notification service initialized successfully (Chat ID: 5657...)
2026-08-21 20:27:41,465 - INFO - Initializing scheduled trading bot live runner for bot-1787212524606-4693...
2026-08-21 20:27:42,043 - INFO - SQLite database tables verified/created.
2026-08-21 20:27:42,813 - INFO - Initializing CCXT Binance in TESTNET mode.
2026-08-21 20:28:32,947 - INFO - [bot-1787212524606-4693] Pre-flight instrument resolved: BTC/USDT (SPOT via binance_spot)
2026-08-21 20:28:34,301 - INFO - [bot-1787212524606-4693] Starting signal check cycle for BTC/USDT (5m)...
2026-08-21 20:28:34,308 - INFO - Fetching recent candles for BTC/USDT (5m) [Bot: bot-1787212524606-4693] via ProviderManager...
/Users/ashishparadkar/Downloads/algo-code-main/.venv/lib/python3.9/site-packages/urllib3/__init__.py:35: NotOpenSSLWarning: urllib3 v2 only supports OpenSSL 1.1.1+, currently the 'ssl' module is compiled with 'LibreSSL 2.8.3'. See: https://github.com/urllib3/urllib3/issues/3020
  warnings.warn(
2026-08-21 21:33:48,032 - INFO - Bot state startup reconciliation finished: 0 bot(s) reconciled to STOPPED.
2026-08-21 21:33:50,130 - INFO - Telegram notification service initialized successfully (Chat ID: 5657...)
2026-08-21 21:33:50,147 - INFO - Initializing scheduled trading bot live runner for bot-1787212524606-4693...
2026-08-21 21:33:50,187 - INFO - SQLite database tables verified/created.
2026-08-21 21:33:52,373 - INFO - Initializing CCXT Binance in TESTNET mode.
2026-08-21 21:35:04,977 - INFO - [bot-1787212524606-4693] Pre-flight instrument resolved: BTC/USDT (SPOT via binance_spot)
2026-08-21 21:35:06,195 - INFO - [bot-1787212524606-4693] Starting signal check cycle for BTC/USDT (5m)...
2026-08-21 21:35:08,094 - INFO - Fetching recent candles for BTC/USDT (5m) [Bot: bot-1787212524606-4693] via ProviderManager...
2026-08-21 21:46:31,805 - INFO - Indicators computed | close=76886.44 ema_9=77128.37 ema_20=77231.83 ema_50=77218.79 ema_200=76067.30 macd=-57.8807 poc=64250.0 val=64025.0 vah=74350.0
2026-08-21 21:46:33,378 - INFO - [bot-1787212524606-4693] Evaluating strategy on completed candle: 2026-08-21 16:10:00+00:00 at Close price: 76858.57
2026-08-21 21:46:40,474 - INFO - Confluence Evaluation | Regime: TRENDING (ADX=31.6) | Direction: HOLD | BullScore: 0.0% | BearScore: 55.9% | Active: ['ema_9', 'ema_20', 'rsi', 'vwap', 'supertrend', 'atr']
2026-08-21 21:46:42,441 - INFO - Signal evaluated: HOLD. Reason/Details: Confluence score: 56% (HOLD)
2026-08-21 21:46:46,308 - INFO - Logged heartbeat status: OK
2026-08-21 21:46:53,739 - INFO - Adding job tentatively -- it will be properly scheduled when the scheduler starts
2026-08-21 21:46:53,773 - INFO - Bot bot-1787212524606-4693 scheduled to check every 5 minutes.
2026-08-21 21:46:55,552 - INFO - Added job "LiveRunner.process_cycle" to job store "default"
2026-08-21 21:46:55,554 - INFO - Scheduler started
2026-08-21 21:51:58,298 - WARNING - Run time of job "LiveRunner.process_cycle (trigger: interval[0:05:00], next run at: 2026-08-21 21:56:52 IST)" was missed by 0:00:05.028844
2026-08-21 21:56:56,478 - WARNING - Run time of job "LiveRunner.process_cycle (trigger: interval[0:05:00], next run at: 2026-08-21 22:01:52 IST)" was missed by 0:00:03.607081
2026-08-21 22:01:53,181 - INFO - Running job "LiveRunner.process_cycle (trigger: interval[0:05:00], next run at: 2026-08-21 22:06:52 IST)" (scheduled at 2026-08-21 22:01:52.588673+05:30)
2026-08-21 22:01:58,218 - INFO - [bot-1787212524606-4693] Starting signal check cycle for BTC/USDT (5m)...
2026-08-21 22:02:00,400 - INFO - Fetching recent candles for BTC/USDT (5m) [Bot: bot-1787212524606-4693] via ProviderManager...
2026-08-21 22:02:50,812 - INFO - Indicators computed | close=77298.01 ema_9=77231.63 ema_20=77262.54 ema_50=77234.35 ema_200=76105.50 macd=-16.8800 poc=69350.0 val=64025.0 vah=74450.0
2026-08-21 22:02:51,104 - INFO - [bot-1787212524606-4693] Evaluating strategy on completed candle: 2026-08-21 16:25:00+00:00 at Close price: 77383.87
2026-08-21 22:02:53,143 - INFO - Confluence Evaluation | Regime: TRENDING (ADX=39.1) | Direction: LONG | BullScore: 88.2% | BearScore: 11.8% | Active: ['ema_9', 'ema_20', 'rsi', 'vwap', 'supertrend', 'atr']
2026-08-21 22:02:54,181 - INFO - Capping position size 0.443892 BTC to available cash equivalent 0.193839 BTC.
2026-08-21 22:02:55,344 - INFO - Created pending signal approval ID 214 for bot bot-1787212524606-4693 (LONG @ $77383.87, status: WAITING_APPROVAL)
2026-08-21 22:02:56,559 - INFO - [bot-1787212524606-4693] Signal LONG generated (ID: 214). Waiting for manual user approval.
2026-08-21 22:02:57,880 - INFO - Logged heartbeat status: OK
2026-08-21 22:02:57,886 - INFO - Job "LiveRunner.process_cycle (trigger: interval[0:05:00], next run at: 2026-08-21 22:06:52 IST)" executed successfully
2026-08-21 22:06:55,857 - WARNING - Run time of job "LiveRunner.process_cycle (trigger: interval[0:05:00], next run at: 2026-08-21 22:11:52 IST)" was missed by 0:00:03.229070
2026-08-21 22:11:52,700 - INFO - Running job "LiveRunner.process_cycle (trigger: interval[0:05:00], next run at: 2026-08-21 22:16:52 IST)" (scheduled at 2026-08-21 22:11:52.588673+05:30)
2026-08-21 22:11:52,825 - INFO - [bot-1787212524606-4693] Starting signal check cycle for BTC/USDT (5m)...
2026-08-21 22:11:52,956 - INFO - Fetching recent candles for BTC/USDT (5m) [Bot: bot-1787212524606-4693] via ProviderManager...
2026-08-21 22:11:54,708 - INFO - Indicators computed | close=77328.00 ema_9=77269.58 ema_20=77276.53 ema_50=77242.56 ema_200=76129.98 macd=-1.6153 poc=69350.0 val=64025.0 vah=74475.0
2026-08-21 22:11:54,718 - INFO - [bot-1787212524606-4693] Evaluating strategy on completed candle: 2026-08-21 16:35:00+00:00 at Close price: 77316.28
2026-08-21 22:11:54,826 - INFO - Confluence Evaluation | Regime: TRENDING (ADX=39.7) | Direction: HOLD | BullScore: 44.1% | BearScore: 55.9% | Active: ['ema_9', 'ema_20', 'rsi', 'vwap', 'supertrend', 'atr']
2026-08-21 22:11:54,950 - INFO - Signal evaluated: HOLD. Reason/Details: Confluence score: 56% (HOLD)
2026-08-21 22:11:55,170 - INFO - Logged heartbeat status: OK
2026-08-21 22:11:55,170 - INFO - Job "LiveRunner.process_cycle (trigger: interval[0:05:00], next run at: 2026-08-21 22:16:52 IST)" executed successfully
2026-08-21 22:16:52,604 - INFO - Running job "LiveRunner.process_cycle (trigger: interval[0:05:00], next run at: 2026-08-21 22:21:52 IST)" (scheduled at 2026-08-21 22:16:52.588673+05:30)
2026-08-21 22:16:52,628 - INFO - [bot-1787212524606-4693] Starting signal check cycle for BTC/USDT (5m)...
2026-08-21 22:16:52,692 - INFO - Fetching recent candles for BTC/USDT (5m) [Bot: bot-1787212524606-4693] via ProviderManager...
2026-08-21 22:16:53,391 - INFO - Indicators computed | close=77409.69 ema_9=77303.05 ema_20=77292.15 ema_50=77250.40 ema_200=76143.05 macd=11.6169 poc=69350.0 val=64025.0 vah=74500.0
2026-08-21 22:16:53,397 - INFO - [bot-1787212524606-4693] Evaluating strategy on completed candle: 2026-08-21 16:40:00+00:00 at Close price: 77362.04
2026-08-21 22:16:53,473 - INFO - Confluence Evaluation | Regime: TRENDING (ADX=40.2) | Direction: LONG | BullScore: 88.2% | BearScore: 11.8% | Active: ['ema_9', 'ema_20', 'rsi', 'vwap', 'supertrend', 'atr']
2026-08-21 22:16:53,605 - INFO - Capping position size 0.791348 BTC to available cash equivalent 0.193894 BTC.
2026-08-21 22:16:53,623 - INFO - [bot-1787212524606-4693] Signal LONG active pending approval already exists (ID: 214).
2026-08-21 22:16:53,773 - INFO - Logged heartbeat status: OK
2026-08-21 22:16:53,774 - INFO - Job "LiveRunner.process_cycle (trigger: interval[0:05:00], next run at: 2026-08-21 22:21:52 IST)" executed successfully
2026-08-21 22:21:52,664 - INFO - Running job "LiveRunner.process_cycle (trigger: interval[0:05:00], next run at: 2026-08-21 22:26:52 IST)" (scheduled at 2026-08-21 22:21:52.588673+05:30)
2026-08-21 22:21:52,769 - INFO - [bot-1787212524606-4693] Starting signal check cycle for BTC/USDT (5m)...
2026-08-21 22:21:52,803 - INFO - Fetching recent candles for BTC/USDT (5m) [Bot: bot-1787212524606-4693] via ProviderManager...
2026-08-21 22:21:53,470 - INFO - Indicators computed | close=77520.29 ema_9=77365.78 ema_20=77324.26 ema_50=77265.52 ema_200=76157.94 macd=35.9686 poc=69350.0 val=64025.0 vah=74525.0
2026-08-21 22:21:53,478 - INFO - [bot-1787212524606-4693] Evaluating strategy on completed candle: 2026-08-21 16:45:00+00:00 at Close price: 77530.19
2026-08-21 22:21:53,693 - INFO - LONG signal blocked | Location blocked (Close 77530.19 outside Value Area [62744.50 - 76015.50], VAL=64025.00, VAH=74525.00) | context={'close': 77530.19, 'ema_9': 77327.14786556269, 'ema_20': 77303.62543003306, 'ema_50': 77255.12450110391, 'ema_200': 76144.25262187838, 'macd_line': 21.229475276821177, 'macd_signal': 6.32280964717363, 'macd_hist': 14.906665629647547, 'poc': np.float64(69350.0), 'val': np.float64(64025.0), 'vah': np.float64(74525.0)}
2026-08-21 22:21:53,702 - INFO - Confluence Evaluation | Regime: TRENDING (ADX=39.6) | Direction: LONG | BullScore: 88.2% | BearScore: 11.8% | Active: ['ema_9', 'ema_20', 'rsi', 'vwap', 'supertrend', 'atr']
2026-08-21 22:21:53,790 - INFO - Signal evaluated: HOLD. Reason/Details: Confluence score: 88% (LONG) meets 75% threshold
2026-08-21 22:21:54,120 - INFO - Logged heartbeat status: OK
2026-08-21 22:21:54,121 - INFO - Job "LiveRunner.process_cycle (trigger: interval[0:05:00], next run at: 2026-08-21 22:26:52 IST)" executed successfully
2026-08-21 22:26:52,633 - INFO - Running job "LiveRunner.process_cycle (trigger: interval[0:05:00], next run at: 2026-08-21 22:31:52 IST)" (scheduled at 2026-08-21 22:26:52.588673+05:30)
2026-08-21 22:26:52,688 - INFO - [bot-1787212524606-4693] Starting signal check cycle for BTC/USDT (5m)...
2026-08-21 22:26:52,762 - INFO - Fetching recent candles for BTC/USDT (5m) [Bot: bot-1787212524606-4693] via ProviderManager...
2026-08-21 22:26:53,309 - INFO - Indicators computed | close=77523.22 ema_9=77389.22 ema_20=77338.88 ema_50=77273.73 ema_200=76171.03 macd=44.2429 poc=69350.0 val=64025.0 vah=74550.0
2026-08-21 22:26:53,310 - INFO - [bot-1787212524606-4693] Evaluating strategy on completed candle: 2026-08-21 16:50:00+00:00 at Close price: 77470.00
2026-08-21 22:26:53,388 - INFO - Confluence Evaluation | Regime: TRENDING (ADX=39.0) | Direction: HOLD | BullScore: 44.1% | BearScore: 55.9% | Active: ['ema_9', 'ema_20', 'rsi', 'vwap', 'supertrend', 'atr']
2026-08-21 22:26:53,492 - INFO - Signal evaluated: HOLD. Reason/Details: Confluence score: 56% (HOLD)
2026-08-21 22:26:53,724 - INFO - Logged heartbeat status: OK
2026-08-21 22:26:53,725 - INFO - Job "LiveRunner.process_cycle (trigger: interval[0:05:00], next run at: 2026-08-21 22:31:52 IST)" executed successfully
2026-08-21 22:31:52,651 - INFO - Running job "LiveRunner.process_cycle (trigger: interval[0:05:00], next run at: 2026-08-21 22:36:52 IST)" (scheduled at 2026-08-21 22:31:52.588673+05:30)
2026-08-21 22:31:52,707 - INFO - [bot-1787212524606-4693] Starting signal check cycle for BTC/USDT (5m)...
2026-08-21 22:31:52,831 - INFO - Fetching recent candles for BTC/USDT (5m) [Bot: bot-1787212524606-4693] via ProviderManager...
2026-08-21 22:31:53,710 - INFO - Indicators computed | close=77511.33 ema_9=77407.69 ema_20=77352.09 ema_50=77281.65 ema_200=76184.00 macd=50.1242 poc=69350.0 val=64025.0 vah=74550.0
2026-08-21 22:31:53,726 - INFO - [bot-1787212524606-4693] Evaluating strategy on completed candle: 2026-08-21 16:55:00+00:00 at Close price: 77486.01
2026-08-21 22:31:53,882 - INFO - Confluence Evaluation | Regime: TRENDING (ADX=37.1) | Direction: LONG | BullScore: 100.0% | BearScore: 0.0% | Active: ['ema_9', 'ema_20', 'rsi', 'vwap', 'supertrend', 'atr']
2026-08-21 22:31:54,111 - INFO - Capping position size 0.927013 BTC to available cash equivalent 0.193583 BTC.
2026-08-21 22:31:54,115 - INFO - [bot-1787212524606-4693] Signal LONG active pending approval already exists (ID: 214).
2026-08-21 22:31:54,360 - INFO - Logged heartbeat status: OK
2026-08-21 22:31:54,360 - INFO - Job "LiveRunner.process_cycle (trigger: interval[0:05:00], next run at: 2026-08-21 22:36:52 IST)" executed successfully
2026-08-21 22:36:52,679 - INFO - Running job "LiveRunner.process_cycle (trigger: interval[0:05:00], next run at: 2026-08-21 22:41:52 IST)" (scheduled at 2026-08-21 22:36:52.588673+05:30)
2026-08-21 22:36:52,691 - INFO - [bot-1787212524606-4693] Starting signal check cycle for BTC/USDT (5m)...
2026-08-21 22:36:52,748 - INFO - Fetching recent candles for BTC/USDT (5m) [Bot: bot-1787212524606-4693] via ProviderManager...
2026-08-21 22:36:53,186 - INFO - Indicators computed | close=77600.00 ema_9=77447.86 ema_20=77376.62 ema_50=77294.54 ema_200=76198.20 macd=64.2170 poc=69350.0 val=64025.0 vah=74575.0
2026-08-21 22:36:53,187 - INFO - [bot-1787212524606-4693] Evaluating strategy on completed candle: 2026-08-21 17:00:00+00:00 at Close price: 77522.00
2026-08-21 22:36:53,252 - INFO - Confluence Evaluation | Regime: TRENDING (ADX=34.7) | Direction: LONG | BullScore: 100.0% | BearScore: 0.0% | Active: ['ema_9', 'ema_20', 'rsi', 'vwap', 'supertrend', 'atr']
2026-08-21 22:36:53,359 - INFO - Capping position size 0.922311 BTC to available cash equivalent 0.193493 BTC.
2026-08-21 22:36:53,421 - INFO - Created pending signal approval ID 261 for bot bot-1787212524606-4693 (LONG @ $77522.00, status: WAITING_APPROVAL)
2026-08-21 22:36:53,504 - INFO - [bot-1787212524606-4693] Signal LONG generated (ID: 261). Waiting for manual user approval.
2026-08-21 22:36:53,735 - INFO - Logged heartbeat status: OK
2026-08-21 22:36:53,737 - INFO - Job "LiveRunner.process_cycle (trigger: interval[0:05:00], next run at: 2026-08-21 22:41:52 IST)" executed successfully
2026-08-21 22:41:52,634 - INFO - Running job "LiveRunner.process_cycle (trigger: interval[0:05:00], next run at: 2026-08-21 22:46:52 IST)" (scheduled at 2026-08-21 22:41:52.588673+05:30)
2026-08-21 22:41:52,748 - INFO - [bot-1787212524606-4693] Starting signal check cycle for BTC/USDT (5m)...
2026-08-21 22:41:52,822 - INFO - Fetching recent candles for BTC/USDT (5m) [Bot: bot-1787212524606-4693] via ProviderManager...
2026-08-21 22:41:53,392 - INFO - Indicators computed | close=77638.01 ema_9=77488.67 ema_20=77403.01 ema_50=77308.66 ema_200=76212.70 macd=77.9616 poc=69350.0 val=64025.0 vah=74575.0
2026-08-21 22:41:53,393 - INFO - [bot-1787212524606-4693] Evaluating strategy on completed candle: 2026-08-21 17:05:00+00:00 at Close price: 77617.37
2026-08-21 22:41:53,457 - INFO - Confluence Evaluation | Regime: TRENDING (ADX=35.6) | Direction: LONG | BullScore: 100.0% | BearScore: 0.0% | Active: ['ema_9', 'ema_20', 'rsi', 'vwap', 'supertrend', 'atr']
2026-08-21 22:41:53,499 - INFO - Capping position size 0.796411 BTC to available cash equivalent 0.193256 BTC.
2026-08-21 22:41:53,536 - INFO - [bot-1787212524606-4693] Signal LONG active pending approval already exists (ID: 261).
2026-08-21 22:41:53,657 - INFO - Logged heartbeat status: OK
2026-08-21 22:41:53,658 - INFO - Job "LiveRunner.process_cycle (trigger: interval[0:05:00], next run at: 2026-08-21 22:46:52 IST)" executed successfully
/Users/ashishparadkar/Downloads/algo-code-main/.venv/lib/python3.9/site-packages/urllib3/__init__.py:35: NotOpenSSLWarning: urllib3 v2 only supports OpenSSL 1.1.1+, currently the 'ssl' module is compiled with 'LibreSSL 2.8.3'. See: https://github.com/urllib3/urllib3/issues/3020
  warnings.warn(
2026-08-21 22:45:52,931 - INFO - Bot state startup reconciliation finished: 6 bot(s) reconciled to STOPPED.
2026-08-21 22:45:54,312 - INFO - Telegram notification service initialized successfully (Chat ID: 5657...)
2026-08-21 22:45:54,746 - INFO - Initializing scheduled trading bot live runner for bot-1787212524606-4693...
2026-08-21 22:45:54,830 - INFO - SQLite database tables verified/created.
2026-08-21 22:45:56,511 - INFO - Initializing CCXT Binance in TESTNET mode.
