2026-08-11 17:16:25,918 - INFO - Initializing scheduled trading bot live runner for bot-1...
2026-08-11 17:16:25,923 - INFO - SQLite database tables verified/created.
2026-08-11 17:16:25,931 - INFO - Initializing CCXT Binance in TESTNET mode.
2026-08-11 17:16:26,883 - INFO - Initializing CCXT Binance in MAINNET mode (Public endpoints).
2026-08-11 17:16:26,890 - INFO - Sending Telegram alert...
2026-08-11 17:16:27,796 - INFO - Telegram alert sent successfully.
2026-08-11 17:16:27,798 - INFO - [bot-1] Starting signal check cycle for BTC/USDT (5m)...
2026-08-11 17:16:27,808 - INFO - Fetching recent candles for BTC/USDT (5m) [Bot: bot-1]...
2026-08-12 12:22:24,144 - INFO - Initializing scheduled trading bot live runner for bot-1...
2026-08-12 12:22:24,176 - INFO - SQLite database tables verified/created.
2026-08-12 12:22:24,184 - INFO - Initializing CCXT Binance in TESTNET mode.
2026-08-12 12:22:25,478 - INFO - Initializing CCXT Binance in MAINNET mode (Public endpoints).
2026-08-12 12:22:25,485 - INFO - Sending Telegram alert...
2026-08-12 12:36:02,070 - INFO - Initializing scheduled trading bot live runner for bot-1...
2026-08-12 12:36:02,075 - INFO - SQLite database tables verified/created.
2026-08-12 12:36:02,081 - INFO - Initializing CCXT Binance in TESTNET mode.
2026-08-12 12:36:03,358 - INFO - Initializing CCXT Binance in MAINNET mode (Public endpoints).
2026-08-12 12:36:03,364 - INFO - Sending Telegram alert...
2026-08-12 12:36:14,193 - INFO - Telegram alert sent successfully.
2026-08-12 12:36:14,197 - INFO - [bot-1] Starting signal check cycle for BTC/USDT (5m)...
2026-08-12 12:36:14,209 - INFO - Fetching recent candles for BTC/USDT (5m) [Bot: bot-1]...
2026-08-12 12:36:17,180 - INFO - Indicators computed | close=63767.84 ema_9=63726.07 ema_20=63716.58 ema_50=63728.43 ema_200=63752.10 macd=3.6707 poc=63925.0 val=63250.0 vah=64900.0
2026-08-12 12:36:17,180 - INFO - [bot-1] Evaluating strategy on completed candle: 2026-08-12T07:00:00+00:00 at Close price: 63767.83
2026-08-12 12:36:17,200 - INFO - Confluence Evaluation | Regime: TRENDING (ADX=44.2) | Direction: HOLD | BullScore: 39.5% | BearScore: 0.0% | Active: [{'id': 'ema', 'name': 'EMA (Exponential Moving Average)', 'params': {'period': 20}}, {'id': 'macd', 'name': 'MACD (Moving Average Convergence Divergence)', 'params': {'fast': 12, 'slow': 26, 'signal': 9}}, {'id': 'vp', 'name': 'Visible Range Volume Profile', 'params': {'bins': 50}}]
2026-08-12 12:36:17,226 - INFO - Signal evaluated: HOLD. Reason/Details: Confluence score: 40% (HOLD)
2026-08-12 12:36:17,299 - INFO - Logged heartbeat status: OK
2026-08-12 12:36:17,309 - INFO - Adding job tentatively -- it will be properly scheduled when the scheduler starts
2026-08-12 12:36:17,309 - INFO - Bot bot-1 scheduled to check every 5 minutes.
2026-08-12 12:36:17,309 - INFO - Added job "LiveRunner.process_cycle" to job store "default"
2026-08-12 12:36:17,309 - INFO - Scheduler started
2026-08-12 13:52:59,797 - INFO - Initializing scheduled trading bot live runner for bot-1...
2026-08-12 13:52:59,800 - INFO - SQLite database tables verified/created.
2026-08-12 13:52:59,804 - INFO - Initializing CCXT Binance in TESTNET mode.
2026-08-12 13:53:00,862 - INFO - Initializing CCXT Binance in MAINNET mode (Public endpoints).
2026-08-12 13:53:00,867 - INFO - Sending Telegram alert...
2026-08-12 13:53:01,608 - INFO - Telegram alert sent successfully.
2026-08-12 13:53:01,610 - INFO - [bot-1] Starting signal check cycle for BTC/USDT (5m)...
2026-08-12 13:53:01,618 - INFO - Fetching recent candles for BTC/USDT (5m) [Bot: bot-1]...
2026-08-12 13:53:04,176 - INFO - Indicators computed | close=63807.26 ema_9=63807.01 ema_20=63782.01 ema_50=63770.42 ema_200=63762.18 macd=21.8357 poc=63925.0 val=63250.0 vah=64875.0
2026-08-12 13:53:04,176 - INFO - [bot-1] Evaluating strategy on completed candle: 2026-08-12T08:15:00+00:00 at Close price: 63820.98
2026-08-12 13:53:04,186 - INFO - Confluence Evaluation | Regime: RANGING (ADX=21.5) | Direction: HOLD | BullScore: 51.6% | BearScore: 0.0% | Active: [{'id': 'ema', 'name': 'EMA (Exponential Moving Average)', 'params': {'period': 20}}, {'id': 'macd', 'name': 'MACD (Moving Average Convergence Divergence)', 'params': {'fast': 12, 'slow': 26, 'signal': 9}}, {'id': 'vp', 'name': 'Visible Range Volume Profile', 'params': {'bins': 50}}]
2026-08-12 13:53:04,203 - INFO - Signal evaluated: HOLD. Reason/Details: Confluence score: 52% (HOLD)
2026-08-12 13:53:04,270 - INFO - Logged heartbeat status: OK
2026-08-12 13:53:04,273 - INFO - Adding job tentatively -- it will be properly scheduled when the scheduler starts
2026-08-12 13:53:04,273 - INFO - Bot bot-1 scheduled to check every 5 minutes.
2026-08-12 13:53:04,273 - INFO - Added job "LiveRunner.process_cycle" to job store "default"
2026-08-12 13:53:04,273 - INFO - Scheduler started
2026-08-12 15:50:54,125 - INFO - Initializing scheduled trading bot live runner for bot-1...
2026-08-12 15:50:54,129 - INFO - SQLite database tables verified/created.
2026-08-12 15:50:54,135 - INFO - Initializing CCXT Binance in TESTNET mode.
2026-08-12 15:50:55,103 - INFO - Initializing CCXT Binance in MAINNET mode (Public endpoints).
2026-08-12 15:50:55,108 - INFO - Sending Telegram alert...
2026-08-12 15:50:55,934 - INFO - Telegram alert sent successfully.
2026-08-12 15:50:55,935 - INFO - [bot-1] Starting signal check cycle for BTC/USDT (5m)...
2026-08-12 15:50:55,942 - INFO - Fetching recent candles for BTC/USDT (5m) [Bot: bot-1]...
2026-08-12 15:50:57,920 - INFO - Indicators computed | close=64103.34 ema_9=64095.27 ema_20=64050.72 ema_50=64007.11 ema_200=63901.94 macd=41.4640 poc=63925.0 val=63250.0 vah=64825.0
2026-08-12 15:50:57,921 - INFO - [bot-1] Evaluating strategy on completed candle: 2026-08-12T10:15:00+00:00 at Close price: 64061.93
2026-08-12 15:50:57,930 - INFO - [bot-1] Active trade found in DB (ID: 35, LONG, Entry: 64139.28, SL: 63941.99, TP: 64533.85)
2026-08-12 15:50:57,930 - INFO - [bot-1] Active trade SL/TP not hit. Holding position.
2026-08-12 15:50:57,994 - INFO - Logged heartbeat status: OK
2026-08-12 15:50:57,997 - INFO - Adding job tentatively -- it will be properly scheduled when the scheduler starts
2026-08-12 15:50:57,997 - INFO - Bot bot-1 scheduled to check every 5 minutes.
2026-08-12 15:50:57,997 - INFO - Added job "LiveRunner.process_cycle" to job store "default"
2026-08-12 15:50:57,997 - INFO - Scheduler started
2026-08-12 15:51:07,195 - INFO - Initializing scheduled trading bot live runner for bot-1...
2026-08-12 15:51:07,198 - INFO - SQLite database tables verified/created.
2026-08-12 15:51:07,204 - INFO - Initializing CCXT Binance in TESTNET mode.
2026-08-12 15:51:08,216 - INFO - Initializing CCXT Binance in MAINNET mode (Public endpoints).
2026-08-12 15:51:08,222 - INFO - Sending Telegram alert...
2026-08-12 15:51:18,922 - INFO - Telegram alert sent successfully.
2026-08-12 15:51:18,923 - INFO - [bot-1] Starting signal check cycle for BTC/USDT (5m)...
2026-08-12 15:51:18,932 - INFO - Fetching recent candles for BTC/USDT (5m) [Bot: bot-1]...
2026-08-12 15:51:21,364 - INFO - Indicators computed | close=64108.16 ema_9=64096.87 ema_20=64051.41 ema_50=64007.57 ema_200=63902.13 macd=42.1526 poc=63925.0 val=63250.0 vah=64825.0
2026-08-12 15:51:21,364 - INFO - [bot-1] Evaluating strategy on completed candle: 2026-08-12T10:15:00+00:00 at Close price: 64061.93
2026-08-12 15:51:21,375 - INFO - [bot-1] Active trade found in DB (ID: 35, LONG, Entry: 64139.28, SL: 63941.99, TP: 64533.85)
2026-08-12 15:51:21,375 - INFO - [bot-1] Active trade SL/TP not hit. Holding position.
2026-08-12 15:51:21,439 - INFO - Logged heartbeat status: OK
2026-08-12 15:51:21,442 - INFO - Adding job tentatively -- it will be properly scheduled when the scheduler starts
2026-08-12 15:51:21,442 - INFO - Bot bot-1 scheduled to check every 5 minutes.
2026-08-12 15:51:21,443 - INFO - Added job "LiveRunner.process_cycle" to job store "default"
2026-08-12 15:51:21,443 - INFO - Scheduler started
2026-08-12 15:56:21,458 - INFO - Running job "LiveRunner.process_cycle (trigger: interval[0:05:00], next run at: 2026-08-12 15:56:21 IST)" (scheduled at 2026-08-12 15:56:21.442743+05:30)
2026-08-12 15:56:21,459 - INFO - [bot-1] Starting signal check cycle for BTC/USDT (5m)...
2026-08-12 15:56:21,468 - INFO - Fetching recent candles for BTC/USDT (5m) [Bot: bot-1]...
2026-08-12 15:56:22,143 - INFO - Indicators computed | close=64073.00 ema_9=64082.65 ema_20=64051.04 ema_50=64011.37 ema_200=63907.77 macd=30.8908 poc=63925.0 val=63250.0 vah=64825.0
2026-08-12 15:56:22,143 - INFO - [bot-1] Evaluating strategy on completed candle: 2026-08-12T10:20:00+00:00 at Close price: 64079.95
2026-08-12 15:56:22,154 - INFO - [bot-1] Active trade found in DB (ID: 35, LONG, Entry: 64139.28, SL: 63941.99, TP: 64533.85)
2026-08-12 15:56:22,154 - INFO - [bot-1] Active trade SL/TP not hit. Holding position.
2026-08-12 15:56:22,222 - INFO - Logged heartbeat status: OK
2026-08-12 15:56:22,223 - INFO - Job "LiveRunner.process_cycle (trigger: interval[0:05:00], next run at: 2026-08-12 16:01:21 IST)" executed successfully
2026-08-12 16:01:21,443 - INFO - Running job "LiveRunner.process_cycle (trigger: interval[0:05:00], next run at: 2026-08-12 16:06:21 IST)" (scheduled at 2026-08-12 16:01:21.442743+05:30)
2026-08-12 16:01:21,444 - INFO - [bot-1] Starting signal check cycle for BTC/USDT (5m)...
2026-08-12 16:01:21,454 - INFO - Fetching recent candles for BTC/USDT (5m) [Bot: bot-1]...
2026-08-12 16:01:22,372 - INFO - Indicators computed | close=64076.41 ema_9=64079.46 ema_20=64054.05 ema_50=64017.14 ema_200=63914.19 macd=25.2813 poc=63925.0 val=63250.0 vah=64825.0
2026-08-12 16:01:22,373 - INFO - [bot-1] Evaluating strategy on completed candle: 2026-08-12T10:25:00+00:00 at Close price: 64068.00
2026-08-12 16:01:22,385 - INFO - [bot-1] Active trade found in DB (ID: 35, LONG, Entry: 64139.28, SL: 63941.99, TP: 64533.85)
2026-08-12 16:01:22,385 - INFO - [bot-1] Active trade SL/TP not hit. Holding position.
2026-08-12 16:01:22,454 - INFO - Logged heartbeat status: OK
2026-08-12 16:01:22,454 - INFO - Job "LiveRunner.process_cycle (trigger: interval[0:05:00], next run at: 2026-08-12 16:06:21 IST)" executed successfully
2026-08-12 16:06:21,450 - INFO - Running job "LiveRunner.process_cycle (trigger: interval[0:05:00], next run at: 2026-08-12 16:11:21 IST)" (scheduled at 2026-08-12 16:06:21.442743+05:30)
2026-08-12 16:06:21,450 - INFO - [bot-1] Starting signal check cycle for BTC/USDT (5m)...
2026-08-12 16:06:21,458 - INFO - Fetching recent candles for BTC/USDT (5m) [Bot: bot-1]...
2026-08-12 16:06:22,143 - INFO - Indicators computed | close=64110.01 ema_9=64098.89 ema_20=64067.14 ema_50=64029.57 ema_200=63923.44 macd=29.4499 poc=63925.0 val=63250.0 vah=64825.0
2026-08-12 16:06:22,144 - INFO - [bot-1] Evaluating strategy on completed candle: 2026-08-12T10:30:00+00:00 at Close price: 64118.03
2026-08-12 16:06:22,165 - INFO - [bot-1] Active trade found in DB (ID: 35, LONG, Entry: 64139.28, SL: 63941.99, TP: 64533.85)
2026-08-12 16:06:22,165 - INFO - [bot-1] Active trade SL/TP not hit. Holding position.
2026-08-12 16:06:22,227 - INFO - Logged heartbeat status: OK
2026-08-12 16:06:22,227 - INFO - Job "LiveRunner.process_cycle (trigger: interval[0:05:00], next run at: 2026-08-12 16:11:21 IST)" executed successfully
2026-08-12 16:11:21,446 - INFO - Running job "LiveRunner.process_cycle (trigger: interval[0:05:00], next run at: 2026-08-12 16:16:21 IST)" (scheduled at 2026-08-12 16:11:21.442743+05:30)
2026-08-12 16:11:21,446 - INFO - [bot-1] Starting signal check cycle for BTC/USDT (5m)...
2026-08-12 16:11:21,455 - INFO - Fetching recent candles for BTC/USDT (5m) [Bot: bot-1]...
2026-08-12 16:11:22,494 - INFO - Indicators computed | close=64154.06 ema_9=64118.40 ema_20=64080.17 ema_50=64041.86 ema_200=63932.67 macd=33.8642 poc=63925.0 val=63250.0 vah=64825.0
2026-08-12 16:11:22,495 - INFO - [bot-1] Evaluating strategy on completed candle: 2026-08-12T10:35:00+00:00 at Close price: 64115.05
2026-08-12 16:11:22,512 - INFO - [bot-1] Active trade found in DB (ID: 35, LONG, Entry: 64139.28, SL: 63941.99, TP: 64533.85)
2026-08-12 16:11:22,512 - INFO - [bot-1] Active trade SL/TP not hit. Holding position.
2026-08-12 16:11:22,692 - INFO - Logged heartbeat status: OK
2026-08-12 16:11:22,693 - INFO - Job "LiveRunner.process_cycle (trigger: interval[0:05:00], next run at: 2026-08-12 16:16:21 IST)" executed successfully
2026-08-12 16:16:21,449 - INFO - Running job "LiveRunner.process_cycle (trigger: interval[0:05:00], next run at: 2026-08-12 16:21:21 IST)" (scheduled at 2026-08-12 16:16:21.442743+05:30)
2026-08-12 16:16:21,449 - INFO - [bot-1] Starting signal check cycle for BTC/USDT (5m)...
2026-08-12 16:16:21,457 - INFO - Fetching recent candles for BTC/USDT (5m) [Bot: bot-1]...
2026-08-12 16:16:22,088 - INFO - Indicators computed | close=64123.93 ema_9=64118.45 ema_20=64085.44 ema_50=64048.98 ema_200=63939.87 macd=29.7815 poc=63925.0 val=63250.0 vah=64825.0
2026-08-12 16:16:22,089 - INFO - [bot-1] Evaluating strategy on completed candle: 2026-08-12T10:40:00+00:00 at Close price: 64146.00
2026-08-12 16:16:22,102 - INFO - [bot-1] Active trade found in DB (ID: 35, LONG, Entry: 64139.28, SL: 63941.99, TP: 64533.85)
2026-08-12 16:16:22,102 - INFO - [bot-1] Active trade SL/TP not hit. Holding position.
2026-08-12 16:16:22,164 - INFO - Logged heartbeat status: OK
2026-08-12 16:16:22,165 - INFO - Job "LiveRunner.process_cycle (trigger: interval[0:05:00], next run at: 2026-08-12 16:21:21 IST)" executed successfully
2026-08-12 16:21:21,450 - INFO - Running job "LiveRunner.process_cycle (trigger: interval[0:05:00], next run at: 2026-08-12 16:26:21 IST)" (scheduled at 2026-08-12 16:21:21.442743+05:30)
2026-08-12 16:21:21,451 - INFO - [bot-1] Starting signal check cycle for BTC/USDT (5m)...
2026-08-12 16:21:21,462 - INFO - Fetching recent candles for BTC/USDT (5m) [Bot: bot-1]...
2026-08-12 16:21:22,066 - INFO - Indicators computed | close=64145.64 ema_9=64122.13 ema_20=64091.07 ema_50=64056.10 ema_200=63947.03 macd=27.8947 poc=63925.0 val=63250.0 vah=64825.0
2026-08-12 16:21:22,066 - INFO - [bot-1] Evaluating strategy on completed candle: 2026-08-12T10:45:00+00:00 at Close price: 64099.70
2026-08-12 16:21:22,079 - INFO - [bot-1] Active trade found in DB (ID: 35, LONG, Entry: 64139.28, SL: 63941.99, TP: 64533.85)
2026-08-12 16:21:22,079 - INFO - [bot-1] Active trade SL/TP not hit. Holding position.
2026-08-12 16:21:22,137 - INFO - Logged heartbeat status: OK
2026-08-12 16:21:22,137 - INFO - Job "LiveRunner.process_cycle (trigger: interval[0:05:00], next run at: 2026-08-12 16:26:21 IST)" executed successfully
2026-08-12 16:26:21,453 - INFO - Running job "LiveRunner.process_cycle (trigger: interval[0:05:00], next run at: 2026-08-12 16:31:21 IST)" (scheduled at 2026-08-12 16:26:21.442743+05:30)
2026-08-12 16:26:21,453 - INFO - [bot-1] Starting signal check cycle for BTC/USDT (5m)...
2026-08-12 16:26:21,461 - INFO - Fetching recent candles for BTC/USDT (5m) [Bot: bot-1]...
2026-08-12 16:26:22,085 - INFO - Indicators computed | close=64149.47 ema_9=64133.54 ema_20=64100.68 ema_50=64065.88 ema_200=63955.35 macd=29.1123 poc=63925.0 val=63250.0 vah=64825.0
2026-08-12 16:26:22,085 - INFO - [bot-1] Evaluating strategy on completed candle: 2026-08-12T10:50:00+00:00 at Close price: 64155.99
2026-08-12 16:26:22,095 - INFO - [bot-1] Active trade found in DB (ID: 35, LONG, Entry: 64139.28, SL: 63941.99, TP: 64533.85)
2026-08-12 16:26:22,095 - INFO - [bot-1] Active trade SL/TP not hit. Holding position.
2026-08-12 16:26:22,154 - INFO - Logged heartbeat status: OK
2026-08-12 16:26:22,154 - INFO - Job "LiveRunner.process_cycle (trigger: interval[0:05:00], next run at: 2026-08-12 16:31:21 IST)" executed successfully
2026-08-12 16:31:21,454 - INFO - Running job "LiveRunner.process_cycle (trigger: interval[0:05:00], next run at: 2026-08-12 16:36:21 IST)" (scheduled at 2026-08-12 16:31:21.442743+05:30)
2026-08-12 16:31:21,454 - INFO - [bot-1] Starting signal check cycle for BTC/USDT (5m)...
2026-08-12 16:31:21,463 - INFO - Fetching recent candles for BTC/USDT (5m) [Bot: bot-1]...
2026-08-12 16:31:22,108 - INFO - Indicators computed | close=64200.01 ema_9=64154.34 ema_20=64114.12 ema_50=64078.13 ema_200=63964.72 macd=34.4855 poc=63925.0 val=63250.0 vah=64825.0
2026-08-12 16:31:22,109 - INFO - [bot-1] Evaluating strategy on completed candle: 2026-08-12T10:55:00+00:00 at Close price: 64143.36
2026-08-12 16:31:22,122 - INFO - [bot-1] Active trade found in DB (ID: 35, LONG, Entry: 64139.28, SL: 63941.99, TP: 64533.85)
2026-08-12 16:31:22,122 - INFO - [bot-1] Active trade SL/TP not hit. Holding position.
2026-08-12 16:31:22,180 - INFO - Logged heartbeat status: OK
2026-08-12 16:31:22,181 - INFO - Job "LiveRunner.process_cycle (trigger: interval[0:05:00], next run at: 2026-08-12 16:36:21 IST)" executed successfully
2026-08-12 16:36:21,445 - INFO - Running job "LiveRunner.process_cycle (trigger: interval[0:05:00], next run at: 2026-08-12 16:41:21 IST)" (scheduled at 2026-08-12 16:36:21.442743+05:30)
2026-08-12 16:36:21,445 - INFO - [bot-1] Starting signal check cycle for BTC/USDT (5m)...
2026-08-12 16:36:21,455 - INFO - Fetching recent candles for BTC/USDT (5m) [Bot: bot-1]...
2026-08-12 16:36:22,378 - INFO - Indicators computed | close=64120.01 ema_9=64126.89 ema_20=64106.15 ema_50=64075.91 ema_200=63968.10 macd=19.5942 poc=63925.0 val=63250.0 vah=64825.0
2026-08-12 16:36:22,379 - INFO - [bot-1] Evaluating strategy on completed candle: 2026-08-12T11:00:00+00:00 at Close price: 64127.99
2026-08-12 16:36:22,396 - INFO - [bot-1] Active trade found in DB (ID: 35, LONG, Entry: 64139.28, SL: 63941.99, TP: 64533.85)
2026-08-12 16:36:22,396 - INFO - [bot-1] Active trade SL/TP not hit. Holding position.
2026-08-12 16:36:22,469 - INFO - Logged heartbeat status: OK
2026-08-12 16:36:22,469 - INFO - Job "LiveRunner.process_cycle (trigger: interval[0:05:00], next run at: 2026-08-12 16:41:21 IST)" executed successfully
2026-08-12 16:41:21,446 - INFO - Running job "LiveRunner.process_cycle (trigger: interval[0:05:00], next run at: 2026-08-12 16:46:21 IST)" (scheduled at 2026-08-12 16:41:21.442743+05:30)
2026-08-12 16:41:21,446 - INFO - [bot-1] Starting signal check cycle for BTC/USDT (5m)...
2026-08-12 16:41:21,456 - INFO - Fetching recent candles for BTC/USDT (5m) [Bot: bot-1]...
2026-08-12 16:41:22,117 - INFO - Indicators computed | close=64135.47 ema_9=64130.64 ema_20=64110.82 ema_50=64081.93 ema_200=63974.81 macd=18.5108 poc=63925.0 val=63250.0 vah=64825.0
2026-08-12 16:41:22,118 - INFO - [bot-1] Evaluating strategy on completed candle: 2026-08-12T11:05:00+00:00 at Close price: 64124.00
2026-08-12 16:41:22,129 - INFO - [bot-1] Active trade found in DB (ID: 35, LONG, Entry: 64139.28, SL: 63941.99, TP: 64533.85)
2026-08-12 16:41:22,129 - INFO - [bot-1] Active trade SL/TP not hit. Holding position.
2026-08-12 16:41:22,191 - INFO - Logged heartbeat status: OK
2026-08-12 16:41:22,191 - INFO - Job "LiveRunner.process_cycle (trigger: interval[0:05:00], next run at: 2026-08-12 16:46:21 IST)" executed successfully
2026-08-12 16:46:21,444 - INFO - Running job "LiveRunner.process_cycle (trigger: interval[0:05:00], next run at: 2026-08-12 16:51:21 IST)" (scheduled at 2026-08-12 16:46:21.442743+05:30)
2026-08-12 16:46:21,444 - INFO - [bot-1] Starting signal check cycle for BTC/USDT (5m)...
2026-08-12 16:46:21,452 - INFO - Fetching recent candles for BTC/USDT (5m) [Bot: bot-1]...
2026-08-12 16:46:22,076 - INFO - Indicators computed | close=64130.01 ema_9=64130.65 ema_20=64113.69 ema_50=64086.59 ema_200=63980.93 macd=16.0446 poc=63925.0 val=63250.0 vah=64825.0
2026-08-12 16:46:22,076 - INFO - [bot-1] Evaluating strategy on completed candle: 2026-08-12T11:10:00+00:00 at Close price: 64136.47
2026-08-12 16:46:22,087 - INFO - [bot-1] Active trade found in DB (ID: 35, LONG, Entry: 64139.28, SL: 63941.99, TP: 64533.85)
2026-08-12 16:46:22,087 - INFO - [bot-1] Active trade SL/TP not hit. Holding position.
2026-08-12 16:46:22,143 - INFO - Logged heartbeat status: OK
2026-08-12 16:46:22,143 - INFO - Job "LiveRunner.process_cycle (trigger: interval[0:05:00], next run at: 2026-08-12 16:51:21 IST)" executed successfully
2026-08-12 16:51:21,453 - INFO - Running job "LiveRunner.process_cycle (trigger: interval[0:05:00], next run at: 2026-08-12 16:56:21 IST)" (scheduled at 2026-08-12 16:51:21.442743+05:30)
2026-08-12 16:51:21,453 - INFO - [bot-1] Starting signal check cycle for BTC/USDT (5m)...
2026-08-12 16:51:21,461 - INFO - Fetching recent candles for BTC/USDT (5m) [Bot: bot-1]...
2026-08-12 16:51:22,116 - INFO - Indicators computed | close=64148.01 ema_9=64141.41 ema_20=64121.33 ema_50=64094.37 ema_200=63988.33 macd=18.1915 poc=63925.0 val=63250.0 vah=64825.0
2026-08-12 16:51:22,117 - INFO - [bot-1] Evaluating strategy on completed candle: 2026-08-12T11:15:00+00:00 at Close price: 64152.40
2026-08-12 16:51:22,128 - INFO - [bot-1] Active trade found in DB (ID: 35, LONG, Entry: 64139.28, SL: 63941.99, TP: 64533.85)
2026-08-12 16:51:22,128 - INFO - [bot-1] Active trade SL/TP not hit. Holding position.
2026-08-12 16:51:22,195 - INFO - Logged heartbeat status: OK
2026-08-12 16:51:22,195 - INFO - Job "LiveRunner.process_cycle (trigger: interval[0:05:00], next run at: 2026-08-12 16:56:21 IST)" executed successfully
2026-08-12 16:56:21,445 - INFO - Running job "LiveRunner.process_cycle (trigger: interval[0:05:00], next run at: 2026-08-12 17:01:21 IST)" (scheduled at 2026-08-12 16:56:21.442743+05:30)
2026-08-12 16:56:21,445 - INFO - [bot-1] Starting signal check cycle for BTC/USDT (5m)...
2026-08-12 16:56:21,452 - INFO - Fetching recent candles for BTC/USDT (5m) [Bot: bot-1]...
2026-08-12 16:56:22,057 - INFO - Indicators computed | close=64168.50 ema_9=64157.85 ema_20=64132.15 ema_50=64104.30 ema_200=63996.65 macd=22.4539 poc=63925.0 val=63250.0 vah=64825.0
2026-08-12 16:56:22,058 - INFO - [bot-1] Evaluating strategy on completed candle: 2026-08-12T11:20:00+00:00 at Close price: 64181.35
2026-08-12 16:56:22,069 - INFO - [bot-1] Active trade found in DB (ID: 35, LONG, Entry: 64139.28, SL: 63941.99, TP: 64533.85)
2026-08-12 16:56:22,069 - INFO - [bot-1] Active trade SL/TP not hit. Holding position.
2026-08-12 16:56:22,138 - INFO - Logged heartbeat status: OK
2026-08-12 16:56:22,138 - INFO - Job "LiveRunner.process_cycle (trigger: interval[0:05:00], next run at: 2026-08-12 17:01:21 IST)" executed successfully
2026-08-12 17:01:21,452 - INFO - Running job "LiveRunner.process_cycle (trigger: interval[0:05:00], next run at: 2026-08-12 17:06:21 IST)" (scheduled at 2026-08-12 17:01:21.442743+05:30)
2026-08-12 17:01:21,452 - INFO - [bot-1] Starting signal check cycle for BTC/USDT (5m)...
2026-08-12 17:01:21,470 - INFO - Fetching recent candles for BTC/USDT (5m) [Bot: bot-1]...
2026-08-12 17:01:22,091 - INFO - Indicators computed | close=64212.00 ema_9=64182.90 ema_20=64147.42 ema_50=64117.28 ema_200=64006.28 macd=30.0175 poc=63925.0 val=63250.0 vah=64825.0
2026-08-12 17:01:22,092 - INFO - [bot-1] Evaluating strategy on completed candle: 2026-08-12T11:25:00+00:00 at Close price: 64200.01
2026-08-12 17:01:22,101 - INFO - [bot-1] Active trade found in DB (ID: 35, LONG, Entry: 64139.28, SL: 63941.99, TP: 64533.85)
2026-08-12 17:01:22,101 - INFO - [bot-1] Active trade SL/TP not hit. Holding position.
2026-08-12 17:01:22,155 - INFO - Logged heartbeat status: OK
2026-08-12 17:01:22,155 - INFO - Job "LiveRunner.process_cycle (trigger: interval[0:05:00], next run at: 2026-08-12 17:06:21 IST)" executed successfully
2026-08-12 17:06:21,453 - INFO - Running job "LiveRunner.process_cycle (trigger: interval[0:05:00], next run at: 2026-08-12 17:11:21 IST)" (scheduled at 2026-08-12 17:06:21.442743+05:30)
2026-08-12 17:06:21,454 - INFO - [bot-1] Starting signal check cycle for BTC/USDT (5m)...
2026-08-12 17:06:21,461 - INFO - Fetching recent candles for BTC/USDT (5m) [Bot: bot-1]...
2026-08-12 17:06:22,059 - INFO - Indicators computed | close=64163.10 ema_9=64170.31 ema_20=64146.36 ema_50=64119.32 ema_200=64011.42 macd=21.4806 poc=63925.0 val=63250.0 vah=64825.0
2026-08-12 17:06:22,060 - INFO - [bot-1] Evaluating strategy on completed candle: 2026-08-12T11:30:00+00:00 at Close price: 64185.04
2026-08-12 17:06:22,071 - INFO - [bot-1] Active trade found in DB (ID: 35, LONG, Entry: 64139.28, SL: 63941.99, TP: 64533.85)
2026-08-12 17:06:22,071 - INFO - [bot-1] Active trade SL/TP not hit. Holding position.
2026-08-12 17:06:22,128 - INFO - Logged heartbeat status: OK
2026-08-12 17:06:22,128 - INFO - Job "LiveRunner.process_cycle (trigger: interval[0:05:00], next run at: 2026-08-12 17:11:21 IST)" executed successfully
2026-08-12 17:11:21,456 - INFO - Running job "LiveRunner.process_cycle (trigger: interval[0:05:00], next run at: 2026-08-12 17:16:21 IST)" (scheduled at 2026-08-12 17:11:21.442743+05:30)
2026-08-12 17:11:21,457 - INFO - [bot-1] Starting signal check cycle for BTC/USDT (5m)...
2026-08-12 17:11:21,466 - INFO - Fetching recent candles for BTC/USDT (5m) [Bot: bot-1]...
2026-08-12 17:11:22,163 - INFO - Indicators computed | close=64204.01 ema_9=64191.53 ema_20=64160.09 ema_50=64131.25 ema_200=64020.66 macd=27.2464 poc=63925.0 val=63250.0 vah=64825.0
2026-08-12 17:11:22,164 - INFO - [bot-1] Evaluating strategy on completed candle: 2026-08-12T11:35:00+00:00 at Close price: 64208.02
2026-08-12 17:11:22,178 - INFO - [bot-1] Active trade found in DB (ID: 35, LONG, Entry: 64139.28, SL: 63941.99, TP: 64533.85)
2026-08-12 17:11:22,178 - INFO - [bot-1] Active trade SL/TP not hit. Holding position.
2026-08-12 17:11:23,260 - INFO - Logged heartbeat status: OK
2026-08-12 17:11:23,260 - INFO - Job "LiveRunner.process_cycle (trigger: interval[0:05:00], next run at: 2026-08-12 17:16:21 IST)" executed successfully
2026-08-12 20:47:56,312 - INFO - Initializing scheduled trading bot live runner for bot-1...
2026-08-12 20:47:56,314 - INFO - SQLite database tables verified/created.
2026-08-12 20:47:56,316 - INFO - Initializing CCXT Binance in TESTNET mode.
2026-08-12 20:47:57,971 - INFO - Initializing CCXT Binance in MAINNET mode (Public endpoints).
2026-08-12 20:47:57,976 - INFO - Sending Telegram alert...
2026-08-12 20:47:58,753 - INFO - Telegram alert sent successfully.
2026-08-12 20:47:58,753 - INFO - [bot-1] Starting signal check cycle for BTC/USDT (5m)...
2026-08-12 20:47:58,757 - INFO - Fetching recent candles for BTC/USDT (5m) [Bot: bot-1]...
2026-08-12 20:48:01,347 - INFO - Indicators computed | close=63533.52 ema_9=63503.18 ema_20=63574.79 ema_50=63649.58 ema_200=63828.93 macd=-67.2083 poc=63925.0 val=63300.0 vah=64675.0
2026-08-12 20:48:01,348 - INFO - [bot-1] Evaluating strategy on completed candle: 2026-08-12T15:10:00+00:00 at Close price: 63500.01
2026-08-12 20:48:01,354 - INFO - [bot-1] Active trade found in DB (ID: 36, SHORT, Entry: 63658.01, SL: 63990.06, TP: 62993.92)
2026-08-12 20:48:01,354 - INFO - [bot-1] Active trade SL/TP not hit. Holding position.
2026-08-12 20:48:01,405 - INFO - Logged heartbeat status: OK
2026-08-12 20:48:01,423 - INFO - Adding job tentatively -- it will be properly scheduled when the scheduler starts
2026-08-12 20:48:01,423 - INFO - Bot bot-1 scheduled to check every 5 minutes.
2026-08-12 20:48:01,423 - INFO - Added job "LiveRunner.process_cycle" to job store "default"
2026-08-12 20:48:01,423 - INFO - Scheduler started
2026-08-12 20:53:01,436 - INFO - Running job "LiveRunner.process_cycle (trigger: interval[0:05:00], next run at: 2026-08-12 20:53:01 IST)" (scheduled at 2026-08-12 20:53:01.422753+05:30)
2026-08-12 20:53:01,436 - INFO - [bot-1] Starting signal check cycle for BTC/USDT (5m)...
2026-08-12 20:53:01,440 - INFO - Fetching recent candles for BTC/USDT (5m) [Bot: bot-1]...
2026-08-12 20:53:01,895 - INFO - Indicators computed | close=63472.01 ema_9=63493.34 ema_20=63560.41 ema_50=63632.88 ema_200=63815.03 macd=-62.4867 poc=63925.0 val=63300.0 vah=64675.0
2026-08-12 20:53:01,895 - INFO - [bot-1] Evaluating strategy on completed candle: 2026-08-12T15:15:00+00:00 at Close price: 63535.99
2026-08-12 20:53:01,899 - INFO - [bot-1] Active trade found in DB (ID: 36, SHORT, Entry: 63658.01, SL: 63990.06, TP: 62993.92)
2026-08-12 20:53:01,899 - INFO - [bot-1] Active trade SL/TP not hit. Holding position.
2026-08-12 20:53:01,943 - INFO - Logged heartbeat status: OK
2026-08-12 20:53:01,943 - INFO - Job "LiveRunner.process_cycle (trigger: interval[0:05:00], next run at: 2026-08-12 20:58:01 IST)" executed successfully
2026-08-12 20:53:51,765 - INFO - Initializing scheduled trading bot live runner for bot-1...
2026-08-12 20:53:51,767 - INFO - SQLite database tables verified/created.
2026-08-12 20:53:51,769 - INFO - Initializing CCXT Binance in TESTNET mode.
2026-08-12 20:53:53,385 - INFO - Initializing CCXT Binance in MAINNET mode (Public endpoints).
2026-08-12 20:53:53,391 - INFO - Sending Telegram alert...
2026-08-12 20:53:54,065 - INFO - Telegram alert sent successfully.
2026-08-12 20:53:54,066 - INFO - [bot-1] Starting signal check cycle for BTC/USDT (5m)...
2026-08-12 20:53:54,069 - INFO - Fetching recent candles for BTC/USDT (5m) [Bot: bot-1]...
2026-08-12 20:53:56,196 - INFO - Indicators computed | close=63471.16 ema_9=63493.05 ema_20=63560.29 ema_50=63632.80 ema_200=63814.99 macd=-62.6082 poc=63925.0 val=63300.0 vah=64675.0
2026-08-12 20:53:56,197 - INFO - [bot-1] Evaluating strategy on completed candle: 2026-08-12T15:15:00+00:00 at Close price: 63535.99
2026-08-12 20:53:56,202 - INFO - [bot-1] Active trade found in DB (ID: 36, SHORT, Entry: 63658.01, SL: 63990.06, TP: 62993.92)
2026-08-12 20:53:56,202 - INFO - [bot-1] Active trade SL/TP not hit. Holding position.
2026-08-12 20:53:56,241 - INFO - Logged heartbeat status: OK
2026-08-12 20:53:56,245 - INFO - Adding job tentatively -- it will be properly scheduled when the scheduler starts
2026-08-12 20:53:56,245 - INFO - Bot bot-1 scheduled to check every 5 minutes.
2026-08-12 20:53:56,245 - INFO - Added job "LiveRunner.process_cycle" to job store "default"
2026-08-12 20:53:56,245 - INFO - Scheduler started
2026-08-12 20:55:58,434 - INFO - Initializing scheduled trading bot live runner for bot-1...
2026-08-12 20:55:58,438 - INFO - SQLite database tables verified/created.
2026-08-12 20:55:58,440 - INFO - Initializing CCXT Binance in TESTNET mode.
2026-08-12 20:55:59,715 - INFO - Initializing CCXT Binance in MAINNET mode (Public endpoints).
2026-08-12 20:55:59,723 - INFO - Sending Telegram alert...
2026-08-12 20:56:00,427 - INFO - Telegram alert sent successfully.
2026-08-12 20:56:00,429 - INFO - [bot-1] Starting signal check cycle for BTC/USDT (5m)...
2026-08-12 20:56:00,433 - INFO - Fetching recent candles for BTC/USDT (5m) [Bot: bot-1]...
2026-08-12 20:56:02,869 - INFO - Indicators computed | close=63468.00 ema_9=63487.14 ema_20=63548.45 ema_50=63618.05 ema_200=63801.80 macd=-57.0083 poc=63925.0 val=63300.0 vah=64675.0
2026-08-12 20:56:02,870 - INFO - [bot-1] Evaluating strategy on completed candle: 2026-08-12T15:20:00+00:00 at Close price: 63482.13
2026-08-12 20:56:02,876 - INFO - [bot-1] Active trade found in DB (ID: 36, SHORT, Entry: 63658.01, SL: 63990.06, TP: 62993.92)
2026-08-12 20:56:02,876 - INFO - [bot-1] Active trade SL/TP not hit. Holding position.
2026-08-12 20:56:02,919 - INFO - Logged heartbeat status: OK
2026-08-12 20:56:02,926 - INFO - Adding job tentatively -- it will be properly scheduled when the scheduler starts
2026-08-12 20:56:02,926 - INFO - Bot bot-1 scheduled to check every 5 minutes.
2026-08-12 20:56:02,926 - INFO - Added job "LiveRunner.process_cycle" to job store "default"
2026-08-12 20:56:02,926 - INFO - Scheduler started
2026-08-12 21:01:02,929 - INFO - Running job "LiveRunner.process_cycle (trigger: interval[0:05:00], next run at: 2026-08-12 21:01:02 IST)" (scheduled at 2026-08-12 21:01:02.925914+05:30)
2026-08-12 21:01:02,929 - INFO - [bot-1] Starting signal check cycle for BTC/USDT (5m)...
2026-08-12 21:01:02,934 - INFO - Fetching recent candles for BTC/USDT (5m) [Bot: bot-1]...
2026-08-12 21:01:03,367 - INFO - Indicators computed | close=63492.28 ema_9=63496.27 ema_20=63544.51 ema_50=63608.95 ema_200=63790.92 macd=-46.0197 poc=63925.0 val=63300.0 vah=64675.0
2026-08-12 21:01:03,368 - INFO - [bot-1] Evaluating strategy on completed candle: 2026-08-12T15:25:00+00:00 at Close price: 63501.37
2026-08-12 21:01:03,371 - INFO - [bot-1] Active trade found in DB (ID: 36, SHORT, Entry: 63658.01, SL: 63990.06, TP: 62993.92)
2026-08-12 21:01:03,371 - INFO - [bot-1] Active trade SL/TP not hit. Holding position.
2026-08-12 21:01:03,433 - INFO - Logged heartbeat status: OK
2026-08-12 21:01:03,433 - INFO - Job "LiveRunner.process_cycle (trigger: interval[0:05:00], next run at: 2026-08-12 21:06:02 IST)" executed successfully
2026-08-13 14:52:01,966 - INFO - Initializing scheduled trading bot live runner for bot-1...
2026-08-13 14:52:01,993 - INFO - SQLite database tables verified/created.
2026-08-13 14:52:02,005 - INFO - Initializing CCXT Binance in TESTNET mode.
2026-08-13 14:52:06,538 - INFO - Initializing CCXT Binance in MAINNET mode (Public endpoints).
2026-08-13 14:52:06,567 - INFO - Sending Telegram alert...
2026-08-13 14:52:07,364 - INFO - Telegram alert sent successfully.
2026-08-13 14:52:07,365 - WARNING - [bot-1] Failed to dynamically reload config from DB: module 'src.db' has no attribute 'safe_query'
2026-08-13 14:52:07,365 - INFO - [bot-1] Starting signal check cycle for BTC/USDT (5m)...
2026-08-13 14:52:07,374 - INFO - Fetching recent candles for BTC/USDT (5m) [Bot: bot-1]...
2026-08-13 14:52:11,554 - INFO - Indicators computed | close=63687.85 ema_9=63685.72 ema_20=63732.46 ema_50=63759.38 ema_200=63778.35 macd=-40.5888 poc=63925.0 val=63450.0 vah=64325.0
2026-08-13 14:52:11,554 - INFO - [bot-1] Evaluating strategy on completed candle: 2026-08-13T09:15:00+00:00 at Close price: 63666.00
2026-08-13 14:52:11,571 - INFO - [bot-1] Active trade found in DB (ID: 36, SHORT, Entry: 63658.01, SL: 63990.06, TP: 62993.92)
2026-08-13 14:52:11,571 - INFO - [bot-1] Active trade SL/TP not hit. Holding position.
2026-08-13 14:52:11,746 - INFO - Logged heartbeat status: OK
2026-08-13 14:52:11,751 - INFO - Adding job tentatively -- it will be properly scheduled when the scheduler starts
2026-08-13 14:52:11,751 - INFO - Bot bot-1 scheduled to check every 5 minutes.
2026-08-13 14:52:11,752 - INFO - Added job "LiveRunner.process_cycle" to job store "default"
2026-08-13 14:52:11,752 - INFO - Scheduler started
2026-08-13 14:57:11,766 - INFO - Running job "LiveRunner.process_cycle (trigger: interval[0:05:00], next run at: 2026-08-13 14:57:11 IST)" (scheduled at 2026-08-13 14:57:11.751349+05:30)
2026-08-13 14:57:11,767 - WARNING - [bot-1] Failed to dynamically reload config from DB: module 'src.db' has no attribute 'safe_query'
2026-08-13 14:57:11,767 - INFO - [bot-1] Starting signal check cycle for BTC/USDT (5m)...
2026-08-13 14:57:11,774 - INFO - Fetching recent candles for BTC/USDT (5m) [Bot: bot-1]...
2026-08-13 14:57:12,187 - INFO - Indicators computed | close=63690.00 ema_9=63691.87 ema_20=63728.99 ema_50=63754.61 ema_200=63775.69 macd=-33.3226 poc=63925.0 val=63425.0 vah=64275.0
2026-08-13 14:57:12,188 - INFO - [bot-1] Evaluating strategy on completed candle: 2026-08-13T09:20:00+00:00 at Close price: 63709.10
2026-08-13 14:57:12,205 - INFO - [bot-1] Active trade found in DB (ID: 42, LONG, Entry: 64500.00, SL: 63000.00, TP: 67000.00)
2026-08-13 14:57:12,205 - INFO - [bot-1] Active trade SL/TP not hit. Holding position.
2026-08-13 14:57:12,292 - INFO - Logged heartbeat status: OK
2026-08-13 14:57:12,293 - INFO - Job "LiveRunner.process_cycle (trigger: interval[0:05:00], next run at: 2026-08-13 15:02:11 IST)" executed successfully
2026-08-13 15:00:04,682 - INFO - Initializing scheduled trading bot live runner for bot-1...
2026-08-13 15:00:04,691 - INFO - SQLite database tables verified/created.
2026-08-13 15:00:04,701 - INFO - Initializing CCXT Binance in TESTNET mode.
2026-08-13 15:00:05,866 - INFO - Initializing CCXT Binance in MAINNET mode (Public endpoints).
2026-08-13 15:00:05,881 - INFO - Sending Telegram alert...
2026-08-13 15:00:06,673 - INFO - Telegram alert sent successfully.
2026-08-13 15:00:06,676 - WARNING - [bot-1] Failed to dynamically reload config from DB: module 'src.db' has no attribute 'safe_query'
2026-08-13 15:00:06,676 - INFO - [bot-1] Starting signal check cycle for BTC/USDT (5m)...
2026-08-13 15:00:06,684 - INFO - Fetching recent candles for BTC/USDT (5m) [Bot: bot-1]...
2026-08-13 15:00:08,653 - INFO - Indicators computed | close=63657.72 ema_9=63673.31 ema_20=63714.86 ema_50=63742.60 ema_200=63769.84 macd=-36.6182 poc=63925.0 val=63400.0 vah=64250.0
2026-08-13 15:00:08,654 - INFO - [bot-1] Evaluating strategy on completed candle: 2026-08-13T09:25:00+00:00 at Close price: 63657.73
2026-08-13 15:00:08,667 - INFO - [bot-1] Active trade found in DB (ID: 42, LONG, Entry: 64500.00, SL: 63000.00, TP: 67000.00)
2026-08-13 15:00:08,667 - INFO - [bot-1] Active trade SL/TP not hit. Holding position.
2026-08-13 15:00:08,734 - INFO - Logged heartbeat status: OK
2026-08-13 15:00:08,738 - INFO - Adding job tentatively -- it will be properly scheduled when the scheduler starts
2026-08-13 15:00:08,738 - INFO - Bot bot-1 scheduled to check every 5 minutes.
2026-08-13 15:00:08,738 - INFO - Added job "LiveRunner.process_cycle" to job store "default"
2026-08-13 15:00:08,738 - INFO - Scheduler started
2026-08-13 15:05:08,738 - INFO - Running job "LiveRunner.process_cycle (trigger: interval[0:05:00], next run at: 2026-08-13 15:05:08 IST)" (scheduled at 2026-08-13 15:05:08.737803+05:30)
2026-08-13 15:05:08,738 - WARNING - [bot-1] Failed to dynamically reload config from DB: module 'src.db' has no attribute 'safe_query'
2026-08-13 15:05:08,738 - INFO - [bot-1] Starting signal check cycle for BTC/USDT (5m)...
2026-08-13 15:05:08,745 - INFO - Fetching recent candles for BTC/USDT (5m) [Bot: bot-1]...
2026-08-13 15:05:09,176 - INFO - Indicators computed | close=63703.94 ema_9=63693.79 ema_20=63718.96 ema_50=63742.90 ema_200=63769.00 macd=-23.9429 poc=63925.0 val=63400.0 vah=64250.0
2026-08-13 15:05:09,176 - INFO - [bot-1] Evaluating strategy on completed candle: 2026-08-13T09:30:00+00:00 at Close price: 63703.94
2026-08-13 15:05:09,186 - INFO - [bot-1] Active trade found in DB (ID: 42, LONG, Entry: 64500.00, SL: 63000.00, TP: 67000.00)
2026-08-13 15:05:09,186 - INFO - [bot-1] Active trade SL/TP not hit. Holding position.
2026-08-13 15:05:09,247 - INFO - Logged heartbeat status: OK
2026-08-13 15:05:09,248 - INFO - Job "LiveRunner.process_cycle (trigger: interval[0:05:00], next run at: 2026-08-13 15:10:08 IST)" executed successfully
2026-08-13 19:29:36,287 - INFO - Initializing scheduled trading bot live runner for bot-1...
2026-08-13 19:29:36,326 - INFO - SQLite database tables verified/created.
2026-08-13 19:29:36,335 - INFO - Initializing CCXT Binance in TESTNET mode.
2026-08-13 19:29:37,700 - INFO - Initializing CCXT Binance in MAINNET mode (Public endpoints).
2026-08-13 19:29:37,719 - INFO - Sending Telegram alert...
2026-08-13 19:29:38,497 - INFO - Telegram alert sent successfully.
2026-08-13 19:29:38,504 - WARNING - [bot-1] Failed to dynamically reload config from DB: 'sqlite3.Row' object has no attribute 'get'
2026-08-13 19:29:38,504 - INFO - [bot-1] Starting signal check cycle for BTC/USDT (5m)...
2026-08-13 19:29:38,533 - INFO - Fetching recent candles for BTC/USDT (5m) [Bot: bot-1]...
2026-08-13 19:29:43,155 - INFO - Indicators computed | close=63713.29 ema_9=63759.08 ema_20=63726.76 ema_50=63699.16 ema_200=63667.26 macd=30.2297 poc=63925.0 val=63400.0 vah=64150.0
2026-08-13 19:29:43,156 - INFO - [bot-1] Evaluating strategy on completed candle: 2026-08-13T13:50:00+00:00 at Close price: 63778.71
2026-08-13 19:29:43,246 - INFO - Confluence Evaluation | Regime: RANGING (ADX=18.7) | Direction: LONG | BullScore: 100.0% | BearScore: 0.0% | Active: [{'id': 'rsi', 'name': 'RSI', 'params': {'period': 21, 'overbought': 70, 'oversold': 30}}, {'id': 'ema', 'name': 'EMA', 'params': {'period': 20, 'source': 'close'}}]
2026-08-13 19:29:43,272 - INFO - Capping position size 0.723903 BTC to available cash equivalent 0.156792 BTC.
2026-08-13 19:29:43,295 - INFO - Created pending signal approval ID 70 for bot bot-1 (LONG @ $63778.71, status: WAITING_APPROVAL)
2026-08-13 19:29:44,058 - INFO - [bot-1] Signal LONG generated (ID: 70). Waiting for manual user approval.
2026-08-13 19:29:44,203 - INFO - Logged heartbeat status: OK
2026-08-13 19:29:44,223 - INFO - Adding job tentatively -- it will be properly scheduled when the scheduler starts
2026-08-13 19:29:44,223 - INFO - Bot bot-1 scheduled to check every 5 minutes.
2026-08-13 19:29:44,223 - INFO - Added job "LiveRunner.process_cycle" to job store "default"
2026-08-13 19:29:44,223 - INFO - Scheduler started
2026-08-13 19:34:44,238 - INFO - Running job "LiveRunner.process_cycle (trigger: interval[0:05:00], next run at: 2026-08-13 19:34:44 IST)" (scheduled at 2026-08-13 19:34:44.223165+05:30)
2026-08-13 19:34:44,254 - WARNING - [bot-1] Failed to dynamically reload config from DB: 'sqlite3.Row' object has no attribute 'get'
2026-08-13 19:34:44,254 - INFO - [bot-1] Starting signal check cycle for BTC/USDT (5m)...
2026-08-13 19:34:44,262 - INFO - Fetching recent candles for BTC/USDT (5m) [Bot: bot-1]...
2026-08-13 19:34:44,823 - INFO - Indicators computed | close=63688.20 ema_9=63737.84 ema_20=63722.57 ema_50=63699.04 ema_200=63668.48 macd=16.9580 poc=63925.0 val=63400.0 vah=64150.0
2026-08-13 19:34:44,824 - INFO - [bot-1] Evaluating strategy on completed candle: 2026-08-13T13:55:00+00:00 at Close price: 63724.00
2026-08-13 19:34:44,835 - INFO - [bot-1] Active trade found in DB (ID: 61, LONG, Entry: 63778.71, SL: 63502.43, TP: 64331.26)
2026-08-13 19:34:44,835 - INFO - [bot-1] Active trade SL/TP not hit. Holding position.
2026-08-13 19:34:44,900 - INFO - Logged heartbeat status: OK
2026-08-13 19:34:44,900 - INFO - Job "LiveRunner.process_cycle (trigger: interval[0:05:00], next run at: 2026-08-13 19:39:44 IST)" executed successfully
2026-08-13 19:39:44,224 - INFO - Running job "LiveRunner.process_cycle (trigger: interval[0:05:00], next run at: 2026-08-13 19:44:44 IST)" (scheduled at 2026-08-13 19:39:44.223165+05:30)
2026-08-13 19:39:44,258 - WARNING - [bot-1] Failed to dynamically reload config from DB: 'sqlite3.Row' object has no attribute 'get'
2026-08-13 19:39:44,258 - INFO - [bot-1] Starting signal check cycle for BTC/USDT (5m)...
2026-08-13 19:39:44,262 - INFO - Fetching recent candles for BTC/USDT (5m) [Bot: bot-1]...
2026-08-13 19:39:44,789 - INFO - Indicators computed | close=63705.40 ema_9=63727.02 ema_20=63720.11 ema_50=63699.65 ema_200=63669.93 macd=9.6607 poc=63925.0 val=63400.0 vah=64150.0
2026-08-13 19:39:44,797 - INFO - [bot-1] Evaluating strategy on completed candle: 2026-08-13T14:00:00+00:00 at Close price: 63688.20
2026-08-13 19:39:44,811 - INFO - [bot-1] Active trade found in DB (ID: 61, LONG, Entry: 63778.71, SL: 63502.43, TP: 64331.26)
2026-08-13 19:39:44,811 - INFO - [bot-1] Active trade SL/TP not hit. Holding position.
2026-08-13 19:39:44,905 - INFO - Logged heartbeat status: OK
2026-08-13 19:39:44,906 - INFO - Job "LiveRunner.process_cycle (trigger: interval[0:05:00], next run at: 2026-08-13 19:44:44 IST)" executed successfully
2026-08-13 19:44:44,225 - INFO - Running job "LiveRunner.process_cycle (trigger: interval[0:05:00], next run at: 2026-08-13 19:49:44 IST)" (scheduled at 2026-08-13 19:44:44.223165+05:30)
2026-08-13 19:44:44,230 - WARNING - [bot-1] Failed to dynamically reload config from DB: 'sqlite3.Row' object has no attribute 'get'
2026-08-13 19:44:44,230 - INFO - [bot-1] Starting signal check cycle for BTC/USDT (5m)...
2026-08-13 19:44:44,245 - INFO - Fetching recent candles for BTC/USDT (5m) [Bot: bot-1]...
2026-08-13 19:44:45,851 - INFO - Indicators computed | close=63812.01 ema_9=63759.93 ema_20=63735.76 ema_50=63712.12 ema_200=63676.28 macd=21.7095 poc=63925.0 val=63400.0 vah=64150.0
2026-08-13 19:44:45,852 - INFO - [bot-1] Evaluating strategy on completed candle: 2026-08-13T14:05:00+00:00 at Close price: 63725.99
2026-08-13 19:44:45,862 - INFO - [bot-1] Active trade found in DB (ID: 61, LONG, Entry: 63778.71, SL: 63502.43, TP: 64331.26)
2026-08-13 19:44:45,862 - INFO - [bot-1] Active trade SL/TP not hit. Holding position.
2026-08-13 19:44:45,921 - INFO - Logged heartbeat status: OK
2026-08-13 19:44:45,921 - INFO - Job "LiveRunner.process_cycle (trigger: interval[0:05:00], next run at: 2026-08-13 19:49:44 IST)" executed successfully
2026-08-13 19:49:44,228 - INFO - Running job "LiveRunner.process_cycle (trigger: interval[0:05:00], next run at: 2026-08-13 19:54:44 IST)" (scheduled at 2026-08-13 19:49:44.223165+05:30)
2026-08-13 19:49:44,244 - WARNING - [bot-1] Failed to dynamically reload config from DB: 'sqlite3.Row' object has no attribute 'get'
2026-08-13 19:49:44,244 - INFO - [bot-1] Starting signal check cycle for BTC/USDT (5m)...
2026-08-13 19:49:44,248 - INFO - Fetching recent candles for BTC/USDT (5m) [Bot: bot-1]...
2026-08-13 19:49:45,074 - INFO - Indicators computed | close=63842.01 ema_9=63787.29 ema_20=63750.94 ema_50=63724.49 ema_200=63682.78 macd=30.6850 poc=63925.0 val=63400.0 vah=64150.0
2026-08-13 19:49:45,075 - INFO - [bot-1] Evaluating strategy on completed candle: 2026-08-13T14:10:00+00:00 at Close price: 63812.01
2026-08-13 19:49:45,085 - INFO - [bot-1] Active trade found in DB (ID: 61, LONG, Entry: 63778.71, SL: 63502.43, TP: 64331.26)
2026-08-13 19:49:45,085 - INFO - [bot-1] Active trade SL/TP not hit. Holding position.
2026-08-13 19:49:45,152 - INFO - Logged heartbeat status: OK
2026-08-13 19:49:45,152 - INFO - Job "LiveRunner.process_cycle (trigger: interval[0:05:00], next run at: 2026-08-13 19:54:44 IST)" executed successfully
2026-08-13 19:54:44,239 - INFO - Running job "LiveRunner.process_cycle (trigger: interval[0:05:00], next run at: 2026-08-13 19:59:44 IST)" (scheduled at 2026-08-13 19:54:44.223165+05:30)
2026-08-13 19:54:44,244 - WARNING - [bot-1] Failed to dynamically reload config from DB: 'sqlite3.Row' object has no attribute 'get'
2026-08-13 19:54:44,244 - INFO - [bot-1] Starting signal check cycle for BTC/USDT (5m)...
2026-08-13 19:54:44,254 - INFO - Fetching recent candles for BTC/USDT (5m) [Bot: bot-1]...
2026-08-13 19:54:44,865 - INFO - Indicators computed | close=63833.62 ema_9=63800.07 ema_20=63761.28 ema_50=63733.85 ema_200=63688.24 macd=32.7496 poc=63925.0 val=63400.0 vah=64150.0
2026-08-13 19:54:44,866 - INFO - [bot-1] Evaluating strategy on completed candle: 2026-08-13T14:15:00+00:00 at Close price: 63830.01
2026-08-13 19:54:44,885 - INFO - [bot-1] Active trade found in DB (ID: 61, LONG, Entry: 63778.71, SL: 63502.43, TP: 64331.26)
2026-08-13 19:54:44,885 - INFO - [bot-1] Active trade SL/TP not hit. Holding position.
2026-08-13 19:54:44,975 - INFO - Logged heartbeat status: OK
2026-08-13 19:54:44,975 - INFO - Job "LiveRunner.process_cycle (trigger: interval[0:05:00], next run at: 2026-08-13 19:59:44 IST)" executed successfully
2026-08-13 19:59:44,227 - INFO - Running job "LiveRunner.process_cycle (trigger: interval[0:05:00], next run at: 2026-08-13 20:04:44 IST)" (scheduled at 2026-08-13 19:59:44.223165+05:30)
2026-08-13 19:59:44,231 - WARNING - [bot-1] Failed to dynamically reload config from DB: 'sqlite3.Row' object has no attribute 'get'
2026-08-13 19:59:44,231 - INFO - [bot-1] Starting signal check cycle for BTC/USDT (5m)...
2026-08-13 19:59:44,238 - INFO - Fetching recent candles for BTC/USDT (5m) [Bot: bot-1]...
2026-08-13 19:59:44,870 - INFO - Indicators computed | close=63800.00 ema_9=63800.04 ema_20=63766.81 ema_50=63740.15 ema_200=63692.62 macd=28.9228 poc=63925.0 val=63400.0 vah=64150.0
2026-08-13 19:59:44,871 - INFO - [bot-1] Evaluating strategy on completed candle: 2026-08-13T14:20:00+00:00 at Close price: 63833.61
2026-08-13 19:59:44,890 - INFO - [bot-1] Active trade found in DB (ID: 61, LONG, Entry: 63778.71, SL: 63502.43, TP: 64331.26)
2026-08-13 19:59:44,890 - INFO - [bot-1] Active trade SL/TP not hit. Holding position.
2026-08-13 19:59:44,969 - INFO - Logged heartbeat status: OK
2026-08-13 19:59:44,969 - INFO - Job "LiveRunner.process_cycle (trigger: interval[0:05:00], next run at: 2026-08-13 20:04:44 IST)" executed successfully
2026-08-13 20:04:44,226 - INFO - Running job "LiveRunner.process_cycle (trigger: interval[0:05:00], next run at: 2026-08-13 20:09:44 IST)" (scheduled at 2026-08-13 20:04:44.223165+05:30)
2026-08-13 20:04:44,231 - WARNING - [bot-1] Failed to dynamically reload config from DB: 'sqlite3.Row' object has no attribute 'get'
2026-08-13 20:04:44,231 - INFO - [bot-1] Starting signal check cycle for BTC/USDT (5m)...
2026-08-13 20:04:44,239 - INFO - Fetching recent candles for BTC/USDT (5m) [Bot: bot-1]...
2026-08-13 20:04:44,879 - INFO - Indicators computed | close=63949.45 ema_9=63852.17 ema_20=63794.19 ema_50=63760.99 ema_200=63703.09 macd=47.6050 poc=63925.0 val=63400.0 vah=64150.0
2026-08-13 20:04:44,880 - INFO - [bot-1] Evaluating strategy on completed candle: 2026-08-13T14:25:00+00:00 at Close price: 63810.47
2026-08-13 20:04:44,891 - INFO - [bot-1] Active trade found in DB (ID: 61, LONG, Entry: 63778.71, SL: 63502.43, TP: 64331.26)
2026-08-13 20:04:44,891 - INFO - [bot-1] Active trade SL/TP not hit. Holding position.
2026-08-13 20:04:44,957 - INFO - Logged heartbeat status: OK
2026-08-13 20:04:44,957 - INFO - Job "LiveRunner.process_cycle (trigger: interval[0:05:00], next run at: 2026-08-13 20:09:44 IST)" executed successfully
2026-08-13 20:09:44,226 - INFO - Running job "LiveRunner.process_cycle (trigger: interval[0:05:00], next run at: 2026-08-13 20:14:44 IST)" (scheduled at 2026-08-13 20:09:44.223165+05:30)
2026-08-13 20:09:44,231 - WARNING - [bot-1] Failed to dynamically reload config from DB: 'sqlite3.Row' object has no attribute 'get'
2026-08-13 20:09:44,231 - INFO - [bot-1] Starting signal check cycle for BTC/USDT (5m)...
2026-08-13 20:09:44,238 - INFO - Fetching recent candles for BTC/USDT (5m) [Bot: bot-1]...
2026-08-13 20:09:45,387 - INFO - Indicators computed | close=63956.50 ema_9=63884.22 ema_20=63815.87 ema_50=63778.55 ema_200=63712.57 macd=56.1897 poc=63925.0 val=63400.0 vah=64150.0
2026-08-13 20:09:45,388 - INFO - [bot-1] Evaluating strategy on completed candle: 2026-08-13T14:30:00+00:00 at Close price: 63937.18
2026-08-13 20:09:45,403 - INFO - [bot-1] Active trade found in DB (ID: 61, LONG, Entry: 63778.71, SL: 63502.43, TP: 64331.26)
2026-08-13 20:09:45,403 - INFO - [bot-1] Active trade SL/TP not hit. Holding position.
2026-08-13 20:09:45,528 - INFO - Logged heartbeat status: OK
2026-08-13 20:09:45,528 - INFO - Job "LiveRunner.process_cycle (trigger: interval[0:05:00], next run at: 2026-08-13 20:14:44 IST)" executed successfully
2026-08-13 20:14:44,229 - INFO - Running job "LiveRunner.process_cycle (trigger: interval[0:05:00], next run at: 2026-08-13 20:19:44 IST)" (scheduled at 2026-08-13 20:14:44.223165+05:30)
2026-08-13 20:14:44,232 - WARNING - [bot-1] Failed to dynamically reload config from DB: 'sqlite3.Row' object has no attribute 'get'
2026-08-13 20:14:44,232 - INFO - [bot-1] Starting signal check cycle for BTC/USDT (5m)...
2026-08-13 20:14:44,248 - INFO - Fetching recent candles for BTC/USDT (5m) [Bot: bot-1]...
2026-08-13 20:14:44,858 - INFO - Indicators computed | close=63959.99 ema_9=63907.59 ema_20=63835.42 ema_50=63795.10 ema_200=63721.95 macd=60.0309 poc=63925.0 val=63425.0 vah=64150.0
2026-08-13 20:14:44,859 - INFO - [bot-1] Evaluating strategy on completed candle: 2026-08-13T14:35:00+00:00 at Close price: 63948.01
2026-08-13 20:14:44,869 - INFO - [bot-1] Active trade found in DB (ID: 61, LONG, Entry: 63778.71, SL: 63502.43, TP: 64331.26)
2026-08-13 20:14:44,870 - INFO - [bot-1] Active trade SL/TP not hit. Holding position.
2026-08-13 20:14:44,952 - INFO - Logged heartbeat status: OK
2026-08-13 20:14:44,952 - INFO - Job "LiveRunner.process_cycle (trigger: interval[0:05:00], next run at: 2026-08-13 20:19:44 IST)" executed successfully
2026-08-13 20:19:44,226 - INFO - Running job "LiveRunner.process_cycle (trigger: interval[0:05:00], next run at: 2026-08-13 20:24:44 IST)" (scheduled at 2026-08-13 20:19:44.223165+05:30)
2026-08-13 20:19:44,229 - WARNING - [bot-1] Failed to dynamically reload config from DB: 'sqlite3.Row' object has no attribute 'get'
2026-08-13 20:19:44,229 - INFO - [bot-1] Starting signal check cycle for BTC/USDT (5m)...
2026-08-13 20:19:44,236 - INFO - Fetching recent candles for BTC/USDT (5m) [Bot: bot-1]...
2026-08-13 20:19:44,916 - INFO - Indicators computed | close=63916.81 ema_9=63910.67 ema_20=63847.05 ema_50=63806.69 ema_200=63729.59 macd=54.5072 poc=63925.0 val=63425.0 vah=64150.0
2026-08-13 20:19:44,917 - INFO - [bot-1] Evaluating strategy on completed candle: 2026-08-13T14:40:00+00:00 at Close price: 63960.00
2026-08-13 20:19:44,928 - INFO - [bot-1] Active trade found in DB (ID: 61, LONG, Entry: 63778.71, SL: 63502.43, TP: 64331.26)
2026-08-13 20:19:44,929 - INFO - [bot-1] Active trade SL/TP not hit. Holding position.
2026-08-13 20:19:45,090 - INFO - Logged heartbeat status: OK
2026-08-13 20:19:45,091 - INFO - Job "LiveRunner.process_cycle (trigger: interval[0:05:00], next run at: 2026-08-13 20:24:44 IST)" executed successfully
2026-08-13 20:24:44,230 - INFO - Running job "LiveRunner.process_cycle (trigger: interval[0:05:00], next run at: 2026-08-13 20:29:44 IST)" (scheduled at 2026-08-13 20:24:44.223165+05:30)
2026-08-13 20:24:44,235 - WARNING - [bot-1] Failed to dynamically reload config from DB: 'sqlite3.Row' object has no attribute 'get'
2026-08-13 20:24:44,235 - INFO - [bot-1] Starting signal check cycle for BTC/USDT (5m)...
2026-08-13 20:24:44,242 - INFO - Fetching recent candles for BTC/USDT (5m) [Bot: bot-1]...
2026-08-13 20:24:45,047 - INFO - Indicators computed | close=63896.74 ema_9=63907.45 ema_20=63854.93 ema_50=63815.82 ema_200=63736.39 macd=46.5575 poc=63925.0 val=63425.0 vah=64150.0
2026-08-13 20:24:45,048 - INFO - [bot-1] Evaluating strategy on completed candle: 2026-08-13T14:45:00+00:00 at Close price: 63923.24
2026-08-13 20:24:45,061 - INFO - [bot-1] Active trade found in DB (ID: 61, LONG, Entry: 63778.71, SL: 63502.43, TP: 64331.26)
2026-08-13 20:24:45,061 - INFO - [bot-1] Active trade SL/TP not hit. Holding position.
2026-08-13 20:24:45,152 - INFO - Logged heartbeat status: OK
2026-08-13 20:24:45,153 - INFO - Job "LiveRunner.process_cycle (trigger: interval[0:05:00], next run at: 2026-08-13 20:29:44 IST)" executed successfully
2026-08-13 20:29:44,224 - INFO - Running job "LiveRunner.process_cycle (trigger: interval[0:05:00], next run at: 2026-08-13 20:34:44 IST)" (scheduled at 2026-08-13 20:29:44.223165+05:30)
2026-08-13 20:29:44,230 - WARNING - [bot-1] Failed to dynamically reload config from DB: 'sqlite3.Row' object has no attribute 'get'
2026-08-13 20:29:44,230 - INFO - [bot-1] Starting signal check cycle for BTC/USDT (5m)...
2026-08-13 20:29:44,238 - INFO - Fetching recent candles for BTC/USDT (5m) [Bot: bot-1]...
2026-08-13 20:29:44,824 - INFO - Indicators computed | close=63876.00 ema_9=63899.47 ema_20=63859.32 ema_50=63822.52 ema_200=63742.29 macd=37.1831 poc=63925.0 val=63425.0 vah=64150.0
2026-08-13 20:29:44,824 - INFO - [bot-1] Evaluating strategy on completed candle: 2026-08-13T14:50:00+00:00 at Close price: 63907.99
2026-08-13 20:29:44,834 - INFO - [bot-1] Active trade found in DB (ID: 61, LONG, Entry: 63778.71, SL: 63502.43, TP: 64331.26)
2026-08-13 20:29:44,834 - INFO - [bot-1] Active trade SL/TP not hit. Holding position.
2026-08-13 20:29:44,920 - INFO - Logged heartbeat status: OK
2026-08-13 20:29:44,921 - INFO - Job "LiveRunner.process_cycle (trigger: interval[0:05:00], next run at: 2026-08-13 20:34:44 IST)" executed successfully
2026-08-13 20:34:44,231 - INFO - Running job "LiveRunner.process_cycle (trigger: interval[0:05:00], next run at: 2026-08-13 20:39:44 IST)" (scheduled at 2026-08-13 20:34:44.223165+05:30)
2026-08-13 20:34:44,234 - WARNING - [bot-1] Failed to dynamically reload config from DB: 'sqlite3.Row' object has no attribute 'get'
2026-08-13 20:34:44,234 - INFO - [bot-1] Starting signal check cycle for BTC/USDT (5m)...
2026-08-13 20:34:44,241 - INFO - Fetching recent candles for BTC/USDT (5m) [Bot: bot-1]...
2026-08-13 20:34:45,999 - INFO - Indicators computed | close=63920.01 ema_9=63902.64 ema_20=63865.96 ema_50=63830.38 ema_200=63748.63 macd=33.8782 poc=63925.0 val=63425.0 vah=64150.0
2026-08-13 20:34:45,999 - INFO - [bot-1] Evaluating strategy on completed candle: 2026-08-13T14:55:00+00:00 at Close price: 63859.45
2026-08-13 20:34:46,011 - INFO - [bot-1] Active trade found in DB (ID: 61, LONG, Entry: 63778.71, SL: 63502.43, TP: 64331.26)
2026-08-13 20:34:46,011 - INFO - [bot-1] Active trade SL/TP not hit. Holding position.
2026-08-13 20:34:46,075 - INFO - Logged heartbeat status: OK
2026-08-13 20:34:46,075 - INFO - Job "LiveRunner.process_cycle (trigger: interval[0:05:00], next run at: 2026-08-13 20:39:44 IST)" executed successfully
2026-08-13 20:39:44,236 - INFO - Running job "LiveRunner.process_cycle (trigger: interval[0:05:00], next run at: 2026-08-13 20:44:44 IST)" (scheduled at 2026-08-13 20:39:44.223165+05:30)
2026-08-13 20:39:44,241 - WARNING - [bot-1] Failed to dynamically reload config from DB: 'sqlite3.Row' object has no attribute 'get'
2026-08-13 20:39:44,241 - INFO - [bot-1] Starting signal check cycle for BTC/USDT (5m)...
2026-08-13 20:39:44,247 - INFO - Fetching recent candles for BTC/USDT (5m) [Bot: bot-1]...
2026-08-13 20:39:44,943 - INFO - Indicators computed | close=63819.20 ema_9=63873.49 ema_20=63858.55 ema_50=63828.80 ema_200=63751.17 macd=17.0282 poc=63925.0 val=63425.0 vah=64150.0
2026-08-13 20:39:44,943 - INFO - [bot-1] Evaluating strategy on completed candle: 2026-08-13T15:00:00+00:00 at Close price: 63914.01
2026-08-13 20:39:44,955 - INFO - [bot-1] Active trade found in DB (ID: 61, LONG, Entry: 63778.71, SL: 63502.43, TP: 64331.26)
2026-08-13 20:39:44,955 - INFO - [bot-1] Active trade SL/TP not hit. Holding position.
2026-08-13 20:39:45,010 - INFO - Logged heartbeat status: OK
2026-08-13 20:39:45,010 - INFO - Job "LiveRunner.process_cycle (trigger: interval[0:05:00], next run at: 2026-08-13 20:44:44 IST)" executed successfully
2026-08-13 20:44:44,224 - INFO - Running job "LiveRunner.process_cycle (trigger: interval[0:05:00], next run at: 2026-08-13 20:49:44 IST)" (scheduled at 2026-08-13 20:44:44.223165+05:30)
2026-08-13 20:44:44,230 - WARNING - [bot-1] Failed to dynamically reload config from DB: 'sqlite3.Row' object has no attribute 'get'
2026-08-13 20:44:44,230 - INFO - [bot-1] Starting signal check cycle for BTC/USDT (5m)...
2026-08-13 20:44:44,236 - INFO - Fetching recent candles for BTC/USDT (5m) [Bot: bot-1]...
2026-08-13 20:44:44,845 - INFO - Indicators computed | close=63826.21 ema_9=63859.17 ema_20=63854.72 ema_50=63829.11 ema_200=63754.36 macd=8.0713 poc=63925.0 val=63425.0 vah=64150.0
2026-08-13 20:44:44,845 - INFO - [bot-1] Evaluating strategy on completed candle: 2026-08-13T15:05:00+00:00 at Close price: 63825.67
2026-08-13 20:44:44,857 - INFO - [bot-1] Active trade found in DB (ID: 61, LONG, Entry: 63778.71, SL: 63502.43, TP: 64331.26)
2026-08-13 20:44:44,857 - INFO - [bot-1] Active trade SL/TP not hit. Holding position.
2026-08-13 20:44:45,007 - INFO - Logged heartbeat status: OK
2026-08-13 20:44:45,007 - INFO - Job "LiveRunner.process_cycle (trigger: interval[0:05:00], next run at: 2026-08-13 20:49:44 IST)" executed successfully
2026-08-13 20:49:44,238 - INFO - Running job "LiveRunner.process_cycle (trigger: interval[0:05:00], next run at: 2026-08-13 20:54:44 IST)" (scheduled at 2026-08-13 20:49:44.223165+05:30)
2026-08-13 20:49:44,244 - WARNING - [bot-1] Failed to dynamically reload config from DB: 'sqlite3.Row' object has no attribute 'get'
2026-08-13 20:49:44,244 - INFO - [bot-1] Starting signal check cycle for BTC/USDT (5m)...
2026-08-13 20:49:44,252 - INFO - Fetching recent candles for BTC/USDT (5m) [Bot: bot-1]...
2026-08-13 20:49:44,905 - INFO - Indicators computed | close=63850.00 ema_9=63856.11 ema_20=63854.05 ema_50=63831.10 ema_200=63758.11 macd=5.0907 poc=63925.0 val=63425.0 vah=64150.0
2026-08-13 20:49:44,906 - INFO - [bot-1] Evaluating strategy on completed candle: 2026-08-13T15:10:00+00:00 at Close price: 63826.21
2026-08-13 20:49:44,918 - INFO - [bot-1] Active trade found in DB (ID: 61, LONG, Entry: 63778.71, SL: 63502.43, TP: 64331.26)
2026-08-13 20:49:44,918 - INFO - [bot-1] Active trade SL/TP not hit. Holding position.
2026-08-13 20:49:45,070 - INFO - Logged heartbeat status: OK
2026-08-13 20:49:45,070 - INFO - Job "LiveRunner.process_cycle (trigger: interval[0:05:00], next run at: 2026-08-13 20:54:44 IST)" executed successfully
2026-08-13 22:42:10,019 - INFO - Initializing scheduled trading bot live runner for bot-1...
2026-08-13 22:42:10,064 - INFO - SQLite database tables verified/created.
2026-08-13 22:42:10,074 - INFO - Initializing CCXT Binance in TESTNET mode.
2026-08-13 22:42:12,343 - INFO - Initializing CCXT Binance in MAINNET mode (Public endpoints).
2026-08-13 22:42:12,364 - INFO - Sending Telegram alert...
2026-08-13 22:42:13,209 - INFO - Telegram alert sent successfully.
2026-08-13 22:42:13,212 - WARNING - [bot-1] Failed to dynamically reload config from DB: 'sqlite3.Row' object has no attribute 'get'
2026-08-13 22:42:13,212 - INFO - [bot-1] Starting signal check cycle for BTC/USDT (5m)...
2026-08-13 22:42:13,215 - INFO - Fetching recent candles for BTC/USDT (5m) [Bot: bot-1]...
2026-08-13 22:42:15,586 - INFO - Indicators computed | close=63140.00 ema_9=63138.64 ema_20=63237.34 ema_50=63325.71 ema_200=63509.61 macd=-90.7843 poc=63925.0 val=63400.0 vah=64150.0
2026-08-13 22:42:15,587 - INFO - [bot-1] Evaluating strategy on completed candle: 2026-08-13T17:05:00+00:00 at Close price: 63127.99
2026-08-13 22:42:15,614 - INFO - [bot-1] Active trade found in DB (ID: 65, SHORT, Entry: 63160.13, SL: 63499.09, TP: 62482.22)
2026-08-13 22:42:15,615 - INFO - [bot-1] Active trade SL/TP not hit. Holding position.
2026-08-13 22:42:15,681 - INFO - Logged heartbeat status: OK
2026-08-13 22:42:15,695 - INFO - Adding job tentatively -- it will be properly scheduled when the scheduler starts
2026-08-13 22:42:15,695 - INFO - Bot bot-1 scheduled to check every 5 minutes.
2026-08-13 22:42:15,696 - INFO - Added job "LiveRunner.process_cycle" to job store "default"
2026-08-13 22:42:15,696 - INFO - Scheduler started
2026-08-13 22:47:15,697 - INFO - Running job "LiveRunner.process_cycle (trigger: interval[0:05:00], next run at: 2026-08-13 22:47:15 IST)" (scheduled at 2026-08-13 22:47:15.695652+05:30)
2026-08-13 22:47:15,703 - WARNING - [bot-1] Failed to dynamically reload config from DB: 'sqlite3.Row' object has no attribute 'get'
2026-08-13 22:47:15,703 - INFO - [bot-1] Starting signal check cycle for BTC/USDT (5m)...
2026-08-13 22:47:15,709 - INFO - Fetching recent candles for BTC/USDT (5m) [Bot: bot-1]...
2026-08-13 22:47:16,278 - INFO - Indicators computed | close=63204.01 ema_9=63158.16 ema_20=63231.32 ema_50=63313.24 ema_200=63497.24 macd=-70.4412 poc=63925.0 val=63400.0 vah=64150.0
2026-08-13 22:47:16,278 - INFO - [bot-1] Evaluating strategy on completed candle: 2026-08-13T17:10:00+00:00 at Close price: 63129.78
2026-08-13 22:47:16,290 - INFO - [bot-1] Active trade found in DB (ID: 65, SHORT, Entry: 63160.13, SL: 63499.09, TP: 62482.22)
2026-08-13 22:47:16,290 - INFO - [bot-1] Active trade SL/TP not hit. Holding position.
2026-08-13 22:47:16,354 - INFO - Logged heartbeat status: OK
2026-08-13 22:47:16,354 - INFO - Job "LiveRunner.process_cycle (trigger: interval[0:05:00], next run at: 2026-08-13 22:52:15 IST)" executed successfully
2026-08-13 22:52:15,702 - INFO - Running job "LiveRunner.process_cycle (trigger: interval[0:05:00], next run at: 2026-08-13 22:57:15 IST)" (scheduled at 2026-08-13 22:52:15.695652+05:30)
2026-08-13 22:52:15,705 - WARNING - [bot-1] Failed to dynamically reload config from DB: 'sqlite3.Row' object has no attribute 'get'
2026-08-13 22:52:15,705 - INFO - [bot-1] Starting signal check cycle for BTC/USDT (5m)...
2026-08-13 22:52:15,711 - INFO - Fetching recent candles for BTC/USDT (5m) [Bot: bot-1]...
2026-08-13 22:52:16,548 - INFO - Indicators computed | close=63194.46 ema_9=63148.24 ema_20=63213.92 ema_50=63293.39 ema_200=63481.64 macd=-63.6705 poc=63925.0 val=63400.0 vah=64150.0
2026-08-13 22:52:16,548 - INFO - [bot-1] Evaluating strategy on completed candle: 2026-08-13T17:15:00+00:00 at Close price: 63104.92
2026-08-13 22:52:16,559 - INFO - [bot-1] Active trade found in DB (ID: 65, SHORT, Entry: 63160.13, SL: 63499.09, TP: 62482.22)
2026-08-13 22:52:16,559 - INFO - [bot-1] Active trade SL/TP not hit. Holding position.
2026-08-13 22:52:16,612 - INFO - Logged heartbeat status: OK
2026-08-13 22:52:16,612 - INFO - Job "LiveRunner.process_cycle (trigger: interval[0:05:00], next run at: 2026-08-13 22:57:15 IST)" executed successfully
2026-08-13 22:57:15,703 - INFO - Running job "LiveRunner.process_cycle (trigger: interval[0:05:00], next run at: 2026-08-13 23:02:15 IST)" (scheduled at 2026-08-13 22:57:15.695652+05:30)
2026-08-13 22:57:15,708 - WARNING - [bot-1] Failed to dynamically reload config from DB: 'sqlite3.Row' object has no attribute 'get'
2026-08-13 22:57:15,708 - INFO - [bot-1] Starting signal check cycle for BTC/USDT (5m)...
2026-08-13 22:57:15,715 - INFO - Fetching recent candles for BTC/USDT (5m) [Bot: bot-1]...
2026-08-13 22:57:16,358 - INFO - Indicators computed | close=63187.81 ema_9=63167.10 ema_20=63213.32 ema_50=63285.54 ema_200=63471.08 macd=-47.1247 poc=63925.0 val=63400.0 vah=64150.0
2026-08-13 22:57:16,359 - INFO - [bot-1] Evaluating strategy on completed candle: 2026-08-13T17:20:00+00:00 at Close price: 63220.00
2026-08-13 22:57:16,377 - INFO - [bot-1] Active trade found in DB (ID: 65, SHORT, Entry: 63160.13, SL: 63499.09, TP: 62482.22)
2026-08-13 22:57:16,377 - INFO - [bot-1] Active trade SL/TP not hit. Holding position.
2026-08-13 22:57:16,435 - INFO - Logged heartbeat status: OK
2026-08-13 22:57:16,435 - INFO - Job "LiveRunner.process_cycle (trigger: interval[0:05:00], next run at: 2026-08-13 23:02:15 IST)" executed successfully
2026-08-13 23:02:15,699 - INFO - Running job "LiveRunner.process_cycle (trigger: interval[0:05:00], next run at: 2026-08-13 23:07:15 IST)" (scheduled at 2026-08-13 23:02:15.695652+05:30)
2026-08-13 23:02:15,704 - WARNING - [bot-1] Failed to dynamically reload config from DB: 'sqlite3.Row' object has no attribute 'get'
2026-08-13 23:02:15,704 - INFO - [bot-1] Starting signal check cycle for BTC/USDT (5m)...
2026-08-13 23:02:15,712 - INFO - Fetching recent candles for BTC/USDT (5m) [Bot: bot-1]...
2026-08-13 23:02:16,314 - INFO - Indicators computed | close=63195.22 ema_9=63175.76 ema_20=63210.34 ema_50=63276.66 ema_200=63460.14 macd=-36.5084 poc=63925.0 val=63400.0 vah=64150.0
2026-08-13 23:02:16,314 - INFO - [bot-1] Evaluating strategy on completed candle: 2026-08-13T17:25:00+00:00 at Close price: 63184.60
2026-08-13 23:02:16,330 - INFO - [bot-1] Active trade found in DB (ID: 65, SHORT, Entry: 63160.13, SL: 63499.09, TP: 62482.22)
2026-08-13 23:02:16,330 - INFO - [bot-1] Active trade SL/TP not hit. Holding position.
2026-08-13 23:02:16,402 - INFO - Logged heartbeat status: OK
2026-08-13 23:02:16,402 - INFO - Job "LiveRunner.process_cycle (trigger: interval[0:05:00], next run at: 2026-08-13 23:07:15 IST)" executed successfully
2026-08-13 23:08:25,333 - INFO - Initializing scheduled trading bot live runner for bot-1...
2026-08-13 23:08:25,342 - INFO - SQLite database tables verified/created.
2026-08-13 23:08:25,352 - INFO - Initializing CCXT Binance in TESTNET mode.
2026-08-13 23:08:26,514 - INFO - Initializing CCXT Binance in MAINNET mode (Public endpoints).
2026-08-13 23:08:26,548 - INFO - Sending Telegram alert...
2026-08-13 23:08:27,262 - INFO - Telegram alert sent successfully.
2026-08-13 23:08:27,266 - WARNING - [bot-1] Failed to dynamically reload config from DB: 'sqlite3.Row' object has no attribute 'get'
2026-08-13 23:08:27,266 - INFO - [bot-1] Starting signal check cycle for BTC/USDT (5m)...
2026-08-13 23:08:27,274 - INFO - Fetching recent candles for BTC/USDT (5m) [Bot: bot-1]...
2026-08-13 23:08:29,585 - INFO - Indicators computed | close=63172.47 ema_9=63172.20 ema_20=63203.57 ema_50=63265.78 ema_200=63448.44 macd=-32.3939 poc=63925.0 val=63400.0 vah=64150.0
2026-08-13 23:08:29,586 - INFO - [bot-1] Evaluating strategy on completed candle: 2026-08-13T17:30:00+00:00 at Close price: 63184.12
2026-08-13 23:08:29,634 - INFO - Confluence Evaluation | Regime: TRENDING (ADX=49.0) | Direction: SHORT | BullScore: 0.0% | BearScore: 100.0% | Active: [{'id': 'rsi', 'name': 'RSI', 'params': {'period': 21, 'overbought': 70, 'oversold': 30}}, {'id': 'ema', 'name': 'EMA', 'params': {'period': 20, 'source': 'close'}}]
2026-08-13 23:08:29,651 - INFO - Capping position size 1.394700 BTC to available cash equivalent 0.158268 BTC.
2026-08-13 23:08:29,672 - INFO - Created pending signal approval ID 76 for bot bot-1 (SHORT @ $63184.12, status: WAITING_APPROVAL)
2026-08-13 23:08:30,457 - INFO - [bot-1] Signal SHORT generated (ID: 76). Waiting for manual user approval.
2026-08-13 23:08:30,506 - INFO - Logged heartbeat status: OK
2026-08-13 23:08:30,509 - INFO - Adding job tentatively -- it will be properly scheduled when the scheduler starts
2026-08-13 23:08:30,509 - INFO - Bot bot-1 scheduled to check every 5 minutes.
2026-08-13 23:08:30,509 - INFO - Added job "LiveRunner.process_cycle" to job store "default"
2026-08-13 23:08:30,509 - INFO - Scheduler started
2026-08-13 23:13:30,514 - INFO - Running job "LiveRunner.process_cycle (trigger: interval[0:05:00], next run at: 2026-08-13 23:13:30 IST)" (scheduled at 2026-08-13 23:13:30.509399+05:30)
2026-08-13 23:13:30,518 - WARNING - [bot-1] Failed to dynamically reload config from DB: 'sqlite3.Row' object has no attribute 'get'
2026-08-13 23:13:30,518 - INFO - [bot-1] Starting signal check cycle for BTC/USDT (5m)...
2026-08-13 23:13:30,527 - INFO - Fetching recent candles for BTC/USDT (5m) [Bot: bot-1]...
2026-08-13 23:13:31,101 - INFO - Indicators computed | close=63204.29 ema_9=63184.26 ema_20=63204.43 ema_50=63260.45 ema_200=63439.10 macd=-22.5356 poc=63925.0 val=63400.0 vah=64150.0
2026-08-13 23:13:31,102 - INFO - [bot-1] Evaluating strategy on completed candle: 2026-08-13T17:35:00+00:00 at Close price: 63178.60
2026-08-13 23:13:31,113 - INFO - [bot-1] Active trade found in DB (ID: 68, SHORT, Entry: 63184.12, SL: 63327.52, TP: 62897.31)
2026-08-13 23:13:31,113 - INFO - [bot-1] Active trade SL/TP not hit. Holding position.
2026-08-13 23:13:31,173 - INFO - Logged heartbeat status: OK
2026-08-13 23:13:31,174 - INFO - Job "LiveRunner.process_cycle (trigger: interval[0:05:00], next run at: 2026-08-13 23:18:30 IST)" executed successfully
2026-08-14 11:45:27,921 - INFO - Initializing scheduled trading bot live runner for bot-1...
2026-08-14 11:45:27,975 - INFO - SQLite database tables verified/created.
2026-08-14 11:45:27,978 - INFO - Initializing CCXT Binance in TESTNET mode.
2026-08-14 11:45:29,818 - INFO - Initializing CCXT Binance in MAINNET mode (Public endpoints).
2026-08-14 11:45:29,841 - INFO - Sending Telegram alert...
2026-08-14 11:45:31,543 - INFO - Telegram alert sent successfully.
2026-08-14 11:45:31,548 - WARNING - [bot-1] Failed to dynamically reload config from DB: 'sqlite3.Row' object has no attribute 'get'
2026-08-14 11:45:31,548 - INFO - [bot-1] Starting signal check cycle for BTC/USDT (5m)...
2026-08-14 11:45:31,557 - INFO - Fetching recent candles for BTC/USDT (5m) [Bot: bot-1]...
2026-08-14 11:45:34,893 - INFO - Indicators computed | close=63299.60 ema_9=63319.72 ema_20=63337.73 ema_50=63349.37 ema_200=63393.44 macd=-14.4209 poc=63475.0 val=63375.0 vah=64025.0
2026-08-14 11:45:34,894 - INFO - [bot-1] Evaluating strategy on completed candle: 2026-08-14T06:10:00+00:00 at Close price: 63294.52
2026-08-14 11:45:34,913 - INFO - [bot-1] Active trade found in DB (ID: 75, SHORT, Entry: 63331.01, SL: 63459.21, TP: 63074.62)
2026-08-14 11:45:34,914 - INFO - [bot-1] Active trade SL/TP not hit. Holding position.
2026-08-14 11:45:34,990 - INFO - Logged heartbeat status: OK
2026-08-14 11:45:34,999 - INFO - Adding job tentatively -- it will be properly scheduled when the scheduler starts
2026-08-14 11:45:34,999 - INFO - Bot bot-1 scheduled to check every 5 minutes.
2026-08-14 11:45:35,001 - INFO - Added job "LiveRunner.process_cycle" to job store "default"
2026-08-14 11:45:35,002 - INFO - Scheduler started
2026-08-14 12:08:46,860 - INFO - Initializing scheduled trading bot live runner for bot-1...
2026-08-14 12:08:46,868 - INFO - SQLite database tables verified/created.
2026-08-14 12:08:46,879 - INFO - Initializing CCXT Binance in TESTNET mode.
2026-08-14 12:08:48,142 - INFO - Initializing CCXT Binance in MAINNET mode (Public endpoints).
2026-08-14 12:08:48,160 - INFO - Sending Telegram alert...
2026-08-14 12:08:49,000 - INFO - Telegram alert sent successfully.
2026-08-14 12:08:49,004 - WARNING - [bot-1] Failed to dynamically reload config from DB: 'sqlite3.Row' object has no attribute 'get'
2026-08-14 12:08:49,004 - INFO - [bot-1] Starting signal check cycle for BTC/USDT (5m)...
2026-08-14 12:08:49,010 - INFO - Fetching recent candles for BTC/USDT (5m) [Bot: bot-1]...
2026-08-14 12:08:54,585 - INFO - Indicators computed | close=63180.01 ema_9=63217.98 ema_20=63270.33 ema_50=63296.96 ema_200=63363.27 macd=-43.6003 poc=63475.0 val=63375.0 vah=64025.0
2026-08-14 12:08:54,586 - INFO - [bot-1] Evaluating strategy on completed candle: 2026-08-14T06:30:00+00:00 at Close price: 63220.00
2026-08-14 12:08:54,675 - INFO - Confluence Evaluation | Regime: TRENDING (ADX=42.1) | Direction: SHORT | BullScore: 0.0% | BearScore: 100.0% | Active: [{'id': 'rsi', 'name': 'RSI', 'params': {'period': 21, 'overbought': 70, 'oversold': 30}}, {'id': 'ema', 'name': 'EMA', 'params': {'period': 20, 'source': 'close'}}]
2026-08-14 12:08:54,689 - INFO - Capping position size 1.147184 BTC to available cash equivalent 0.158178 BTC.
2026-08-14 12:08:54,699 - INFO - Created pending signal approval ID 78 for bot bot-1 (SHORT @ $63220.00, status: WAITING_APPROVAL)
2026-08-14 12:08:56,926 - INFO - [bot-1] Signal SHORT generated (ID: 78). Waiting for manual user approval.
2026-08-14 12:08:57,019 - INFO - Logged heartbeat status: OK
2026-08-14 12:08:57,037 - INFO - Adding job tentatively -- it will be properly scheduled when the scheduler starts
2026-08-14 12:08:57,037 - INFO - Bot bot-1 scheduled to check every 5 minutes.
2026-08-14 12:08:57,037 - INFO - Added job "LiveRunner.process_cycle" to job store "default"
2026-08-14 12:08:57,037 - INFO - Scheduler started
2026-08-14 12:24:46,095 - INFO - Initializing scheduled trading bot live runner for bot-1...
2026-08-14 12:24:46,113 - INFO - SQLite database tables verified/created.
2026-08-14 12:24:46,124 - INFO - Initializing CCXT Binance in TESTNET mode.
2026-08-14 12:24:47,094 - INFO - Initializing CCXT Binance in MAINNET mode (Public endpoints).
2026-08-14 12:24:47,133 - INFO - Sending Telegram alert...
2026-08-14 12:24:47,840 - INFO - Telegram alert sent successfully.
2026-08-14 12:24:47,844 - WARNING - [bot-1] Failed to dynamically reload config from DB: 'sqlite3.Row' object has no attribute 'get'
2026-08-14 12:24:47,844 - INFO - [bot-1] Starting signal check cycle for BTC/USDT (5m)...
2026-08-14 12:24:47,851 - INFO - Fetching recent candles for BTC/USDT (5m) [Bot: bot-1]...
2026-08-14 12:24:50,185 - INFO - Indicators computed | close=63027.81 ema_9=63139.08 ema_20=63215.21 ema_50=63252.36 ema_200=63336.77 macd=-62.6611 poc=63475.0 val=63375.0 vah=64050.0
2026-08-14 12:24:50,186 - INFO - [bot-1] Evaluating strategy on completed candle: 2026-08-14T06:45:00+00:00 at Close price: 63162.51
2026-08-14 12:24:50,196 - INFO - [bot-1] Active trade found in DB (ID: 94, SHORT, Entry: 63180.53, SL: 63313.45, TP: 62914.69)
2026-08-14 12:24:50,196 - INFO - [bot-1] Active trade SL/TP not hit. Holding position.
2026-08-14 12:24:50,257 - INFO - Logged heartbeat status: OK
2026-08-14 12:24:50,261 - INFO - Adding job tentatively -- it will be properly scheduled when the scheduler starts
2026-08-14 12:24:50,261 - INFO - Bot bot-1 scheduled to check every 5 minutes.
2026-08-14 12:24:50,261 - INFO - Added job "LiveRunner.process_cycle" to job store "default"
2026-08-14 12:24:50,261 - INFO - Scheduler started
2026-08-14 12:29:50,274 - INFO - Running job "LiveRunner.process_cycle (trigger: interval[0:05:00], next run at: 2026-08-14 12:29:50 IST)" (scheduled at 2026-08-14 12:29:50.261254+05:30)
2026-08-14 12:29:50,280 - WARNING - [bot-1] Failed to dynamically reload config from DB: 'sqlite3.Row' object has no attribute 'get'
2026-08-14 12:29:50,281 - INFO - [bot-1] Starting signal check cycle for BTC/USDT (5m)...
2026-08-14 12:29:50,289 - INFO - Fetching recent candles for BTC/USDT (5m) [Bot: bot-1]...
2026-08-14 12:29:51,013 - INFO - Indicators computed | close=62974.14 ema_9=63084.10 ema_20=63180.77 ema_50=63225.86 ema_200=63322.55 macd=-79.1975 poc=63475.0 val=63375.0 vah=64050.0
2026-08-14 12:29:51,016 - INFO - [bot-1] Evaluating strategy on completed candle: 2026-08-14T06:50:00+00:00 at Close price: 63027.80
2026-08-14 12:29:51,028 - INFO - [bot-1] Active trade found in DB (ID: 94, SHORT, Entry: 63180.53, SL: 63313.45, TP: 62914.69)
2026-08-14 12:29:51,028 - INFO - [bot-1] Active trade SL/TP not hit. Holding position.
2026-08-14 12:29:51,094 - INFO - Logged heartbeat status: OK
2026-08-14 12:29:51,094 - INFO - Job "LiveRunner.process_cycle (trigger: interval[0:05:00], next run at: 2026-08-14 12:34:50 IST)" executed successfully
2026-08-14 12:34:50,272 - INFO - Running job "LiveRunner.process_cycle (trigger: interval[0:05:00], next run at: 2026-08-14 12:39:50 IST)" (scheduled at 2026-08-14 12:34:50.261254+05:30)
2026-08-14 12:34:50,277 - WARNING - [bot-1] Failed to dynamically reload config from DB: 'sqlite3.Row' object has no attribute 'get'
2026-08-14 12:34:50,277 - INFO - [bot-1] Starting signal check cycle for BTC/USDT (5m)...
2026-08-14 12:34:50,284 - INFO - Fetching recent candles for BTC/USDT (5m) [Bot: bot-1]...
2026-08-14 12:34:50,690 - INFO - Indicators computed | close=63035.46 ema_9=63067.89 ema_20=63160.01 ema_50=63207.73 ema_200=63311.29 macd=-77.3284 poc=63475.0 val=63375.0 vah=64050.0
2026-08-14 12:34:50,691 - INFO - [bot-1] Evaluating strategy on completed candle: 2026-08-14T06:55:00+00:00 at Close price: 62974.14
2026-08-14 12:34:50,700 - INFO - [bot-1] Active trade found in DB (ID: 94, SHORT, Entry: 63180.53, SL: 63313.45, TP: 62914.69)
2026-08-14 12:34:50,700 - INFO - [bot-1] Active trade SL/TP not hit. Holding position.
2026-08-14 12:34:50,759 - INFO - Logged heartbeat status: OK
2026-08-14 12:34:50,760 - INFO - Job "LiveRunner.process_cycle (trigger: interval[0:05:00], next run at: 2026-08-14 12:39:50 IST)" executed successfully
2026-08-14 12:57:01,045 - INFO - Initializing scheduled trading bot live runner for bot-1...
2026-08-14 12:57:01,053 - INFO - SQLite database tables verified/created.
2026-08-14 12:57:01,064 - INFO - Initializing CCXT Binance in TESTNET mode.
2026-08-14 12:57:02,128 - INFO - Initializing CCXT Binance in MAINNET mode (Public endpoints).
2026-08-14 12:57:02,166 - INFO - Sending Telegram alert...
2026-08-14 12:57:02,884 - INFO - Telegram alert sent successfully.
2026-08-14 12:57:02,888 - INFO - [bot-1] Starting signal check cycle for BTC/USDT (5m)...
2026-08-14 12:57:02,897 - INFO - Fetching recent candles for BTC/USDT (5m) [Bot: bot-1]...
2026-08-14 12:57:05,535 - INFO - Indicators computed | close=63110.00 ema_9=63095.43 ema_20=63124.53 ema_50=63162.40 ema_200=63271.36 macd=-29.2055 poc=63475.0 val=63375.0 vah=64050.0
2026-08-14 12:57:05,535 - INFO - [bot-1] Evaluating strategy on completed candle: 2026-08-14T07:20:00+00:00 at Close price: 63109.88
2026-08-14 12:57:05,547 - INFO - [bot-1] Active trade found in DB (ID: 110, SHORT, Entry: 63061.90, SL: 63270.99, TP: 62643.72)
2026-08-14 12:57:05,547 - INFO - [bot-1] Active trade SL/TP not hit. Holding position.
2026-08-14 12:57:05,624 - INFO - Logged heartbeat status: OK
2026-08-14 12:57:05,628 - INFO - Adding job tentatively -- it will be properly scheduled when the scheduler starts
2026-08-14 12:57:05,628 - INFO - Bot bot-1 scheduled to check every 5 minutes.
2026-08-14 12:57:05,628 - INFO - Added job "LiveRunner.process_cycle" to job store "default"
2026-08-14 12:57:05,628 - INFO - Scheduler started
2026-08-14 13:02:05,635 - INFO - Running job "LiveRunner.process_cycle (trigger: interval[0:05:00], next run at: 2026-08-14 13:02:05 IST)" (scheduled at 2026-08-14 13:02:05.628420+05:30)
2026-08-14 13:02:05,639 - INFO - [bot-1] Starting signal check cycle for BTC/USDT (5m)...
2026-08-14 13:02:05,645 - INFO - Fetching recent candles for BTC/USDT (5m) [Bot: bot-1]...
2026-08-14 13:02:06,040 - INFO - Indicators computed | close=63086.89 ema_9=63091.07 ema_20=63118.31 ema_50=63154.62 ema_200=63263.87 macd=-26.7945 poc=63475.0 val=63375.0 vah=64050.0
2026-08-14 13:02:06,041 - INFO - [bot-1] Evaluating strategy on completed candle: 2026-08-14T07:25:00+00:00 at Close price: 63103.18
2026-08-14 13:02:06,052 - INFO - [bot-1] Active trade found in DB (ID: 110, SHORT, Entry: 63061.90, SL: 63270.99, TP: 62643.72)
2026-08-14 13:02:06,052 - INFO - [bot-1] Active trade SL/TP not hit. Holding position.
2026-08-14 13:02:06,115 - INFO - Logged heartbeat status: OK
2026-08-14 13:02:06,115 - INFO - Job "LiveRunner.process_cycle (trigger: interval[0:05:00], next run at: 2026-08-14 13:07:05 IST)" executed successfully
2026-08-14 13:07:05,636 - INFO - Running job "LiveRunner.process_cycle (trigger: interval[0:05:00], next run at: 2026-08-14 13:12:05 IST)" (scheduled at 2026-08-14 13:07:05.628420+05:30)
2026-08-14 13:07:05,640 - INFO - [bot-1] Starting signal check cycle for BTC/USDT (5m)...
2026-08-14 13:07:05,648 - INFO - Fetching recent candles for BTC/USDT (5m) [Bot: bot-1]...
2026-08-14 13:07:06,064 - INFO - Indicators computed | close=63006.53 ema_9=63048.26 ema_20=63094.28 ema_50=63134.84 ema_200=63251.30 macd=-40.4837 poc=63475.0 val=63375.0 vah=64050.0
2026-08-14 13:07:06,064 - INFO - [bot-1] Evaluating strategy on completed candle: 2026-08-14T07:30:00+00:00 at Close price: 63021.04
2026-08-14 13:07:06,074 - INFO - [bot-1] Active trade found in DB (ID: 110, SHORT, Entry: 63061.90, SL: 63270.99, TP: 62643.72)
2026-08-14 13:07:06,075 - INFO - [bot-1] Active trade SL/TP not hit. Holding position.
2026-08-14 13:07:06,135 - INFO - Logged heartbeat status: OK
2026-08-14 13:07:06,135 - INFO - Job "LiveRunner.process_cycle (trigger: interval[0:05:00], next run at: 2026-08-14 13:12:05 IST)" executed successfully
2026-08-14 13:12:05,637 - INFO - Running job "LiveRunner.process_cycle (trigger: interval[0:05:00], next run at: 2026-08-14 13:17:05 IST)" (scheduled at 2026-08-14 13:12:05.628420+05:30)
2026-08-14 13:12:05,641 - INFO - [bot-1] Starting signal check cycle for BTC/USDT (5m)...
2026-08-14 13:12:05,647 - INFO - Fetching recent candles for BTC/USDT (5m) [Bot: bot-1]...
2026-08-14 13:12:06,056 - INFO - Indicators computed | close=63027.49 ema_9=63032.31 ema_20=63079.77 ema_50=63121.12 ema_200=63240.99 macd=-41.7746 poc=63475.0 val=63375.0 vah=64050.0
2026-08-14 13:12:06,056 - INFO - [bot-1] Evaluating strategy on completed candle: 2026-08-14T07:35:00+00:00 at Close price: 62965.91
2026-08-14 13:12:06,067 - INFO - [bot-1] Active trade found in DB (ID: 110, SHORT, Entry: 63061.90, SL: 63270.99, TP: 62643.72)
2026-08-14 13:12:06,068 - INFO - [bot-1] Active trade SL/TP not hit. Holding position.
2026-08-14 13:12:06,129 - INFO - Logged heartbeat status: OK
2026-08-14 13:12:06,129 - INFO - Job "LiveRunner.process_cycle (trigger: interval[0:05:00], next run at: 2026-08-14 13:17:05 IST)" executed successfully
2026-08-14 13:17:05,637 - INFO - Running job "LiveRunner.process_cycle (trigger: interval[0:05:00], next run at: 2026-08-14 13:22:05 IST)" (scheduled at 2026-08-14 13:17:05.628420+05:30)
2026-08-14 13:17:05,641 - INFO - [bot-1] Starting signal check cycle for BTC/USDT (5m)...
2026-08-14 13:17:05,649 - INFO - Fetching recent candles for BTC/USDT (5m) [Bot: bot-1]...
2026-08-14 13:17:06,039 - INFO - Indicators computed | close=63016.00 ema_9=63026.19 ema_20=63070.28 ema_50=63110.84 ema_200=63232.05 macd=-39.1991 poc=63475.0 val=63375.0 vah=64050.0
2026-08-14 13:17:06,039 - INFO - [bot-1] Evaluating strategy on completed candle: 2026-08-14T07:40:00+00:00 at Close price: 63024.42
2026-08-14 13:17:06,049 - INFO - [bot-1] Active trade found in DB (ID: 110, SHORT, Entry: 63061.90, SL: 63270.99, TP: 62643.72)
2026-08-14 13:17:06,049 - INFO - [bot-1] Active trade SL/TP not hit. Holding position.
2026-08-14 13:17:06,105 - INFO - Logged heartbeat status: OK
2026-08-14 13:17:06,105 - INFO - Job "LiveRunner.process_cycle (trigger: interval[0:05:00], next run at: 2026-08-14 13:22:05 IST)" executed successfully
2026-08-14 14:25:46,295 - INFO - Initializing scheduled trading bot live runner for bot-1...
2026-08-14 14:25:46,301 - INFO - SQLite database tables verified/created.
2026-08-14 14:25:46,304 - INFO - Initializing CCXT Binance in TESTNET mode.
2026-08-14 14:25:47,640 - INFO - Initializing CCXT Binance in MAINNET mode (Public endpoints).
2026-08-14 14:25:47,652 - INFO - Sending Telegram alert...
2026-08-14 14:25:48,421 - INFO - Telegram alert sent successfully.
2026-08-14 14:25:48,423 - INFO - [bot-1] Starting signal check cycle for BTC/USDT (5m)...
2026-08-14 14:25:48,425 - INFO - Fetching recent candles for BTC/USDT (5m) [Bot: bot-1]...
2026-08-14 14:25:51,933 - INFO - Indicators computed | close=62914.02 ema_9=62886.38 ema_20=62934.57 ema_50=63080.71 ema_200=63338.58 macd=-72.3099 poc=63475.0 val=63375.0 vah=64075.0
2026-08-14 14:25:51,934 - INFO - [bot-1] Evaluating strategy on completed candle: 2026-08-14T08:50:00+00:00 at Close price: 62914.02
2026-08-14 14:25:51,941 - INFO - [bot-1] Active trade found in DB (ID: 122, SHORT, Entry: 62770.80, SL: 63060.83, TP: 62190.74)
2026-08-14 14:25:51,941 - INFO - [bot-1] Active trade SL/TP not hit. Holding position.
2026-08-14 14:25:51,985 - INFO - Logged heartbeat status: OK
2026-08-14 14:25:51,990 - INFO - Adding job tentatively -- it will be properly scheduled when the scheduler starts
2026-08-14 14:25:51,990 - INFO - Bot bot-1 scheduled to check every 5 minutes.
2026-08-14 14:25:51,990 - INFO - Added job "LiveRunner.process_cycle" to job store "default"
2026-08-14 14:25:51,990 - INFO - Scheduler started
2026-08-14 14:30:52,003 - INFO - Running job "LiveRunner.process_cycle (trigger: interval[0:05:00], next run at: 2026-08-14 14:30:51 IST)" (scheduled at 2026-08-14 14:30:51.990067+05:30)
2026-08-14 14:30:52,009 - INFO - [bot-1] Starting signal check cycle for BTC/USDT (5m)...
2026-08-14 14:30:52,017 - INFO - Fetching recent candles for BTC/USDT (5m) [Bot: bot-1]...
2026-08-14 14:30:53,265 - INFO - Indicators computed | close=62931.39 ema_9=62899.54 ema_20=62936.51 ema_50=63075.83 ema_200=63334.78 macd=-62.4679 poc=63475.0 val=63375.0 vah=64075.0
2026-08-14 14:30:53,266 - INFO - [bot-1] Evaluating strategy on completed candle: 2026-08-14T08:55:00+00:00 at Close price: 62940.01
2026-08-14 14:30:53,278 - INFO - [bot-1] Active trade found in DB (ID: 122, SHORT, Entry: 62770.80, SL: 63060.83, TP: 62190.74)
2026-08-14 14:30:53,278 - INFO - [bot-1] Active trade SL/TP not hit. Holding position.
2026-08-14 14:30:53,353 - INFO - Logged heartbeat status: OK
2026-08-14 14:30:53,353 - INFO - Job "LiveRunner.process_cycle (trigger: interval[0:05:00], next run at: 2026-08-14 14:35:51 IST)" executed successfully
2026-08-14 14:35:51,998 - INFO - Running job "LiveRunner.process_cycle (trigger: interval[0:05:00], next run at: 2026-08-14 14:40:51 IST)" (scheduled at 2026-08-14 14:35:51.990067+05:30)
2026-08-14 14:35:52,003 - INFO - [bot-1] Starting signal check cycle for BTC/USDT (5m)...
2026-08-14 14:35:52,009 - INFO - Fetching recent candles for BTC/USDT (5m) [Bot: bot-1]...
2026-08-14 14:35:52,433 - INFO - Indicators computed | close=62892.00 ema_9=62892.69 ema_20=62929.39 ema_50=63067.37 ema_200=63330.05 macd=-60.8675 poc=63475.0 val=63375.0 vah=64075.0
2026-08-14 14:35:52,433 - INFO - [bot-1] Evaluating strategy on completed candle: 2026-08-14T09:00:00+00:00 at Close price: 62898.01
2026-08-14 14:35:52,443 - INFO - [bot-1] Active trade found in DB (ID: 122, SHORT, Entry: 62770.80, SL: 63060.83, TP: 62190.74)
2026-08-14 14:35:52,444 - INFO - [bot-1] Active trade SL/TP not hit. Holding position.
2026-08-14 14:35:52,509 - INFO - Logged heartbeat status: OK
2026-08-14 14:35:52,509 - INFO - Job "LiveRunner.process_cycle (trigger: interval[0:05:00], next run at: 2026-08-14 14:40:51 IST)" executed successfully
2026-08-14 14:40:51,997 - INFO - Running job "LiveRunner.process_cycle (trigger: interval[0:05:00], next run at: 2026-08-14 14:45:51 IST)" (scheduled at 2026-08-14 14:40:51.990067+05:30)
2026-08-14 14:40:52,001 - INFO - [bot-1] Starting signal check cycle for BTC/USDT (5m)...
2026-08-14 14:40:52,009 - INFO - Fetching recent candles for BTC/USDT (5m) [Bot: bot-1]...
2026-08-14 14:40:52,439 - INFO - Indicators computed | close=62856.38 ema_9=62880.45 ema_20=62919.76 ema_50=63057.92 ema_200=63325.03 macd=-61.5901 poc=63475.0 val=63375.0 vah=64075.0
2026-08-14 14:40:52,439 - INFO - [bot-1] Evaluating strategy on completed candle: 2026-08-14T09:05:00+00:00 at Close price: 62860.91
2026-08-14 14:40:52,502 - INFO - [bot-1] Active trade found in DB (ID: 122, SHORT, Entry: 62770.80, SL: 63060.83, TP: 62190.74)
2026-08-14 14:40:52,502 - INFO - [bot-1] Active trade SL/TP not hit. Holding position.
2026-08-14 14:40:52,558 - INFO - Logged heartbeat status: OK
2026-08-14 14:40:52,559 - INFO - Job "LiveRunner.process_cycle (trigger: interval[0:05:00], next run at: 2026-08-14 14:45:51 IST)" executed successfully
2026-08-14 14:45:51,992 - INFO - Running job "LiveRunner.process_cycle (trigger: interval[0:05:00], next run at: 2026-08-14 14:50:51 IST)" (scheduled at 2026-08-14 14:45:51.990067+05:30)
2026-08-14 14:45:51,995 - INFO - [bot-1] Starting signal check cycle for BTC/USDT (5m)...
2026-08-14 14:45:51,997 - INFO - Fetching recent candles for BTC/USDT (5m) [Bot: bot-1]...
2026-08-14 14:45:52,637 - INFO - Indicators computed | close=62875.19 ema_9=62882.71 ema_20=62917.30 ema_50=63051.53 ema_200=63320.75 macd=-56.7382 poc=63475.0 val=63375.0 vah=64075.0
2026-08-14 14:45:52,638 - INFO - [bot-1] Evaluating strategy on completed candle: 2026-08-14T09:10:00+00:00 at Close price: 62877.04
2026-08-14 14:45:52,644 - INFO - [bot-1] Active trade found in DB (ID: 122, SHORT, Entry: 62770.80, SL: 63060.83, TP: 62190.74)
2026-08-14 14:45:52,645 - INFO - [bot-1] Active trade SL/TP not hit. Holding position.
2026-08-14 14:45:52,699 - INFO - Logged heartbeat status: OK
2026-08-14 14:45:52,699 - INFO - Job "LiveRunner.process_cycle (trigger: interval[0:05:00], next run at: 2026-08-14 14:50:51 IST)" executed successfully
2026-08-14 14:50:51,997 - INFO - Running job "LiveRunner.process_cycle (trigger: interval[0:05:00], next run at: 2026-08-14 14:55:51 IST)" (scheduled at 2026-08-14 14:50:51.990067+05:30)
2026-08-14 14:50:52,002 - INFO - [bot-1] Starting signal check cycle for BTC/USDT (5m)...
2026-08-14 14:50:52,011 - INFO - Fetching recent candles for BTC/USDT (5m) [Bot: bot-1]...
2026-08-14 14:50:52,761 - INFO - Indicators computed | close=62891.41 ema_9=62887.04 ema_20=62916.23 ema_50=63045.87 ema_200=63316.64 macd=-51.2887 poc=63475.0 val=63350.0 vah=64050.0
2026-08-14 14:50:52,762 - INFO - [bot-1] Evaluating strategy on completed candle: 2026-08-14T09:15:00+00:00 at Close price: 62891.41
2026-08-14 14:50:52,774 - INFO - [bot-1] Active trade found in DB (ID: 122, SHORT, Entry: 62770.80, SL: 63060.83, TP: 62190.74)
2026-08-14 14:50:52,774 - INFO - [bot-1] Active trade SL/TP not hit. Holding position.
2026-08-14 14:50:52,833 - INFO - Logged heartbeat status: OK
2026-08-14 14:50:52,834 - INFO - Job "LiveRunner.process_cycle (trigger: interval[0:05:00], next run at: 2026-08-14 14:55:51 IST)" executed successfully
2026-08-14 14:55:51,994 - INFO - Running job "LiveRunner.process_cycle (trigger: interval[0:05:00], next run at: 2026-08-14 15:00:51 IST)" (scheduled at 2026-08-14 14:55:51.990067+05:30)
2026-08-14 14:55:52,003 - INFO - [bot-1] Starting signal check cycle for BTC/USDT (5m)...
2026-08-14 14:55:52,010 - INFO - Fetching recent candles for BTC/USDT (5m) [Bot: bot-1]...
2026-08-14 14:55:52,733 - INFO - Indicators computed | close=62907.02 ema_9=62893.87 ema_20=62916.88 ema_50=63041.09 ema_200=63312.74 macd=-45.1136 poc=63475.0 val=63350.0 vah=64050.0
2026-08-14 14:55:52,734 - INFO - [bot-1] Evaluating strategy on completed candle: 2026-08-14T09:20:00+00:00 at Close price: 62909.10
2026-08-14 14:55:52,747 - INFO - [bot-1] Active trade found in DB (ID: 122, SHORT, Entry: 62770.80, SL: 63060.83, TP: 62190.74)
2026-08-14 14:55:52,747 - INFO - [bot-1] Active trade SL/TP not hit. Holding position.
2026-08-14 14:55:52,816 - INFO - Logged heartbeat status: OK
2026-08-14 14:55:52,816 - INFO - Job "LiveRunner.process_cycle (trigger: interval[0:05:00], next run at: 2026-08-14 15:00:51 IST)" executed successfully
2026-08-14 15:00:52,005 - INFO - Running job "LiveRunner.process_cycle (trigger: interval[0:05:00], next run at: 2026-08-14 15:05:51 IST)" (scheduled at 2026-08-14 15:00:51.990067+05:30)
2026-08-14 15:00:52,011 - INFO - [bot-1] Starting signal check cycle for BTC/USDT (5m)...
2026-08-14 15:00:52,020 - INFO - Fetching recent candles for BTC/USDT (5m) [Bot: bot-1]...
2026-08-14 15:00:52,769 - INFO - Indicators computed | close=62772.76 ema_9=62851.72 ema_20=62893.50 ema_50=63026.34 ema_200=63306.27 macd=-58.4778 poc=63475.0 val=63350.0 vah=64050.0
2026-08-14 15:00:52,770 - INFO - [bot-1] Evaluating strategy on completed candle: 2026-08-14T09:25:00+00:00 at Close price: 62794.98
2026-08-14 15:00:52,786 - INFO - [bot-1] Active trade found in DB (ID: 122, SHORT, Entry: 62770.80, SL: 63060.83, TP: 62190.74)
2026-08-14 15:00:52,786 - INFO - [bot-1] Active trade SL/TP not hit. Holding position.
2026-08-14 15:00:52,868 - INFO - Logged heartbeat status: OK
2026-08-14 15:00:52,868 - INFO - Job "LiveRunner.process_cycle (trigger: interval[0:05:00], next run at: 2026-08-14 15:05:51 IST)" executed successfully
2026-08-14 15:05:51,993 - INFO - Running job "LiveRunner.process_cycle (trigger: interval[0:05:00], next run at: 2026-08-14 15:10:51 IST)" (scheduled at 2026-08-14 15:05:51.990067+05:30)
2026-08-14 15:05:51,997 - INFO - [bot-1] Starting signal check cycle for BTC/USDT (5m)...
2026-08-14 15:05:52,004 - INFO - Fetching recent candles for BTC/USDT (5m) [Bot: bot-1]...
2026-08-14 15:05:52,837 - INFO - Indicators computed | close=62798.46 ema_9=62848.24 ema_20=62888.31 ema_50=63019.10 ema_200=63301.66 macd=-56.4683 poc=63475.0 val=63350.0 vah=64050.0
2026-08-14 15:05:52,837 - INFO - [bot-1] Evaluating strategy on completed candle: 2026-08-14T09:30:00+00:00 at Close price: 62817.59
2026-08-14 15:05:52,850 - INFO - [bot-1] Active trade found in DB (ID: 122, SHORT, Entry: 62770.80, SL: 63060.83, TP: 62190.74)
2026-08-14 15:05:52,850 - INFO - [bot-1] Active trade SL/TP not hit. Holding position.
2026-08-14 15:05:52,929 - INFO - Logged heartbeat status: OK
2026-08-14 15:05:52,930 - INFO - Job "LiveRunner.process_cycle (trigger: interval[0:05:00], next run at: 2026-08-14 15:10:51 IST)" executed successfully
2026-08-14 15:10:51,998 - INFO - Running job "LiveRunner.process_cycle (trigger: interval[0:05:00], next run at: 2026-08-14 15:15:51 IST)" (scheduled at 2026-08-14 15:10:51.990067+05:30)
2026-08-14 15:10:52,001 - INFO - [bot-1] Starting signal check cycle for BTC/USDT (5m)...
2026-08-14 15:10:52,004 - INFO - Fetching recent candles for BTC/USDT (5m) [Bot: bot-1]...
2026-08-14 15:10:52,431 - INFO - Indicators computed | close=62747.99 ema_9=62820.83 ema_20=62870.98 ema_50=63006.73 ema_200=63295.69 macd=-63.9108 poc=63475.0 val=63350.0 vah=64050.0
2026-08-14 15:10:52,431 - INFO - [bot-1] Evaluating strategy on completed candle: 2026-08-14T09:35:00+00:00 at Close price: 62752.47
2026-08-14 15:10:52,436 - INFO - [bot-1] Active trade found in DB (ID: 122, SHORT, Entry: 62770.80, SL: 63060.83, TP: 62190.74)
2026-08-14 15:10:52,436 - INFO - [bot-1] Active trade SL/TP not hit. Holding position.
2026-08-14 15:10:52,473 - INFO - Logged heartbeat status: OK
2026-08-14 15:10:52,474 - INFO - Job "LiveRunner.process_cycle (trigger: interval[0:05:00], next run at: 2026-08-14 15:15:51 IST)" executed successfully
2026-08-14 15:15:52,006 - INFO - Running job "LiveRunner.process_cycle (trigger: interval[0:05:00], next run at: 2026-08-14 15:20:51 IST)" (scheduled at 2026-08-14 15:15:51.990067+05:30)
2026-08-14 15:15:52,009 - INFO - [bot-1] Starting signal check cycle for BTC/USDT (5m)...
2026-08-14 15:15:52,012 - INFO - Fetching recent candles for BTC/USDT (5m) [Bot: bot-1]...
2026-08-14 15:15:52,444 - INFO - Indicators computed | close=62776.50 ema_9=62814.49 ema_20=62863.34 ema_50=62998.30 ema_200=63290.68 macd=-62.8924 poc=63475.0 val=63350.0 vah=64050.0
2026-08-14 15:15:52,444 - INFO - [bot-1] Evaluating strategy on completed candle: 2026-08-14T09:40:00+00:00 at Close price: 62763.78
2026-08-14 15:15:52,448 - INFO - [bot-1] Active trade found in DB (ID: 122, SHORT, Entry: 62770.80, SL: 63060.83, TP: 62190.74)
2026-08-14 15:15:52,448 - INFO - [bot-1] Active trade SL/TP not hit. Holding position.
2026-08-14 15:15:52,527 - INFO - Logged heartbeat status: OK
2026-08-14 15:15:52,527 - INFO - Job "LiveRunner.process_cycle (trigger: interval[0:05:00], next run at: 2026-08-14 15:20:51 IST)" executed successfully
2026-08-14 15:20:51,993 - INFO - Running job "LiveRunner.process_cycle (trigger: interval[0:05:00], next run at: 2026-08-14 15:25:51 IST)" (scheduled at 2026-08-14 15:20:51.990067+05:30)
2026-08-14 15:20:51,996 - INFO - [bot-1] Starting signal check cycle for BTC/USDT (5m)...
2026-08-14 15:21:24,840 - ERROR - Error logging bot activity for bot-1: database is locked
2026-08-14 15:21:24,840 - INFO - Fetching recent candles for BTC/USDT (5m) [Bot: bot-1]...
2026-08-14 15:21:25,286 - INFO - Indicators computed | close=62798.04 ema_9=62818.80 ema_20=62861.22 ema_50=62992.23 ema_200=63286.25 macd=-57.7214 poc=63475.0 val=63350.0 vah=64050.0
2026-08-14 15:21:25,286 - INFO - [bot-1] Evaluating strategy on completed candle: 2026-08-14T09:45:00+00:00 at Close price: 62823.99
2026-08-14 15:21:58,115 - ERROR - Error logging bot activity for bot-1: database is locked
2026-08-14 15:21:58,118 - INFO - [bot-1] Active trade found in DB (ID: 122, SHORT, Entry: 62770.80, SL: 63060.83, TP: 62190.74)
2026-08-14 15:21:58,118 - INFO - [bot-1] Active trade SL/TP not hit. Holding position.
2026-08-14 15:22:30,934 - ERROR - Error logging signal to DB: database is locked
2026-08-14 15:23:04,530 - ERROR - Error logging heartbeat to DB: database is locked
2026-08-14 15:23:37,897 - ERROR - Error logging bot status: database is locked
2026-08-14 15:24:11,065 - WARNING - [bot-1] Failed to update bot_instances registry stats: database is locked
2026-08-14 15:27:41,361 - INFO - Initializing scheduled trading bot live runner for bot-1...
2026-08-14 15:30:21,099 - INFO - SQLite database tables verified/created.
2026-08-14 15:30:21,103 - INFO - Initializing CCXT Binance in TESTNET mode.
2026-08-14 15:30:24,683 - INFO - Initializing scheduled tradin2026-08-14 15:30:24,745 - INFO - Initializing scheduled trading bot live runner for bot-1...
2026-08-14 15:33:11,187 - WARNING - DB init operational lock warning: database is locked
2026-08-14 15:33:11,189 - INFO - Initializing CCXT Binance in TESTNET mode.
2026-08-14 15:33:12,571 - INFO - Initializing CCXT Binance in MAINNET mode (Public endpoints).
2026-08-14 15:33:23,545 - ERROR - Failed to record bot audit event (BOT_START): database is locked
2026-08-14 15:33:23,545 - INFO - Sending Telegram alert...
2026-08-14 15:33:57,164 - ERROR - Error logging Telegram event: database is locked
2026-08-14 15:33:57,164 - INFO - Telegram alert sent successfully.
2026-08-14 15:33:57,166 - INFO - [bot-1] Starting signal check cycle for BTC/USDT (5m)...
2026-08-14 15:34:29,932 - ERROR - Error logging bot activity for bot-1: database is locked
2026-08-14 15:34:29,933 - INFO - Fetching recent candles for BTC/USDT (5m) [Bot: bot-1]...
2026-08-14 15:34:32,488 - INFO - Indicators computed | close=62832.00 ema_9=62819.82 ema_20=62854.09 ema_50=62979.15 ema_200=63277.06 macd=-50.6669 poc=63475.0 val=63350.0 vah=64075.0
2026-08-14 15:34:32,488 - INFO - [bot-1] Evaluating strategy on completed candle: 2026-08-14T09:55:00+00:00 at Close price: 62792.75
2026-08-14 15:35:05,337 - ERROR - Error logging bot activity for bot-1: database is locked
2026-08-14 15:35:05,339 - INFO - [bot-1] Active trade found in DB (ID: 122, SHORT, Entry: 62770.80, SL: 63060.83, TP: 62190.74)
2026-08-14 15:35:05,339 - INFO - [bot-1] Active trade SL/TP not hit. Holding position.
2026-08-14 15:35:38,162 - ERROR - Error logging signal to DB: database is locked
2026-08-14 15:36:10,992 - ERROR - Error logging heartbeat to DB: database is locked
2026-08-14 15:36:43,837 - ERROR - Error logging bot status: database is locked
2026-08-14 15:37:16,654 - WARNING - [bot-1] Failed to update bot_instances registry stats: database is locked
2026-08-14 15:37:49,618 - ERROR - Error logging daily statistics: database is locked
2026-08-14 15:37:49,618 - INFO - Logged heartbeat status: OK
2026-08-14 15:37:49,623 - INFO - Adding job tentatively -- it will be properly scheduled when the scheduler starts
2026-08-14 15:37:49,624 - INFO - Bot bot-1 scheduled to check every 5 minutes.
2026-08-14 15:37:49,624 - INFO - Added job "LiveRunner.process_cycle" to job store "default"
2026-08-14 15:37:49,624 - INFO - Scheduler started
2026-08-14 15:42:49,633 - INFO - Running job "LiveRunner.process_cycle (trigger: interval[0:05:00], next run at: 2026-08-14 15:42:49 IST)" (scheduled at 2026-08-14 15:42:49.623846+05:30)
2026-08-14 15:42:49,635 - INFO - [bot-1] Starting signal check cycle for BTC/USDT (5m)...
2026-08-14 15:43:22,478 - ERROR - Error logging bot activity for bot-1: database is locked
2026-08-14 15:43:22,479 - INFO - Fetching recent candles for BTC/USDT (5m) [Bot: bot-1]...
2026-08-14 15:43:23,163 - INFO - Indicators computed | close=62840.00 ema_9=62822.48 ema_20=62848.98 ema_50=62967.33 ema_200=63268.11 macd=-43.4288 poc=63475.0 val=63350.0 vah=64075.0
2026-08-14 15:43:23,164 - INFO - [bot-1] Evaluating strategy on completed candle: 2026-08-14T10:05:00+00:00 at Close price: 62816.97
2026-08-14 15:43:55,983 - ERROR - Error logging bot activity for bot-1: database is locked
2026-08-14 15:43:55,985 - INFO - [bot-1] Active trade found in DB (ID: 122, SHORT, Entry: 62770.80, SL: 63060.83, TP: 62190.74)
2026-08-14 15:43:55,986 - INFO - [bot-1] Active trade SL/TP not hit. Holding position.
2026-08-14 15:44:28,816 - ERROR - Error logging signal to DB: database is locked
2026-08-14 15:45:01,635 - ERROR - Error logging heartbeat to DB: database is locked
2026-08-14 15:45:34,486 - ERROR - Error logging bot status: database is locked
2026-08-14 15:46:07,336 - WARNING - [bot-1] Failed to update bot_instances registry stats: database is locked
2026-08-14 15:46:40,210 - ERROR - Error logging daily statistics: database is locked
2026-08-14 15:46:40,211 - INFO - Logged heartbeat status: OK
2026-08-14 15:46:40,211 - INFO - Job "LiveRunner.process_cycle (trigger: interval[0:05:00], next run at: 2026-08-14 15:47:49 IST)" executed successfully
2026-08-14 15:47:49,629 - INFO - Running job "LiveRunner.process_cycle (trigger: interval[0:05:00], next run at: 2026-08-14 15:52:49 IST)" (scheduled at 2026-08-14 15:47:49.623846+05:30)
2026-08-14 15:47:49,631 - INFO - [bot-1] Starting signal check cycle for BTC/USDT (5m)...
2026-08-14 15:48:22,482 - ERROR - Error logging bot activity for bot-1: database is locked
2026-08-14 15:48:22,482 - INFO - Fetching recent candles for BTC/USDT (5m) [Bot: bot-1]...
2026-08-14 15:48:23,190 - INFO - Indicators computed | close=62904.61 ema_9=62842.29 ema_20=62856.11 ema_50=62965.66 ema_200=63264.71 macd=-32.7384 poc=63475.0 val=63350.0 vah=64075.0
2026-08-14 15:48:23,191 - INFO - [bot-1] Evaluating strategy on completed candle: 2026-08-14T10:10:00+00:00 at Close price: 62861.17
2026-08-14 15:48:56,025 - ERROR - Error logging bot activity for bot-1: database is locked
2026-08-14 15:48:56,027 - INFO - [bot-1] Active trade found in DB (ID: 122, SHORT, Entry: 62770.80, SL: 63060.83, TP: 62190.74)
2026-08-14 15:48:56,028 - INFO - [bot-1] Active trade SL/TP not hit. Holding position.
2026-08-14 15:49:28,902 - ERROR - Error logging signal to DB: database is locked
2026-08-14 15:50:01,798 - ERROR - Error logging heartbeat to DB: database is locked
2026-08-14 15:50:34,598 - ERROR - Error logging bot status: database is locked
2026-08-14 15:51:07,412 - WARNING - [bot-1] Failed to update bot_instances registry stats: database is locked
2026-08-14 15:51:40,285 - ERROR - Error logging daily statistics: database is locked
2026-08-14 15:51:40,285 - INFO - Logged heartbeat status: OK
2026-08-14 15:51:40,285 - INFO - Job "LiveRunner.process_cycle (trigger: interval[0:05:00], next run at: 2026-08-14 15:52:49 IST)" executed successfully
2026-08-14 15:52:49,637 - INFO - Running job "LiveRunner.process_cycle (trigger: interval[0:05:00], next run at: 2026-08-14 15:57:49 IST)" (scheduled at 2026-08-14 15:52:49.623846+05:30)
2026-08-14 15:52:49,643 - INFO - [bot-1] Starting signal check cycle for BTC/USDT (5m)...
2026-08-14 15:53:22,452 - ERROR - Error logging bot activity for bot-1: database is locked
2026-08-14 15:53:22,453 - INFO - Fetching recent candles for BTC/USDT (5m) [Bot: bot-1]...
2026-08-14 15:53:23,260 - INFO - Indicators computed | close=62892.84 ema_9=62851.66 ema_20=62859.21 ema_50=62962.63 ema_200=63260.96 macd=-26.5350 poc=63475.0 val=63350.0 vah=64075.0
2026-08-14 15:53:23,261 - INFO - [bot-1] Evaluating strategy on completed candle: 2026-08-14T10:15:00+00:00 at Close price: 62900.01
2026-08-14 15:53:56,077 - ERROR - Error logging bot activity for bot-1: database is locked
2026-08-14 15:53:56,080 - INFO - [bot-1] Active trade found in DB (ID: 122, SHORT, Entry: 62770.80, SL: 63060.83, TP: 62190.74)
2026-08-14 15:53:56,080 - INFO - [bot-1] Active trade SL/TP not hit. Holding position.
2026-08-14 15:54:28,921 - ERROR - Error logging signal to DB: database is locked
2026-08-14 15:55:01,776 - ERROR - Error logging heartbeat to DB: database is locked
2026-08-14 15:55:34,604 - ERROR - Error logging bot status: database is locked
2026-08-14 15:56:07,449 - WARNING - [bot-1] Failed to update bot_instances registry stats: database is locked
2026-08-14 15:56:40,316 - ERROR - Error logging daily statistics: database is locked
2026-08-14 15:56:40,317 - INFO - Logged heartbeat status: OK
2026-08-14 15:56:40,317 - INFO - Job "LiveRunner.process_cycle (trigger: interval[0:05:00], next run at: 2026-08-14 15:57:49 IST)" executed successfully
2026-08-14 15:57:49,635 - INFO - Running job "LiveRunner.process_cycle (trigger: interval[0:05:00], next run at: 2026-08-14 16:02:49 IST)" (scheduled at 2026-08-14 15:57:49.623846+05:30)
2026-08-14 15:57:49,639 - INFO - [bot-1] Starting signal check cycle for BTC/USDT (5m)...
2026-08-14 15:58:22,463 - ERROR - Error logging bot activity for bot-1: database is locked
2026-08-14 15:58:22,463 - INFO - Fetching recent candles for BTC/USDT (5m) [Bot: bot-1]...
2026-08-14 15:58:23,147 - INFO - Indicators computed | close=62869.17 ema_9=62854.39 ema_20=62859.74 ema_50=62958.79 ema_200=63257.02 macd=-23.2712 poc=63475.0 val=63350.0 vah=64075.0
2026-08-14 15:58:23,148 - INFO - [bot-1] Evaluating strategy on completed candle: 2026-08-14T10:20:00+00:00 at Close price: 62888.00
2026-08-14 15:58:55,951 - ERROR - Error logging bot activity for bot-1: database is locked
2026-08-14 15:58:55,953 - INFO - [bot-1] Active trade found in DB (ID: 122, SHORT, Entry: 62770.80, SL: 63060.83, TP: 62190.74)
2026-08-14 15:58:55,953 - INFO - [bot-1] Active trade SL/TP not hit. Holding position.
2026-08-14 15:59:28,797 - ERROR - Error logging signal to DB: database is locked
2026-08-14 16:00:01,648 - ERROR - Error logging heartbeat to DB: database is locked
2026-08-14 16:00:34,460 - ERROR - Error logging bot status: database is locked
2026-08-14 16:01:07,304 - WARNING - [bot-1] Failed to update bot_instances registry stats: database is locked
2026-08-14 16:01:40,132 - ERROR - Error logging daily statistics: database is locked
2026-08-14 16:01:40,132 - INFO - Logged heartbeat status: OK
2026-08-14 16:01:40,133 - INFO - Job "LiveRunner.process_cycle (trigger: interval[0:05:00], next run at: 2026-08-14 16:02:49 IST)" executed successfully
2026-08-14 16:02:49,631 - INFO - Running job "LiveRunner.process_cycle (trigger: interval[0:05:00], next run at: 2026-08-14 16:07:49 IST)" (scheduled at 2026-08-14 16:02:49.623846+05:30)
2026-08-14 16:02:49,633 - INFO - [bot-1] Starting signal check cycle for BTC/USDT (5m)...
2026-08-14 16:03:22,446 - ERROR - Error logging bot activity for bot-1: database is locked
2026-08-14 16:03:22,446 - INFO - Fetching recent candles for BTC/USDT (5m) [Bot: bot-1]...
2026-08-14 16:03:23,064 - INFO - Indicators computed | close=62906.73 ema_9=62867.94 ema_20=62865.88 ema_50=62957.47 ema_200=63253.72 macd=-15.9627 poc=63475.0 val=63350.0 vah=64075.0
2026-08-14 16:03:23,064 - INFO - [bot-1] Evaluating strategy on completed candle: 2026-08-14T10:25:00+00:00 at Close price: 62888.45
2026-08-14 16:03:55,869 - ERROR - Error logging bot activity for bot-1: database is locked
2026-08-14 16:03:55,872 - INFO - [bot-1] Active trade found in DB (ID: 122, SHORT, Entry: 62770.80, SL: 63060.83, TP: 62190.74)
2026-08-14 16:03:55,872 - INFO - [bot-1] Active trade SL/TP not hit. Holding position.
2026-08-14 16:04:28,680 - ERROR - Error logging signal to DB: database is locked
2026-08-14 16:05:01,504 - ERROR - Error logging heartbeat to DB: database is locked
2026-08-14 16:05:34,330 - ERROR - Error logging bot status: database is locked
2026-08-14 16:06:07,149 - WARNING - [bot-1] Failed to update bot_instances registry stats: database is locked
2026-08-14 16:06:40,037 - ERROR - Error logging daily statistics: database is locked
2026-08-14 16:06:40,037 - INFO - Logged heartbeat status: OK
2026-08-14 16:06:40,037 - INFO - Job "LiveRunner.process_cycle (trigger: interval[0:05:00], next run at: 2026-08-14 16:07:49 IST)" executed successfully
2026-08-14 16:07:49,639 - INFO - Running job "LiveRunner.process_cycle (trigger: interval[0:05:00], next run at: 2026-08-14 16:12:49 IST)" (scheduled at 2026-08-14 16:07:49.623846+05:30)
2026-08-14 16:07:49,641 - INFO - [bot-1] Starting signal check cycle for BTC/USDT (5m)...
2026-08-14 16:08:22,523 - ERROR - Error logging bot activity for bot-1: database is locked
2026-08-14 16:08:22,524 - INFO - Fetching recent candles for BTC/USDT (5m) [Bot: bot-1]...
2026-08-14 16:08:23,143 - INFO - Indicators computed | close=62881.70 ema_9=62872.82 ema_20=62868.53 ema_50=62955.00 ema_200=63250.15 macd=-12.4391 poc=63475.0 val=63350.0 vah=64075.0
2026-08-14 16:08:23,145 - INFO - [bot-1] Evaluating strategy on completed candle: 2026-08-14T10:30:00+00:00 at Close price: 62920.00
2026-08-14 16:08:55,966 - ERROR - Error logging bot activity for bot-1: database is locked
2026-08-14 16:08:55,968 - INFO - [bot-1] Active trade found in DB (ID: 122, SHORT, Entry: 62770.80, SL: 63060.83, TP: 62190.74)
2026-08-14 16:08:55,968 - INFO - [bot-1] Active trade SL/TP not hit. Holding position.
2026-08-14 16:09:01,928 - INFO - Logged heartbeat status: OK
2026-08-14 16:09:01,929 - INFO - Job "LiveRunner.process_cycle (trigger: interval[0:05:00], next run at: 2026-08-14 16:12:49 IST)" executed successfully
2026-08-14 16:12:49,630 - INFO - Running job "LiveRunner.process_cycle (trigger: interval[0:05:00], next run at: 2026-08-14 16:17:49 IST)" (scheduled at 2026-08-14 16:12:49.623846+05:30)
2026-08-14 16:12:49,635 - INFO - [bot-1] Starting signal check cycle for BTC/USDT (5m)...
2026-08-14 16:12:49,640 - INFO - Fetching recent candles for BTC/USDT (5m) [Bot: bot-1]...
2026-08-14 16:12:50,319 - INFO - Indicators computed | close=62858.05 ema_9=62872.75 ema_20=62869.09 ema_50=62951.88 ema_200=63246.43 macd=-11.1404 poc=63475.0 val=63350.0 vah=64075.0
2026-08-14 16:12:50,320 - INFO - [bot-1] Evaluating strategy on completed candle: 2026-08-14T10:35:00+00:00 at Close price: 62899.76
2026-08-14 16:12:50,332 - INFO - [bot-1] Active trade found in DB (ID: 122, SHORT, Entry: 62770.80, SL: 63060.83, TP: 62190.74)
2026-08-14 16:12:50,332 - INFO - [bot-1] Active trade SL/TP not hit. Holding position.
2026-08-14 16:12:50,371 - INFO - Logged heartbeat status: OK
2026-08-14 16:12:50,371 - INFO - Job "LiveRunner.process_cycle (trigger: interval[0:05:00], next run at: 2026-08-14 16:17:49 IST)" executed successfully
2026-08-14 16:17:49,638 - INFO - Running job "LiveRunner.process_cycle (trigger: interval[0:05:00], next run at: 2026-08-14 16:22:49 IST)" (scheduled at 2026-08-14 16:17:49.623846+05:30)
2026-08-14 16:17:49,640 - INFO - [bot-1] Starting signal check cycle for BTC/USDT (5m)...
2026-08-14 16:17:49,645 - INFO - Fetching recent candles for BTC/USDT (5m) [Bot: bot-1]...
2026-08-14 16:17:50,260 - INFO - Indicators computed | close=62843.52 ema_9=62869.59 ema_20=62868.10 ema_50=62948.26 ema_200=63242.59 macd=-11.2497 poc=63475.0 val=63350.0 vah=64075.0
2026-08-14 16:17:50,261 - INFO - [bot-1] Evaluating strategy on completed candle: 2026-08-14T10:40:00+00:00 at Close price: 62874.84
2026-08-14 16:17:50,269 - INFO - [bot-1] Active trade found in DB (ID: 122, SHORT, Entry: 62770.80, SL: 63060.83, TP: 62190.74)
2026-08-14 16:17:50,269 - INFO - [bot-1] Active trade SL/TP not hit. Holding position.
2026-08-14 16:17:50,319 - INFO - Logged heartbeat status: OK
2026-08-14 16:17:50,319 - INFO - Job "LiveRunner.process_cycle (trigger: interval[0:05:00], next run at: 2026-08-14 16:22:49 IST)" executed successfully
2026-08-14 16:22:49,625 - INFO - Running job "LiveRunner.process_cycle (trigger: interval[0:05:00], next run at: 2026-08-14 16:27:49 IST)" (scheduled at 2026-08-14 16:22:49.623846+05:30)
2026-08-14 16:22:49,629 - INFO - [bot-1] Starting signal check cycle for BTC/USDT (5m)...
2026-08-14 16:22:49,643 - INFO - Fetching recent candles for BTC/USDT (5m) [Bot: bot-1]...
2026-08-14 16:22:50,333 - INFO - Indicators computed | close=62851.60 ema_9=62866.22 ema_20=62866.65 ema_50=62944.53 ema_200=63238.71 macd=-11.5244 poc=63475.0 val=63350.0 vah=64075.0
2026-08-14 16:22:50,334 - INFO - [bot-1] Evaluating strategy on completed candle: 2026-08-14T10:45:00+00:00 at Close price: 62844.94
2026-08-14 16:22:50,342 - INFO - [bot-1] Active trade found in DB (ID: 122, SHORT, Entry: 62770.80, SL: 63060.83, TP: 62190.74)
2026-08-14 16:22:50,343 - INFO - [bot-1] Active trade SL/TP not hit. Holding position.
2026-08-14 16:22:50,393 - INFO - Logged heartbeat status: OK
2026-08-14 16:22:50,393 - INFO - Job "LiveRunner.process_cycle (trigger: interval[0:05:00], next run at: 2026-08-14 16:27:49 IST)" executed successfully
2026-08-14 16:27:49,636 - INFO - Running job "LiveRunner.process_cycle (trigger: interval[0:05:00], next run at: 2026-08-14 16:32:49 IST)" (scheduled at 2026-08-14 16:27:49.623846+05:30)
2026-08-14 16:27:49,640 - INFO - [bot-1] Starting signal check cycle for BTC/USDT (5m)...
2026-08-14 16:27:49,643 - INFO - Fetching recent candles for BTC/USDT (5m) [Bot: bot-1]...
2026-08-14 16:27:50,306 - INFO - Indicators computed | close=62823.19 ema_9=62855.33 ema_20=62861.28 ema_50=62939.23 ema_200=63234.44 macd=-14.8417 poc=63475.0 val=63350.0 vah=64075.0
2026-08-14 16:27:50,306 - INFO - [bot-1] Evaluating strategy on completed candle: 2026-08-14T10:50:00+00:00 at Close price: 62837.34
2026-08-14 16:27:50,315 - INFO - [bot-1] Active trade found in DB (ID: 122, SHORT, Entry: 62770.80, SL: 63060.83, TP: 62190.74)
2026-08-14 16:27:50,315 - INFO - [bot-1] Active trade SL/TP not hit. Holding position.
2026-08-14 16:27:50,364 - INFO - Logged heartbeat status: OK
2026-08-14 16:27:50,364 - INFO - Job "LiveRunner.process_cycle (trigger: interval[0:05:00], next run at: 2026-08-14 16:32:49 IST)" executed successfully
2026-08-14 16:32:49,630 - INFO - Running job "LiveRunner.process_cycle (trigger: interval[0:05:00], next run at: 2026-08-14 16:37:49 IST)" (scheduled at 2026-08-14 16:32:49.623846+05:30)
2026-08-14 16:32:49,633 - INFO - [bot-1] Starting signal check cycle for BTC/USDT (5m)...
2026-08-14 16:32:49,638 - INFO - Fetching recent candles for BTC/USDT (5m) [Bot: bot-1]...
2026-08-14 16:32:50,423 - INFO - Indicators computed | close=62848.27 ema_9=62852.47 ema_20=62859.26 ema_50=62935.32 ema_200=63230.51 macd=-14.9370 poc=63475.0 val=63350.0 vah=64075.0
2026-08-14 16:32:50,424 - INFO - [bot-1] Evaluating strategy on completed candle: 2026-08-14T10:55:00+00:00 at Close price: 62814.14
2026-08-14 16:32:50,431 - INFO - [bot-1] Active trade found in DB (ID: 122, SHORT, Entry: 62770.80, SL: 63060.83, TP: 62190.74)
2026-08-14 16:32:50,431 - INFO - [bot-1] Active trade SL/TP not hit. Holding position.
2026-08-14 16:32:50,476 - INFO - Logged heartbeat status: OK
2026-08-14 16:32:50,476 - INFO - Job "LiveRunner.process_cycle (trigger: interval[0:05:00], next run at: 2026-08-14 16:37:49 IST)" executed successfully
2026-08-14 16:37:49,635 - INFO - Running job "LiveRunner.process_cycle (trigger: interval[0:05:00], next run at: 2026-08-14 16:42:49 IST)" (scheduled at 2026-08-14 16:37:49.623846+05:30)
2026-08-14 16:37:49,638 - INFO - [bot-1] Starting signal check cycle for BTC/USDT (5m)...
2026-08-14 16:37:49,640 - INFO - Fetching recent candles for BTC/USDT (5m) [Bot: bot-1]...
2026-08-14 16:37:50,301 - INFO - Indicators computed | close=62816.50 ema_9=62846.60 ema_20=62855.90 ema_50=62930.97 ema_200=63226.47 macd=-16.3015 poc=63475.0 val=63350.0 vah=64075.0
2026-08-14 16:37:50,301 - INFO - [bot-1] Evaluating strategy on completed candle: 2026-08-14T11:00:00+00:00 at Close price: 62856.53
2026-08-14 16:37:50,311 - INFO - [bot-1] Active trade found in DB (ID: 122, SHORT, Entry: 62770.80, SL: 63060.83, TP: 62190.74)
2026-08-14 16:37:50,312 - INFO - [bot-1] Active trade SL/TP not hit. Holding position.
2026-08-14 16:37:50,391 - INFO - Logged heartbeat status: OK
2026-08-14 16:37:50,392 - INFO - Job "LiveRunner.process_cycle (trigger: interval[0:05:00], next run at: 2026-08-14 16:42:49 IST)" executed successfully
2026-08-14 16:42:49,628 - INFO - Running job "LiveRunner.process_cycle (trigger: interval[0:05:00], next run at: 2026-08-14 16:47:49 IST)" (scheduled at 2026-08-14 16:42:49.623846+05:30)
2026-08-14 16:42:49,631 - INFO - [bot-1] Starting signal check cycle for BTC/USDT (5m)...
2026-08-14 16:42:49,633 - INFO - Fetching recent candles for BTC/USDT (5m) [Bot: bot-1]...
2026-08-14 16:42:50,327 - INFO - Indicators computed | close=62855.82 ema_9=62854.21 ema_20=62859.00 ema_50=62929.38 ema_200=63223.14 macd=-12.3459 poc=63475.0 val=63350.0 vah=64075.0
2026-08-14 16:42:50,328 - INFO - [bot-1] Evaluating strategy on completed candle: 2026-08-14T11:05:00+00:00 at Close price: 62852.52
2026-08-14 16:42:50,336 - INFO - [bot-1] Active trade found in DB (ID: 122, SHORT, Entry: 62770.80, SL: 63060.83, TP: 62190.74)
2026-08-14 16:42:50,336 - INFO - [bot-1] Active trade SL/TP not hit. Holding position.
2026-08-14 16:42:50,392 - INFO - Logged heartbeat status: OK
2026-08-14 16:42:50,392 - INFO - Job "LiveRunner.process_cycle (trigger: interval[0:05:00], next run at: 2026-08-14 16:47:49 IST)" executed successfully
2026-08-14 16:47:49,634 - INFO - Running job "LiveRunner.process_cycle (trigger: interval[0:05:00], next run at: 2026-08-14 16:52:49 IST)" (scheduled at 2026-08-14 16:47:49.623846+05:30)
2026-08-14 16:47:49,635 - INFO - [bot-1] Starting signal check cycle for BTC/USDT (5m)...
2026-08-14 16:47:51,506 - INFO - Fetching recent candles for BTC/USDT (5m) [Bot: bot-1]...
2026-08-14 16:47:51,922 - INFO - Indicators computed | close=62875.67 ema_9=62859.14 ema_20=62860.93 ema_50=62927.43 ema_200=63219.72 macd=-9.5287 poc=63475.0 val=63350.0 vah=64075.0
2026-08-14 16:47:51,923 - INFO - [bot-1] Evaluating strategy on completed candle: 2026-08-14T11:10:00+00:00 at Close price: 62859.80
2026-08-14 16:47:51,928 - INFO - [bot-1] Active trade found in DB (ID: 122, SHORT, Entry: 62770.80, SL: 63060.83, TP: 62190.74)
2026-08-14 16:47:51,928 - INFO - [bot-1] Active trade SL/TP not hit. Holding position.
2026-08-14 16:47:51,961 - INFO - Logged heartbeat status: OK
2026-08-14 16:47:51,961 - INFO - Job "LiveRunner.process_cycle (trigger: interval[0:05:00], next run at: 2026-08-14 16:52:49 IST)" executed successfully
2026-08-14 16:52:49,638 - INFO - Running job "LiveRunner.process_cycle (trigger: interval[0:05:00], next run at: 2026-08-14 16:57:49 IST)" (scheduled at 2026-08-14 16:52:49.623846+05:30)
2026-08-14 16:52:49,641 - INFO - [bot-1] Starting signal check cycle for BTC/USDT (5m)...
2026-08-14 16:52:49,644 - INFO - Fetching recent candles for BTC/USDT (5m) [Bot: bot-1]...
2026-08-14 16:52:50,507 - INFO - Indicators computed | close=62884.48 ema_9=62869.88 ema_20=62866.23 ema_50=62927.08 ema_200=63216.74 macd=-4.5742 poc=63475.0 val=63350.0 vah=64100.0
2026-08-14 16:52:50,508 - INFO - [bot-1] Evaluating strategy on completed candle: 2026-08-14T11:15:00+00:00 at Close price: 62911.14
2026-08-14 16:52:50,516 - INFO - [bot-1] Active trade found in DB (ID: 122, SHORT, Entry: 62770.80, SL: 63060.83, TP: 62190.74)
2026-08-14 16:52:50,516 - INFO - [bot-1] Active trade SL/TP not hit. Holding position.
2026-08-14 16:52:50,577 - INFO - Logged heartbeat status: OK
2026-08-14 16:52:50,577 - INFO - Job "LiveRunner.process_cycle (trigger: interval[0:05:00], next run at: 2026-08-14 16:57:49 IST)" executed successfully
2026-08-14 17:06:29,736 - INFO - Initializing scheduled trading bot live runner for bot-1...
2026-08-14 17:06:29,744 - INFO - SQLite database tables verified/created.
2026-08-14 17:06:29,754 - INFO - Initializing CCXT Binance in TESTNET mode.
2026-08-14 17:06:31,143 - INFO - Initializing CCXT Binance in MAINNET mode (Public endpoints).
2026-08-14 17:06:31,163 - INFO - Sending Telegram alert...
2026-08-14 17:06:32,577 - INFO - Telegram alert sent successfully.
2026-08-14 17:06:32,583 - INFO - [bot-1] Starting signal check cycle for BTC/USDT (5m)...
2026-08-14 17:06:32,587 - INFO - Fetching recent candles for BTC/USDT (5m) [Bot: bot-1]...
2026-08-14 17:06:34,409 - INFO - Indicators computed | close=62905.67 ema_9=62885.29 ema_20=62875.25 ema_50=62924.11 ema_200=63207.40 macd=2.8364 poc=63475.0 val=63350.0 vah=64100.0
2026-08-14 17:06:34,409 - INFO - [bot-1] Evaluating strategy on completed candle: 2026-08-14T11:30:00+00:00 at Close price: 62901.52
2026-08-14 17:06:34,412 - INFO - [bot-1] Active trade found in DB (ID: 122, SHORT, Entry: 62770.80, SL: 63060.83, TP: 62190.74)
2026-08-14 17:06:34,413 - INFO - [bot-1] Active trade SL/TP not hit. Holding position.
2026-08-14 17:06:34,466 - INFO - Logged heartbeat status: OK
2026-08-14 17:06:34,468 - INFO - Adding job tentatively -- it will be properly scheduled when the scheduler starts
2026-08-14 17:06:34,469 - INFO - Bot bot-1 scheduled to check every 5 minutes.
2026-08-14 17:06:34,469 - INFO - Added job "LiveRunner.process_cycle" to job store "default"
2026-08-14 17:06:34,469 - INFO - Scheduler started
2026-08-14 17:11:34,470 - INFO - Running job "LiveRunner.process_cycle (trigger: interval[0:05:00], next run at: 2026-08-14 17:11:34 IST)" (scheduled at 2026-08-14 17:11:34.468879+05:30)
2026-08-14 17:11:34,476 - INFO - [bot-1] Starting signal check cycle for BTC/USDT (5m)...
2026-08-14 17:11:34,479 - INFO - Fetching recent candles for BTC/USDT (5m) [Bot: bot-1]...
2026-08-14 17:11:34,866 - INFO - Indicators computed | close=62847.91 ema_9=62874.99 ema_20=62871.12 ema_50=62920.45 ema_200=63203.65 macd=-1.0711 poc=63475.0 val=63350.0 vah=64100.0
2026-08-14 17:11:34,867 - INFO - [bot-1] Evaluating strategy on completed candle: 2026-08-14T11:35:00+00:00 at Close price: 62888.01
2026-08-14 17:11:34,871 - INFO - [bot-1] Active trade found in DB (ID: 122, SHORT, Entry: 62770.80, SL: 63060.83, TP: 62190.74)
2026-08-14 17:11:34,871 - INFO - [bot-1] Active trade SL/TP not hit. Holding position.
2026-08-14 17:11:34,907 - INFO - Logged heartbeat status: OK
2026-08-14 17:11:34,907 - INFO - Job "LiveRunner.process_cycle (trigger: interval[0:05:00], next run at: 2026-08-14 17:16:34 IST)" executed successfully
2026-08-14 17:16:34,481 - INFO - Running job "LiveRunner.process_cycle (trigger: interval[0:05:00], next run at: 2026-08-14 17:21:34 IST)" (scheduled at 2026-08-14 17:16:34.468879+05:30)
2026-08-14 17:16:34,486 - INFO - [bot-1] Starting signal check cycle for BTC/USDT (5m)...
2026-08-14 17:16:34,489 - INFO - Fetching recent candles for BTC/USDT (5m) [Bot: bot-1]...
2026-08-14 17:16:34,895 - INFO - Indicators computed | close=62868.01 ema_9=62881.33 ema_20=62875.00 ema_50=62920.22 ema_200=63200.79 macd=1.5672 poc=63475.0 val=63350.0 vah=64100.0
2026-08-14 17:16:34,895 - INFO - [bot-1] Evaluating strategy on completed candle: 2026-08-14T11:40:00+00:00 at Close price: 62896.30
2026-08-14 17:16:34,900 - INFO - [bot-1] Active trade found in DB (ID: 122, SHORT, Entry: 62770.80, SL: 63060.83, TP: 62190.74)
2026-08-14 17:16:34,900 - INFO - [bot-1] Active trade SL/TP not hit. Holding position.
2026-08-14 17:16:34,969 - INFO - Logged heartbeat status: OK
2026-08-14 17:16:34,969 - INFO - Job "LiveRunner.process_cycle (trigger: interval[0:05:00], next run at: 2026-08-14 17:21:34 IST)" executed successfully
2026-08-14 22:19:08,988 - INFO - Initializing scheduled trading bot live runner for bot-1...
2026-08-14 22:19:09,027 - INFO - SQLite database tables verified/created.
2026-08-14 22:19:09,037 - INFO - Initializing CCXT Binance in TESTNET mode.
2026-08-14 22:19:10,566 - INFO - Initializing CCXT Binance in MAINNET mode (Public endpoints).
2026-08-14 22:19:10,635 - INFO - Sending Telegram alert...
2026-08-14 22:19:14,600 - INFO - Initializing scheduled trading bot live runner for bot-1...
2026-08-14 22:19:14,609 - INFO - SQLite database tables verified/created.
2026-08-14 22:19:14,634 - INFO - Initializing CCXT Binance in TESTNET mode.
2026-08-14 22:19:15,751 - INFO - Initializing CCXT Binance in MAINNET mode (Public endpoints).
2026-08-14 22:19:15,886 - INFO - Sending Telegram alert...
2026-08-14 22:19:16,676 - INFO - Telegram alert sent successfully.
2026-08-14 22:19:16,681 - INFO - [bot-1] Starting signal check cycle for BTC/USDT (5m)...
2026-08-14 22:19:16,690 - INFO - Fetching recent candles for BTC/USDT (5m) [Bot: bot-1]...
2026-08-14 22:19:18,961 - INFO - Indicators computed | close=63179.22 ema_9=63125.18 ema_20=63022.28 ema_50=62905.98 ema_200=63037.99 macd=111.6384 poc=63475.0 val=63325.0 vah=64175.0
2026-08-14 22:19:18,961 - INFO - [bot-1] Evaluating strategy on completed candle: 2026-08-14T16:40:00+00:00 at Close price: 63210.31
2026-08-14 22:19:18,977 - INFO - [bot-1] Active trade found in DB (ID: 122, SHORT, Entry: 62770.80, SL: 63060.83, TP: 62190.74)
2026-08-14 22:19:18,978 - INFO - [bot-1] Active trade exit condition detected (STOP LOSS)! Price: 63060.83, PnL: -46.20. Generating POSITION ALERT (Waiting for user decision).
2026-08-14 22:19:18,991 - INFO - Created pending signal approval ID 84 for bot bot-1 (EXIT_SIGNAL @ $63210.31, status: WAITING_APPROVAL)
2026-08-14 22:19:19,845 - INFO - Logged heartbeat status: OK
2026-08-14 22:19:19,848 - INFO - Adding job tentatively -- it will be properly scheduled when the scheduler starts
2026-08-14 22:19:19,848 - INFO - Bot bot-1 scheduled to check every 5 minutes.
2026-08-14 22:19:19,848 - INFO - Added job "LiveRunner.process_cycle" to job store "default"
2026-08-14 22:19:19,848 - INFO - Scheduler started
2026-08-14 22:51:57,837 - INFO - Initializing scheduled trading bot live runner for bot-1...
2026-08-14 22:51:57,997 - INFO - SQLite database tables verified/created.
2026-08-14 22:51:58,000 - INFO - Initializing CCXT Binance in TESTNET mode.
2026-08-14 22:51:59,111 - INFO - Initializing CCXT Binance in MAINNET mode (Public endpoints).
2026-08-14 22:51:59,254 - INFO - Sending Telegram alert...
2026-08-14 22:52:00,054 - INFO - Telegram alert sent successfully.
2026-08-14 22:52:00,070 - INFO - [bot-1] Starting signal check cycle for BTC/USDT (5m)...
2026-08-14 22:52:00,155 - INFO - Fetching recent candles for BTC/USDT (5m) [Bot: bot-1]...
2026-08-14 22:52:03,346 - INFO - Indicators computed | close=63200.00 ema_9=63160.27 ema_20=63092.60 ema_50=62967.52 ema_200=63045.97 macd=87.2296 poc=63475.0 val=63325.0 vah=64200.0
2026-08-14 22:52:04,018 - INFO - [bot-1] Evaluating strategy on completed candle: 2026-08-14T17:15:00+00:00 at Close price: 63201.77
2026-08-14 22:52:05,725 - INFO - [bot-1] Active trade found in DB (ID: 122, SHORT, Entry: 62770.80, SL: 63060.83, TP: 62190.74)
2026-08-14 22:52:05,726 - INFO - [bot-1] Active trade exit condition detected (STOP LOSS)! Price: 63060.83, PnL: -46.20. Generating POSITION ALERT (Waiting for user decision).
2026-08-14 22:52:05,845 - INFO - Created pending signal approval ID 91 for bot bot-1 (EXIT_SIGNAL @ $63201.77, status: WAITING_APPROVAL)
2026-08-14 22:52:08,818 - INFO - Logged heartbeat status: OK
2026-08-14 22:52:08,829 - INFO - Adding job tentatively -- it will be properly scheduled when the scheduler starts
2026-08-14 22:52:08,830 - INFO - Bot bot-1 scheduled to check every 5 minutes.
2026-08-14 22:52:08,830 - INFO - Added job "LiveRunner.process_cycle" to job store "default"
2026-08-14 22:52:08,830 - INFO - Scheduler started
2026-08-14 22:55:09,890 - INFO - Initializing scheduled trading bot live runner for bot-1...
2026-08-14 22:55:09,903 - INFO - SQLite database tables verified/created.
2026-08-14 22:55:09,915 - INFO - Initializing CCXT Binance in TESTNET mode.
2026-08-14 22:55:10,923 - INFO - Initializing CCXT Binance in MAINNET mode (Public endpoints).
2026-08-14 22:55:11,018 - INFO - Sending Telegram alert...
2026-08-14 22:55:11,896 - INFO - Telegram alert sent successfully.
2026-08-14 22:55:11,918 - INFO - [bot-1] Starting signal check cycle for BTC/USDT (5m)...
2026-08-14 22:55:11,927 - INFO - Fetching recent candles for BTC/USDT (5m) [Bot: bot-1]...
2026-08-14 22:55:15,588 - INFO - Indicators computed | close=63227.69 ema_9=63178.22 ema_20=63107.87 ema_50=62978.77 ema_200=63048.05 macd=89.1843 poc=63475.0 val=63325.0 vah=64200.0
2026-08-14 22:55:15,589 - INFO - [bot-1] Evaluating strategy on completed candle: 2026-08-14T17:20:00+00:00 at Close price: 63227.95
2026-08-14 22:55:15,600 - INFO - [bot-1] Active trade found in DB (ID: 122, SHORT, Entry: 62770.80, SL: 63060.83, TP: 62190.74)
2026-08-14 22:55:15,600 - INFO - [bot-1] Active trade exit condition detected (STOP LOSS)! Price: 63060.83, PnL: -46.20. Generating POSITION ALERT (Waiting for user decision).
2026-08-14 22:55:16,128 - INFO - Logged heartbeat status: OK
2026-08-14 22:55:16,130 - INFO - Adding job tentatively -- it will be properly scheduled when the scheduler starts
2026-08-14 22:55:16,130 - INFO - Bot bot-1 scheduled to check every 5 minutes.
2026-08-14 22:55:16,130 - INFO - Added job "LiveRunner.process_cycle" to job store "default"
2026-08-14 22:55:16,130 - INFO - Scheduler started
2026-08-14 23:27:39,258 - INFO - Initializing scheduled trading bot live runner for bot-1...
2026-08-14 23:27:39,405 - INFO - SQLite database tables verified/created.
2026-08-14 23:27:39,420 - INFO - Initializing CCXT Binance in TESTNET mode.
2026-08-14 23:27:44,996 - INFO - Initializing CCXT Binance in MAINNET mode (Public endpoints).
2026-08-14 23:27:45,017 - INFO - Sending Telegram alert...
2026-08-14 23:27:46,653 - INFO - Telegram alert sent successfully.
2026-08-14 23:27:46,658 - INFO - [bot-1] Starting signal check cycle for BTC/USDT (5m)...
2026-08-14 23:27:46,667 - INFO - Fetching recent candles for BTC/USDT (5m) [Bot: bot-1]...
2026-08-14 23:27:49,456 - INFO - Indicators computed | close=63020.84 ema_9=63112.69 ema_20=63104.00 ema_50=63005.53 ema_200=63051.46 macd=36.0203 poc=63475.0 val=63300.0 vah=64200.0
2026-08-14 23:27:49,457 - INFO - [bot-1] Evaluating strategy on completed candle: 2026-08-14T17:50:00+00:00 at Close price: 63074.80
2026-08-14 23:27:49,474 - INFO - [bot-1] Active trade found in DB (ID: 122, SHORT, Entry: 62770.80, SL: 63060.83, TP: 62190.74)
2026-08-14 23:27:49,475 - INFO - [bot-1] Active trade exit condition detected (STOP LOSS)! Price: 63060.83, PnL: -46.20. Generating POSITION ALERT (Waiting for user decision).
2026-08-14 23:27:49,621 - INFO - Created pending signal approval ID 92 for bot bot-1 (EXIT_SIGNAL @ $63074.80, status: WAITING_APPROVAL)
2026-08-14 23:27:50,635 - INFO - Logged heartbeat status: OK
2026-08-14 23:27:50,642 - INFO - Adding job tentatively -- it will be properly scheduled when the scheduler starts
2026-08-14 23:27:50,642 - INFO - Bot bot-1 scheduled to check every 5 minutes.
2026-08-14 23:27:50,642 - INFO - Added job "LiveRunner.process_cycle" to job store "default"
2026-08-14 23:27:50,642 - INFO - Scheduler started
2026-08-14 23:32:50,649 - INFO - Running job "LiveRunner.process_cycle (trigger: interval[0:05:00], next run at: 2026-08-14 23:32:50 IST)" (scheduled at 2026-08-14 23:32:50.642203+05:30)
2026-08-14 23:32:50,653 - INFO - [bot-1] Starting signal check cycle for BTC/USDT (5m)...
2026-08-14 23:32:50,662 - INFO - Fetching recent candles for BTC/USDT (5m) [Bot: bot-1]...
2026-08-14 23:32:51,271 - INFO - Indicators computed | close=63014.37 ema_9=63091.88 ema_20=63094.85 ema_50=63005.61 ema_200=63051.02 macd=24.6241 poc=63475.0 val=63300.0 vah=64200.0
2026-08-14 23:32:51,272 - INFO - [bot-1] Evaluating strategy on completed candle: 2026-08-14T17:55:00+00:00 at Close price: 63013.69
2026-08-14 23:32:51,285 - INFO - [bot-1] Active trade found in DB (ID: 122, SHORT, Entry: 62770.80, SL: 63060.83, TP: 62190.74)
2026-08-14 23:32:51,285 - INFO - [bot-1] Active trade exit condition detected (STOP LOSS)! Price: 63060.83, PnL: -46.20. Generating POSITION ALERT (Waiting for user decision).
2026-08-14 23:32:51,348 - INFO - Logged heartbeat status: OK
2026-08-14 23:32:51,348 - INFO - Job "LiveRunner.process_cycle (trigger: interval[0:05:00], next run at: 2026-08-14 23:37:50 IST)" executed successfully
2026-08-15 11:46:06,609 - INFO - Initializing scheduled trading bot live runner for bot-1...
2026-08-15 11:46:06,641 - INFO - SQLite database tables verified/created.
2026-08-15 11:46:06,652 - INFO - Initializing CCXT Binance in TESTNET mode.
2026-08-15 11:46:07,636 - INFO - Initializing CCXT Binance in MAINNET mode (Public endpoints).
2026-08-15 11:46:07,708 - INFO - Sending Telegram alert...
2026-08-15 11:46:18,550 - INFO - Telegram alert sent successfully.
2026-08-15 11:46:18,554 - INFO - [bot-1] Starting signal check cycle for BTC/USDT (5m)...
2026-08-15 11:46:18,564 - INFO - Fetching recent candles for BTC/USDT (5m) [Bot: bot-1]...
2026-08-15 11:46:21,873 - INFO - Indicators computed | close=63037.76 ema_9=63073.06 ema_20=63090.30 ema_50=63086.67 ema_200=63039.50 macd=-13.3363 poc=63425.0 val=63100.0 vah=64200.0
2026-08-15 11:46:21,873 - INFO - [bot-1] Evaluating strategy on completed candle: 2026-08-15T06:10:00+00:00 at Close price: 63037.76
2026-08-15 11:46:25,861 - INFO - [bot-1] Active trade found in DB (ID: 122, SHORT, Entry: 62770.80, SL: 63060.83, TP: 62190.74)
2026-08-15 11:46:25,861 - INFO - [bot-1] Active trade exit condition detected (STOP LOSS)! Price: 63060.83, PnL: -46.20. Generating POSITION ALERT (Waiting for user decision).
2026-08-15 11:46:31,217 - INFO - Logged heartbeat status: OK
2026-08-15 11:46:31,231 - INFO - Adding job tentatively -- it will be properly scheduled when the scheduler starts
2026-08-15 11:46:31,231 - INFO - Bot bot-1 scheduled to check every 5 minutes.
2026-08-15 11:46:31,232 - INFO - Added job "LiveRunner.process_cycle" to job store "default"
2026-08-15 11:46:31,232 - INFO - Scheduler started
2026-08-15 11:51:31,245 - INFO - Running job "LiveRunner.process_cycle (trigger: interval[0:05:00], next run at: 2026-08-15 11:51:31 IST)" (scheduled at 2026-08-15 11:51:31.231153+05:30)
2026-08-15 11:51:31,253 - INFO - [bot-1] Starting signal check cycle for BTC/USDT (5m)...
2026-08-15 11:51:31,282 - INFO - Fetching recent candles for BTC/USDT (5m) [Bot: bot-1]...
2026-08-15 11:51:32,444 - INFO - Indicators computed | close=63051.99 ema_9=63070.43 ema_20=63087.51 ema_50=63085.69 ema_200=63039.73 macd=-13.9648 poc=63425.0 val=63100.0 vah=64200.0
2026-08-15 11:51:32,447 - INFO - [bot-1] Evaluating strategy on completed candle: 2026-08-15T06:15:00+00:00 at Close price: 63047.68
2026-08-15 11:51:32,461 - INFO - [bot-1] Active trade found in DB (ID: 122, SHORT, Entry: 62770.80, SL: 63060.83, TP: 62190.74)
2026-08-15 11:51:32,461 - INFO - [bot-1] Active trade SL/TP not hit. Holding position.
2026-08-15 11:51:32,545 - INFO - Logged heartbeat status: OK
2026-08-15 11:51:32,545 - INFO - Job "LiveRunner.process_cycle (trigger: interval[0:05:00], next run at: 2026-08-15 11:56:31 IST)" executed successfully
2026-08-15 11:56:31,237 - INFO - Running job "LiveRunner.process_cycle (trigger: interval[0:05:00], next run at: 2026-08-15 12:01:31 IST)" (scheduled at 2026-08-15 11:56:31.231153+05:30)
2026-08-15 11:56:31,246 - INFO - [bot-1] Starting signal check cycle for BTC/USDT (5m)...
2026-08-15 11:56:31,275 - INFO - Fetching recent candles for BTC/USDT (5m) [Bot: bot-1]...
2026-08-15 11:56:33,072 - INFO - Indicators computed | close=63048.00 ema_9=63067.08 ema_20=63084.36 ema_50=63084.48 ema_200=63039.88 macd=-14.7973 poc=63425.0 val=63100.0 vah=64200.0
2026-08-15 11:56:33,073 - INFO - [bot-1] Evaluating strategy on completed candle: 2026-08-15T06:20:00+00:00 at Close price: 63059.12
2026-08-15 11:56:33,093 - INFO - [bot-1] Active trade found in DB (ID: 122, SHORT, Entry: 62770.80, SL: 63060.83, TP: 62190.74)
2026-08-15 11:56:33,093 - INFO - [bot-1] Active trade exit condition detected (STOP LOSS)! Price: 63060.83, PnL: -46.20. Generating POSITION ALERT (Waiting for user decision).
2026-08-15 11:56:33,165 - INFO - Logged heartbeat status: OK
2026-08-15 11:56:33,166 - INFO - Job "LiveRunner.process_cycle (trigger: interval[0:05:00], next run at: 2026-08-15 12:01:31 IST)" executed successfully
2026-08-15 12:01:31,244 - INFO - Running job "LiveRunner.process_cycle (trigger: interval[0:05:00], next run at: 2026-08-15 12:06:31 IST)" (scheduled at 2026-08-15 12:01:31.231153+05:30)
2026-08-15 12:01:31,247 - INFO - [bot-1] Starting signal check cycle for BTC/USDT (5m)...
2026-08-15 12:01:31,252 - INFO - Fetching recent candles for BTC/USDT (5m) [Bot: bot-1]...
2026-08-15 12:01:32,710 - INFO - Indicators computed | close=63059.36 ema_9=63063.70 ema_20=63080.99 ema_50=63083.06 ema_200=63039.96 macd=-15.5285 poc=63425.0 val=63075.0 vah=64200.0
2026-08-15 12:01:32,711 - INFO - [bot-1] Evaluating strategy on completed candle: 2026-08-15T06:25:00+00:00 at Close price: 63036.50
2026-08-15 12:01:32,770 - INFO - [bot-1] Active trade found in DB (ID: 122, SHORT, Entry: 62770.80, SL: 63060.83, TP: 62190.74)
2026-08-15 12:01:32,770 - INFO - [bot-1] Active trade exit condition detected (STOP LOSS)! Price: 63060.83, PnL: -46.20. Generating POSITION ALERT (Waiting for user decision).
2026-08-15 12:01:32,866 - INFO - Logged heartbeat status: OK
2026-08-15 12:01:32,866 - INFO - Job "LiveRunner.process_cycle (trigger: interval[0:05:00], next run at: 2026-08-15 12:06:31 IST)" executed successfully
2026-08-15 12:06:31,234 - INFO - Running job "LiveRunner.process_cycle (trigger: interval[0:05:00], next run at: 2026-08-15 12:11:31 IST)" (scheduled at 2026-08-15 12:06:31.231153+05:30)
2026-08-15 12:06:31,252 - INFO - [bot-1] Starting signal check cycle for BTC/USDT (5m)...
2026-08-15 12:06:31,259 - INFO - Fetching recent candles for BTC/USDT (5m) [Bot: bot-1]...
2026-08-15 12:06:31,723 - INFO - Indicators computed | close=63059.36 ema_9=63062.83 ema_20=63078.93 ema_50=63082.13 ema_200=63040.15 macd=-15.2063 poc=63425.0 val=63100.0 vah=64300.0
2026-08-15 12:06:31,723 - INFO - [bot-1] Evaluating strategy on completed candle: 2026-08-15T06:30:00+00:00 at Close price: 63059.35
2026-08-15 12:06:31,733 - INFO - [bot-1] Active trade found in DB (ID: 122, SHORT, Entry: 62770.80, SL: 63060.83, TP: 62190.74)
2026-08-15 12:06:31,733 - INFO - [bot-1] Active trade SL/TP not hit. Holding position.
2026-08-15 12:06:31,853 - INFO - Logged heartbeat status: OK
2026-08-15 12:06:31,853 - INFO - Job "LiveRunner.process_cycle (trigger: interval[0:05:00], next run at: 2026-08-15 12:11:31 IST)" executed successfully
2026-08-15 12:11:31,239 - INFO - Running job "LiveRunner.process_cycle (trigger: interval[0:05:00], next run at: 2026-08-15 12:16:31 IST)" (scheduled at 2026-08-15 12:11:31.231153+05:30)
2026-08-15 12:11:31,241 - INFO - [bot-1] Starting signal check cycle for BTC/USDT (5m)...
2026-08-15 12:11:31,246 - INFO - Fetching recent candles for BTC/USDT (5m) [Bot: bot-1]...
2026-08-15 12:11:32,828 - INFO - Indicators computed | close=63050.35 ema_9=63059.70 ema_20=63075.86 ema_50=63080.74 ema_200=63040.21 macd=-15.7427 poc=63425.0 val=63100.0 vah=64300.0
2026-08-15 12:11:32,829 - INFO - [bot-1] Evaluating strategy on completed candle: 2026-08-15T06:35:00+00:00 at Close price: 63055.40
2026-08-15 12:11:32,836 - INFO - [bot-1] Active trade found in DB (ID: 122, SHORT, Entry: 62770.80, SL: 63060.83, TP: 62190.74)
2026-08-15 12:11:32,837 - INFO - [bot-1] Active trade SL/TP not hit. Holding position.
2026-08-15 12:11:32,886 - INFO - Logged heartbeat status: OK
2026-08-15 12:11:32,887 - INFO - Job "LiveRunner.process_cycle (trigger: interval[0:05:00], next run at: 2026-08-15 12:16:31 IST)" executed successfully
2026-08-15 12:16:31,244 - INFO - Running job "LiveRunner.process_cycle (trigger: interval[0:05:00], next run at: 2026-08-15 12:21:31 IST)" (scheduled at 2026-08-15 12:16:31.231153+05:30)
2026-08-15 12:16:31,247 - INFO - [bot-1] Starting signal check cycle for BTC/USDT (5m)...
2026-08-15 12:16:31,263 - INFO - Fetching recent candles for BTC/USDT (5m) [Bot: bot-1]...
2026-08-15 12:16:31,670 - INFO - Indicators computed | close=63069.29 ema_9=63064.65 ema_20=63076.87 ema_50=63081.00 ema_200=63040.69 macd=-13.0585 poc=63425.0 val=63100.0 vah=64300.0
2026-08-15 12:16:31,671 - INFO - [bot-1] Evaluating strategy on completed candle: 2026-08-15T06:40:00+00:00 at Close price: 63069.29
2026-08-15 12:16:31,677 - INFO - [bot-1] Active trade found in DB (ID: 122, SHORT, Entry: 62770.80, SL: 63060.83, TP: 62190.74)
2026-08-15 12:16:31,677 - INFO - [bot-1] Active trade exit condition detected (STOP LOSS)! Price: 63060.83, PnL: -46.20. Generating POSITION ALERT (Waiting for user decision).
2026-08-15 12:16:31,680 - INFO - Created pending signal approval ID 102 for bot bot-1 (EXIT_SIGNAL @ $63069.29, status: WAITING_APPROVAL)
2026-08-15 12:16:42,641 - INFO - Logged heartbeat status: OK
2026-08-15 12:16:42,641 - INFO - Job "LiveRunner.process_cycle (trigger: interval[0:05:00], next run at: 2026-08-15 12:21:31 IST)" executed successfully
2026-08-15 12:21:31,238 - INFO - Running job "LiveRunner.process_cycle (trigger: interval[0:05:00], next run at: 2026-08-15 12:26:31 IST)" (scheduled at 2026-08-15 12:21:31.231153+05:30)
2026-08-15 12:21:31,260 - INFO - [bot-1] Starting signal check cycle for BTC/USDT (5m)...
2026-08-15 12:21:31,267 - INFO - Fetching recent candles for BTC/USDT (5m) [Bot: bot-1]...
2026-08-15 12:21:32,789 - INFO - Indicators computed | close=63092.66 ema_9=63071.57 ema_20=63079.08 ema_50=63081.77 ema_200=63041.29 macd=-9.6200 poc=63425.0 val=63100.0 vah=64300.0
2026-08-15 12:21:32,789 - INFO - [bot-1] Evaluating strategy on completed candle: 2026-08-15T06:45:00+00:00 at Close price: 63077.51
2026-08-15 12:21:32,805 - INFO - [bot-1] Active trade found in DB (ID: 122, SHORT, Entry: 62770.80, SL: 63060.83, TP: 62190.74)
2026-08-15 12:21:32,805 - INFO - [bot-1] Active trade exit condition detected (STOP LOSS)! Price: 63060.83, PnL: -46.20. Generating POSITION ALERT (Waiting for user decision).
2026-08-15 12:21:32,924 - INFO - Logged heartbeat status: OK
2026-08-15 12:21:32,924 - INFO - Job "LiveRunner.process_cycle (trigger: interval[0:05:00], next run at: 2026-08-15 12:26:31 IST)" executed successfully
2026-08-15 12:26:31,237 - INFO - Running job "LiveRunner.process_cycle (trigger: interval[0:05:00], next run at: 2026-08-15 12:31:31 IST)" (scheduled at 2026-08-15 12:26:31.231153+05:30)
2026-08-15 12:26:31,254 - INFO - [bot-1] Starting signal check cycle for BTC/USDT (5m)...
2026-08-15 12:26:31,260 - INFO - Fetching recent candles for BTC/USDT (5m) [Bot: bot-1]...
2026-08-15 12:26:32,004 - INFO - Indicators computed | close=63134.83 ema_9=63089.94 ema_20=63087.47 ema_50=63085.20 ema_200=63042.57 macd=-1.7636 poc=63425.0 val=63100.0 vah=64300.0
2026-08-15 12:26:32,005 - INFO - [bot-1] Evaluating strategy on completed candle: 2026-08-15T06:50:00+00:00 at Close price: 63128.42
2026-08-15 12:26:32,013 - INFO - [bot-1] Active trade found in DB (ID: 122, SHORT, Entry: 62770.80, SL: 63060.83, TP: 62190.74)
2026-08-15 12:26:32,013 - INFO - [bot-1] Active trade exit condition detected (STOP LOSS)! Price: 63060.83, PnL: -46.20. Generating POSITION ALERT (Waiting for user decision).
2026-08-15 12:26:32,106 - INFO - Logged heartbeat status: OK
2026-08-15 12:26:32,106 - INFO - Job "LiveRunner.process_cycle (trigger: interval[0:05:00], next run at: 2026-08-15 12:31:31 IST)" executed successfully
2026-08-15 12:31:31,240 - INFO - Running job "LiveRunner.process_cycle (trigger: interval[0:05:00], next run at: 2026-08-15 12:36:31 IST)" (scheduled at 2026-08-15 12:31:31.231153+05:30)
2026-08-15 12:31:31,243 - INFO - [bot-1] Starting signal check cycle for BTC/USDT (5m)...
2026-08-15 12:31:31,249 - INFO - Fetching recent candles for BTC/USDT (5m) [Bot: bot-1]...
2026-08-15 12:31:32,720 - INFO - Indicators computed | close=63118.00 ema_9=63092.33 ema_20=63088.64 ema_50=63085.72 ema_200=63043.12 macd=-0.4068 poc=63425.0 val=63100.0 vah=64300.0
2026-08-15 12:31:32,720 - INFO - [bot-1] Evaluating strategy on completed candle: 2026-08-15T06:55:00+00:00 at Close price: 63114.68
2026-08-15 12:31:32,731 - INFO - [bot-1] Active trade found in DB (ID: 122, SHORT, Entry: 62770.80, SL: 63060.83, TP: 62190.74)
2026-08-15 12:31:32,731 - INFO - [bot-1] Active trade exit condition detected (STOP LOSS)! Price: 63060.83, PnL: -46.20. Generating POSITION ALERT (Waiting for user decision).
2026-08-15 12:31:32,807 - INFO - Logged heartbeat status: OK
2026-08-15 12:31:32,807 - INFO - Job "LiveRunner.process_cycle (trigger: interval[0:05:00], next run at: 2026-08-15 12:36:31 IST)" executed successfully
2026-08-15 13:34:08,824 - INFO - BotWatchdog thread started.
2026-08-15 13:34:08,824 - INFO - BotWatchdog singleton background thread started.
2026-08-15 13:34:08,830 - WARNING - Watchdog detected stall � attempting automatic restart for 'Test Registry Bot' (bot-1786727054664-a733, 2951s inactive).
2026-08-15 13:37:38,158 - INFO - BotWatchdog thread started.
2026-08-15 13:37:38,158 - INFO - BotWatchdog singleton background thread started.
2026-08-15 13:39:42,055 - INFO - BotWatchdog thread started.
2026-08-15 13:39:42,055 - INFO - BotWatchdog singleton background thread started.
2026-08-15 13:40:14,488 - INFO - BotWatchdog thread started.
2026-08-15 13:40:14,488 - INFO - BotWatchdog singleton background thread started.
2026-08-15 13:50:32,080 - INFO - BotWatchdog thread started.
2026-08-15 13:50:32,080 - INFO - BotWatchdog singleton background thread started.
2026-08-15 13:53:49,457 - INFO - BotWatchdog thread started.
2026-08-15 13:53:49,457 - INFO - BotWatchdog singleton background thread started.
2026-08-15 13:54:54,533 - INFO - BotWatchdog thread started.
2026-08-15 13:54:54,534 - INFO - BotWatchdog singleton background thread started.
2026-08-15 13:57:28,906 - INFO - BotWatchdog thread started.
2026-08-15 13:57:28,906 - INFO - BotWatchdog singleton background thread started.
2026-08-15 14:00:46,353 - INFO - BotWatchdog thread started.
2026-08-15 14:00:46,353 - INFO - BotWatchdog singleton background thread started.
2026-08-15 14:15:26,447 - INFO - BotWatchdog thread started.
2026-08-15 14:15:26,452 - INFO - BotWatchdog singleton background thread started.
2026-08-15 14:15:26,489 - WARNING - Watchdog detected stall � attempting automatic restart for 'Test Registry Bot' (bot-1786730466152-dc44, 2293s inactive).
2026-08-15 14:42:33,789 - INFO - BotWatchdog thread started.
2026-08-15 14:42:33,789 - INFO - BotWatchdog singleton background thread started.
2026-08-15 15:06:16,812 - INFO - BotWatchdog thread started.
2026-08-15 15:06:16,813 - INFO - BotWatchdog singleton background thread started.
2026-08-15 15:40:07,252 - INFO - BotWatchdog thread started.
2026-08-15 15:40:07,253 - INFO - BotWatchdog singleton background thread started.
2026-08-15 15:45:27,224 - INFO - BotWatchdog thread started.
2026-08-15 15:45:27,224 - INFO - BotWatchdog singleton background thread started.
2026-08-15 16:07:31,521 - INFO - BotWatchdog thread started.
2026-08-15 16:07:31,521 - INFO - BotWatchdog singleton background thread started.
2026-08-15 16:07:31,526 - WARNING - Watchdog detected stall � attempting automatic restart for 'Alpha BTC Scalper' (bot-1, 1287s inactive).
2026-08-15 17:22:27,762 - INFO - Initializing scheduled trading bot live runner for bot-1...
2026-08-15 17:22:27,771 - INFO - SQLite database tables verified/created.
2026-08-15 17:22:27,930 - INFO - Initializing CCXT Binance in TESTNET mode.
2026-08-15 17:22:29,333 - INFO - Initializing CCXT Binance in MAINNET mode (Public endpoints).
2026-08-15 17:22:29,340 - INFO - Sending Telegram alert...
2026-08-15 17:22:40,331 - INFO - Initializing scheduled trading bot live runner for bot-1...
2026-08-15 17:22:40,344 - INFO - SQLite database tables verified/created.
2026-08-15 17:22:40,364 - INFO - Initializing CCXT Binance in TESTNET mode.
2026-08-15 17:22:42,340 - INFO - Initializing CCXT Binance in MAINNET mode (Public endpoints).
2026-08-15 17:22:42,351 - INFO - Sending Telegram alert...
2026-08-15 17:22:53,048 - INFO - Telegram alert sent successfully.
2026-08-15 17:22:53,052 - INFO - [bot-1] Starting signal check cycle for BTC/USDT (5m)...
2026-08-15 17:22:53,067 - INFO - Fetching recent candles for BTC/USDT (5m) [Bot: bot-1]...
2026-08-15 17:22:57,145 - INFO - Indicators computed | close=63019.42 ema_9=63028.46 ema_20=63028.47 ema_50=63032.99 ema_200=63037.62 macd=0.7966 poc=63425.0 val=63075.0 vah=64300.0
2026-08-15 17:22:57,146 - INFO - [bot-1] Evaluating strategy on completed candle: 2026-08-15T11:45:00+00:00 at Close price: 63008.05
2026-08-15 17:22:57,324 - INFO - Confluence Evaluation | Regime: TRENDING (ADX=48.6) | Direction: HOLD | BullScore: 21.1% | BearScore: 39.5% | Active: ['ema', 'macd', 'vp']
2026-08-15 17:22:57,826 - INFO - Signal evaluated: HOLD. Reason/Details: Confluence score: 40% (HOLD)
2026-08-15 17:22:58,253 - INFO - Logged heartbeat status: OK
2026-08-15 17:22:58,261 - INFO - Adding job tentatively -- it will be properly scheduled when the scheduler starts
2026-08-15 17:22:58,262 - INFO - Bot bot-1 scheduled to check every 5 minutes.
2026-08-15 17:22:58,262 - INFO - Added job "LiveRunner.process_cycle" to job store "default"
2026-08-15 17:22:58,262 - INFO - Scheduler started
2026-08-15 17:27:58,276 - INFO - Running job "LiveRunner.process_cycle (trigger: interval[0:05:00], next run at: 2026-08-15 17:27:58 IST)" (scheduled at 2026-08-15 17:27:58.261508+05:30)
2026-08-15 17:27:58,283 - INFO - [bot-1] Starting signal check cycle for BTC/USDT (5m)...
2026-08-15 17:27:58,298 - INFO - Fetching recent candles for BTC/USDT (5m) [Bot: bot-1]...
2026-08-15 17:27:58,695 - INFO - Indicators computed | close=63025.20 ema_9=63028.73 ema_20=63028.66 ema_50=63032.90 ema_200=63037.55 macd=0.7854 poc=63425.0 val=63075.0 vah=64300.0
2026-08-15 17:27:58,695 - INFO - [bot-1] Evaluating strategy on completed candle: 2026-08-15T11:50:00+00:00 at Close price: 63025.20
2026-08-15 17:27:58,715 - INFO - Confluence Evaluation | Regime: TRENDING (ADX=45.5) | Direction: HOLD | BullScore: 21.1% | BearScore: 39.5% | Active: ['ema', 'macd', 'vp']
2026-08-15 17:27:58,817 - INFO - Signal evaluated: HOLD. Reason/Details: Confluence score: 40% (HOLD)
2026-08-15 17:27:58,986 - INFO - Logged heartbeat status: OK
2026-08-15 17:27:58,986 - INFO - Job "LiveRunner.process_cycle (trigger: interval[0:05:00], next run at: 2026-08-15 17:32:58 IST)" executed successfully
2026-08-15 17:32:58,274 - INFO - Running job "LiveRunner.process_cycle (trigger: interval[0:05:00], next run at: 2026-08-15 17:37:58 IST)" (scheduled at 2026-08-15 17:32:58.261508+05:30)
2026-08-15 17:32:58,293 - INFO - [bot-1] Starting signal check cycle for BTC/USDT (5m)...
2026-08-15 17:32:58,303 - INFO - Fetching recent candles for BTC/USDT (5m) [Bot: bot-1]...
2026-08-15 17:38:01,379 - INFO - Initializing scheduled trading bot live runner for bot-1...
2026-08-15 17:50:25,339 - INFO - Initializing scheduled trading bot live runner for bot-1...
2026-08-15 17:50:25,371 - INFO - SQLite database tables verified/created.
2026-08-15 17:50:25,387 - INFO - Initializing CCXT Binance in TESTNET mode.
2026-08-15 17:54:28,465 - INFO - Initializing scheduled trading bot live runner for bot-1...
2026-08-15 17:54:28,527 - INFO - SQLite database tables verified/created.
2026-08-15 17:54:28,545 - INFO - Initializing CCXT Binance in TESTNET mode.
2026-08-15 19:37:50,271 - INFO - Initializing scheduled trading bot live runner for bot-1...
2026-08-15 20:09:36,896 - INFO - Initializing scheduled trading bot live runner for bot-1...
2026-08-15 20:21:57,276 - INFO - BotWatchdog thread started.
2026-08-15 20:21:57,277 - INFO - BotWatchdog singleton background thread started.
2026-08-15 20:21:57,395 - INFO - Initializing scheduled trading bot live runner for bot-1...
2026-08-15 20:21:57,410 - INFO - SQLite database tables verified/created.
2026-08-15 20:21:57,422 - INFO - Initializing CCXT Binance in TESTNET mode.
2026-08-15 20:22:55,896 - INFO - Initializing scheduled trading bot live runner for bot-1...
2026-08-15 20:22:55,912 - INFO - SQLite database tables verified/created.
2026-08-15 20:25:02,022 - INFO - Initializing scheduled trading bot live runner for bot-1...
2026-08-15 20:45:46,649 - INFO - BotWatchdog thread started.
2026-08-15 20:45:46,649 - INFO - BotWatchdog singleton background thread started.
2026-08-15 20:45:46,653 - WARNING - Watchdog detected stall � attempting automatic restart for 'Alpha BTC Scalper' (bot-1, 1177s inactive).
2026-08-15 20:45:46,677 - INFO - Initializing scheduled trading bot live runner for bot-1...
2026-08-15 20:45:46,692 - INFO - SQLite database tables verified/created.
2026-08-15 20:53:14,795 - INFO - BotWatchdog thread started.
2026-08-15 20:53:14,795 - INFO - BotWatchdog singleton background thread started.
2026-08-15 20:53:15,141 - INFO - Initializing scheduled trading bot live runner for bot-1...
2026-08-15 20:53:15,167 - INFO - SQLite database tables verified/created.
2026-08-15 20:53:15,294 - INFO - Initializing CCXT Binance in TESTNET mode.
2026-08-15 20:53:16,450 - INFO - Initializing CCXT Binance in MAINNET mode (Public endpoints).
2026-08-15 20:53:16,463 - INFO - Sending Telegram alert...
2026-08-15 20:53:27,267 - INFO - Telegram alert sent successfully.
2026-08-15 20:53:27,274 - INFO - [bot-1] Starting signal check cycle for BTC/USDT (5m)...
2026-08-15 20:53:27,301 - INFO - Fetching recent candles for BTC/USDT (5m) [Bot: bot-1]...
2026-08-15 20:53:30,675 - INFO - Indicators computed | close=63063.83 ema_9=63051.60 ema_20=63044.34 ema_50=63035.98 ema_200=63035.20 macd=7.4394 poc=63425.0 val=63050.0 vah=64300.0
2026-08-15 20:53:30,676 - INFO - [bot-1] Evaluating strategy on completed candle: 2026-08-15T15:15:00+00:00 at Close price: 63078.95
2026-08-15 20:53:30,734 - INFO - Confluence Evaluation | Regime: RANGING (ADX=18.2) | Direction: LONG | BullScore: 100.0% | BearScore: 0.0% | Active: ['ema', 'macd', 'vp']
2026-08-15 20:53:30,799 - INFO - Capping position size 2.173913 BTC to available cash equivalent 0.158531 BTC.
2026-08-15 20:53:30,897 - INFO - Created pending signal approval ID 109 for bot bot-1 (LONG @ $63078.95, status: WAITING_APPROVAL)
2026-08-15 20:53:41,847 - INFO - [bot-1] Signal LONG generated (ID: 109). Waiting for manual user approval.
2026-08-15 20:53:42,142 - INFO - Logged heartbeat status: OK
2026-08-15 20:53:42,147 - INFO - Adding job tentatively -- it will be properly scheduled when the scheduler starts
2026-08-15 20:53:42,147 - INFO - Bot bot-1 scheduled to check every 5 minutes.
2026-08-15 20:53:42,147 - INFO - Added job "LiveRunner.process_cycle" to job store "default"
2026-08-15 20:53:42,147 - INFO - Scheduler started
2026-08-15 20:53:52,836 - INFO - BotWatchdog thread started.
2026-08-15 20:53:52,837 - INFO - BotWatchdog singleton background thread started.
2026-08-15 20:53:53,126 - INFO - Initializing scheduled trading bot live runner for bot-1...
2026-08-15 20:53:53,636 - INFO - SQLite database tables verified/created.
2026-08-15 20:53:56,331 - INFO - Initializing CCXT Binance in TESTNET mode.
2026-08-15 20:54:00,202 - INFO - Initializing CCXT Binance in MAINNET mode (Public endpoints).
2026-08-15 20:54:01,001 - INFO - Sending Telegram alert...
2026-08-15 20:54:11,965 - ERROR - Audit batch write failed: database is locked
2026-08-15 20:54:23,202 - ERROR - Error logging Telegram event: database is locked
2026-08-15 20:54:23,241 - INFO - Telegram alert sent successfully.
2026-08-15 20:54:23,245 - INFO - [bot-1] Starting signal check cycle for BTC/USDT (5m)...
2026-08-15 20:54:35,023 - ERROR - Error logging bot activity for bot-1: database is locked
2026-08-15 20:54:35,133 - INFO - Fetching recent candles for BTC/USDT (5m) [Bot: bot-1]...
2026-08-15 21:43:17,947 - INFO - BotWatchdog thread started.
2026-08-15 21:43:17,947 - INFO - BotWatchdog singleton background thread started.
2026-08-15 21:43:17,984 - INFO - Initializing scheduled trading bot live runner for bot-1...
2026-08-15 21:43:17,996 - INFO - SQLite database tables verified/created.
2026-08-15 21:43:18,010 - INFO - Initializing CCXT Binance in TESTNET mode.
2026-08-15 21:43:19,172 - INFO - Initializing CCXT Binance in MAINNET mode (Public endpoints).
2026-08-15 21:43:19,180 - INFO - Sending Telegram alert...
2026-08-15 21:43:19,876 - INFO - Telegram alert sent successfully.
2026-08-15 21:43:19,880 - INFO - [bot-1] Starting signal check cycle for BTC/USDT (5m)...
2026-08-15 21:43:19,889 - INFO - Fetching recent candles for BTC/USDT (5m) [Bot: bot-1]...
2026-08-15 21:43:22,133 - INFO - Indicators computed | close=63086.21 ema_9=63091.01 ema_20=63078.11 ema_50=63056.59 ema_200=63041.25 macd=15.8343 poc=63425.0 val=63050.0 vah=64300.0
2026-08-15 21:43:22,134 - INFO - [bot-1] Evaluating strategy on completed candle: 2026-08-15T16:05:00+00:00 at Close price: 63086.40
2026-08-15 21:43:22,147 - INFO - Confluence Evaluation | Regime: TRENDING (ADX=51.0) | Direction: LONG | BullScore: 100.0% | BearScore: 0.0% | Active: ['ema', 'macd', 'vp']
2026-08-15 21:43:22,164 - INFO - Capping position size 2.721829 BTC to available cash equivalent 0.158513 BTC.
2026-08-15 21:43:22,214 - INFO - Created pending signal approval ID 148 for bot bot-1 (LONG @ $63086.40, status: WAITING_APPROVAL)
2026-08-15 21:43:23,084 - INFO - [bot-1] Signal LONG generated (ID: 148). Waiting for manual user approval.
2026-08-15 21:43:23,137 - INFO - Logged heartbeat status: OK
2026-08-15 21:43:23,140 - INFO - Adding job tentatively -- it will be properly scheduled when the scheduler starts
2026-08-15 21:43:23,140 - INFO - Bot bot-1 scheduled to check every 5 minutes.
2026-08-15 21:43:23,140 - INFO - Added job "LiveRunner.process_cycle" to job store "default"
2026-08-15 21:43:23,140 - INFO - Scheduler started
2026-08-15 21:48:23,154 - INFO - Running job "LiveRunner.process_cycle (trigger: interval[0:05:00], next run at: 2026-08-15 21:48:23 IST)" (scheduled at 2026-08-15 21:48:23.139999+05:30)
2026-08-15 21:48:23,163 - INFO - [bot-1] Starting signal check cycle for BTC/USDT (5m)...
2026-08-15 21:48:23,172 - INFO - Fetching recent candles for BTC/USDT (5m) [Bot: bot-1]...
2026-08-15 21:48:23,821 - INFO - Indicators computed | close=63066.73 ema_9=63085.65 ema_20=63076.75 ema_50=63056.86 ema_200=63041.47 macd=12.7892 poc=63425.0 val=63050.0 vah=64300.0
2026-08-15 21:48:23,821 - INFO - [bot-1] Evaluating strategy on completed candle: 2026-08-15T16:10:00+00:00 at Close price: 63083.03
2026-08-15 21:48:23,839 - INFO - Confluence Evaluation | Regime: TRENDING (ADX=52.1) | Direction: HOLD | BullScore: 60.5% | BearScore: 0.0% | Active: ['ema', 'macd', 'vp']
2026-08-15 21:48:23,860 - INFO - Signal evaluated: HOLD. Reason/Details: Confluence score: 60% (HOLD)
2026-08-15 21:48:23,924 - INFO - Logged heartbeat status: OK
2026-08-15 21:48:23,924 - INFO - Job "LiveRunner.process_cycle (trigger: interval[0:05:00], next run at: 2026-08-15 21:53:23 IST)" executed successfully
2026-08-15 21:53:23,152 - INFO - Running job "LiveRunner.process_cycle (trigger: interval[0:05:00], next run at: 2026-08-15 21:58:23 IST)" (scheduled at 2026-08-15 21:53:23.139999+05:30)
2026-08-15 21:53:23,183 - INFO - [bot-1] Starting signal check cycle for BTC/USDT (5m)...
2026-08-15 21:53:23,272 - INFO - Fetching recent candles for BTC/USDT (5m) [Bot: bot-1]...
2026-08-15 21:53:24,932 - INFO - Indicators computed | close=63083.49 ema_9=63087.25 ema_20=63078.49 ema_50=63058.39 ema_200=63042.02 macd=12.5782 poc=63425.0 val=63050.0 vah=64300.0
2026-08-15 21:53:24,932 - INFO - [bot-1] Evaluating strategy on completed candle: 2026-08-15T16:15:00+00:00 at Close price: 63079.47
2026-08-15 21:53:24,946 - INFO - Confluence Evaluation | Regime: TRENDING (ADX=51.5) | Direction: HOLD | BullScore: 60.5% | BearScore: 0.0% | Active: ['ema', 'macd', 'vp']
2026-08-15 21:53:24,965 - INFO - Signal evaluated: HOLD. Reason/Details: Confluence score: 60% (HOLD)
2026-08-15 21:53:25,032 - INFO - Logged heartbeat status: OK
2026-08-15 21:53:25,032 - INFO - Job "LiveRunner.process_cycle (trigger: interval[0:05:00], next run at: 2026-08-15 21:58:23 IST)" executed successfully
2026-08-15 21:58:23,141 - INFO - Running job "LiveRunner.process_cycle (trigger: interval[0:05:00], next run at: 2026-08-15 22:03:23 IST)" (scheduled at 2026-08-15 21:58:23.139999+05:30)
2026-08-15 21:58:23,150 - INFO - [bot-1] Starting signal check cycle for BTC/USDT (5m)...
2026-08-15 21:58:23,160 - INFO - Fetching recent candles for BTC/USDT (5m) [Bot: bot-1]...
2026-08-15 21:58:23,742 - INFO - Indicators computed | close=63115.60 ema_9=63096.36 ema_20=63083.88 ema_50=63061.44 ema_200=63042.96 macd=15.3589 poc=63425.0 val=63050.0 vah=64300.0
2026-08-15 21:58:23,743 - INFO - [bot-1] Evaluating strategy on completed candle: 2026-08-15T16:20:00+00:00 at Close price: 63104.99
2026-08-15 21:58:23,775 - INFO - Confluence Evaluation | Regime: TRENDING (ADX=52.6) | Direction: HOLD | BullScore: 60.5% | BearScore: 0.0% | Active: ['ema', 'macd', 'vp']
2026-08-15 21:58:23,818 - INFO - Signal evaluated: HOLD. Reason/Details: Confluence score: 60% (HOLD)
2026-08-15 21:58:23,977 - INFO - Logged heartbeat status: OK
2026-08-15 21:58:23,978 - INFO - Job "LiveRunner.process_cycle (trigger: interval[0:05:00], next run at: 2026-08-15 22:03:23 IST)" executed successfully
2026-08-15 22:03:23,154 - INFO - Running job "LiveRunner.process_cycle (trigger: interval[0:05:00], next run at: 2026-08-15 22:08:23 IST)" (scheduled at 2026-08-15 22:03:23.139999+05:30)
2026-08-15 22:03:23,159 - INFO - [bot-1] Starting signal check cycle for BTC/USDT (5m)...
2026-08-15 22:03:23,168 - INFO - Fetching recent candles for BTC/USDT (5m) [Bot: bot-1]...
2026-08-15 22:03:23,647 - INFO - Indicators computed | close=63106.01 ema_9=63099.25 ema_20=63086.50 ema_50=63063.41 ema_200=63043.65 macd=15.6227 poc=63425.0 val=63050.0 vah=64300.0
2026-08-15 22:03:23,647 - INFO - [bot-1] Evaluating strategy on completed candle: 2026-08-15T16:25:00+00:00 at Close price: 63121.59
2026-08-15 22:03:23,666 - INFO - Confluence Evaluation | Regime: TRENDING (ADX=52.8) | Direction: LONG | BullScore: 100.0% | BearScore: 0.0% | Active: ['ema', 'macd', 'vp']
2026-08-15 22:03:23,695 - INFO - Capping position size 1.695921 BTC to available cash equivalent 0.158424 BTC.
2026-08-15 22:03:23,728 - INFO - [bot-1] Signal LONG active pending approval already exists (ID: 148).
2026-08-15 22:03:23,820 - INFO - Logged heartbeat status: OK
2026-08-15 22:03:23,820 - INFO - Job "LiveRunner.process_cycle (trigger: interval[0:05:00], next run at: 2026-08-15 22:08:23 IST)" executed successfully
2026-08-16 11:54:56,956 - INFO - BotWatchdog thread started.
2026-08-16 11:54:56,956 - INFO - BotWatchdog singleton background thread started.
2026-08-16 11:54:57,030 - INFO - Initializing scheduled trading bot live runner for bot-1...
2026-08-16 11:54:57,164 - INFO - SQLite database tables verified/created.
2026-08-16 11:54:57,186 - INFO - Initializing CCXT Binance in TESTNET mode.
2026-08-16 11:55:00,247 - INFO - Initializing CCXT Binance in MAINNET mode (Public endpoints).
2026-08-16 11:55:00,257 - INFO - Sending Telegram alert...
2026-08-16 11:55:00,979 - INFO - Telegram alert sent successfully.
2026-08-16 11:55:00,983 - INFO - [bot-1] Starting signal check cycle for BTC/USDT (5m)...
2026-08-16 11:55:00,991 - INFO - Fetching recent candles for BTC/USDT (5m) [Bot: bot-1]...
2026-08-16 11:55:05,929 - INFO - Indicators computed | close=63054.35 ema_9=63060.32 ema_20=63072.84 ema_50=63088.89 ema_200=63087.06 macd=-14.4963 poc=63050.0 val=62600.0 vah=63425.0
2026-08-16 11:55:05,929 - INFO - [bot-1] Evaluating strategy on completed candle: 2026-08-16T06:20:00+00:00 at Close price: 63054.35
2026-08-16 11:55:05,951 - INFO - Confluence Evaluation | Regime: TRENDING (ADX=68.7) | Direction: SHORT | BullScore: 0.0% | BearScore: 78.9% | Active: ['ema', 'macd', 'vp']
2026-08-16 11:55:05,976 - INFO - Capping position size 2.295157 BTC to available cash equivalent 0.158593 BTC.
2026-08-16 11:55:06,182 - INFO - Created pending signal approval ID 191 for bot bot-1 (SHORT @ $63054.35, status: WAITING_APPROVAL)
2026-08-16 11:55:07,306 - INFO - [bot-1] Signal SHORT generated (ID: 191). Waiting for manual user approval.
2026-08-16 11:55:07,377 - INFO - Logged heartbeat status: OK
2026-08-16 11:55:07,383 - INFO - Adding job tentatively -- it will be properly scheduled when the scheduler starts
2026-08-16 11:55:07,383 - INFO - Bot bot-1 scheduled to check every 5 minutes.
2026-08-16 11:55:07,383 - INFO - Added job "LiveRunner.process_cycle" to job store "default"
2026-08-16 11:55:07,383 - INFO - Scheduler started
2026-08-16 12:00:07,386 - INFO - Running job "LiveRunner.process_cycle (trigger: interval[0:05:00], next run at: 2026-08-16 12:00:07 IST)" (scheduled at 2026-08-16 12:00:07.383078+05:30)
2026-08-16 12:00:10,172 - INFO - [bot-1] Starting signal check cycle for BTC/USDT (5m)...
2026-08-16 12:00:12,086 - INFO - Fetching recent candles for BTC/USDT (5m) [Bot: bot-1]...
2026-08-16 12:00:15,724 - INFO - Indicators computed | close=63057.03 ema_9=63062.54 ema_20=63072.89 ema_50=63088.32 ema_200=63086.94 macd=-12.8474 poc=63050.0 val=62600.0 vah=63425.0
2026-08-16 12:00:15,725 - INFO - [bot-1] Evaluating strategy on completed candle: 2026-08-16T06:25:00+00:00 at Close price: 63072.32
2026-08-16 12:00:16,090 - INFO - Confluence Evaluation | Regime: TRENDING (ADX=64.7) | Direction: HOLD | BullScore: 0.0% | BearScore: 39.5% | Active: ['ema', 'macd', 'vp']
2026-08-16 12:00:18,986 - INFO - Signal evaluated: HOLD. Reason/Details: Confluence score: 40% (HOLD)
2026-08-16 12:00:36,545 - INFO - Logged heartbeat status: OK
2026-08-16 12:00:36,545 - INFO - Job "LiveRunner.process_cycle (trigger: interval[0:05:00], next run at: 2026-08-16 12:05:07 IST)" executed successfully
2026-08-16 13:26:06,125 - INFO - Initializing scheduled trading bot live runner for bot-1...
2026-08-16 13:26:06,143 - INFO - SQLite database tables verified/created.
2026-08-16 13:26:06,263 - INFO - Initializing CCXT Binance in TESTNET mode.
2026-08-16 13:26:08,444 - INFO - Initializing CCXT Binance in MAINNET mode (Public endpoints).
2026-08-16 13:26:08,510 - INFO - Sending Telegram alert...
2026-08-16 13:26:11,165 - INFO - Telegram alert sent successfully.
2026-08-16 13:26:11,173 - INFO - [bot-1] Starting signal check cycle for BTC/USDT (5m)...
2026-08-16 13:26:11,182 - INFO - Fetching recent candles for BTC/USDT (5m) [Bot: bot-1]...
2026-08-16 13:26:19,617 - INFO - Indicators computed | close=63061.03 ema_9=63060.94 ema_20=63063.21 ema_50=63075.00 ema_200=63082.96 macd=-4.4922 poc=63050.0 val=62600.0 vah=63425.0
2026-08-16 13:26:19,618 - INFO - [bot-1] Evaluating strategy on completed candle: 2026-08-16T07:50:00+00:00 at Close price: 63061.03
2026-08-16 13:26:20,331 - INFO - Confluence Evaluation | Regime: TRENDING (ADX=27.8) | Direction: HOLD | BullScore: 0.0% | BearScore: 39.5% | Active: ['ema', 'macd', 'vp']
2026-08-16 13:26:20,421 - INFO - Signal evaluated: HOLD. Reason/Details: Confluence score: 40% (HOLD)
2026-08-16 13:26:20,518 - INFO - Logged heartbeat status: OK
2026-08-16 13:26:20,523 - INFO - Adding job tentatively -- it will be properly scheduled when the scheduler starts
2026-08-16 13:26:20,523 - INFO - Bot bot-1 scheduled to check every 5 minutes.
2026-08-16 13:26:20,523 - INFO - Added job "LiveRunner.process_cycle" to job store "default"
2026-08-16 13:26:20,523 - INFO - Scheduler started
2026-08-16 13:27:21,750 - INFO - Initializing scheduled trading bot live runner for bot-1...
2026-08-16 13:27:21,776 - INFO - SQLite database tables verified/created.
2026-08-16 13:27:21,805 - INFO - Initializing CCXT Binance in TESTNET mode.
2026-08-16 13:27:41,021 - INFO - Initializing scheduled trading bot live runner for bot-1...
2026-08-16 13:27:41,077 - INFO - SQLite database tables verified/created.
2026-08-16 13:27:41,164 - INFO - Initializing CCXT Binance in TESTNET mode.
2026-08-16 13:27:43,193 - INFO - Initializing CCXT Binance in MAINNET mode (Public endpoints).
2026-08-16 13:27:43,206 - INFO - Sending Telegram alert...
2026-08-16 13:27:44,169 - INFO - Telegram alert sent successfully.
2026-08-16 13:27:44,174 - INFO - [bot-1] Starting signal check cycle for BTC/USDT (5m)...
2026-08-16 13:27:44,189 - INFO - Fetching recent candles for BTC/USDT (5m) [Bot: bot-1]...
2026-08-16 13:27:52,516 - INFO - Indicators computed | close=63061.03 ema_9=63060.94 ema_20=63063.21 ema_50=63075.00 ema_200=63082.96 macd=-4.4922 poc=63050.0 val=62600.0 vah=63425.0
2026-08-16 13:27:52,518 - INFO - [bot-1] Evaluating strategy on completed candle: 2026-08-16T07:50:00+00:00 at Close price: 63061.03
2026-08-16 13:28:04,008 - ERROR - Error logging bot activity for bot-1: database is locked
2026-08-16 13:28:05,261 - INFO - Confluence Evaluation | Regime: TRENDING (ADX=27.8) | Direction: HOLD | BullScore: 0.0% | BearScore: 39.5% | Active: ['ema', 'macd', 'vp']
2026-08-16 13:28:14,214 - INFO - Signal evaluated: HOLD. Reason/Details: Confluence score: 40% (HOLD)
2026-08-16 13:28:14,251 - INFO - Logged heartbeat status: OK
2026-08-16 13:28:14,253 - INFO - Adding job tentatively -- it will be properly scheduled when the scheduler starts
2026-08-16 13:28:14,253 - INFO - Bot bot-1 scheduled to check every 5 minutes.
2026-08-16 13:28:14,253 - INFO - Added job "LiveRunner.process_cycle" to job store "default"
2026-08-16 13:28:14,253 - INFO - Scheduler started
2026-08-16 13:29:11,846 - INFO - Initializing scheduled trading bot live runner for bot-1...
2026-08-16 13:29:11,856 - INFO - SQLite database tables verified/created.
2026-08-16 13:29:11,869 - INFO - Initializing CCXT Binance in TESTNET mode.
2026-08-16 13:29:14,135 - INFO - Initializing scheduled trading bot live runner for bot-1...
2026-08-16 13:29:14,147 - INFO - SQLite database tables verified/created.
2026-08-16 13:29:14,160 - INFO - Initializing CCXT Binance in TESTNET mode.
2026-08-16 14:25:27,847 - INFO - Initializing scheduled trading bot live runner for bot-1...
2026-08-16 14:25:27,988 - INFO - SQLite database tables verified/created.
2026-08-16 14:25:28,056 - INFO - Initializing CCXT Binance in TESTNET mode.
2026-08-16 14:25:29,343 - INFO - Initializing CCXT Binance in MAINNET mode (Public endpoints).
2026-08-16 14:25:29,509 - INFO - Sending Telegram alert...
2026-08-16 14:25:31,464 - INFO - Telegram alert sent successfully.
2026-08-16 14:25:31,522 - INFO - [bot-1] Starting signal check cycle for BTC/USDT (5m)...
2026-08-16 14:25:31,730 - INFO - Fetching recent candles for BTC/USDT (5m) [Bot: bot-1]...
2026-08-16 14:25:37,416 - INFO - Indicators computed | close=63072.43 ema_9=63070.85 ema_20=63068.41 ema_50=63073.10 ema_200=63081.46 macd=1.3307 poc=63050.0 val=62600.0 vah=63425.0
2026-08-16 14:25:37,418 - INFO - [bot-1] Evaluating strategy on completed candle: 2026-08-16T08:50:00+00:00 at Close price: 63072.43
2026-08-16 14:25:37,452 - INFO - Confluence Evaluation | Regime: TRENDING (ADX=72.4) | Direction: HOLD | BullScore: 39.5% | BearScore: 0.0% | Active: ['ema', 'macd', 'vp']
2026-08-16 14:25:37,476 - INFO - Signal evaluated: HOLD. Reason/Details: Confluence score: 40% (HOLD)
2026-08-16 14:25:37,910 - INFO - Logged heartbeat status: OK
2026-08-16 14:25:37,912 - INFO - Adding job tentatively -- it will be properly scheduled when the scheduler starts
2026-08-16 14:25:37,912 - INFO - Bot bot-1 scheduled to check every 5 minutes.
2026-08-16 14:25:37,912 - INFO - Added job "LiveRunner.process_cycle" to job store "default"
2026-08-16 14:25:37,912 - INFO - Scheduler started
2026-08-16 16:48:42,992 - INFO - Initializing scheduled trading bot live runner for bot-1...
2026-08-16 16:48:43,069 - INFO - SQLite database tables verified/created.
2026-08-16 16:48:43,095 - INFO - Initializing CCXT Binance in TESTNET mode.
2026-08-16 16:48:44,401 - INFO - Initializing CCXT Binance in MAINNET mode (Public endpoints).
2026-08-16 16:48:44,439 - INFO - Sending Telegram alert...
2026-08-16 16:48:45,572 - INFO - Telegram alert sent successfully.
2026-08-16 16:48:45,583 - INFO - [bot-1] Starting signal check cycle for BTC/USDT (5m)...
2026-08-16 16:48:45,624 - INFO - Fetching recent candles for BTC/USDT (5m) [Bot: bot-1]...
2026-08-16 16:49:05,581 - INFO - Indicators computed | close=63006.54 ema_9=63007.19 ema_20=63012.75 ema_50=63033.45 ema_200=63066.09 macd=-9.4452 poc=63050.0 val=62600.0 vah=63425.0
2026-08-16 16:49:05,713 - INFO - [bot-1] Evaluating strategy on completed candle: 2026-08-16T11:10:00+00:00 at Close price: 63006.54
2026-08-16 16:49:08,888 - INFO - [bot-1] Active trade found in DB (ID: 100969, LONG, Entry: 68200.00, SL: 67000.00, TP: 71000.00)
2026-08-16 16:49:08,888 - INFO - [bot-1] Active trade exit condition detected (STOP LOSS)! Price: 67000.00, PnL: -240.00. Generating POSITION ALERT (Waiting for user decision).
2026-08-16 16:49:15,606 - INFO - Created pending signal approval ID 211 for bot bot-1 (EXIT_SIGNAL @ $63006.54, status: WAITING_APPROVAL)
2026-08-16 16:49:20,002 - INFO - Logged heartbeat status: OK
2026-08-16 16:49:20,005 - INFO - Adding job tentatively -- it will be properly scheduled when the scheduler starts
2026-08-16 16:49:20,005 - INFO - Bot bot-1 scheduled to check every 5 minutes.
2026-08-16 16:49:20,005 - INFO - Added job "LiveRunner.process_cycle" to job store "default"
2026-08-16 16:49:20,006 - INFO - Scheduler started
2026-08-16 17:04:24,970 - INFO - Initializing scheduled trading bot live runner for bot-1...
2026-08-16 17:04:25,075 - INFO - SQLite database tables verified/created.
2026-08-16 17:04:25,106 - INFO - Initializing CCXT Binance in TESTNET mode.
2026-08-16 17:04:26,899 - INFO - Initializing CCXT Binance in MAINNET mode (Public endpoints).
2026-08-16 17:04:26,985 - INFO - Sending Telegram alert...
2026-08-16 17:04:28,045 - INFO - Telegram alert sent successfully.
2026-08-16 17:04:28,064 - INFO - [bot-1] Starting signal check cycle for BTC/USDT (5m)...
2026-08-16 17:04:28,206 - INFO - Fetching recent candles for BTC/USDT (5m) [Bot: bot-1]...
2026-08-16 17:04:30,000 - ERROR - Error fetching live OHLCV for BTC/USDT 5m: 
2026-08-16 17:04:30,001 - ERROR - System Error in runner execution cycle: 
Traceback (most recent call last):
  File "H:\algo\algo\btc-bot\src\live_runner.py", line 167, in process_cycle
    df = self.mainnet_fetcher.fetch_live_ohlcv(self.symbol, self.timeframe, limit=1000)
  File "H:\algo\algo\btc-bot\src\data_fetcher.py", line 196, in fetch_live_ohlcv
    raise e
  File "H:\algo\algo\btc-bot\src\data_fetcher.py", line 175, in fetch_live_ohlcv
    candles = self.exchange.fetch_ohlcv(
        symbol=symbol,
        timeframe=timeframe,
        limit=limit
    )
  File "H:\algo\algo\.venv\Lib\site-packages\ccxt\binance.py", line 4713, in fetch_ohlcv
    self.load_markets()
    ~~~~~~~~~~~~~~~~~^^
  File "H:\algo\algo\.venv\Lib\site-packages\ccxt\base\exchange.py", line 1816, in load_markets
    markets = self.fetch_markets(params)
  File "H:\algo\algo\.venv\Lib\site-packages\ccxt\binance.py", line 3241, in fetch_markets
    promisesRaw.append(self.publicGetExchangeInfo(params))
                       ~~~~~~~~~~~~~~~~~~~~~~~~~~^^^^^^^^
  File "H:\algo\algo\.venv\Lib\site-packages\ccxt\base\types.py", line 35, in unbound_method
    return _self.request(self.path, self.api, self.method, params, config=self.config)
           ~~~~~~~~~~~~~^^^^^^^^^^^^^^^^^^^^^^^^^^^^^^^^^^^^^^^^^^^^^^^^^^^^^^^^^^^^^^
  File "H:\algo\algo\.venv\Lib\site-packages\ccxt\binance.py", line 11823, in request
    response = self.fetch2(path, api, method, params, headers, body, config)
  File "H:\algo\algo\.venv\Lib\site-packages\ccxt\base\exchange.py", line 5544, in fetch2
    raise e
  File "H:\algo\algo\.venv\Lib\site-packages\ccxt\base\exchange.py", line 5525, in fetch2
    response = self.fetch(request['url'], request['method'], request['headers'], request['body'])
  File "H:\algo\algo\.venv\Lib\site-packages\ccxt\base\exchange.py", line 635, in fetch
    http_response = self.on_rest_response(http_status_code, http_status_text, url, method, headers, response.text, request_headers, request_body)
                                                                                                    ^^^^^^^^^^^^^
  File "H:\algo\algo\.venv\Lib\site-packages\requests\models.py", line 1075, in text
    content = str(self.content, encoding or "utf-8", errors="replace")
MemoryError
2026-08-16 17:04:41,308 - INFO - Sending Telegram alert...
2026-08-16 17:04:42,284 - INFO - Telegram alert sent successfully.
2026-08-16 17:04:44,002 - INFO - Logged heartbeat status: ERROR
2026-08-16 17:04:44,005 - INFO - Adding job tentatively -- it will be properly scheduled when the scheduler starts
2026-08-16 17:04:44,005 - INFO - Bot bot-1 scheduled to check every 5 minutes.
2026-08-16 17:04:44,006 - INFO - Added job "LiveRunner.process_cycle" to job store "default"
2026-08-16 17:04:44,006 - INFO - Scheduler started
2026-08-16 17:28:23,487 - INFO - Initializing scheduled trading bot live runner for bot-1...
2026-08-16 17:28:23,519 - INFO - SQLite database tables verified/created.
2026-08-16 17:28:23,611 - INFO - Initializing CCXT Binance in TESTNET mode.
2026-08-16 17:28:25,023 - INFO - Initializing CCXT Binance in MAINNET mode (Public endpoints).
2026-08-16 17:28:25,445 - INFO - Sending Telegram alert...
2026-08-16 17:28:37,352 - ERROR - Error logging Telegram event: database is locked
2026-08-16 17:28:37,352 - INFO - Telegram alert sent successfully.
2026-08-16 17:28:38,094 - INFO - [bot-1] Starting signal check cycle for BTC/USDT (5m)...
2026-08-16 17:28:39,257 - INFO - Fetching recent candles for BTC/USDT (5m) [Bot: bot-1]...
2026-08-16 17:28:42,845 - INFO - Indicators computed | close=63013.65 ema_9=62997.82 ema_20=63002.65 ema_50=63022.56 ema_200=63060.51 macd=-8.1151 poc=63050.0 val=62600.0 vah=63425.0
2026-08-16 17:28:42,845 - INFO - [bot-1] Evaluating strategy on completed candle: 2026-08-16T11:50:00+00:00 at Close price: 62988.50
2026-08-16 17:28:47,240 - INFO - Confluence Evaluation | Regime: TRENDING (ADX=32.8) | Direction: HOLD | BullScore: 0.0% | BearScore: 39.5% | Active: ['ema', 'macd', 'vp']
2026-08-16 17:28:55,336 - INFO - Signal evaluated: HOLD. Reason/Details: Confluence score: 40% (HOLD)
2026-08-16 17:28:59,368 - INFO - Logged heartbeat status: OK
2026-08-16 17:28:59,370 - INFO - Adding job tentatively -- it will be properly scheduled when the scheduler starts
2026-08-16 17:28:59,370 - INFO - Bot bot-1 scheduled to check every 5 minutes.
2026-08-16 17:28:59,370 - INFO - Added job "LiveRunner.process_cycle" to job store "default"
2026-08-16 17:28:59,370 - INFO - Scheduler started
2026-08-16 18:12:27,609 - INFO - Initializing scheduled trading bot live runner for bot-1...
2026-08-16 18:12:31,341 - INFO - SQLite database tables verified/created.
2026-08-16 18:12:32,782 - INFO - Initializing CCXT Binance in TESTNET mode.
2026-08-16 18:12:34,163 - INFO - Initializing CCXT Binance in MAINNET mode (Public endpoints).
2026-08-16 18:12:34,186 - INFO - Sending Telegram alert...
2026-08-16 18:12:38,495 - INFO - Telegram alert sent successfully.
2026-08-16 18:12:38,503 - INFO - [bot-1] Starting signal check cycle for BTC/USDT (5m)...
2026-08-16 18:12:38,509 - INFO - Fetching recent candles for BTC/USDT (5m) [Bot: bot-1]...
2026-08-16 18:12:41,429 - INFO - Indicators computed | close=63005.96 ema_9=63011.70 ema_20=63010.55 ema_50=63020.86 ema_200=63056.81 macd=-0.3083 poc=63050.0 val=62600.0 vah=63400.0
2026-08-16 18:12:41,429 - INFO - [bot-1] Evaluating strategy on completed candle: 2026-08-16T12:35:00+00:00 at Close price: 63005.97
2026-08-16 18:12:41,850 - INFO - Confluence Evaluation | Regime: RANGING (ADX=17.7) | Direction: HOLD | BullScore: 25.8% | BearScore: 25.8% | Active: ['ema', 'macd', 'vp']
2026-08-16 18:13:02,882 - ERROR - Error logging signal to DB: database is locked
2026-08-16 18:13:02,882 - INFO - Signal evaluated: HOLD. Reason/Details: Confluence score: 26% (HOLD)
2026-08-16 18:13:16,358 - INFO - Logged heartbeat status: OK
2026-08-16 18:13:16,361 - INFO - Adding job tentatively -- it will be properly scheduled when the scheduler starts
2026-08-16 18:13:16,361 - INFO - Bot bot-1 scheduled to check every 5 minutes.
2026-08-16 18:13:16,362 - INFO - Added job "LiveRunner.process_cycle" to job store "default"
2026-08-16 18:13:16,362 - INFO - Scheduler started
2026-08-16 18:17:52,279 - INFO - Initializing scheduled trading bot live runner for bot-1...
2026-08-16 18:17:52,893 - INFO - SQLite database tables verified/created.
2026-08-16 18:17:52,992 - INFO - Initializing CCXT Binance in TESTNET mode.
2026-08-16 18:17:55,097 - INFO - Initializing CCXT Binance in MAINNET mode (Public endpoints).
2026-08-16 18:17:55,126 - INFO - Sending Telegram alert...
2026-08-16 18:18:01,838 - INFO - Telegram alert sent successfully.
2026-08-16 18:18:02,109 - INFO - [bot-1] Starting signal check cycle for BTC/USDT (5m)...
2026-08-16 18:18:06,541 - INFO - Fetching recent candles for BTC/USDT (5m) [Bot: bot-1]...
2026-08-16 18:18:32,545 - INFO - Indicators computed | close=62999.13 ema_9=63007.87 ema_20=63008.76 ema_50=63019.70 ema_200=63056.15 macd=-1.7524 poc=63050.0 val=62600.0 vah=63400.0
2026-08-16 18:18:32,620 - INFO - [bot-1] Evaluating strategy on completed candle: 2026-08-16T12:40:00+00:00 at Close price: 62997.77
2026-08-16 18:18:37,938 - INFO - Confluence Evaluation | Regime: RANGING (ADX=17.3) | Direction: HOLD | BullScore: 0.0% | BearScore: 25.8% | Active: ['ema', 'macd', 'vp']
2026-08-16 18:18:39,105 - INFO - Signal evaluated: HOLD. Reason/Details: Confluence score: 26% (HOLD)
2026-08-16 18:18:39,348 - INFO - Logged heartbeat status: OK
2026-08-16 18:18:39,351 - INFO - Adding job tentatively -- it will be properly scheduled when the scheduler starts
2026-08-16 18:18:39,351 - INFO - Bot bot-1 scheduled to check every 5 minutes.
2026-08-16 18:18:39,351 - INFO - Added job "LiveRunner.process_cycle" to job store "default"
2026-08-16 18:18:39,351 - INFO - Scheduler started
2026-08-16 18:35:38,405 - INFO - Initializing scheduled trading bot live runner for bot-1...
2026-08-16 18:35:39,333 - INFO - SQLite database tables verified/created.
2026-08-16 18:35:39,343 - INFO - Initializing CCXT Binance in TESTNET mode.
2026-08-16 18:35:40,924 - INFO - Initializing CCXT Binance in MAINNET mode (Public endpoints).
2026-08-16 18:35:41,619 - INFO - Sending Telegram alert...
2026-08-16 18:35:53,492 - ERROR - Error logging Telegram event: database is locked
2026-08-16 18:35:53,492 - INFO - Telegram alert sent successfully.
2026-08-16 18:35:53,807 - ERROR - Audit batch write failed: database is locked
2026-08-16 18:35:55,628 - INFO - [bot-1] Starting signal check cycle for BTC/USDT (5m)...
2026-08-16 18:35:59,146 - INFO - Fetching recent candles for BTC/USDT (5m) [Bot: bot-1]...
2026-08-16 18:36:03,789 - INFO - Indicators computed | close=63021.98 ema_9=63015.87 ema_20=63012.97 ema_50=63019.99 ema_200=63054.81 macd=1.6140 poc=63050.0 val=62600.0 vah=63400.0
2026-08-16 18:36:03,789 - INFO - [bot-1] Evaluating strategy on completed candle: 2026-08-16T13:00:00+00:00 at Close price: 63021.99
2026-08-16 18:36:14,508 - ERROR - Error logging bot activity for bot-1: database is locked
2026-08-16 18:36:17,476 - INFO - Confluence Evaluation | Regime: RANGING (ADX=10.3) | Direction: HOLD | BullScore: 25.8% | BearScore: 0.0% | Active: ['ema', 'macd', 'vp']
2026-08-16 18:36:27,109 - INFO - Signal evaluated: HOLD. Reason/Details: Confluence score: 26% (HOLD)
2026-08-16 18:36:34,993 - INFO - Logged heartbeat status: OK
2026-08-16 18:36:34,995 - INFO - Adding job tentatively -- it will be properly scheduled when the scheduler starts
2026-08-16 18:36:34,995 - INFO - Bot bot-1 scheduled to check every 5 minutes.
2026-08-16 18:36:34,995 - INFO - Added job "LiveRunner.process_cycle" to job store "default"
2026-08-16 18:36:34,995 - INFO - Scheduler started
2026-08-16 19:06:03,951 - INFO - Initializing scheduled trading bot live runner for bot-1...
2026-08-16 19:06:04,310 - INFO - SQLite database tables verified/created.
2026-08-16 19:06:04,337 - INFO - Initializing CCXT Binance in TESTNET mode.
2026-08-16 19:06:05,915 - INFO - Initializing CCXT Binance in MAINNET mode (Public endpoints).
2026-08-16 19:06:06,410 - INFO - Sending Telegram alert...
2026-08-16 19:06:19,371 - INFO - Telegram alert sent successfully.
2026-08-16 19:06:20,309 - INFO - [bot-1] Starting signal check cycle for BTC/USDT (5m)...
2026-08-16 19:06:31,061 - ERROR - Error logging bot activity for bot-1: database is locked
2026-08-16 19:06:31,061 - INFO - Fetching recent candles for BTC/USDT (5m) [Bot: bot-1]...
2026-08-16 19:06:33,547 - ERROR - Error fetching live OHLCV for BTC/USDT 5m: 
2026-08-16 19:06:33,547 - ERROR - System Error in runner execution cycle: 
Traceback (most recent call last):
  File "H:\algo\algo\btc-bot\src\live_runner.py", line 167, in process_cycle
    df = self.mainnet_fetcher.fetch_live_ohlcv(self.symbol, self.timeframe, limit=1000)
  File "H:\algo\algo\btc-bot\src\data_fetcher.py", line 196, in fetch_live_ohlcv
    raise e
  File "H:\algo\algo\btc-bot\src\data_fetcher.py", line 175, in fetch_live_ohlcv
    candles = self.exchange.fetch_ohlcv(
        symbol=symbol,
        timeframe=timeframe,
        limit=limit
    )
  File "H:\algo\algo\.venv\Lib\site-packages\ccxt\binance.py", line 4713, in fetch_ohlcv
    self.load_markets()
    ~~~~~~~~~~~~~~~~~^^
  File "H:\algo\algo\.venv\Lib\site-packages\ccxt\base\exchange.py", line 1816, in load_markets
    markets = self.fetch_markets(params)
  File "H:\algo\algo\.venv\Lib\site-packages\ccxt\binance.py", line 3241, in fetch_markets
    promisesRaw.append(self.publicGetExchangeInfo(params))
                       ~~~~~~~~~~~~~~~~~~~~~~~~~~^^^^^^^^
  File "H:\algo\algo\.venv\Lib\site-packages\ccxt\base\types.py", line 35, in unbound_method
    return _self.request(self.path, self.api, self.method, params, config=self.config)
           ~~~~~~~~~~~~~^^^^^^^^^^^^^^^^^^^^^^^^^^^^^^^^^^^^^^^^^^^^^^^^^^^^^^^^^^^^^^
  File "H:\algo\algo\.venv\Lib\site-packages\ccxt\binance.py", line 11823, in request
    response = self.fetch2(path, api, method, params, headers, body, config)
  File "H:\algo\algo\.venv\Lib\site-packages\ccxt\base\exchange.py", line 5544, in fetch2
    raise e
  File "H:\algo\algo\.venv\Lib\site-packages\ccxt\base\exchange.py", line 5525, in fetch2
    response = self.fetch(request['url'], request['method'], request['headers'], request['body'])
  File "H:\algo\algo\.venv\Lib\site-packages\ccxt\base\exchange.py", line 635, in fetch
    http_response = self.on_rest_response(http_status_code, http_status_text, url, method, headers, response.text, request_headers, request_body)
                                                                                                    ^^^^^^^^^^^^^
  File "H:\algo\algo\.venv\Lib\site-packages\requests\models.py", line 1075, in text
    content = str(self.content, encoding or "utf-8", errors="replace")
MemoryError
2026-08-16 19:06:44,823 - ERROR - Error logging system error to DB: database is locked
2026-08-16 19:06:46,919 - INFO - Sending Telegram alert...
2026-08-16 19:06:47,807 - INFO - Telegram alert sent successfully.
2026-08-16 19:06:48,057 - INFO - Logged heartbeat status: ERROR
2026-08-16 19:06:48,059 - INFO - Adding job tentatively -- it will be properly scheduled when the scheduler starts
2026-08-16 19:06:48,059 - INFO - Bot bot-1 scheduled to check every 5 minutes.
2026-08-16 19:06:48,060 - INFO - Added job "LiveRunner.process_cycle" to job store "default"
2026-08-16 19:06:48,060 - INFO - Scheduler started
2026-08-16 19:11:40,788 - INFO - Initializing scheduled trading bot live runner for bot-1...
2026-08-16 19:11:52,437 - INFO - SQLite database tables verified/created.
2026-08-16 19:11:52,568 - INFO - Initializing CCXT Binance in TESTNET mode.
2026-08-16 19:11:58,021 - WARNING - ExecutionEngine: failed to load markets: 
2026-08-16 19:11:58,021 - INFO - Initializing CCXT Binance in MAINNET mode (Public endpoints).
2026-08-16 19:11:58,744 - INFO - Sending Telegram alert...
2026-08-16 19:12:10,844 - ERROR - Audit batch write failed: database is locked
2026-08-16 19:12:11,168 - ERROR - Error logging Telegram event: database is locked
2026-08-16 19:12:11,168 - INFO - Telegram alert sent successfully.
2026-08-16 19:12:11,505 - INFO - [bot-1] Starting signal check cycle for BTC/USDT (5m)...
2026-08-16 19:12:12,905 - INFO - Fetching recent candles for BTC/USDT (5m) [Bot: bot-1]...
2026-08-16 19:12:17,865 - ERROR - Error fetching live OHLCV for BTC/USDT 5m: 
2026-08-16 19:12:17,865 - ERROR - System Error in runner execution cycle: 
Traceback (most recent call last):
  File "H:\algo\algo\btc-bot\src\live_runner.py", line 167, in process_cycle
    df = self.mainnet_fetcher.fetch_live_ohlcv(self.symbol, self.timeframe, limit=1000)
  File "H:\algo\algo\btc-bot\src\data_fetcher.py", line 196, in fetch_live_ohlcv
    raise e
  File "H:\algo\algo\btc-bot\src\data_fetcher.py", line 175, in fetch_live_ohlcv
    candles = self.exchange.fetch_ohlcv(
        symbol=symbol,
        timeframe=timeframe,
        limit=limit
    )
  File "H:\algo\algo\.venv\Lib\site-packages\ccxt\binance.py", line 4713, in fetch_ohlcv
    self.load_markets()
    ~~~~~~~~~~~~~~~~~^^
  File "H:\algo\algo\.venv\Lib\site-packages\ccxt\base\exchange.py", line 1816, in load_markets
    markets = self.fetch_markets(params)
  File "H:\algo\algo\.venv\Lib\site-packages\ccxt\binance.py", line 3241, in fetch_markets
    promisesRaw.append(self.publicGetExchangeInfo(params))
                       ~~~~~~~~~~~~~~~~~~~~~~~~~~^^^^^^^^
  File "H:\algo\algo\.venv\Lib\site-packages\ccxt\base\types.py", line 35, in unbound_method
    return _self.request(self.path, self.api, self.method, params, config=self.config)
           ~~~~~~~~~~~~~^^^^^^^^^^^^^^^^^^^^^^^^^^^^^^^^^^^^^^^^^^^^^^^^^^^^^^^^^^^^^^
  File "H:\algo\algo\.venv\Lib\site-packages\ccxt\binance.py", line 11823, in request
    response = self.fetch2(path, api, method, params, headers, body, config)
  File "H:\algo\algo\.venv\Lib\site-packages\ccxt\base\exchange.py", line 5544, in fetch2
    raise e
  File "H:\algo\algo\.venv\Lib\site-packages\ccxt\base\exchange.py", line 5525, in fetch2
    response = self.fetch(request['url'], request['method'], request['headers'], request['body'])
  File "H:\algo\algo\.venv\Lib\site-packages\ccxt\base\exchange.py", line 620, in fetch
    response = self.session.request(
        method,
    ...<6 lines>...
        files=files
    )
  File "H:\algo\algo\.venv\Lib\site-packages\requests\sessions.py", line 651, in request
    resp = self.send(prep, **send_kwargs)
  File "H:\algo\algo\.venv\Lib\site-packages\requests\sessions.py", line 827, in send
    r.content
  File "H:\algo\algo\.venv\Lib\site-packages\requests\models.py", line 1042, in content
    self._content = b"".join(self.iter_content(CONTENT_CHUNK_SIZE)) or b""
                    ~~~~~~~~^^^^^^^^^^^^^^^^^^^^^^^^^^^^^^^^^^^^^^^
MemoryError
2026-08-16 19:12:32,463 - INFO - Sending Telegram alert...
2026-08-16 19:12:34,847 - ERROR - Failed to send Telegram alert due to connection error: 
Exception ignored while finalizing file <http.client.HTTPResponse object at 0x000001C8F77E3430>:
Traceback (most recent call last):
  File "C:\Users\Admin\AppData\Local\Python\pythoncore-3.14-64\Lib\http\client.py", line 439, in close
    if self.fp:
AttributeError: 'HTTPResponse' object has no attribute 'fp'
2026-08-16 19:12:35,907 - INFO - Logged heartbeat status: ERROR
2026-08-16 19:12:35,911 - INFO - Adding job tentatively -- it will be properly scheduled when the scheduler starts
2026-08-16 19:12:35,911 - INFO - Bot bot-1 scheduled to check every 5 minutes.
2026-08-16 19:12:35,911 - INFO - Added job "LiveRunner.process_cycle" to job store "default"
2026-08-16 19:12:35,911 - INFO - Scheduler started
2026-08-16 19:59:02,847 - INFO - Initializing scheduled trading bot live runner for bot-1...
2026-08-16 19:59:03,063 - INFO - SQLite database tables verified/created.
2026-08-16 19:59:03,069 - INFO - Initializing CCXT Binance in TESTNET mode.
2026-08-16 19:59:04,548 - INFO - Initializing CCXT Binance in MAINNET mode (Public endpoints).
2026-08-16 19:59:04,615 - INFO - Sending Telegram alert...
2026-08-16 19:59:05,629 - INFO - Telegram alert sent successfully.
2026-08-16 19:59:05,653 - INFO - [bot-1] Starting signal check cycle for BTC/USDT (5m)...
2026-08-16 19:59:05,662 - INFO - Fetching recent candles for BTC/USDT (5m) [Bot: bot-1]...
2026-08-16 19:59:09,333 - INFO - Indicators computed | close=63092.56 ema_9=63074.12 ema_20=63060.22 ema_50=63044.07 ema_200=63057.14 macd=15.4059 poc=63050.0 val=62600.0 vah=63400.0
2026-08-16 19:59:09,334 - INFO - [bot-1] Evaluating strategy on completed candle: 2026-08-16T14:20:00+00:00 at Close price: 63100.90
2026-08-16 19:59:09,361 - INFO - Confluence Evaluation | Regime: TRENDING (ADX=52.7) | Direction: LONG | BullScore: 78.9% | BearScore: 21.1% | Active: ['ema', 'macd', 'vp']
2026-08-16 19:59:09,375 - INFO - Capping position size 1.923817 BTC to available cash equivalent 0.158476 BTC.
2026-08-16 19:59:09,400 - INFO - Created pending signal approval ID 236 for bot bot-1 (LONG @ $63100.90, status: WAITING_APPROVAL)
2026-08-16 19:59:10,348 - INFO - [bot-1] Signal LONG generated (ID: 236). Waiting for manual user approval.
2026-08-16 19:59:10,393 - INFO - Logged heartbeat status: OK
2026-08-16 19:59:10,397 - INFO - Adding job tentatively -- it will be properly scheduled when the scheduler starts
2026-08-16 19:59:10,397 - INFO - Bot bot-1 scheduled to check every 5 minutes.
2026-08-16 19:59:10,397 - INFO - Added job "LiveRunner.process_cycle" to job store "default"
2026-08-16 19:59:10,397 - INFO - Scheduler started
2026-08-16 20:35:37,488 - INFO - Initializing scheduled trading bot live runner for bot-1...
2026-08-16 20:35:37,850 - INFO - SQLite database tables verified/created.
2026-08-16 20:35:37,903 - INFO - Initializing CCXT Binance in TESTNET mode.
2026-08-16 20:35:39,051 - INFO - Initializing CCXT Binance in MAINNET mode (Public endpoints).
2026-08-16 20:35:39,149 - INFO - Sending Telegram alert...
2026-08-16 20:35:51,646 - ERROR - Error logging Telegram event: database is locked
2026-08-16 20:35:51,647 - INFO - Telegram alert sent successfully.
2026-08-16 20:35:52,124 - INFO - [bot-1] Starting signal check cycle for BTC/USDT (5m)...
2026-08-16 20:35:56,733 - INFO - Fetching recent candles for BTC/USDT (5m) [Bot: bot-1]...
2026-08-16 20:36:00,467 - INFO - Indicators computed | close=63113.99 ema_9=63100.52 ema_20=63084.16 ema_50=63060.07 ema_200=63060.59 macd=18.7925 poc=63050.0 val=62600.0 vah=63375.0
2026-08-16 20:36:00,468 - INFO - [bot-1] Evaluating strategy on completed candle: 2026-08-16T15:00:00+00:00 at Close price: 63113.99
2026-08-16 20:36:02,917 - INFO - Confluence Evaluation | Regime: TRENDING (ADX=61.3) | Direction: LONG | BullScore: 78.9% | BearScore: 21.1% | Active: ['ema', 'macd', 'vp']
2026-08-16 20:36:06,847 - INFO - Capping position size 2.521114 BTC to available cash equivalent 0.158443 BTC.
2026-08-16 20:36:15,875 - INFO - Created pending signal approval ID 245 for bot bot-1 (LONG @ $63113.99, status: WAITING_APPROVAL)
2026-08-16 20:36:17,052 - INFO - [bot-1] Signal LONG generated (ID: 245). Waiting for manual user approval.
2026-08-16 20:36:17,306 - INFO - Logged heartbeat status: OK
2026-08-16 20:36:17,309 - INFO - Adding job tentatively -- it will be properly scheduled when the scheduler starts
2026-08-16 20:36:17,309 - INFO - Bot bot-1 scheduled to check every 5 minutes.
2026-08-16 20:36:17,309 - INFO - Added job "LiveRunner.process_cycle" to job store "default"
2026-08-16 20:36:17,309 - INFO - Scheduler started
2026-08-17 12:58:50,537 - INFO - Initializing scheduled trading bot live runner for bot-1...
2026-08-17 12:58:50,634 - INFO - SQLite database tables verified/created.
2026-08-17 12:58:50,728 - INFO - Initializing CCXT Binance in TESTNET mode.
2026-08-17 12:58:56,142 - INFO - Initializing CCXT Binance in MAINNET mode (Public endpoints).
2026-08-17 12:58:56,215 - INFO - Sending Telegram alert...
2026-08-17 12:58:57,353 - INFO - Telegram alert sent successfully.
2026-08-17 12:58:57,357 - INFO - [bot-1] Starting signal check cycle for BTC/USDT (5m)...
2026-08-17 12:58:57,363 - INFO - Fetching recent candles for BTC/USDT (5m) [Bot: bot-1]...
2026-08-17 13:09:33,539 - INFO - Initializing scheduled trading bot live runner for bot-1...
2026-08-17 13:09:33,549 - INFO - SQLite database tables verified/created.
2026-08-17 13:09:33,569 - INFO - Initializing CCXT Binance in TESTNET mode.
2026-08-17 13:09:37,529 - INFO - Initializing CCXT Binance in MAINNET mode (Public endpoints).
2026-08-17 13:09:37,540 - INFO - Sending Telegram alert...
2026-08-17 13:09:39,085 - INFO - Telegram alert sent successfully.
2026-08-17 13:09:39,091 - INFO - [bot-1] Starting signal check cycle for BTC/USDT (5m)...
2026-08-17 13:09:39,101 - INFO - Fetching recent candles for BTC/USDT (5m) [Bot: bot-1]...
2026-08-17 13:09:43,377 - INFO - Indicators computed | close=63560.07 ema_9=63578.49 ema_20=63573.48 ema_50=63499.59 ema_200=63259.02 macd=16.8129 poc=63050.0 val=62650.0 vah=63175.0
2026-08-17 13:09:43,378 - INFO - [bot-1] Evaluating strategy on completed candle: 2026-08-17T07:30:00+00:00 at Close price: 63562.54
2026-08-17 13:09:43,397 - INFO - Confluence Evaluation | Regime: TRENDING (ADX=34.3) | Direction: HOLD | BullScore: 0.0% | BearScore: 21.1% | Active: ['ema', 'macd', 'vp']
2026-08-17 13:09:43,417 - INFO - Signal evaluated: HOLD. Reason/Details: Confluence score: 21% (HOLD)
2026-08-17 13:09:43,504 - INFO - Logged heartbeat status: OK
2026-08-17 13:09:43,559 - INFO - Adding job tentatively -- it will be properly scheduled when the scheduler starts
2026-08-17 13:09:43,559 - INFO - Bot bot-1 scheduled to check every 5 minutes.
2026-08-17 13:09:43,560 - INFO - Added job "LiveRunner.process_cycle" to job store "default"
2026-08-17 13:09:43,560 - INFO - Scheduler started
2026-08-17 13:20:42,469 - INFO - Initializing scheduled trading bot live runner for bot-1...
2026-08-17 13:20:42,719 - INFO - SQLite database tables verified/created.
2026-08-17 13:20:42,726 - INFO - Initializing CCXT Binance in TESTNET mode.
2026-08-17 13:20:46,967 - INFO - Initializing CCXT Binance in MAINNET mode (Public endpoints).
2026-08-17 13:20:47,032 - INFO - Sending Telegram alert...
2026-08-17 13:20:47,983 - INFO - Telegram alert sent successfully.
2026-08-17 13:20:47,988 - INFO - [bot-1] Starting signal check cycle for BTC/USDT (5m)...
2026-08-17 13:20:48,469 - INFO - Fetching recent candles for BTC/USDT (5m) [Bot: bot-1]...
2026-08-17 13:21:02,882 - INFO - Indicators computed | close=63528.10 ema_9=63555.58 ema_20=63562.71 ema_50=63503.27 ema_200=63267.09 macd=4.2326 poc=63050.0 val=62650.0 vah=63175.0
2026-08-17 13:21:02,883 - INFO - [bot-1] Evaluating strategy on completed candle: 2026-08-17T07:45:00+00:00 at Close price: 63530.32
2026-08-17 13:21:03,671 - INFO - SHORT signal blocked | Trend blocked (Close 63530.32 >= EMA200 63264.47) | Momentum blocked (MACD 7.9105 >= 0) | context={'close': 63530.32, 'ema_9': 63562.45285305866, 'ema_20': 63566.349185658415, 'ema_50': 63502.25588128577, 'ema_200': 63264.471317897565, 'macd_line': 7.910512841990567, 'macd_signal': 21.311854446562897, 'macd_hist': -13.40134160457233, 'poc': np.float64(63050.0), 'val': np.float64(62650.0), 'vah': np.float64(63175.0)}
2026-08-17 13:21:03,676 - INFO - Confluence Evaluation | Regime: TRENDING (ADX=33.9) | Direction: HOLD | BullScore: 0.0% | BearScore: 21.1% | Active: ['ema', 'macd', 'vp']
2026-08-17 13:21:05,686 - INFO - Signal evaluated: HOLD. Reason/Details: SHORT setup blocked: Trend blocked (Close 63530.32 >= EMA200 63264.47) | Momentum blocked (MACD 7.9105 >= 0)
2026-08-17 13:21:05,687 - INFO - Sending Telegram alert...
/Users/ashishparadkar/Downloads/algo-code-main/.venv/lib/python3.9/site-packages/urllib3/__init__.py:35: NotOpenSSLWarning: urllib3 v2 only supports OpenSSL 1.1.1+, currently the 'ssl' module is compiled with 'LibreSSL 2.8.3'. See: https://github.com/urllib3/urllib3/issues/3020
  warnings.warn(
2026-08-17 16:48:17,538 - INFO - Initializing scheduled trading bot live runner for bot-1...
/Users/ashishparadkar/Downloads/algo-code-main/.venv/lib/python3.9/site-packages/urllib3/__init__.py:35: NotOpenSSLWarning: urllib3 v2 only supports OpenSSL 1.1.1+, currently the 'ssl' module is compiled with 'LibreSSL 2.8.3'. See: https://github.com/urllib3/urllib3/issues/3020
  warnings.warn(
2026-08-17 17:01:15,311 - INFO - Initializing scheduled trading bot live runner for bot-1...
2026-08-17 17:02:09,067 - WARNING - DB init operational lock warning: database is locked
2026-08-17 17:02:09,070 - WARNING - Telegram alerts are DISABLED. Set TELEGRAM_BOT_TOKEN and TELEGRAM_CHAT_ID in your .env file.
2026-08-17 17:02:09,076 - INFO - Initializing CCXT Binance in TESTNET mode.
2026-08-17 17:02:14,340 - INFO - Initializing CCXT Binance in MAINNET mode (Public endpoints).
2026-08-17 17:02:14,366 - INFO - Skipping Telegram notification (disabled): 🚀 <b>Alpha BTC Scalper Started</b>
• <b>Symbol</b>: BTC/USDT
• <b>Timeframe</b>: 5m
• <b>Status</b>: RUNNING
2026-08-17 17:02:14,369 - INFO - [bot-1] Starting signal check cycle for BTC/USDT (5m)...
/Users/ashishparadkar/Downloads/algo-code-main/.venv/lib/python3.9/site-packages/urllib3/__init__.py:35: NotOpenSSLWarning: urllib3 v2 only supports OpenSSL 1.1.1+, currently the 'ssl' module is compiled with 'LibreSSL 2.8.3'. See: https://github.com/urllib3/urllib3/issues/3020
  warnings.warn(
2026-08-17 17:04:42,052 - INFO - Initializing scheduled trading bot live runner for bot-1...
2026-08-17 17:05:35,926 - WARNING - DB init operational lock warning: database is locked
2026-08-17 17:05:35,927 - WARNING - Telegram alerts are DISABLED. Set TELEGRAM_BOT_TOKEN and TELEGRAM_CHAT_ID in your .env file.
2026-08-17 17:05:35,931 - INFO - Initializing CCXT Binance in TESTNET mode.
2026-08-17 17:05:37,682 - INFO - Initializing CCXT Binance in MAINNET mode (Public endpoints).
2026-08-17 17:05:37,697 - INFO - Skipping Telegram notification (disabled): 🚀 <b>Alpha BTC Scalper Started</b>
• <b>Symbol</b>: BTC/USDT
• <b>Timeframe</b>: 5m
• <b>Status</b>: RUNNING
2026-08-17 17:05:37,700 - INFO - [bot-1] Starting signal check cycle for BTC/USDT (5m)...
2026-08-17 17:05:48,073 - ERROR - Audit batch write failed: database is locked
2026-08-17 17:05:48,074 - ERROR - Error logging bot activity for bot-1: database is locked
2026-08-17 17:05:48,075 - INFO - Fetching recent candles for BTC/USDT (5m) [Bot: bot-1]...
2026-08-17 17:05:57,645 - INFO - Indicators computed | close=63683.45 ema_9=63652.52 ema_20=63582.46 ema_50=63509.31 ema_200=63341.70 macd=74.1148 poc=63050.0 val=62625.0 vah=63200.0
2026-08-17 17:05:57,648 - INFO - [bot-1] Evaluating strategy on completed candle: 2026-08-17T11:30:00+00:00 at Close price: 63690.88
2026-08-17 17:06:08,009 - ERROR - Error logging bot activity for bot-1: database is locked
2026-08-17 17:06:08,030 - INFO - Confluence Evaluation | Regime: TRENDING (ADX=72.1) | Direction: LONG | BullScore: 78.9% | BearScore: 21.1% | Active: [{'id': 'ema', 'name': 'EMA (Exponential Moving Average)', 'params': {'period': 20}}, {'id': 'macd', 'name': 'MACD (Moving Average Convergence Divergence)', 'params': {'fast': 12, 'slow': 26, 'signal': 9}}, {'id': 'vp', 'name': 'Visible Range Volume Profile', 'params': {'bins': 50}}]
2026-08-17 17:06:08,032 - ERROR - Error logging bot decision for bot-1: table bot_decision_logs has no column named price
/Users/ashishparadkar/Downloads/algo-code-main/.venv/lib/python3.9/site-packages/urllib3/__init__.py:35: NotOpenSSLWarning: urllib3 v2 only supports OpenSSL 1.1.1+, currently the 'ssl' module is compiled with 'LibreSSL 2.8.3'. See: https://github.com/urllib3/urllib3/issues/3020
  warnings.warn(
2026-08-17 17:08:23,293 - INFO - Initializing scheduled trading bot live runner for bot-1...
/Users/ashishparadkar/Downloads/algo-code-main/.venv/lib/python3.9/site-packages/urllib3/__init__.py:35: NotOpenSSLWarning: urllib3 v2 only supports OpenSSL 1.1.1+, currently the 'ssl' module is compiled with 'LibreSSL 2.8.3'. See: https://github.com/urllib3/urllib3/issues/3020
  warnings.warn(
2026-08-17 17:10:55,824 - INFO - Initializing scheduled trading bot live runner for bot-1...
2026-08-17 17:11:49,586 - WARNING - DB init operational lock warning: database is locked
2026-08-17 17:11:49,594 - WARNING - Telegram alerts are DISABLED. Set TELEGRAM_BOT_TOKEN and TELEGRAM_CHAT_ID in your .env file.
2026-08-17 17:11:49,602 - INFO - Initializing CCXT Binance in TESTNET mode.
2026-08-17 17:11:51,308 - INFO - Initializing CCXT Binance in MAINNET mode (Public endpoints).
2026-08-17 17:11:51,322 - INFO - Skipping Telegram notification (disabled): 🚀 <b>Alpha BTC Scalper Started</b>
• <b>Symbol</b>: BTC/USDT
• <b>Timeframe</b>: 5m
• <b>Status</b>: RUNNING
2026-08-17 17:11:51,325 - INFO - [bot-1] Starting signal check cycle for BTC/USDT (5m)...
2026-08-17 17:12:01,651 - ERROR - Error logging bot activity for bot-1: database is locked
2026-08-17 17:12:01,653 - INFO - Fetching recent candles for BTC/USDT (5m) [Bot: bot-1]...
2026-08-17 17:12:01,655 - ERROR - Audit batch write failed: database is locked
2026-08-17 17:12:05,181 - INFO - Indicators computed | close=63690.00 ema_9=63661.44 ema_20=63593.47 ema_50=63516.73 ema_200=63345.25 macd=73.8326 poc=63050.0 val=62625.0 vah=63200.0
2026-08-17 17:12:05,182 - INFO - [bot-1] Evaluating strategy on completed candle: 2026-08-17T11:35:00+00:00 at Close price: 63692.36
/Users/ashishparadkar/Downloads/algo-code-main/.venv/lib/python3.9/site-packages/urllib3/__init__.py:35: NotOpenSSLWarning: urllib3 v2 only supports OpenSSL 1.1.1+, currently the 'ssl' module is compiled with 'LibreSSL 2.8.3'. See: https://github.com/urllib3/urllib3/issues/3020
  warnings.warn(
/Users/ashishparadkar/Downloads/algo-code-main/.venv/lib/python3.9/site-packages/urllib3/__init__.py:35: NotOpenSSLWarning: urllib3 v2 only supports OpenSSL 1.1.1+, currently the 'ssl' module is compiled with 'LibreSSL 2.8.3'. See: https://github.com/urllib3/urllib3/issues/3020
  warnings.warn(
2026-08-17 21:41:27,016 - INFO - Initializing scheduled trading bot live runner for bot-1...
2026-08-17 21:41:27,064 - INFO - SQLite database tables verified/created.
2026-08-17 21:41:27,129 - WARNING - Telegram alerts are DISABLED. Set TELEGRAM_BOT_TOKEN and TELEGRAM_CHAT_ID in your .env file.
2026-08-17 21:41:27,137 - INFO - Initializing CCXT Binance in TESTNET mode.
2026-08-17 21:41:28,908 - INFO - Initializing CCXT Binance in MAINNET mode (Public endpoints).
2026-08-17 21:41:28,923 - INFO - Skipping Telegram notification (disabled): 🚀 <b>Alpha BTC Scalper Started</b>
• <b>Symbol</b>: BTC/USDT
• <b>Timeframe</b>: 5m
• <b>Status</b>: RUNNING
2026-08-17 21:41:28,926 - INFO - [bot-1] Starting signal check cycle for BTC/USDT (5m)...
2026-08-17 21:41:28,978 - INFO - Fetching recent candles for BTC/USDT (5m) [Bot: bot-1]...
2026-08-17 21:41:32,441 - INFO - Indicators computed | close=64077.99 ema_9=64091.85 ema_20=63986.26 ema_50=63815.71 ema_200=63522.45 macd=123.0695 poc=63050.0 val=62600.0 vah=63275.0
2026-08-17 21:41:32,442 - INFO - [bot-1] Evaluating strategy on completed candle: 2026-08-17T16:05:00+00:00 at Close price: 64112.60
2026-08-17 21:41:32,497 - INFO - Confluence Evaluation | Regime: TRENDING (ADX=71.1) | Direction: LONG | BullScore: 78.9% | BearScore: 21.1% | Active: ['ema', 'macd', 'vp']
2026-08-17 21:41:32,499 - ERROR - Error logging bot decision for bot-1: table bot_decision_logs has no column named price
2026-08-17 21:41:32,547 - INFO - Capping position size 2.078354 BTC to available cash equivalent 0.155976 BTC.
2026-08-17 21:41:32,556 - ERROR - Error creating pending signal approval: table pending_signal_approvals has no column named timestamp
2026-08-17 21:41:32,557 - INFO - Skipping interactive Telegram notification (disabled): 🚨 <b>TRADE SIGNAL GENERATED</b>

<b>BTC/USDT</b>
Timeframe: 15m

Signal: <b>LONG</b>
Confidence: <b>79%</b>
Required Threshold: <b>75%</b>

Price: <b>$64,112.60</b>

EMA: Bullish
MACD: Bullish
Volume Profile: Bullish

⚠️ <b>NO TRADE EXECUTED</b>

Waiting for your decision.
2026-08-17 21:41:32,608 - INFO - [bot-1] Signal LONG generated (ID: -1). Waiting for manual user approval.
2026-08-17 21:41:32,768 - ERROR - Error logging daily statistics: table daily_statistics has no column named timestamp
2026-08-17 21:41:32,770 - INFO - Logged heartbeat status: OK
2026-08-17 21:41:32,779 - INFO - Adding job tentatively -- it will be properly scheduled when the scheduler starts
2026-08-17 21:41:32,779 - INFO - Bot bot-1 scheduled to check every 5 minutes.
2026-08-17 21:41:32,781 - INFO - Added job "LiveRunner.process_cycle" to job store "default"
2026-08-17 21:41:32,781 - INFO - Scheduler started
2026-08-17 21:47:21,276 - WARNING - Run time of job "LiveRunner.process_cycle (trigger: interval[0:05:00], next run at: 2026-08-17 21:46:32 IST)" was missed by 0:00:48.496514
2026-08-17 21:51:32,781 - INFO - Running job "LiveRunner.process_cycle (trigger: interval[0:05:00], next run at: 2026-08-17 21:56:32 IST)" (scheduled at 2026-08-17 21:51:32.778964+05:30)
2026-08-17 21:51:32,800 - INFO - [bot-1] Starting signal check cycle for BTC/USDT (5m)...
2026-08-17 21:51:32,842 - INFO - Fetching recent candles for BTC/USDT (5m) [Bot: bot-1]...
2026-08-17 21:51:32,890 - ERROR - CCXT Network/Timeout error for BTC/USDT 5m: binance GET https://api.binance.com/api/v3/klines?interval=5m&limit=1000&symbol=BTCUSDT
2026-08-17 21:51:32,891 - ERROR - System Error in runner execution cycle: binance GET https://api.binance.com/api/v3/klines?interval=5m&limit=1000&symbol=BTCUSDT
Traceback (most recent call last):
  File "/Users/ashishparadkar/Downloads/algo-code-main/.venv/lib/python3.9/site-packages/urllib3/connectionpool.py", line 787, in urlopen
    response = self._make_request(
  File "/Users/ashishparadkar/Downloads/algo-code-main/.venv/lib/python3.9/site-packages/urllib3/connectionpool.py", line 534, in _make_request
    response = conn.getresponse()
  File "/Users/ashishparadkar/Downloads/algo-code-main/.venv/lib/python3.9/site-packages/urllib3/connection.py", line 571, in getresponse
    httplib_response = super().getresponse()
  File "/Library/Developer/CommandLineTools/Library/Frameworks/Python3.framework/Versions/3.9/lib/python3.9/http/client.py", line 1349, in getresponse
    response.begin()
  File "/Library/Developer/CommandLineTools/Library/Frameworks/Python3.framework/Versions/3.9/lib/python3.9/http/client.py", line 316, in begin
    version, status, reason = self._read_status()
  File "/Library/Developer/CommandLineTools/Library/Frameworks/Python3.framework/Versions/3.9/lib/python3.9/http/client.py", line 277, in _read_status
    line = str(self.fp.readline(_MAXLINE + 1), "iso-8859-1")
  File "/Library/Developer/CommandLineTools/Library/Frameworks/Python3.framework/Versions/3.9/lib/python3.9/socket.py", line 704, in readinto
    return self._sock.recv_into(b)
  File "/Library/Developer/CommandLineTools/Library/Frameworks/Python3.framework/Versions/3.9/lib/python3.9/ssl.py", line 1241, in recv_into
    return self.read(nbytes, buffer)
  File "/Library/Developer/CommandLineTools/Library/Frameworks/Python3.framework/Versions/3.9/lib/python3.9/ssl.py", line 1099, in read
    return self._sslobj.read(len, buffer)
ConnectionResetError: [Errno 54] Connection reset by peer

During handling of the above exception, another exception occurred:

Traceback (most recent call last):
  File "/Users/ashishparadkar/Downloads/algo-code-main/.venv/lib/python3.9/site-packages/requests/adapters.py", line 644, in send
    resp = conn.urlopen(
  File "/Users/ashishparadkar/Downloads/algo-code-main/.venv/lib/python3.9/site-packages/urllib3/connectionpool.py", line 841, in urlopen
    retries = retries.increment(
  File "/Users/ashishparadkar/Downloads/algo-code-main/.venv/lib/python3.9/site-packages/urllib3/util/retry.py", line 490, in increment
    raise reraise(type(error), error, _stacktrace)
  File "/Users/ashishparadkar/Downloads/algo-code-main/.venv/lib/python3.9/site-packages/urllib3/util/util.py", line 38, in reraise
    raise value.with_traceback(tb)
  File "/Users/ashishparadkar/Downloads/algo-code-main/.venv/lib/python3.9/site-packages/urllib3/connectionpool.py", line 787, in urlopen
    response = self._make_request(
  File "/Users/ashishparadkar/Downloads/algo-code-main/.venv/lib/python3.9/site-packages/urllib3/connectionpool.py", line 534, in _make_request
    response = conn.getresponse()
  File "/Users/ashishparadkar/Downloads/algo-code-main/.venv/lib/python3.9/site-packages/urllib3/connection.py", line 571, in getresponse
    httplib_response = super().getresponse()
  File "/Library/Developer/CommandLineTools/Library/Frameworks/Python3.framework/Versions/3.9/lib/python3.9/http/client.py", line 1349, in getresponse
    response.begin()
  File "/Library/Developer/CommandLineTools/Library/Frameworks/Python3.framework/Versions/3.9/lib/python3.9/http/client.py", line 316, in begin
    version, status, reason = self._read_status()
  File "/Library/Developer/CommandLineTools/Library/Frameworks/Python3.framework/Versions/3.9/lib/python3.9/http/client.py", line 277, in _read_status
    line = str(self.fp.readline(_MAXLINE + 1), "iso-8859-1")
  File "/Library/Developer/CommandLineTools/Library/Frameworks/Python3.framework/Versions/3.9/lib/python3.9/socket.py", line 704, in readinto
    return self._sock.recv_into(b)
  File "/Library/Developer/CommandLineTools/Library/Frameworks/Python3.framework/Versions/3.9/lib/python3.9/ssl.py", line 1241, in recv_into
    return self.read(nbytes, buffer)
  File "/Library/Developer/CommandLineTools/Library/Frameworks/Python3.framework/Versions/3.9/lib/python3.9/ssl.py", line 1099, in read
    return self._sslobj.read(len, buffer)
urllib3.exceptions.ProtocolError: ('Connection aborted.', ConnectionResetError(54, 'Connection reset by peer'))

During handling of the above exception, another exception occurred:

Traceback (most recent call last):
  File "/Users/ashishparadkar/Downloads/algo-code-main/.venv/lib/python3.9/site-packages/ccxt/base/exchange.py", line 665, in fetch
    response = self.session.request(
  File "/Users/ashishparadkar/Downloads/algo-code-main/.venv/lib/python3.9/site-packages/requests/sessions.py", line 589, in request
    resp = self.send(prep, **send_kwargs)
  File "/Users/ashishparadkar/Downloads/algo-code-main/.venv/lib/python3.9/site-packages/requests/sessions.py", line 703, in send
    r = adapter.send(request, **kwargs)
  File "/Users/ashishparadkar/Downloads/algo-code-main/.venv/lib/python3.9/site-packages/requests/adapters.py", line 659, in send
    raise ConnectionError(err, request=request)
requests.exceptions.ConnectionError: ('Connection aborted.', ConnectionResetError(54, 'Connection reset by peer'))

The above exception was the direct cause of the following exception:

Traceback (most recent call last):
  File "/Users/ashishparadkar/Downloads/algo-code-main/src/live_runner.py", line 167, in process_cycle
    df = self.mainnet_fetcher.fetch_live_ohlcv(self.symbol, self.timeframe, limit=1000)
  File "/Users/ashishparadkar/Downloads/algo-code-main/src/data_fetcher.py", line 193, in fetch_live_ohlcv
    raise net_err
  File "/Users/ashishparadkar/Downloads/algo-code-main/src/data_fetcher.py", line 175, in fetch_live_ohlcv
    candles = self.exchange.fetch_ohlcv(
  File "/Users/ashishparadkar/Downloads/algo-code-main/.venv/lib/python3.9/site-packages/ccxt/binance.py", line 4759, in fetch_ohlcv
    response = self.publicGetKlines(self.extend(request, params))
  File "/Users/ashishparadkar/Downloads/algo-code-main/.venv/lib/python3.9/site-packages/ccxt/base/types.py", line 35, in unbound_method
    return _self.request(self.path, self.api, self.method, params, config=self.config)
  File "/Users/ashishparadkar/Downloads/algo-code-main/.venv/lib/python3.9/site-packages/ccxt/binance.py", line 11724, in request
    response = self.fetch2(path, api, method, params, headers, body, config)
  File "/Users/ashishparadkar/Downloads/algo-code-main/.venv/lib/python3.9/site-packages/ccxt/base/exchange.py", line 5566, in fetch2
    raise e
  File "/Users/ashishparadkar/Downloads/algo-code-main/.venv/lib/python3.9/site-packages/ccxt/base/exchange.py", line 5549, in fetch2
    response = self.fetch(request['url'], request['method'], request['headers'], request['body'])
  File "/Users/ashishparadkar/Downloads/algo-code-main/.venv/lib/python3.9/site-packages/ccxt/base/exchange.py", line 721, in fetch
    raise NetworkError(details) from e
ccxt.base.errors.NetworkError: binance GET https://api.binance.com/api/v3/klines?interval=5m&limit=1000&symbol=BTCUSDT
2026-08-17 21:51:33,182 - INFO - Skipping Telegram notification (disabled): 🚨 <b>CRITICAL ERROR</b>: System Error in runner execution cycle: binance GET https://api.binance.com/api/v3/klines?interval=5m&limit=1000&symbol=BTCUSDT
2026-08-17 21:51:33,233 - ERROR - Error logging daily statistics: table daily_statistics has no column named timestamp
2026-08-17 21:51:33,234 - INFO - Logged heartbeat status: ERROR
2026-08-17 21:51:33,234 - INFO - Job "LiveRunner.process_cycle (trigger: interval[0:05:00], next run at: 2026-08-17 21:56:32 IST)" executed successfully
2026-08-17 21:56:32,792 - INFO - Running job "LiveRunner.process_cycle (trigger: interval[0:05:00], next run at: 2026-08-17 22:01:32 IST)" (scheduled at 2026-08-17 21:56:32.778964+05:30)
2026-08-17 21:56:32,799 - INFO - [bot-1] Starting signal check cycle for BTC/USDT (5m)...
2026-08-17 21:56:32,839 - INFO - Fetching recent candles for BTC/USDT (5m) [Bot: bot-1]...
2026-08-17 21:56:39,557 - INFO - Indicators computed | close=64116.43 ema_9=64096.43 ema_20=64015.70 ema_50=63847.75 ema_200=63539.48 macd=105.0787 poc=63050.0 val=62600.0 vah=63300.0
2026-08-17 21:56:39,559 - INFO - [bot-1] Evaluating strategy on completed candle: 2026-08-17T16:20:00+00:00 at Close price: 64098.54
2026-08-17 21:56:39,624 - INFO - Confluence Evaluation | Regime: TRENDING (ADX=66.5) | Direction: HOLD | BullScore: 39.5% | BearScore: 21.1% | Active: ['ema', 'macd', 'vp']
2026-08-17 21:56:39,629 - ERROR - Error logging bot decision for bot-1: table bot_decision_logs has no column named price
2026-08-17 21:56:39,683 - INFO - Signal evaluated: HOLD. Reason/Details: Confluence score: 40% (HOLD)
2026-08-17 21:56:39,864 - ERROR - Error logging daily statistics: table daily_statistics has no column named timestamp
2026-08-17 21:56:39,865 - INFO - Logged heartbeat status: OK
2026-08-17 21:56:39,866 - INFO - Job "LiveRunner.process_cycle (trigger: interval[0:05:00], next run at: 2026-08-17 22:01:32 IST)" executed successfully
2026-08-17 22:01:32,793 - INFO - Running job "LiveRunner.process_cycle (trigger: interval[0:05:00], next run at: 2026-08-17 22:06:32 IST)" (scheduled at 2026-08-17 22:01:32.778964+05:30)
2026-08-17 22:01:32,801 - INFO - [bot-1] Starting signal check cycle for BTC/USDT (5m)...
2026-08-17 22:01:32,845 - INFO - Fetching recent candles for BTC/USDT (5m) [Bot: bot-1]...
2026-08-17 22:01:39,532 - INFO - Indicators computed | close=64092.00 ema_9=64092.44 ema_20=64021.30 ema_50=63856.60 ema_200=63544.79 macd=97.2606 poc=63050.0 val=62600.0 vah=63300.0
2026-08-17 22:01:39,533 - INFO - [bot-1] Evaluating strategy on completed candle: 2026-08-17T16:25:00+00:00 at Close price: 64097.07
2026-08-17 22:01:39,597 - INFO - Confluence Evaluation | Regime: TRENDING (ADX=66.6) | Direction: HOLD | BullScore: 39.5% | BearScore: 21.1% | Active: ['ema', 'macd', 'vp']
2026-08-17 22:01:39,599 - ERROR - Error logging bot decision for bot-1: table bot_decision_logs has no column named price
2026-08-17 22:01:39,639 - INFO - Signal evaluated: HOLD. Reason/Details: Confluence score: 40% (HOLD)
2026-08-17 22:01:39,792 - ERROR - Error logging daily statistics: table daily_statistics has no column named timestamp
2026-08-17 22:01:39,792 - INFO - Logged heartbeat status: OK
2026-08-17 22:01:39,792 - INFO - Job "LiveRunner.process_cycle (trigger: interval[0:05:00], next run at: 2026-08-17 22:06:32 IST)" executed successfully
2026-08-17 22:09:31,164 - WARNING - Run time of job "LiveRunner.process_cycle (trigger: interval[0:05:00], next run at: 2026-08-17 22:11:32 IST)" was missed by 0:02:58.384504
2026-08-17 22:11:32,797 - INFO - Running job "LiveRunner.process_cycle (trigger: interval[0:05:00], next run at: 2026-08-17 22:16:32 IST)" (scheduled at 2026-08-17 22:11:32.778964+05:30)
2026-08-17 22:11:32,819 - INFO - [bot-1] Starting signal check cycle for BTC/USDT (5m)...
2026-08-17 22:11:32,865 - INFO - Fetching recent candles for BTC/USDT (5m) [Bot: bot-1]...
2026-08-17 22:11:39,766 - INFO - Indicators computed | close=64137.91 ema_9=64118.60 ema_20=64048.03 ema_50=63880.74 ema_200=63557.20 macd=95.6461 poc=63050.0 val=62600.0 vah=63300.0
2026-08-17 22:11:39,769 - INFO - [bot-1] Evaluating strategy on completed candle: 2026-08-17T16:35:00+00:00 at Close price: 64171.93
2026-08-17 22:11:39,839 - INFO - Confluence Evaluation | Regime: TRENDING (ADX=64.7) | Direction: HOLD | BullScore: 39.5% | BearScore: 21.1% | Active: ['ema', 'macd', 'vp']
2026-08-17 22:11:39,860 - ERROR - Error logging bot decision for bot-1: table bot_decision_logs has no column named price
2026-08-17 22:11:39,945 - INFO - Signal evaluated: HOLD. Reason/Details: Confluence score: 40% (HOLD)
2026-08-17 22:11:40,000 - ERROR - Error logging daily statistics: table daily_statistics has no column named timestamp
2026-08-17 22:11:40,001 - INFO - Logged heartbeat status: OK
2026-08-17 22:11:40,001 - INFO - Job "LiveRunner.process_cycle (trigger: interval[0:05:00], next run at: 2026-08-17 22:16:32 IST)" executed successfully
2026-08-17 22:16:32,817 - INFO - Running job "LiveRunner.process_cycle (trigger: interval[0:05:00], next run at: 2026-08-17 22:21:32 IST)" (scheduled at 2026-08-17 22:16:32.778964+05:30)
2026-08-17 22:16:32,833 - INFO - [bot-1] Starting signal check cycle for BTC/USDT (5m)...
2026-08-17 22:16:32,876 - INFO - Fetching recent candles for BTC/USDT (5m) [Bot: bot-1]...
2026-08-17 22:16:33,409 - INFO - Indicators computed | close=64087.22 ema_9=64103.70 ema_20=64047.12 ema_50=63886.81 ema_200=63561.94 macd=84.0132 poc=63050.0 val=62600.0 vah=63300.0
2026-08-17 22:16:33,412 - INFO - [bot-1] Evaluating strategy on completed candle: 2026-08-17T16:40:00+00:00 at Close price: 64084.00
2026-08-17 22:16:33,473 - INFO - Confluence Evaluation | Regime: TRENDING (ADX=61.6) | Direction: HOLD | BullScore: 39.5% | BearScore: 21.1% | Active: ['ema', 'macd', 'vp']
2026-08-17 22:16:33,477 - ERROR - Error logging bot decision for bot-1: NOT NULL constraint failed: bot_decision_logs.candle_timestamp
2026-08-17 22:16:33,517 - INFO - Signal evaluated: HOLD. Reason/Details: Confluence score: 40% (HOLD)
2026-08-17 22:16:33,721 - INFO - Logged heartbeat status: OK
2026-08-17 22:16:33,722 - INFO - Job "LiveRunner.process_cycle (trigger: interval[0:05:00], next run at: 2026-08-17 22:21:32 IST)" executed successfully
2026-08-17 22:21:32,809 - INFO - Running job "LiveRunner.process_cycle (trigger: interval[0:05:00], next run at: 2026-08-17 22:26:32 IST)" (scheduled at 2026-08-17 22:21:32.778964+05:30)
2026-08-17 22:21:32,827 - INFO - [bot-1] Starting signal check cycle for BTC/USDT (5m)...
2026-08-17 22:21:32,873 - INFO - Fetching recent candles for BTC/USDT (5m) [Bot: bot-1]...
2026-08-17 22:21:33,499 - INFO - Indicators computed | close=64107.85 ema_9=64111.89 ema_20=64056.87 ema_50=63897.21 ema_200=63567.82 macd=81.7900 poc=63050.0 val=62600.0 vah=63300.0
2026-08-17 22:21:33,501 - INFO - [bot-1] Evaluating strategy on completed candle: 2026-08-17T16:45:00+00:00 at Close price: 64133.22
2026-08-17 22:21:33,581 - INFO - Confluence Evaluation | Regime: TRENDING (ADX=57.2) | Direction: HOLD | BullScore: 39.5% | BearScore: 21.1% | Active: ['ema', 'macd', 'vp']
2026-08-17 22:21:33,586 - ERROR - Error logging bot decision for bot-1: NOT NULL constraint failed: bot_decision_logs.candle_timestamp
2026-08-17 22:21:33,670 - INFO - Signal evaluated: HOLD. Reason/Details: Confluence score: 40% (HOLD)
2026-08-17 22:21:33,941 - INFO - Logged heartbeat status: OK
2026-08-17 22:21:33,941 - INFO - Job "LiveRunner.process_cycle (trigger: interval[0:05:00], next run at: 2026-08-17 22:26:32 IST)" executed successfully
/Users/ashishparadkar/Downloads/algo-code-main/.venv/lib/python3.9/site-packages/urllib3/__init__.py:35: NotOpenSSLWarning: urllib3 v2 only supports OpenSSL 1.1.1+, currently the 'ssl' module is compiled with 'LibreSSL 2.8.3'. See: https://github.com/urllib3/urllib3/issues/3020
  warnings.warn(
2026-08-17 23:49:57,029 - INFO - Initializing scheduled trading bot live runner for bot-1...
2026-08-17 23:49:57,056 - INFO - SQLite database tables verified/created.
2026-08-17 23:49:57,294 - WARNING - Telegram alerts are DISABLED. Set TELEGRAM_BOT_TOKEN and TELEGRAM_CHAT_ID in your .env file.
2026-08-17 23:49:57,297 - INFO - Initializing CCXT Binance in TESTNET mode.
/Users/ashishparadkar/Downloads/algo-code-main/.venv/lib/python3.9/site-packages/urllib3/__init__.py:35: NotOpenSSLWarning: urllib3 v2 only supports OpenSSL 1.1.1+, currently the 'ssl' module is compiled with 'LibreSSL 2.8.3'. See: https://github.com/urllib3/urllib3/issues/3020
  warnings.warn(
2026-08-18 08:47:40,379 - INFO - Initializing scheduled trading bot live runner for bot-1...
2026-08-18 08:47:40,437 - INFO - SQLite database tables verified/created.
2026-08-18 08:47:40,499 - WARNING - Telegram alerts are DISABLED. Set TELEGRAM_BOT_TOKEN and TELEGRAM_CHAT_ID in your .env file.
2026-08-18 08:47:40,502 - INFO - Initializing CCXT Binance in TESTNET mode.
2026-08-18 08:47:42,690 - INFO - Initializing CCXT Binance in MAINNET mode (Public endpoints).
2026-08-18 08:47:42,775 - INFO - Skipping Telegram notification (disabled): 🚀 <b>Alpha BTC Scalper Started</b>
• <b>Symbol</b>: BTC/USDT
• <b>Timeframe</b>: 5m
• <b>Status</b>: RUNNING
2026-08-18 08:47:42,833 - INFO - [bot-1] Starting signal check cycle for BTC/USDT (5m)...
2026-08-18 08:47:42,894 - INFO - Fetching recent candles for BTC/USDT (5m) [Bot: bot-1]...
2026-08-18 08:47:47,742 - INFO - Indicators computed | close=64106.92 ema_9=64124.13 ema_20=64172.98 ema_50=64254.42 ema_200=64101.64 macd=-59.4945 poc=63050.0 val=62775.0 vah=63650.0
2026-08-18 08:47:47,745 - INFO - [bot-1] Evaluating strategy on completed candle: 2026-08-18T03:10:00+00:00 at Close price: 64088.67
2026-08-18 08:47:47,818 - INFO - Confluence Evaluation | Regime: TRENDING (ADX=42.7) | Direction: SHORT | BullScore: 0.0% | BearScore: 100.0% | Active: ['ema', 'macd', 'vp']
2026-08-18 08:47:47,912 - INFO - Capping position size 1.794205 BTC to available cash equivalent 0.156034 BTC.
2026-08-18 08:47:47,967 - ERROR - Error creating pending signal approval: NOT NULL constraint failed: pending_signal_approvals.confidence
2026-08-18 08:47:47,967 - INFO - Skipping interactive Telegram notification (disabled): 🚨 <b>TRADE SIGNAL GENERATED</b>

<b>BTC/USDT</b>
Timeframe: 15m

Signal: <b>SHORT</b>
Confidence: <b>100%</b>
Required Threshold: <b>75%</b>

Price: <b>$64,088.67</b>

EMA: Bullish
MACD: Bullish
Volume Profile: Bullish

⚠️ <b>NO TRADE EXECUTED</b>

Waiting for your decision.
2026-08-18 08:47:47,984 - INFO - [bot-1] Signal SHORT generated (ID: -1). Waiting for manual user approval.
2026-08-18 08:47:48,157 - INFO - Logged heartbeat status: OK
2026-08-18 08:47:48,172 - INFO - Adding job tentatively -- it will be properly scheduled when the scheduler starts
2026-08-18 08:47:48,172 - INFO - Bot bot-1 scheduled to check every 5 minutes.
2026-08-18 08:47:48,174 - INFO - Added job "LiveRunner.process_cycle" to job store "default"
2026-08-18 08:47:48,174 - INFO - Scheduler started
2026-08-18 08:52:48,188 - INFO - Running job "LiveRunner.process_cycle (trigger: interval[0:05:00], next run at: 2026-08-18 08:52:48 IST)" (scheduled at 2026-08-18 08:52:48.172392+05:30)
2026-08-18 08:52:48,195 - INFO - [bot-1] Starting signal check cycle for BTC/USDT (5m)...
2026-08-18 08:52:48,235 - INFO - Fetching recent candles for BTC/USDT (5m) [Bot: bot-1]...
2026-08-18 08:52:48,685 - INFO - Indicators computed | close=64121.83 ema_9=64128.83 ema_20=64170.89 ema_50=64250.44 ema_200=64102.16 macd=-54.3261 poc=63050.0 val=62775.0 vah=63650.0
2026-08-18 08:52:48,686 - INFO - [bot-1] Evaluating strategy on completed candle: 2026-08-18T03:15:00+00:00 at Close price: 64139.20
2026-08-18 08:52:48,743 - INFO - Confluence Evaluation | Regime: TRENDING (ADX=42.9) | Direction: HOLD | BullScore: 0.0% | BearScore: 21.1% | Active: ['ema', 'macd', 'vp']
2026-08-18 08:52:48,827 - INFO - Signal evaluated: HOLD. Reason/Details: Confluence score: 21% (HOLD)
2026-08-18 08:52:48,996 - INFO - Logged heartbeat status: OK
2026-08-18 08:52:48,996 - INFO - Job "LiveRunner.process_cycle (trigger: interval[0:05:00], next run at: 2026-08-18 08:57:48 IST)" executed successfully
2026-08-18 08:58:03,066 - WARNING - Run time of job "LiveRunner.process_cycle (trigger: interval[0:05:00], next run at: 2026-08-18 09:02:48 IST)" was missed by 0:00:14.893443
2026-08-18 09:02:48,184 - INFO - Running job "LiveRunner.process_cycle (trigger: interval[0:05:00], next run at: 2026-08-18 09:07:48 IST)" (scheduled at 2026-08-18 09:02:48.172392+05:30)
2026-08-18 09:02:48,196 - INFO - [bot-1] Starting signal check cycle for BTC/USDT (5m)...
2026-08-18 09:02:48,250 - INFO - Fetching recent candles for BTC/USDT (5m) [Bot: bot-1]...
2026-08-18 09:02:48,720 - INFO - Indicators computed | close=64060.26 ema_9=64112.42 ema_20=64155.28 ema_50=64237.76 ema_200=64101.84 macd=-54.5268 poc=63050.0 val=62775.0 vah=63650.0
2026-08-18 09:02:48,721 - INFO - [bot-1] Evaluating strategy on completed candle: 2026-08-18T03:25:00+00:00 at Close price: 64112.00
2026-08-18 09:02:48,789 - INFO - Confluence Evaluation | Regime: TRENDING (ADX=42.0) | Direction: HOLD | BullScore: 0.0% | BearScore: 21.1% | Active: ['ema', 'macd', 'vp']
2026-08-18 09:02:48,876 - INFO - Signal evaluated: HOLD. Reason/Details: Confluence score: 21% (HOLD)
2026-08-18 09:02:49,068 - INFO - Logged heartbeat status: OK
2026-08-18 09:02:49,069 - INFO - Job "LiveRunner.process_cycle (trigger: interval[0:05:00], next run at: 2026-08-18 09:07:48 IST)" executed successfully
2026-08-18 09:07:48,181 - INFO - Running job "LiveRunner.process_cycle (trigger: interval[0:05:00], next run at: 2026-08-18 09:12:48 IST)" (scheduled at 2026-08-18 09:07:48.172392+05:30)
2026-08-18 09:07:48,202 - INFO - [bot-1] Starting signal check cycle for BTC/USDT (5m)...
2026-08-18 09:07:48,258 - INFO - Fetching recent candles for BTC/USDT (5m) [Bot: bot-1]...
2026-08-18 09:07:48,813 - INFO - Indicators computed | close=64109.73 ema_9=64112.16 ema_20=64151.09 ema_50=64232.81 ema_200=64101.94 macd=-51.4713 poc=63050.0 val=62775.0 vah=63650.0
2026-08-18 09:07:48,815 - INFO - [bot-1] Evaluating strategy on completed candle: 2026-08-18T03:30:00+00:00 at Close price: 64062.00
2026-08-18 09:07:48,886 - INFO - Confluence Evaluation | Regime: TRENDING (ADX=42.4) | Direction: HOLD | BullScore: 0.0% | BearScore: 60.5% | Active: ['ema', 'macd', 'vp']
2026-08-18 09:07:48,987 - INFO - Signal evaluated: HOLD. Reason/Details: Confluence score: 60% (HOLD)
2026-08-18 09:07:49,189 - INFO - Logged heartbeat status: OK
2026-08-18 09:07:49,190 - INFO - Job "LiveRunner.process_cycle (trigger: interval[0:05:00], next run at: 2026-08-18 09:12:48 IST)" executed successfully
/Users/ashishparadkar/Downloads/algo-code-main/.venv/lib/python3.9/site-packages/urllib3/__init__.py:35: NotOpenSSLWarning: urllib3 v2 only supports OpenSSL 1.1.1+, currently the 'ssl' module is compiled with 'LibreSSL 2.8.3'. See: https://github.com/urllib3/urllib3/issues/3020
  warnings.warn(
2026-08-18 11:39:34,679 - INFO - Initializing scheduled trading bot live runner for bot-1...
2026-08-18 11:39:34,717 - INFO - SQLite database tables verified/created.
2026-08-18 11:39:34,736 - WARNING - Telegram alerts are DISABLED. Set TELEGRAM_BOT_TOKEN and TELEGRAM_CHAT_ID in your .env file.
2026-08-18 11:39:34,777 - INFO - Initializing CCXT Binance in TESTNET mode.
2026-08-18 11:39:36,817 - INFO - Initializing CCXT Binance in MAINNET mode (Public endpoints).
2026-08-18 11:39:36,844 - INFO - Skipping Telegram notification (disabled): 🚀 <b>Alpha BTC Scalper Started</b>
• <b>Symbol</b>: BTC/USDT
• <b>Timeframe</b>: 5m
• <b>Status</b>: RUNNING
2026-08-18 11:39:36,849 - INFO - [bot-1] Starting signal check cycle for BTC/USDT (5m)...
2026-08-18 11:39:36,894 - INFO - Fetching recent candles for BTC/USDT (5m) [Bot: bot-1]...
2026-08-18 11:39:42,705 - INFO - Indicators computed | close=64193.81 ema_9=64214.95 ema_20=64208.88 ema_50=64212.62 ema_200=64126.84 macd=8.5908 poc=63050.0 val=62750.0 vah=64050.0
2026-08-18 11:39:42,707 - INFO - [bot-1] Evaluating strategy on completed candle: 2026-08-18T06:00:00+00:00 at Close price: 64196.61
2026-08-18 11:39:42,795 - INFO - Confluence Evaluation | Regime: TRENDING (ADX=31.9) | Direction: HOLD | BullScore: 0.0% | BearScore: 21.1% | Active: ['ema', 'macd', 'vp']
2026-08-18 11:39:42,897 - INFO - Signal evaluated: HOLD. Reason/Details: Confluence score: 21% (HOLD)
2026-08-18 11:39:42,977 - INFO - Logged heartbeat status: OK
2026-08-18 11:39:42,985 - INFO - Adding job tentatively -- it will be properly scheduled when the scheduler starts
2026-08-18 11:39:42,985 - INFO - Bot bot-1 scheduled to check every 5 minutes.
2026-08-18 11:39:42,986 - INFO - Added job "LiveRunner.process_cycle" to job store "default"
2026-08-18 11:39:42,986 - INFO - Scheduler started
2026-08-18 11:44:43,000 - INFO - Running job "LiveRunner.process_cycle (trigger: interval[0:05:00], next run at: 2026-08-18 11:44:42 IST)" (scheduled at 2026-08-18 11:44:42.985105+05:30)
2026-08-18 11:44:43,007 - INFO - [bot-1] Starting signal check cycle for BTC/USDT (5m)...
2026-08-18 11:44:43,052 - INFO - Fetching recent candles for BTC/USDT (5m) [Bot: bot-1]...
2026-08-18 11:44:43,565 - INFO - Indicators computed | close=64229.99 ema_9=64218.83 ema_20=64211.36 ema_50=64213.50 ema_200=64127.92 macd=9.5265 poc=63050.0 val=62750.0 vah=64050.0
2026-08-18 11:44:43,566 - INFO - [bot-1] Evaluating strategy on completed candle: 2026-08-18T06:05:00+00:00 at Close price: 64199.21
2026-08-18 11:44:43,592 - INFO - Confluence Evaluation | Regime: TRENDING (ADX=30.3) | Direction: HOLD | BullScore: 0.0% | BearScore: 21.1% | Active: ['ema', 'macd', 'vp']
2026-08-18 11:44:43,636 - INFO - Signal evaluated: HOLD. Reason/Details: Confluence score: 21% (HOLD)
2026-08-18 11:44:43,738 - INFO - Logged heartbeat status: OK
2026-08-18 11:44:43,739 - INFO - Job "LiveRunner.process_cycle (trigger: interval[0:05:00], next run at: 2026-08-18 11:49:42 IST)" executed successfully
2026-08-18 11:49:43,006 - INFO - Running job "LiveRunner.process_cycle (trigger: interval[0:05:00], next run at: 2026-08-18 11:54:42 IST)" (scheduled at 2026-08-18 11:49:42.985105+05:30)
2026-08-18 11:49:43,020 - INFO - [bot-1] Starting signal check cycle for BTC/USDT (5m)...
2026-08-18 11:49:43,069 - INFO - Fetching recent candles for BTC/USDT (5m) [Bot: bot-1]...
2026-08-18 11:49:43,505 - INFO - Indicators computed | close=64273.87 ema_9=64229.84 ema_20=64217.31 ema_50=64215.87 ema_200=64129.37 macd=13.3145 poc=63050.0 val=62750.0 vah=64050.0
2026-08-18 11:49:43,506 - INFO - [bot-1] Evaluating strategy on completed candle: 2026-08-18T06:10:00+00:00 at Close price: 64230.00
2026-08-18 11:49:43,591 - INFO - Confluence Evaluation | Regime: TRENDING (ADX=31.1) | Direction: HOLD | BullScore: 39.5% | BearScore: 21.1% | Active: ['ema', 'macd', 'vp']
2026-08-18 11:49:43,718 - INFO - Signal evaluated: HOLD. Reason/Details: Confluence score: 40% (HOLD)
2026-08-18 11:49:43,924 - INFO - Logged heartbeat status: OK
2026-08-18 11:49:43,924 - INFO - Job "LiveRunner.process_cycle (trigger: interval[0:05:00], next run at: 2026-08-18 11:54:42 IST)" executed successfully
2026-08-18 11:54:43,002 - INFO - Running job "LiveRunner.process_cycle (trigger: interval[0:05:00], next run at: 2026-08-18 11:59:42 IST)" (scheduled at 2026-08-18 11:54:42.985105+05:30)
2026-08-18 11:54:43,011 - INFO - [bot-1] Starting signal check cycle for BTC/USDT (5m)...
2026-08-18 11:54:43,055 - INFO - Fetching recent candles for BTC/USDT (5m) [Bot: bot-1]...
2026-08-18 11:54:44,052 - INFO - Indicators computed | close=64339.49 ema_9=64251.77 ema_20=64228.95 ema_50=64220.72 ema_200=64131.46 macd=21.3646 poc=63050.0 val=62750.0 vah=64050.0
2026-08-18 11:54:44,055 - INFO - [bot-1] Evaluating strategy on completed candle: 2026-08-18T06:15:00+00:00 at Close price: 64273.87
2026-08-18 11:54:44,127 - INFO - Confluence Evaluation | Regime: TRENDING (ADX=30.2) | Direction: LONG | BullScore: 78.9% | BearScore: 21.1% | Active: ['ema', 'macd', 'vp']
2026-08-18 11:54:44,171 - INFO - Capping position size 1.190193 BTC to available cash equivalent 0.155584 BTC.
2026-08-18 11:54:44,182 - ERROR - Error creating pending signal approval: NOT NULL constraint failed: pending_signal_approvals.confidence
2026-08-18 11:54:44,183 - INFO - Skipping interactive Telegram notification (disabled): 🚨 <b>TRADE SIGNAL GENERATED</b>

<b>BTC/USDT</b>
Timeframe: 15m

Signal: <b>LONG</b>
Confidence: <b>79%</b>
Required Threshold: <b>75%</b>

Price: <b>$64,273.87</b>

EMA: Bullish
MACD: Bullish
Volume Profile: Bullish

⚠️ <b>NO TRADE EXECUTED</b>

Waiting for your decision.
2026-08-18 11:54:44,186 - INFO - [bot-1] Signal LONG generated (ID: -1). Waiting for manual user approval.
2026-08-18 11:54:44,448 - INFO - Logged heartbeat status: OK
2026-08-18 11:54:44,449 - INFO - Job "LiveRunner.process_cycle (trigger: interval[0:05:00], next run at: 2026-08-18 11:59:42 IST)" executed successfully
2026-08-18 11:59:42,999 - INFO - Running job "LiveRunner.process_cycle (trigger: interval[0:05:00], next run at: 2026-08-18 12:04:42 IST)" (scheduled at 2026-08-18 11:59:42.985105+05:30)
2026-08-18 11:59:43,019 - INFO - [bot-1] Starting signal check cycle for BTC/USDT (5m)...
2026-08-18 11:59:43,115 - INFO - Fetching recent candles for BTC/USDT (5m) [Bot: bot-1]...
2026-08-18 11:59:44,346 - INFO - Indicators computed | close=64339.10 ema_9=64268.51 ema_20=64239.05 ema_50=64225.19 ema_200=64133.48 macd=27.1205 poc=63050.0 val=62750.0 vah=64075.0
2026-08-18 11:59:44,349 - INFO - [bot-1] Evaluating strategy on completed candle: 2026-08-18T06:20:00+00:00 at Close price: 64335.00
2026-08-18 11:59:44,495 - INFO - Confluence Evaluation | Regime: TRENDING (ADX=29.1) | Direction: LONG | BullScore: 78.9% | BearScore: 21.1% | Active: ['ema', 'macd', 'vp']
2026-08-18 11:59:44,547 - INFO - Capping position size 0.872715 BTC to available cash equivalent 0.155436 BTC.
2026-08-18 11:59:44,717 - ERROR - Error creating pending signal approval: NOT NULL constraint failed: pending_signal_approvals.confidence
2026-08-18 11:59:44,718 - INFO - Skipping interactive Telegram notification (disabled): 🚨 <b>TRADE SIGNAL GENERATED</b>

<b>BTC/USDT</b>
Timeframe: 15m

Signal: <b>LONG</b>
Confidence: <b>79%</b>
Required Threshold: <b>75%</b>

Price: <b>$64,335.00</b>

EMA: Bullish
MACD: Bullish
Volume Profile: Bullish

⚠️ <b>NO TRADE EXECUTED</b>

Waiting for your decision.
2026-08-18 11:59:44,724 - INFO - [bot-1] Signal LONG generated (ID: -1). Waiting for manual user approval.
2026-08-18 11:59:44,916 - INFO - Logged heartbeat status: OK
2026-08-18 11:59:44,917 - INFO - Job "LiveRunner.process_cycle (trigger: interval[0:05:00], next run at: 2026-08-18 12:04:42 IST)" executed successfully
/Users/ashishparadkar/Downloads/algo-code-main/.venv/lib/python3.9/site-packages/urllib3/__init__.py:35: NotOpenSSLWarning: urllib3 v2 only supports OpenSSL 1.1.1+, currently the 'ssl' module is compiled with 'LibreSSL 2.8.3'. See: https://github.com/urllib3/urllib3/issues/3020
  warnings.warn(
/Users/ashishparadkar/Downloads/algo-code-main/.venv/lib/python3.9/site-packages/urllib3/__init__.py:35: NotOpenSSLWarning: urllib3 v2 only supports OpenSSL 1.1.1+, currently the 'ssl' module is compiled with 'LibreSSL 2.8.3'. See: https://github.com/urllib3/urllib3/issues/3020
  warnings.warn(
2026-08-18 12:51:19,008 - INFO - Initializing scheduled trading bot live runner for bot-1...
2026-08-18 12:51:19,070 - INFO - SQLite database tables verified/created.
2026-08-18 12:51:19,126 - WARNING - Telegram alerts are DISABLED. Set TELEGRAM_BOT_TOKEN and TELEGRAM_CHAT_ID in your .env file.
2026-08-18 12:51:19,130 - INFO - Initializing CCXT Binance in TESTNET mode.
2026-08-18 12:51:21,520 - INFO - Initializing CCXT Binance in MAINNET mode (Public endpoints).
2026-08-18 12:51:21,549 - INFO - Skipping Telegram notification (disabled): 🚀 <b>Alpha BTC Scalper Started</b>
• <b>Symbol</b>: BTC/USDT
• <b>Timeframe</b>: 5m
• <b>Status</b>: RUNNING
2026-08-18 12:51:21,555 - INFO - [bot-1] Starting signal check cycle for BTC/USDT (5m)...
2026-08-18 12:51:21,600 - INFO - Fetching recent candles for BTC/USDT (5m) [Bot: bot-1]...
2026-08-18 12:51:27,766 - INFO - Indicators computed | close=64317.35 ema_9=64327.70 ema_20=64305.68 ema_50=64267.05 ema_200=64155.52 macd=29.8110 poc=63050.0 val=62750.0 vah=64100.0
2026-08-18 12:51:27,771 - INFO - [bot-1] Evaluating strategy on completed candle: 2026-08-18T07:15:00+00:00 at Close price: 64342.03
2026-08-18 12:51:27,824 - INFO - [bot-1] Active trade found in DB (ID: 100684, LONG, Entry: 68200.00, SL: 67000.00, TP: 71000.00)
2026-08-18 12:51:27,825 - INFO - [bot-1] Active trade exit condition detected (STOP LOSS)! Price: 67000.00, PnL: -240.00. Generating POSITION ALERT (Waiting for user decision).
2026-08-18 12:51:27,843 - INFO - Created pending signal approval ID 2 for bot bot-1 (EXIT_SIGNAL @ $64342.03, status: WAITING_APPROVAL)
2026-08-18 12:51:27,843 - INFO - Skipping interactive Telegram notification (disabled): 🚨 <b>POSITION ALERT</b>

<b>BTC/USDT</b>

Current Position:
<b>LONG</b>

Entry:
$68,200.00

Current:
$64,342.03

Unrealized P&L:
<b>-$3.86</b>

Strategy:
<b>Possible EXIT</b>

Confidence:
<b>81%</b>

⚠️ <b>Bot will NOT close the position automatically.</b>

Waiting for your decision.
2026-08-18 12:51:27,981 - INFO - Logged heartbeat status: OK
2026-08-18 12:51:27,994 - INFO - Adding job tentatively -- it will be properly scheduled when the scheduler starts
2026-08-18 12:51:27,994 - INFO - Bot bot-1 scheduled to check every 5 minutes.
2026-08-18 12:51:27,998 - INFO - Added job "LiveRunner.process_cycle" to job store "default"
2026-08-18 12:51:27,998 - INFO - Scheduler started
2026-08-18 12:56:28,038 - INFO - Running job "LiveRunner.process_cycle (trigger: interval[0:05:00], next run at: 2026-08-18 12:56:27 IST)" (scheduled at 2026-08-18 12:56:27.994162+05:30)
2026-08-18 12:56:28,071 - INFO - [bot-1] Starting signal check cycle for BTC/USDT (5m)...
2026-08-18 12:56:28,132 - INFO - Fetching recent candles for BTC/USDT (5m) [Bot: bot-1]...
2026-08-18 12:56:29,136 - INFO - Indicators computed | close=64309.64 ema_9=64322.85 ema_20=64305.40 ema_50=64268.43 ema_200=64156.97 macd=26.0559 poc=63050.0 val=62750.0 vah=64100.0
2026-08-18 12:56:29,138 - INFO - [bot-1] Evaluating strategy on completed candle: 2026-08-18T07:20:00+00:00 at Close price: 64309.63
2026-08-18 12:56:29,212 - INFO - [bot-1] Active trade found in DB (ID: 100684, LONG, Entry: 68200.00, SL: 67000.00, TP: 71000.00)
2026-08-18 12:56:29,213 - INFO - [bot-1] Active trade exit condition detected (STOP LOSS)! Price: 67000.00, PnL: -240.00. Generating POSITION ALERT (Waiting for user decision).
2026-08-18 12:56:29,397 - INFO - Logged heartbeat status: OK
2026-08-18 12:56:29,397 - INFO - Job "LiveRunner.process_cycle (trigger: interval[0:05:00], next run at: 2026-08-18 13:01:27 IST)" executed successfully
2026-08-18 13:01:28,028 - INFO - Running job "LiveRunner.process_cycle (trigger: interval[0:05:00], next run at: 2026-08-18 13:06:27 IST)" (scheduled at 2026-08-18 13:01:27.994162+05:30)
2026-08-18 13:01:28,039 - INFO - [bot-1] Starting signal check cycle for BTC/USDT (5m)...
2026-08-18 13:01:28,078 - INFO - Fetching recent candles for BTC/USDT (5m) [Bot: bot-1]...
2026-08-18 13:01:28,579 - INFO - Indicators computed | close=64264.00 ema_9=64306.34 ema_20=64298.90 ema_50=64267.14 ema_200=64157.75 macd=17.8332 poc=63050.0 val=62750.0 vah=64100.0
2026-08-18 13:01:28,582 - INFO - [bot-1] Evaluating strategy on completed candle: 2026-08-18T07:25:00+00:00 at Close price: 64280.00
2026-08-18 13:01:28,639 - INFO - [bot-1] Active trade found in DB (ID: 100684, LONG, Entry: 68200.00, SL: 67000.00, TP: 71000.00)
2026-08-18 13:01:28,639 - INFO - [bot-1] Active trade exit condition detected (STOP LOSS)! Price: 67000.00, PnL: -240.00. Generating POSITION ALERT (Waiting for user decision).
2026-08-18 13:01:28,857 - INFO - Logged heartbeat status: OK
2026-08-18 13:01:28,857 - INFO - Job "LiveRunner.process_cycle (trigger: interval[0:05:00], next run at: 2026-08-18 13:06:27 IST)" executed successfully
2026-08-18 13:11:51,745 - WARNING - Run time of job "LiveRunner.process_cycle (trigger: interval[0:05:00], next run at: 2026-08-18 13:16:27 IST)" was missed by 0:00:23.750253
2026-08-18 13:56:19,957 - WARNING - Run time of job "LiveRunner.process_cycle (trigger: interval[0:05:00], next run at: 2026-08-18 13:56:27 IST)" was missed by 0:04:51.962459
2026-08-18 13:56:27,997 - INFO - Running job "LiveRunner.process_cycle (trigger: interval[0:05:00], next run at: 2026-08-18 14:01:27 IST)" (scheduled at 2026-08-18 13:56:27.994162+05:30)
2026-08-18 13:56:28,004 - INFO - [bot-1] Starting signal check cycle for BTC/USDT (5m)...
2026-08-18 13:56:28,045 - INFO - Fetching recent candles for BTC/USDT (5m) [Bot: bot-1]...
2026-08-18 13:56:28,567 - INFO - Indicators computed | close=64229.00 ema_9=64208.62 ema_20=64230.31 ema_50=64241.64 ema_200=64161.68 macd=-20.9285 poc=63050.0 val=62750.0 vah=64100.0
2026-08-18 13:56:28,568 - INFO - [bot-1] Evaluating strategy on completed candle: 2026-08-18T08:20:00+00:00 at Close price: 64213.10
2026-08-18 13:56:28,624 - INFO - [bot-1] Active trade found in DB (ID: 100684, LONG, Entry: 68200.00, SL: 67000.00, TP: 71000.00)
2026-08-18 13:56:28,624 - INFO - [bot-1] Active trade exit condition detected (STOP LOSS)! Price: 67000.00, PnL: -240.00. Generating POSITION ALERT (Waiting for user decision).
2026-08-18 13:56:28,689 - INFO - Created pending signal approval ID 4 for bot bot-1 (EXIT_SIGNAL @ $64213.10, status: WAITING_APPROVAL)
2026-08-18 13:56:28,707 - INFO - Skipping interactive Telegram notification (disabled): 🚨 <b>POSITION ALERT</b>

<b>BTC/USDT</b>

Current Position:
<b>LONG</b>

Entry:
$68,200.00

Current:
$64,213.10

Unrealized P&L:
<b>-$3.99</b>

Strategy:
<b>Possible EXIT</b>

Confidence:
<b>81%</b>

⚠️ <b>Bot will NOT close the position automatically.</b>

Waiting for your decision.
2026-08-18 13:56:28,966 - INFO - Logged heartbeat status: OK
2026-08-18 13:56:28,967 - INFO - Job "LiveRunner.process_cycle (trigger: interval[0:05:00], next run at: 2026-08-18 14:01:27 IST)" executed successfully
2026-08-18 14:01:28,015 - INFO - Running job "LiveRunner.process_cycle (trigger: interval[0:05:00], next run at: 2026-08-18 14:06:27 IST)" (scheduled at 2026-08-18 14:01:27.994162+05:30)
2026-08-18 14:01:28,050 - INFO - [bot-1] Starting signal check cycle for BTC/USDT (5m)...
2026-08-18 14:01:28,114 - INFO - Fetching recent candles for BTC/USDT (5m) [Bot: bot-1]...
2026-08-18 14:01:28,700 - INFO - Indicators computed | close=64212.84 ema_9=64206.56 ema_20=64227.09 ema_50=64239.83 ema_200=64162.01 macd=-20.6794 poc=63050.0 val=62750.0 vah=64100.0
2026-08-18 14:01:28,701 - INFO - [bot-1] Evaluating strategy on completed candle: 2026-08-18T08:25:00+00:00 at Close price: 64210.86
2026-08-18 14:01:28,757 - INFO - [bot-1] Active trade found in DB (ID: 100684, LONG, Entry: 68200.00, SL: 67000.00, TP: 71000.00)
2026-08-18 14:01:28,758 - INFO - [bot-1] Active trade exit condition detected (STOP LOSS)! Price: 67000.00, PnL: -240.00. Generating POSITION ALERT (Waiting for user decision).
2026-08-18 14:01:28,993 - INFO - Logged heartbeat status: OK
2026-08-18 14:01:28,993 - INFO - Job "LiveRunner.process_cycle (trigger: interval[0:05:00], next run at: 2026-08-18 14:06:27 IST)" executed successfully
2026-08-18 14:06:28,014 - INFO - Running job "LiveRunner.process_cycle (trigger: interval[0:05:00], next run at: 2026-08-18 14:11:27 IST)" (scheduled at 2026-08-18 14:06:27.994162+05:30)
2026-08-18 14:06:28,049 - INFO - [bot-1] Starting signal check cycle for BTC/USDT (5m)...
2026-08-18 14:06:28,102 - INFO - Fetching recent candles for BTC/USDT (5m) [Bot: bot-1]...
2026-08-18 14:06:29,144 - INFO - Indicators computed | close=64290.00 ema_9=64227.57 ema_20=64235.40 ema_50=64242.81 ema_200=64163.55 macd=-11.2985 poc=63050.0 val=62750.0 vah=64100.0
2026-08-18 14:06:29,145 - INFO - [bot-1] Evaluating strategy on completed candle: 2026-08-18T08:30:00+00:00 at Close price: 64239.81
2026-08-18 14:06:29,206 - INFO - [bot-1] Active trade found in DB (ID: 100684, LONG, Entry: 68200.00, SL: 67000.00, TP: 71000.00)
2026-08-18 14:06:29,206 - INFO - [bot-1] Active trade exit condition detected (STOP LOSS)! Price: 67000.00, PnL: -240.00. Generating POSITION ALERT (Waiting for user decision).
2026-08-18 14:06:29,458 - INFO - Logged heartbeat status: OK
2026-08-18 14:06:29,458 - INFO - Job "LiveRunner.process_cycle (trigger: interval[0:05:00], next run at: 2026-08-18 14:11:27 IST)" executed successfully
/Users/ashishparadkar/Downloads/algo-code-main/.venv/lib/python3.9/site-packages/urllib3/__init__.py:35: NotOpenSSLWarning: urllib3 v2 only supports OpenSSL 1.1.1+, currently the 'ssl' module is compiled with 'LibreSSL 2.8.3'. See: https://github.com/urllib3/urllib3/issues/3020
  warnings.warn(
/Users/ashishparadkar/Downloads/algo-code-main/.venv/lib/python3.9/site-packages/urllib3/__init__.py:35: NotOpenSSLWarning: urllib3 v2 only supports OpenSSL 1.1.1+, currently the 'ssl' module is compiled with 'LibreSSL 2.8.3'. See: https://github.com/urllib3/urllib3/issues/3020
  warnings.warn(
2026-08-18 16:15:32,789 - INFO - Initializing scheduled trading bot live runner for bot-1...
2026-08-18 16:15:32,847 - INFO - SQLite database tables verified/created.
2026-08-18 16:15:32,900 - WARNING - Telegram alerts are DISABLED. Set TELEGRAM_BOT_TOKEN and TELEGRAM_CHAT_ID in your .env file.
2026-08-18 16:15:32,903 - INFO - Initializing CCXT Binance in TESTNET mode.
2026-08-18 16:15:34,570 - INFO - Initializing CCXT Binance in MAINNET mode (Public endpoints).
2026-08-18 16:15:34,585 - INFO - Skipping Telegram notification (disabled): 🚀 <b>Alpha BTC Scalper Started</b>
• <b>Symbol</b>: BTC/USDT
• <b>Timeframe</b>: 5m
• <b>Status</b>: RUNNING
2026-08-18 16:15:34,588 - INFO - [bot-1] Starting signal check cycle for BTC/USDT (5m)...
2026-08-18 16:15:34,636 - INFO - Fetching recent candles for BTC/USDT (5m) [Bot: bot-1]...
2026-08-18 16:15:39,139 - INFO - Indicators computed | close=64185.23 ema_9=64181.97 ema_20=64187.05 ema_50=64208.52 ema_200=64170.84 macd=-10.4732 poc=63050.0 val=62750.0 vah=64125.0
2026-08-18 16:15:39,148 - INFO - [bot-1] Evaluating strategy on completed candle: 2026-08-18T10:40:00+00:00 at Close price: 64188.19
2026-08-18 16:15:39,228 - INFO - Confluence Evaluation | Regime: TRENDING (ADX=42.2) | Direction: HOLD | BullScore: 39.5% | BearScore: 21.1% | Active: ['ema', 'macd', 'vp']
2026-08-18 16:15:39,320 - INFO - Signal evaluated: HOLD. Reason/Details: Confluence score: 40% (HOLD)
2026-08-18 16:15:40,529 - INFO - Logged heartbeat status: OK
2026-08-18 16:15:40,550 - INFO - Adding job tentatively -- it will be properly scheduled when the scheduler starts
2026-08-18 16:15:40,550 - INFO - Bot bot-1 scheduled to check every 5 minutes.
2026-08-18 16:15:40,553 - INFO - Added job "LiveRunner.process_cycle" to job store "default"
2026-08-18 16:15:40,553 - INFO - Scheduler started
2026-08-18 16:20:40,572 - INFO - Running job "LiveRunner.process_cycle (trigger: interval[0:05:00], next run at: 2026-08-18 16:20:40 IST)" (scheduled at 2026-08-18 16:20:40.550196+05:30)
2026-08-18 16:20:40,584 - INFO - [bot-1] Starting signal check cycle for BTC/USDT (5m)...
2026-08-18 16:20:40,629 - INFO - Fetching recent candles for BTC/USDT (5m) [Bot: bot-1]...
2026-08-18 16:20:41,094 - INFO - Indicators computed | close=64201.99 ema_9=64188.66 ema_20=64189.92 ema_50=64208.90 ema_200=64171.31 macd=-7.0613 poc=63050.0 val=62750.0 vah=64125.0
2026-08-18 16:20:41,095 - INFO - [bot-1] Evaluating strategy on completed candle: 2026-08-18T10:45:00+00:00 at Close price: 64201.99
2026-08-18 16:20:41,157 - INFO - Confluence Evaluation | Regime: TRENDING (ADX=41.5) | Direction: HOLD | BullScore: 39.5% | BearScore: 21.1% | Active: ['ema', 'macd', 'vp']
2026-08-18 16:20:41,261 - INFO - Signal evaluated: HOLD. Reason/Details: Confluence score: 40% (HOLD)
2026-08-18 16:20:41,471 - INFO - Logged heartbeat status: OK
2026-08-18 16:20:41,472 - INFO - Job "LiveRunner.process_cycle (trigger: interval[0:05:00], next run at: 2026-08-18 16:25:40 IST)" executed successfully
2026-08-18 16:38:02,307 - WARNING - Run time of job "LiveRunner.process_cycle (trigger: interval[0:05:00], next run at: 2026-08-18 16:40:40 IST)" was missed by 0:02:21.756998
2026-08-18 16:40:40,563 - INFO - Running job "LiveRunner.process_cycle (trigger: interval[0:05:00], next run at: 2026-08-18 16:45:40 IST)" (scheduled at 2026-08-18 16:40:40.550196+05:30)
2026-08-18 16:40:40,574 - INFO - [bot-1] Starting signal check cycle for BTC/USDT (5m)...
2026-08-18 16:40:40,623 - INFO - Fetching recent candles for BTC/USDT (5m) [Bot: bot-1]...
2026-08-18 16:40:41,634 - INFO - Indicators computed | close=64306.00 ema_9=64244.45 ema_20=64219.45 ema_50=64219.04 ema_200=64175.44 macd=16.5313 poc=63050.0 val=62750.0 vah=64125.0
2026-08-18 16:40:41,635 - INFO - [bot-1] Evaluating strategy on completed candle: 2026-08-18T11:05:00+00:00 at Close price: 64289.99
2026-08-18 16:40:41,714 - INFO - Confluence Evaluation | Regime: TRENDING (ADX=34.2) | Direction: LONG | BullScore: 78.9% | BearScore: 21.1% | Active: ['ema', 'macd', 'vp']
2026-08-18 16:40:41,824 - INFO - Capping position size 1.183782 BTC to available cash equivalent 0.155545 BTC.
2026-08-18 16:40:41,882 - INFO - Created pending signal approval ID 5 for bot bot-1 (LONG @ $64289.99, status: WAITING_APPROVAL)
2026-08-18 16:40:41,882 - INFO - Skipping interactive Telegram notification (disabled): 🚨 <b>TRADE SIGNAL GENERATED</b>

<b>BTC/USDT</b>
Timeframe: 15m

Signal: <b>LONG</b>
Confidence: <b>79%</b>
Required Threshold: <b>75%</b>

Price: <b>$64,289.99</b>

EMA: Bullish
MACD: Bullish
Volume Profile: Bullish

⚠️ <b>NO TRADE EXECUTED</b>

Waiting for your decision.
2026-08-18 16:40:41,919 - INFO - [bot-1] Signal LONG generated (ID: 5). Waiting for manual user approval.
2026-08-18 16:40:42,138 - INFO - Logged heartbeat status: OK
2026-08-18 16:40:42,138 - INFO - Job "LiveRunner.process_cycle (trigger: interval[0:05:00], next run at: 2026-08-18 16:45:40 IST)" executed successfully
2026-08-18 16:45:40,579 - INFO - Running job "LiveRunner.process_cycle (trigger: interval[0:05:00], next run at: 2026-08-18 16:50:40 IST)" (scheduled at 2026-08-18 16:45:40.550196+05:30)
2026-08-18 16:45:40,595 - INFO - [bot-1] Starting signal check cycle for BTC/USDT (5m)...
2026-08-18 16:45:40,653 - INFO - Fetching recent candles for BTC/USDT (5m) [Bot: bot-1]...
2026-08-18 16:45:41,668 - INFO - Indicators computed | close=64345.45 ema_9=64267.46 ema_20=64232.96 ema_50=64224.66 ema_200=64177.30 macd=25.3477 poc=63050.0 val=62750.0 vah=64125.0
2026-08-18 16:45:41,679 - INFO - [bot-1] Evaluating strategy on completed candle: 2026-08-18T11:10:00+00:00 at Close price: 64323.56
2026-08-18 16:45:41,866 - INFO - Confluence Evaluation | Regime: TRENDING (ADX=35.0) | Direction: LONG | BullScore: 78.9% | BearScore: 21.1% | Active: ['ema', 'macd', 'vp']
2026-08-18 16:45:42,161 - INFO - Capping position size 1.023908 BTC to available cash equivalent 0.155464 BTC.
2026-08-18 16:45:42,166 - INFO - [bot-1] Signal LONG active pending approval already exists (ID: 5).
2026-08-18 16:45:42,392 - INFO - Logged heartbeat status: OK
2026-08-18 16:45:42,392 - INFO - Job "LiveRunner.process_cycle (trigger: interval[0:05:00], next run at: 2026-08-18 16:50:40 IST)" executed successfully
2026-08-18 16:50:40,565 - INFO - Running job "LiveRunner.process_cycle (trigger: interval[0:05:00], next run at: 2026-08-18 16:55:40 IST)" (scheduled at 2026-08-18 16:50:40.550196+05:30)
2026-08-18 16:50:40,574 - INFO - [bot-1] Starting signal check cycle for BTC/USDT (5m)...
2026-08-18 16:50:40,621 - INFO - Fetching recent candles for BTC/USDT (5m) [Bot: bot-1]...
2026-08-18 16:50:41,334 - INFO - Indicators computed | close=64331.42 ema_9=64278.10 ema_20=64241.18 ema_50=64228.34 ema_200=64178.70 macd=28.9218 poc=63050.0 val=62750.0 vah=64125.0
2026-08-18 16:50:41,335 - INFO - [bot-1] Evaluating strategy on completed candle: 2026-08-18T11:15:00+00:00 at Close price: 64332.01
2026-08-18 16:50:41,394 - INFO - Confluence Evaluation | Regime: TRENDING (ADX=35.6) | Direction: LONG | BullScore: 78.9% | BearScore: 21.1% | Active: ['ema', 'macd', 'vp']
2026-08-18 16:50:41,492 - INFO - Capping position size 0.981451 BTC to available cash equivalent 0.155444 BTC.
2026-08-18 16:50:41,541 - INFO - [bot-1] Signal LONG active pending approval already exists (ID: 5).
2026-08-18 16:50:41,767 - INFO - Logged heartbeat status: OK
2026-08-18 16:50:41,768 - INFO - Job "LiveRunner.process_cycle (trigger: interval[0:05:00], next run at: 2026-08-18 16:55:40 IST)" executed successfully
2026-08-18 16:56:03,545 - WARNING - Run time of job "LiveRunner.process_cycle (trigger: interval[0:05:00], next run at: 2026-08-18 17:00:40 IST)" was missed by 0:00:22.994635
2026-08-18 17:00:40,571 - INFO - Running job "LiveRunner.process_cycle (trigger: interval[0:05:00], next run at: 2026-08-18 17:05:40 IST)" (scheduled at 2026-08-18 17:00:40.550196+05:30)
2026-08-18 17:00:40,584 - INFO - [bot-1] Starting signal check cycle for BTC/USDT (5m)...
2026-08-18 17:00:40,625 - INFO - Fetching recent candles for BTC/USDT (5m) [Bot: bot-1]...
2026-08-18 17:00:50,682 - ERROR - CCXT Network/Timeout error for BTC/USDT 5m: binance GET https://api.binance.com/api/v3/klines?interval=5m&limit=1000&symbol=BTCUSDT
2026-08-18 17:00:50,682 - ERROR - System Error in runner execution cycle: binance GET https://api.binance.com/api/v3/klines?interval=5m&limit=1000&symbol=BTCUSDT
Traceback (most recent call last):
  File "/Users/ashishparadkar/Downloads/algo-code-main/.venv/lib/python3.9/site-packages/urllib3/connectionpool.py", line 534, in _make_request
    response = conn.getresponse()
  File "/Users/ashishparadkar/Downloads/algo-code-main/.venv/lib/python3.9/site-packages/urllib3/connection.py", line 571, in getresponse
    httplib_response = super().getresponse()
  File "/Library/Developer/CommandLineTools/Library/Frameworks/Python3.framework/Versions/3.9/lib/python3.9/http/client.py", line 1349, in getresponse
    response.begin()
  File "/Library/Developer/CommandLineTools/Library/Frameworks/Python3.framework/Versions/3.9/lib/python3.9/http/client.py", line 316, in begin
    version, status, reason = self._read_status()
  File "/Library/Developer/CommandLineTools/Library/Frameworks/Python3.framework/Versions/3.9/lib/python3.9/http/client.py", line 277, in _read_status
    line = str(self.fp.readline(_MAXLINE + 1), "iso-8859-1")
  File "/Library/Developer/CommandLineTools/Library/Frameworks/Python3.framework/Versions/3.9/lib/python3.9/socket.py", line 704, in readinto
    return self._sock.recv_into(b)
  File "/Library/Developer/CommandLineTools/Library/Frameworks/Python3.framework/Versions/3.9/lib/python3.9/ssl.py", line 1241, in recv_into
    return self.read(nbytes, buffer)
  File "/Library/Developer/CommandLineTools/Library/Frameworks/Python3.framework/Versions/3.9/lib/python3.9/ssl.py", line 1099, in read
    return self._sslobj.read(len, buffer)
socket.timeout: The read operation timed out

The above exception was the direct cause of the following exception:

Traceback (most recent call last):
  File "/Users/ashishparadkar/Downloads/algo-code-main/.venv/lib/python3.9/site-packages/requests/adapters.py", line 644, in send
    resp = conn.urlopen(
  File "/Users/ashishparadkar/Downloads/algo-code-main/.venv/lib/python3.9/site-packages/urllib3/connectionpool.py", line 841, in urlopen
    retries = retries.increment(
  File "/Users/ashishparadkar/Downloads/algo-code-main/.venv/lib/python3.9/site-packages/urllib3/util/retry.py", line 490, in increment
    raise reraise(type(error), error, _stacktrace)
  File "/Users/ashishparadkar/Downloads/algo-code-main/.venv/lib/python3.9/site-packages/urllib3/util/util.py", line 39, in reraise
    raise value
  File "/Users/ashishparadkar/Downloads/algo-code-main/.venv/lib/python3.9/site-packages/urllib3/connectionpool.py", line 787, in urlopen
    response = self._make_request(
  File "/Users/ashishparadkar/Downloads/algo-code-main/.venv/lib/python3.9/site-packages/urllib3/connectionpool.py", line 536, in _make_request
    self._raise_timeout(err=e, url=url, timeout_value=read_timeout)
  File "/Users/ashishparadkar/Downloads/algo-code-main/.venv/lib/python3.9/site-packages/urllib3/connectionpool.py", line 367, in _raise_timeout
    raise ReadTimeoutError(
urllib3.exceptions.ReadTimeoutError: HTTPSConnectionPool(host='api.binance.com', port=443): Read timed out. (read timeout=10.0)

During handling of the above exception, another exception occurred:

Traceback (most recent call last):
  File "/Users/ashishparadkar/Downloads/algo-code-main/.venv/lib/python3.9/site-packages/ccxt/base/exchange.py", line 665, in fetch
    response = self.session.request(
  File "/Users/ashishparadkar/Downloads/algo-code-main/.venv/lib/python3.9/site-packages/requests/sessions.py", line 589, in request
    resp = self.send(prep, **send_kwargs)
  File "/Users/ashishparadkar/Downloads/algo-code-main/.venv/lib/python3.9/site-packages/requests/sessions.py", line 703, in send
    r = adapter.send(request, **kwargs)
  File "/Users/ashishparadkar/Downloads/algo-code-main/.venv/lib/python3.9/site-packages/requests/adapters.py", line 690, in send
    raise ReadTimeout(e, request=request)
requests.exceptions.ReadTimeout: HTTPSConnectionPool(host='api.binance.com', port=443): Read timed out. (read timeout=10.0)

The above exception was the direct cause of the following exception:

Traceback (most recent call last):
  File "/Users/ashishparadkar/Downloads/algo-code-main/src/live_runner.py", line 167, in process_cycle
    df = self.mainnet_fetcher.fetch_live_ohlcv(self.symbol, self.timeframe, limit=1000)
  File "/Users/ashishparadkar/Downloads/algo-code-main/src/data_fetcher.py", line 193, in fetch_live_ohlcv
    raise net_err
  File "/Users/ashishparadkar/Downloads/algo-code-main/src/data_fetcher.py", line 175, in fetch_live_ohlcv
    candles = self.exchange.fetch_ohlcv(
  File "/Users/ashishparadkar/Downloads/algo-code-main/.venv/lib/python3.9/site-packages/ccxt/binance.py", line 4759, in fetch_ohlcv
    response = self.publicGetKlines(self.extend(request, params))
  File "/Users/ashishparadkar/Downloads/algo-code-main/.venv/lib/python3.9/site-packages/ccxt/base/types.py", line 35, in unbound_method
    return _self.request(self.path, self.api, self.method, params, config=self.config)
  File "/Users/ashishparadkar/Downloads/algo-code-main/.venv/lib/python3.9/site-packages/ccxt/binance.py", line 11724, in request
    response = self.fetch2(path, api, method, params, headers, body, config)
  File "/Users/ashishparadkar/Downloads/algo-code-main/.venv/lib/python3.9/site-packages/ccxt/base/exchange.py", line 5566, in fetch2
    raise e
  File "/Users/ashishparadkar/Downloads/algo-code-main/.venv/lib/python3.9/site-packages/ccxt/base/exchange.py", line 5549, in fetch2
    response = self.fetch(request['url'], request['method'], request['headers'], request['body'])
  File "/Users/ashishparadkar/Downloads/algo-code-main/.venv/lib/python3.9/site-packages/ccxt/base/exchange.py", line 698, in fetch
    raise RequestTimeout(details) from e
ccxt.base.errors.RequestTimeout: binance GET https://api.binance.com/api/v3/klines?interval=5m&limit=1000&symbol=BTCUSDT
2026-08-18 17:00:51,425 - INFO - Skipping Telegram notification (disabled): 🚨 <b>CRITICAL ERROR</b>: System Error in runner execution cycle: binance GET https://api.binance.com/api/v3/klines?interval=5m&limit=1000&symbol=BTCUSDT
2026-08-18 17:00:51,585 - INFO - Logged heartbeat status: ERROR
2026-08-18 17:00:51,586 - INFO - Job "LiveRunner.process_cycle (trigger: interval[0:05:00], next run at: 2026-08-18 17:05:40 IST)" executed successfully
2026-08-18 17:05:40,575 - INFO - Running job "LiveRunner.process_cycle (trigger: interval[0:05:00], next run at: 2026-08-18 17:10:40 IST)" (scheduled at 2026-08-18 17:05:40.550196+05:30)
2026-08-18 17:05:40,615 - INFO - [bot-1] Starting signal check cycle for BTC/USDT (5m)...
2026-08-18 17:05:40,673 - INFO - Fetching recent candles for BTC/USDT (5m) [Bot: bot-1]...
2026-08-18 17:05:41,460 - INFO - Indicators computed | close=64375.99 ema_9=64329.16 ema_20=64278.48 ema_50=64246.20 ema_200=64184.86 macd=45.2725 poc=63050.0 val=62750.0 vah=64125.0
2026-08-18 17:05:41,466 - INFO - [bot-1] Evaluating strategy on completed candle: 2026-08-18T11:30:00+00:00 at Close price: 64374.02
2026-08-18 17:05:41,544 - INFO - Confluence Evaluation | Regime: TRENDING (ADX=40.4) | Direction: LONG | BullScore: 78.9% | BearScore: 21.1% | Active: ['ema', 'macd', 'vp']
2026-08-18 17:05:41,645 - INFO - Capping position size 1.348436 BTC to available cash equivalent 0.155342 BTC.
2026-08-18 17:05:41,659 - INFO - [bot-1] Signal LONG active pending approval already exists (ID: 5).
2026-08-18 17:05:41,767 - INFO - Logged heartbeat status: OK
2026-08-18 17:05:41,767 - INFO - Job "LiveRunner.process_cycle (trigger: interval[0:05:00], next run at: 2026-08-18 17:10:40 IST)" executed successfully
2026-08-18 17:10:40,574 - INFO - Running job "LiveRunner.process_cycle (trigger: interval[0:05:00], next run at: 2026-08-18 17:15:40 IST)" (scheduled at 2026-08-18 17:10:40.550196+05:30)
2026-08-18 17:10:40,583 - INFO - [bot-1] Starting signal check cycle for BTC/USDT (5m)...
2026-08-18 17:10:40,637 - INFO - Fetching recent candles for BTC/USDT (5m) [Bot: bot-1]...
2026-08-18 17:10:41,257 - INFO - Indicators computed | close=64373.88 ema_9=64337.77 ema_20=64287.38 ema_50=64251.13 ema_200=64186.72 macd=46.8360 poc=63050.0 val=62750.0 vah=64125.0
2026-08-18 17:10:41,259 - INFO - [bot-1] Evaluating strategy on completed candle: 2026-08-18T11:35:00+00:00 at Close price: 64373.88
2026-08-18 17:10:41,343 - INFO - Confluence Evaluation | Regime: TRENDING (ADX=42.8) | Direction: LONG | BullScore: 78.9% | BearScore: 21.1% | Active: ['ema', 'macd', 'vp']
2026-08-18 17:10:41,435 - INFO - Capping position size 1.744592 BTC to available cash equivalent 0.155343 BTC.
2026-08-18 17:10:41,491 - INFO - [bot-1] Signal LONG active pending approval already exists (ID: 5).
2026-08-18 17:10:41,685 - INFO - Logged heartbeat status: OK
2026-08-18 17:10:41,685 - INFO - Job "LiveRunner.process_cycle (trigger: interval[0:05:00], next run at: 2026-08-18 17:15:40 IST)" executed successfully
/Users/ashishparadkar/Downloads/algo-code-main/.venv/lib/python3.9/site-packages/urllib3/__init__.py:35: NotOpenSSLWarning: urllib3 v2 only supports OpenSSL 1.1.1+, currently the 'ssl' module is compiled with 'LibreSSL 2.8.3'. See: https://github.com/urllib3/urllib3/issues/3020
  warnings.warn(
2026-08-18 17:14:14,312 - INFO - Initializing scheduled trading bot live runner for bot-1...
2026-08-18 17:14:14,370 - INFO - SQLite database tables verified/created.
2026-08-18 17:14:14,489 - WARNING - Telegram alerts are DISABLED. Set TELEGRAM_BOT_TOKEN and TELEGRAM_CHAT_ID in your .env file.
2026-08-18 17:14:14,493 - INFO - Initializing CCXT Binance in TESTNET mode.
/Users/ashishparadkar/Downloads/algo-code-main/.venv/lib/python3.9/site-packages/urllib3/__init__.py:35: NotOpenSSLWarning: urllib3 v2 only supports OpenSSL 1.1.1+, currently the 'ssl' module is compiled with 'LibreSSL 2.8.3'. See: https://github.com/urllib3/urllib3/issues/3020
  warnings.warn(
2026-08-18 17:20:57,567 - INFO - Initializing scheduled trading bot live runner for bot-1...
2026-08-18 17:20:57,614 - INFO - SQLite database tables verified/created.
2026-08-18 17:20:57,644 - WARNING - Telegram alerts are DISABLED. Set TELEGRAM_BOT_TOKEN and TELEGRAM_CHAT_ID in your .env file.
2026-08-18 17:20:57,687 - INFO - Initializing CCXT Binance in TESTNET mode.
2026-08-18 17:21:01,046 - INFO - Initializing CCXT Binance in MAINNET mode (Public endpoints).
2026-08-18 17:21:01,117 - INFO - Skipping Telegram notification (disabled): 🚀 <b>Alpha BTC Scalper Started</b>
• <b>Symbol</b>: BTC/USDT
• <b>Timeframe</b>: 5m
• <b>Status</b>: RUNNING
2026-08-18 17:21:01,121 - INFO - [bot-1] Starting signal check cycle for BTC/USDT (5m)...
2026-08-18 17:21:01,160 - INFO - Fetching recent candles for BTC/USDT (5m) [Bot: bot-1]...
2026-08-18 17:21:09,150 - INFO - Indicators computed | close=64358.10 ema_9=64346.54 ema_20=64301.09 ema_50=64259.77 ema_200=64190.22 macd=46.0582 poc=63050.0 val=62750.0 vah=64150.0
2026-08-18 17:21:09,152 - INFO - [bot-1] Evaluating strategy on completed candle: 2026-08-18T11:45:00+00:00 at Close price: 64358.10
2026-08-18 17:21:09,236 - INFO - Confluence Evaluation | Regime: TRENDING (ADX=51.7) | Direction: LONG | BullScore: 78.9% | BearScore: 21.1% | Active: ['ema', 'macd', 'vp']
2026-08-18 17:21:09,310 - INFO - Capping position size 2.555257 BTC to available cash equivalent 0.155381 BTC.
2026-08-18 17:21:09,373 - INFO - Created pending signal approval ID 8 for bot bot-1 (LONG @ $64358.10, status: WAITING_APPROVAL)
2026-08-18 17:21:09,374 - INFO - Skipping interactive Telegram notification (disabled): 🚨 <b>TRADE SIGNAL GENERATED</b>

<b>BTC/USDT</b>
Timeframe: 15m

Signal: <b>LONG</b>
Confidence: <b>79%</b>
Required Threshold: <b>75%</b>

Price: <b>$64,358.10</b>

EMA: Bullish
MACD: Bullish
Volume Profile: Bullish

⚠️ <b>NO TRADE EXECUTED</b>

Waiting for your decision.
2026-08-18 17:21:09,378 - INFO - [bot-1] Signal LONG generated (ID: 8). Waiting for manual user approval.
2026-08-18 17:21:09,489 - INFO - Logged heartbeat status: OK
2026-08-18 17:21:09,530 - INFO - Adding job tentatively -- it will be properly scheduled when the scheduler starts
2026-08-18 17:21:09,531 - INFO - Bot bot-1 scheduled to check every 5 minutes.
2026-08-18 17:21:09,537 - INFO - Added job "LiveRunner.process_cycle" to job store "default"
2026-08-18 17:21:09,538 - INFO - Scheduler started
2026-08-18 17:26:09,587 - INFO - Running job "LiveRunner.process_cycle (trigger: interval[0:05:00], next run at: 2026-08-18 17:26:09 IST)" (scheduled at 2026-08-18 17:26:09.530027+05:30)
2026-08-18 17:26:09,596 - INFO - [bot-1] Starting signal check cycle for BTC/USDT (5m)...
2026-08-18 17:26:09,658 - INFO - Fetching recent candles for BTC/USDT (5m) [Bot: bot-1]...
2026-08-18 17:26:10,503 - INFO - Indicators computed | close=64345.66 ema_9=64344.37 ema_20=64304.27 ema_50=64262.67 ema_200=64191.65 macd=42.9605 poc=63050.0 val=62750.0 vah=64150.0
2026-08-18 17:26:10,504 - INFO - [bot-1] Evaluating strategy on completed candle: 2026-08-18T11:50:00+00:00 at Close price: 64345.66
2026-08-18 17:26:10,540 - INFO - Confluence Evaluation | Regime: TRENDING (ADX=55.9) | Direction: LONG | BullScore: 78.9% | BearScore: 21.1% | Active: ['ema', 'macd', 'vp']
2026-08-18 17:26:10,649 - INFO - Capping position size 2.878112 BTC to available cash equivalent 0.155411 BTC.
2026-08-18 17:26:10,653 - INFO - [bot-1] Signal LONG active pending approval already exists (ID: 8).
2026-08-18 17:26:10,729 - INFO - Logged heartbeat status: OK
2026-08-18 17:26:10,729 - INFO - Job "LiveRunner.process_cycle (trigger: interval[0:05:00], next run at: 2026-08-18 17:31:09 IST)" executed successfully
2026-08-18 17:31:09,552 - INFO - Running job "LiveRunner.process_cycle (trigger: interval[0:05:00], next run at: 2026-08-18 17:36:09 IST)" (scheduled at 2026-08-18 17:31:09.530027+05:30)
2026-08-18 17:31:09,564 - INFO - [bot-1] Starting signal check cycle for BTC/USDT (5m)...
2026-08-18 17:31:09,606 - INFO - Fetching recent candles for BTC/USDT (5m) [Bot: bot-1]...
2026-08-18 17:31:10,175 - INFO - Indicators computed | close=64336.22 ema_9=64343.62 ema_20=64307.79 ema_50=64265.76 ema_200=64193.14 macd=40.4089 poc=63050.0 val=62750.0 vah=64150.0
2026-08-18 17:31:10,176 - INFO - [bot-1] Evaluating strategy on completed candle: 2026-08-18T11:55:00+00:00 at Close price: 64351.19
2026-08-18 17:31:10,253 - INFO - Confluence Evaluation | Regime: TRENDING (ADX=60.2) | Direction: LONG | BullScore: 78.9% | BearScore: 21.1% | Active: ['ema', 'macd', 'vp']
2026-08-18 17:31:10,371 - INFO - Capping position size 2.665956 BTC to available cash equivalent 0.155397 BTC.
2026-08-18 17:31:10,391 - INFO - [bot-1] Signal LONG active pending approval already exists (ID: 8).
2026-08-18 17:31:10,579 - INFO - Logged heartbeat status: OK
2026-08-18 17:31:10,579 - INFO - Job "LiveRunner.process_cycle (trigger: interval[0:05:00], next run at: 2026-08-18 17:36:09 IST)" executed successfully
2026-08-18 17:36:09,556 - INFO - Running job "LiveRunner.process_cycle (trigger: interval[0:05:00], next run at: 2026-08-18 17:41:09 IST)" (scheduled at 2026-08-18 17:36:09.530027+05:30)
2026-08-18 17:36:09,571 - INFO - [bot-1] Starting signal check cycle for BTC/USDT (5m)...
2026-08-18 17:36:09,620 - INFO - Fetching recent candles for BTC/USDT (5m) [Bot: bot-1]...
2026-08-18 17:36:11,382 - INFO - Indicators computed | close=64344.00 ema_9=64343.70 ema_20=64311.24 ema_50=64268.83 ema_200=64194.64 macd=38.2244 poc=63050.0 val=62750.0 vah=64150.0
2026-08-18 17:36:11,384 - INFO - [bot-1] Evaluating strategy on completed candle: 2026-08-18T12:00:00+00:00 at Close price: 64336.22
2026-08-18 17:36:11,429 - INFO - [bot-1] Active trade found in DB (ID: 100768, LONG, Entry: 3400.00, SL: 0.00, TP: 0.00)
2026-08-18 17:36:11,429 - INFO - [bot-1] Active trade exit condition detected (TAKE PROFIT)! Price: 0.00, PnL: -5100.00. Generating POSITION ALERT (Waiting for user decision).
2026-08-18 17:36:11,474 - INFO - Created pending signal approval ID 11 for bot bot-1 (EXIT_SIGNAL @ $64336.22, status: WAITING_APPROVAL)
2026-08-18 17:36:11,474 - INFO - Skipping interactive Telegram notification (disabled): 🚨 <b>POSITION ALERT</b>

<b>BTC/USDT</b>

Current Position:
<b>LONG</b>

Entry:
$3,400.00

Current:
$64,336.22

Unrealized P&L:
<b>+$60.94</b>

Strategy:
<b>Possible EXIT</b>

Confidence:
<b>81%</b>

⚠️ <b>Bot will NOT close the position automatically.</b>

Waiting for your decision.
2026-08-18 17:36:11,643 - INFO - Logged heartbeat status: OK
2026-08-18 17:36:11,644 - INFO - Job "LiveRunner.process_cycle (trigger: interval[0:05:00], next run at: 2026-08-18 17:41:09 IST)" executed successfully
/Users/ashishparadkar/Downloads/algo-code-main/.venv/lib/python3.9/site-packages/urllib3/__init__.py:35: NotOpenSSLWarning: urllib3 v2 only supports OpenSSL 1.1.1+, currently the 'ssl' module is compiled with 'LibreSSL 2.8.3'. See: https://github.com/urllib3/urllib3/issues/3020
  warnings.warn(
2026-08-18 17:38:46,868 - INFO - Initializing scheduled trading bot live runner for bot-1...
2026-08-18 17:38:46,936 - INFO - SQLite database tables verified/created.
2026-08-18 17:38:47,029 - WARNING - Telegram alerts are DISABLED. Set TELEGRAM_BOT_TOKEN and TELEGRAM_CHAT_ID in your .env file.
2026-08-18 17:38:47,034 - INFO - Initializing CCXT Binance in TESTNET mode.
/Users/ashishparadkar/Downloads/algo-code-main/.venv/lib/python3.9/site-packages/urllib3/__init__.py:35: NotOpenSSLWarning: urllib3 v2 only supports OpenSSL 1.1.1+, currently the 'ssl' module is compiled with 'LibreSSL 2.8.3'. See: https://github.com/urllib3/urllib3/issues/3020
  warnings.warn(
2026-08-18 17:44:11,676 - INFO - Initializing scheduled trading bot live runner for bot-1...
2026-08-18 17:44:11,726 - INFO - SQLite database tables verified/created.
2026-08-18 17:44:11,784 - WARNING - Telegram alerts are DISABLED. Set TELEGRAM_BOT_TOKEN and TELEGRAM_CHAT_ID in your .env file.
2026-08-18 17:44:11,789 - INFO - Initializing CCXT Binance in TESTNET mode.
2026-08-18 17:44:13,589 - INFO - Initializing CCXT Binance in MAINNET mode (Public endpoints).
2026-08-18 17:44:13,607 - INFO - Skipping Telegram notification (disabled): 🚀 <b>Alpha BTC Scalper Started</b>
• <b>Symbol</b>: BTC/USDT
• <b>Timeframe</b>: 5m
• <b>Status</b>: RUNNING
2026-08-18 17:44:13,612 - INFO - [bot-1] Starting signal check cycle for BTC/USDT (5m)...
2026-08-18 17:44:13,665 - INFO - Fetching recent candles for BTC/USDT (5m) [Bot: bot-1]...
2026-08-18 17:44:17,391 - INFO - Indicators computed | close=64296.63 ema_9=64327.25 ema_20=64306.05 ema_50=64268.26 ema_200=64195.22 macd=29.5890 poc=63050.0 val=62750.0 vah=64150.0
2026-08-18 17:44:17,393 - INFO - [bot-1] Evaluating strategy on completed candle: 2026-08-18T12:05:00+00:00 at Close price: 64300.01
2026-08-18 17:44:17,446 - INFO - [bot-1] Active trade found in DB (ID: 100819, LONG, Entry: 3400.00, SL: 0.00, TP: 0.00)
2026-08-18 17:44:17,446 - INFO - [bot-1] Active trade exit condition detected (TAKE PROFIT)! Price: 0.00, PnL: -5100.00. Generating POSITION ALERT (Waiting for user decision).
2026-08-18 17:44:17,658 - INFO - Logged heartbeat status: OK
2026-08-18 17:44:17,685 - INFO - Adding job tentatively -- it will be properly scheduled when the scheduler starts
2026-08-18 17:44:17,685 - INFO - Bot bot-1 scheduled to check every 5 minutes.
2026-08-18 17:44:17,688 - INFO - Added job "LiveRunner.process_cycle" to job store "default"
2026-08-18 17:44:17,689 - INFO - Scheduler started
2026-08-18 17:49:17,706 - INFO - Running job "LiveRunner.process_cycle (trigger: interval[0:05:00], next run at: 2026-08-18 17:49:17 IST)" (scheduled at 2026-08-18 17:49:17.685102+05:30)
2026-08-18 17:49:17,714 - INFO - [bot-1] Starting signal check cycle for BTC/USDT (5m)...
2026-08-18 17:49:17,763 - INFO - Fetching recent candles for BTC/USDT (5m) [Bot: bot-1]...
2026-08-18 17:49:18,241 - INFO - Indicators computed | close=64296.00 ema_9=64321.00 ema_20=64305.10 ema_50=64269.35 ema_200=64196.23 macd=25.1848 poc=63050.0 val=62750.0 vah=64150.0
2026-08-18 17:49:18,242 - INFO - [bot-1] Evaluating strategy on completed candle: 2026-08-18T12:10:00+00:00 at Close price: 64296.62
2026-08-18 17:49:18,290 - INFO - [bot-1] Active trade found in DB (ID: 100819, LONG, Entry: 3400.00, SL: 0.00, TP: 0.00)
2026-08-18 17:49:18,290 - INFO - [bot-1] Active trade exit condition detected (TAKE PROFIT)! Price: 0.00, PnL: -5100.00. Generating POSITION ALERT (Waiting for user decision).
2026-08-18 17:49:18,512 - INFO - Logged heartbeat status: OK
2026-08-18 17:49:18,512 - INFO - Job "LiveRunner.process_cycle (trigger: interval[0:05:00], next run at: 2026-08-18 17:54:17 IST)" executed successfully
2026-08-18 17:54:17,702 - INFO - Running job "LiveRunner.process_cycle (trigger: interval[0:05:00], next run at: 2026-08-18 17:59:17 IST)" (scheduled at 2026-08-18 17:54:17.685102+05:30)
2026-08-18 17:54:17,711 - INFO - [bot-1] Starting signal check cycle for BTC/USDT (5m)...
2026-08-18 17:54:17,773 - INFO - Fetching recent candles for BTC/USDT (5m) [Bot: bot-1]...
2026-08-18 17:54:18,355 - INFO - Indicators computed | close=64305.42 ema_9=64317.88 ema_20=64305.13 ema_50=64270.76 ema_200=64197.31 macd=22.1998 poc=63050.0 val=62750.0 vah=64150.0
2026-08-18 17:54:18,358 - INFO - [bot-1] Evaluating strategy on completed candle: 2026-08-18T12:15:00+00:00 at Close price: 64296.01
2026-08-18 17:54:18,406 - INFO - [bot-1] Active trade found in DB (ID: 100819, LONG, Entry: 3400.00, SL: 0.00, TP: 0.00)
2026-08-18 17:54:18,406 - INFO - [bot-1] Active trade exit condition detected (TAKE PROFIT)! Price: 0.00, PnL: -5100.00. Generating POSITION ALERT (Waiting for user decision).
2026-08-18 17:54:18,646 - INFO - Logged heartbeat status: OK
2026-08-18 17:54:18,647 - INFO - Job "LiveRunner.process_cycle (trigger: interval[0:05:00], next run at: 2026-08-18 17:59:17 IST)" executed successfully
2026-08-18 17:59:17,728 - INFO - Running job "LiveRunner.process_cycle (trigger: interval[0:05:00], next run at: 2026-08-18 18:04:17 IST)" (scheduled at 2026-08-18 17:59:17.685102+05:30)
2026-08-18 17:59:17,732 - INFO - [bot-1] Starting signal check cycle for BTC/USDT (5m)...
2026-08-18 17:59:17,778 - INFO - Fetching recent candles for BTC/USDT (5m) [Bot: bot-1]...
2026-08-18 17:59:18,539 - INFO - Indicators computed | close=64298.01 ema_9=64312.72 ema_20=64303.81 ema_50=64271.55 ema_200=64198.24 macd=18.5594 poc=63050.0 val=62750.0 vah=64150.0
2026-08-18 17:59:18,548 - INFO - [bot-1] Evaluating strategy on completed candle: 2026-08-18T12:20:00+00:00 at Close price: 64298.00
2026-08-18 17:59:18,606 - INFO - [bot-1] Active trade found in DB (ID: 100819, LONG, Entry: 3400.00, SL: 0.00, TP: 0.00)
2026-08-18 17:59:18,612 - INFO - [bot-1] Active trade exit condition detected (TAKE PROFIT)! Price: 0.00, PnL: -5100.00. Generating POSITION ALERT (Waiting for user decision).
2026-08-18 17:59:18,844 - INFO - Logged heartbeat status: OK
2026-08-18 17:59:18,844 - INFO - Job "LiveRunner.process_cycle (trigger: interval[0:05:00], next run at: 2026-08-18 18:04:17 IST)" executed successfully
2026-08-18 18:09:39,446 - WARNING - Run time of job "LiveRunner.process_cycle (trigger: interval[0:05:00], next run at: 2026-08-18 18:14:17 IST)" was missed by 0:00:21.758933
2026-08-18 18:14:17,700 - INFO - Running job "LiveRunner.process_cycle (trigger: interval[0:05:00], next run at: 2026-08-18 18:19:17 IST)" (scheduled at 2026-08-18 18:14:17.685102+05:30)
2026-08-18 18:14:17,714 - INFO - [bot-1] Starting signal check cycle for BTC/USDT (5m)...
2026-08-18 18:14:17,763 - INFO - Fetching recent candles for BTC/USDT (5m) [Bot: bot-1]...
2026-08-18 18:14:17,851 - ERROR - CCXT Network/Timeout error for BTC/USDT 5m: binance GET https://api.binance.com/api/v3/klines?interval=5m&limit=1000&symbol=BTCUSDT
2026-08-18 18:14:17,855 - ERROR - System Error in runner execution cycle: binance GET https://api.binance.com/api/v3/klines?interval=5m&limit=1000&symbol=BTCUSDT
Traceback (most recent call last):
  File "/Users/ashishparadkar/Downloads/algo-code-main/.venv/lib/python3.9/site-packages/urllib3/connectionpool.py", line 787, in urlopen
    response = self._make_request(
  File "/Users/ashishparadkar/Downloads/algo-code-main/.venv/lib/python3.9/site-packages/urllib3/connectionpool.py", line 534, in _make_request
    response = conn.getresponse()
  File "/Users/ashishparadkar/Downloads/algo-code-main/.venv/lib/python3.9/site-packages/urllib3/connection.py", line 571, in getresponse
    httplib_response = super().getresponse()
  File "/Library/Developer/CommandLineTools/Library/Frameworks/Python3.framework/Versions/3.9/lib/python3.9/http/client.py", line 1349, in getresponse
    response.begin()
  File "/Library/Developer/CommandLineTools/Library/Frameworks/Python3.framework/Versions/3.9/lib/python3.9/http/client.py", line 316, in begin
    version, status, reason = self._read_status()
  File "/Library/Developer/CommandLineTools/Library/Frameworks/Python3.framework/Versions/3.9/lib/python3.9/http/client.py", line 277, in _read_status
    line = str(self.fp.readline(_MAXLINE + 1), "iso-8859-1")
  File "/Library/Developer/CommandLineTools/Library/Frameworks/Python3.framework/Versions/3.9/lib/python3.9/socket.py", line 704, in readinto
    return self._sock.recv_into(b)
  File "/Library/Developer/CommandLineTools/Library/Frameworks/Python3.framework/Versions/3.9/lib/python3.9/ssl.py", line 1241, in recv_into
    return self.read(nbytes, buffer)
  File "/Library/Developer/CommandLineTools/Library/Frameworks/Python3.framework/Versions/3.9/lib/python3.9/ssl.py", line 1099, in read
    return self._sslobj.read(len, buffer)
ConnectionResetError: [Errno 54] Connection reset by peer

During handling of the above exception, another exception occurred:

Traceback (most recent call last):
  File "/Users/ashishparadkar/Downloads/algo-code-main/.venv/lib/python3.9/site-packages/requests/adapters.py", line 644, in send
    resp = conn.urlopen(
  File "/Users/ashishparadkar/Downloads/algo-code-main/.venv/lib/python3.9/site-packages/urllib3/connectionpool.py", line 841, in urlopen
    retries = retries.increment(
  File "/Users/ashishparadkar/Downloads/algo-code-main/.venv/lib/python3.9/site-packages/urllib3/util/retry.py", line 490, in increment
    raise reraise(type(error), error, _stacktrace)
  File "/Users/ashishparadkar/Downloads/algo-code-main/.venv/lib/python3.9/site-packages/urllib3/util/util.py", line 38, in reraise
    raise value.with_traceback(tb)
  File "/Users/ashishparadkar/Downloads/algo-code-main/.venv/lib/python3.9/site-packages/urllib3/connectionpool.py", line 787, in urlopen
    response = self._make_request(
  File "/Users/ashishparadkar/Downloads/algo-code-main/.venv/lib/python3.9/site-packages/urllib3/connectionpool.py", line 534, in _make_request
    response = conn.getresponse()
  File "/Users/ashishparadkar/Downloads/algo-code-main/.venv/lib/python3.9/site-packages/urllib3/connection.py", line 571, in getresponse
    httplib_response = super().getresponse()
  File "/Library/Developer/CommandLineTools/Library/Frameworks/Python3.framework/Versions/3.9/lib/python3.9/http/client.py", line 1349, in getresponse
    response.begin()
  File "/Library/Developer/CommandLineTools/Library/Frameworks/Python3.framework/Versions/3.9/lib/python3.9/http/client.py", line 316, in begin
    version, status, reason = self._read_status()
  File "/Library/Developer/CommandLineTools/Library/Frameworks/Python3.framework/Versions/3.9/lib/python3.9/http/client.py", line 277, in _read_status
    line = str(self.fp.readline(_MAXLINE + 1), "iso-8859-1")
  File "/Library/Developer/CommandLineTools/Library/Frameworks/Python3.framework/Versions/3.9/lib/python3.9/socket.py", line 704, in readinto
    return self._sock.recv_into(b)
  File "/Library/Developer/CommandLineTools/Library/Frameworks/Python3.framework/Versions/3.9/lib/python3.9/ssl.py", line 1241, in recv_into
    return self.read(nbytes, buffer)
  File "/Library/Developer/CommandLineTools/Library/Frameworks/Python3.framework/Versions/3.9/lib/python3.9/ssl.py", line 1099, in read
    return self._sslobj.read(len, buffer)
urllib3.exceptions.ProtocolError: ('Connection aborted.', ConnectionResetError(54, 'Connection reset by peer'))

During handling of the above exception, another exception occurred:

Traceback (most recent call last):
  File "/Users/ashishparadkar/Downloads/algo-code-main/.venv/lib/python3.9/site-packages/ccxt/base/exchange.py", line 665, in fetch
    response = self.session.request(
  File "/Users/ashishparadkar/Downloads/algo-code-main/.venv/lib/python3.9/site-packages/requests/sessions.py", line 589, in request
    resp = self.send(prep, **send_kwargs)
  File "/Users/ashishparadkar/Downloads/algo-code-main/.venv/lib/python3.9/site-packages/requests/sessions.py", line 703, in send
    r = adapter.send(request, **kwargs)
  File "/Users/ashishparadkar/Downloads/algo-code-main/.venv/lib/python3.9/site-packages/requests/adapters.py", line 659, in send
    raise ConnectionError(err, request=request)
requests.exceptions.ConnectionError: ('Connection aborted.', ConnectionResetError(54, 'Connection reset by peer'))

The above exception was the direct cause of the following exception:

Traceback (most recent call last):
  File "/Users/ashishparadkar/Downloads/algo-code-main/src/live_runner.py", line 167, in process_cycle
    df = self.mainnet_fetcher.fetch_live_ohlcv(self.symbol, self.timeframe, limit=1000)
  File "/Users/ashishparadkar/Downloads/algo-code-main/src/data_fetcher.py", line 193, in fetch_live_ohlcv
    raise net_err
  File "/Users/ashishparadkar/Downloads/algo-code-main/src/data_fetcher.py", line 175, in fetch_live_ohlcv
    candles = self.exchange.fetch_ohlcv(
  File "/Users/ashishparadkar/Downloads/algo-code-main/.venv/lib/python3.9/site-packages/ccxt/binance.py", line 4759, in fetch_ohlcv
    response = self.publicGetKlines(self.extend(request, params))
  File "/Users/ashishparadkar/Downloads/algo-code-main/.venv/lib/python3.9/site-packages/ccxt/base/types.py", line 35, in unbound_method
    return _self.request(self.path, self.api, self.method, params, config=self.config)
  File "/Users/ashishparadkar/Downloads/algo-code-main/.venv/lib/python3.9/site-packages/ccxt/binance.py", line 11724, in request
    response = self.fetch2(path, api, method, params, headers, body, config)
  File "/Users/ashishparadkar/Downloads/algo-code-main/.venv/lib/python3.9/site-packages/ccxt/base/exchange.py", line 5566, in fetch2
    raise e
  File "/Users/ashishparadkar/Downloads/algo-code-main/.venv/lib/python3.9/site-packages/ccxt/base/exchange.py", line 5549, in fetch2
    response = self.fetch(request['url'], request['method'], request['headers'], request['body'])
  File "/Users/ashishparadkar/Downloads/algo-code-main/.venv/lib/python3.9/site-packages/ccxt/base/exchange.py", line 721, in fetch
    raise NetworkError(details) from e
ccxt.base.errors.NetworkError: binance GET https://api.binance.com/api/v3/klines?interval=5m&limit=1000&symbol=BTCUSDT
2026-08-18 18:14:18,483 - INFO - Skipping Telegram notification (disabled): 🚨 <b>CRITICAL ERROR</b>: System Error in runner execution cycle: binance GET https://api.binance.com/api/v3/klines?interval=5m&limit=1000&symbol=BTCUSDT
2026-08-18 18:14:18,737 - INFO - Logged heartbeat status: ERROR
2026-08-18 18:14:18,738 - INFO - Job "LiveRunner.process_cycle (trigger: interval[0:05:00], next run at: 2026-08-18 18:19:17 IST)" executed successfully
2026-08-18 18:19:17,725 - INFO - Running job "LiveRunner.process_cycle (trigger: interval[0:05:00], next run at: 2026-08-18 18:24:17 IST)" (scheduled at 2026-08-18 18:19:17.685102+05:30)
2026-08-18 18:19:17,741 - INFO - [bot-1] Starting signal check cycle for BTC/USDT (5m)...
2026-08-18 18:19:17,789 - INFO - Fetching recent candles for BTC/USDT (5m) [Bot: bot-1]...
2026-08-18 18:19:18,488 - INFO - Indicators computed | close=64242.07 ema_9=64281.56 ema_20=64290.24 ema_50=64270.44 ema_200=64200.85 macd=1.4871 poc=63050.0 val=62750.0 vah=64150.0
2026-08-18 18:19:18,490 - INFO - [bot-1] Evaluating strategy on completed candle: 2026-08-18T12:40:00+00:00 at Close price: 64254.01
2026-08-18 18:19:18,626 - INFO - [bot-1] Active trade found in DB (ID: 100819, LONG, Entry: 3400.00, SL: 0.00, TP: 0.00)
2026-08-18 18:19:18,627 - INFO - [bot-1] Active trade exit condition detected (TAKE PROFIT)! Price: 0.00, PnL: -5100.00. Generating POSITION ALERT (Waiting for user decision).
2026-08-18 18:19:18,678 - INFO - Created pending signal approval ID 12 for bot bot-1 (EXIT_SIGNAL @ $64254.01, status: WAITING_APPROVAL)
2026-08-18 18:19:18,690 - INFO - Skipping interactive Telegram notification (disabled): 🚨 <b>POSITION ALERT</b>

<b>BTC/USDT</b>

Current Position:
<b>LONG</b>

Entry:
$3,400.00

Current:
$64,254.01

Unrealized P&L:
<b>+$60.85</b>

Strategy:
<b>Possible EXIT</b>

Confidence:
<b>81%</b>

⚠️ <b>Bot will NOT close the position automatically.</b>

Waiting for your decision.
2026-08-18 18:19:18,978 - INFO - Logged heartbeat status: OK
2026-08-18 18:19:18,978 - INFO - Job "LiveRunner.process_cycle (trigger: interval[0:05:00], next run at: 2026-08-18 18:24:17 IST)" executed successfully
/Users/ashishparadkar/Downloads/algo-code-main/.venv/lib/python3.9/site-packages/urllib3/__init__.py:35: NotOpenSSLWarning: urllib3 v2 only supports OpenSSL 1.1.1+, currently the 'ssl' module is compiled with 'LibreSSL 2.8.3'. See: https://github.com/urllib3/urllib3/issues/3020
  warnings.warn(
/Users/ashishparadkar/Downloads/algo-code-main/.venv/lib/python3.9/site-packages/urllib3/__init__.py:35: NotOpenSSLWarning: urllib3 v2 only supports OpenSSL 1.1.1+, currently the 'ssl' module is compiled with 'LibreSSL 2.8.3'. See: https://github.com/urllib3/urllib3/issues/3020
  warnings.warn(
2026-08-18 18:49:54,154 - INFO - Initializing scheduled trading bot live runner for bot-1...
2026-08-18 18:49:54,950 - INFO - SQLite database tables verified/created.
2026-08-18 18:49:54,977 - WARNING - Telegram alerts are DISABLED. Set TELEGRAM_BOT_TOKEN and TELEGRAM_CHAT_ID in your .env file.
2026-08-18 18:49:54,984 - INFO - Initializing CCXT Binance in TESTNET mode.
/Users/ashishparadkar/Downloads/algo-code-main/.venv/lib/python3.9/site-packages/urllib3/__init__.py:35: NotOpenSSLWarning: urllib3 v2 only supports OpenSSL 1.1.1+, currently the 'ssl' module is compiled with 'LibreSSL 2.8.3'. See: https://github.com/urllib3/urllib3/issues/3020
  warnings.warn(
2026-08-19 00:07:34,364 - INFO - Telegram alerts initialized in DISABLED mode (TELEGRAM_BOT_TOKEN / TELEGRAM_CHAT_ID not configured).
2026-08-19 00:07:34,382 - INFO - Initializing scheduled trading bot live runner for bot-1...
2026-08-19 00:07:34,450 - INFO - SQLite database tables verified/created.
2026-08-19 00:07:34,489 - INFO - Initializing CCXT Binance in TESTNET mode.
2026-08-19 00:07:39,133 - INFO - Initializing CCXT Binance in MAINNET mode (Public endpoints).
2026-08-19 00:07:39,252 - INFO - [bot-1] Starting signal check cycle for BTC/USDT (5m)...
2026-08-19 00:07:39,256 - INFO - Fetching recent candles for BTC/USDT (5m) [Bot: bot-1]...
/Users/ashishparadkar/Downloads/algo-code-main/.venv/lib/python3.9/site-packages/urllib3/__init__.py:35: NotOpenSSLWarning: urllib3 v2 only supports OpenSSL 1.1.1+, currently the 'ssl' module is compiled with 'LibreSSL 2.8.3'. See: https://github.com/urllib3/urllib3/issues/3020
  warnings.warn(
2026-08-19 00:33:17,703 - INFO - Telegram alerts initialized in DISABLED mode (TELEGRAM_BOT_TOKEN / TELEGRAM_CHAT_ID not configured).
2026-08-19 00:33:17,727 - INFO - Initializing scheduled trading bot live runner for bot-1...
2026-08-19 00:33:17,770 - INFO - SQLite database tables verified/created.
2026-08-19 00:33:17,890 - INFO - Initializing CCXT Binance in TESTNET mode.
/Users/ashishparadkar/Downloads/algo-code-main/.venv/lib/python3.9/site-packages/urllib3/__init__.py:35: NotOpenSSLWarning: urllib3 v2 only supports OpenSSL 1.1.1+, currently the 'ssl' module is compiled with 'LibreSSL 2.8.3'. See: https://github.com/urllib3/urllib3/issues/3020
  warnings.warn(
2026-08-19 12:12:13,250 - INFO - Telegram alerts initialized in DISABLED mode (TELEGRAM_BOT_TOKEN / TELEGRAM_CHAT_ID not configured).
2026-08-19 12:12:13,266 - INFO - Initializing scheduled trading bot live runner for bot-1...
2026-08-19 12:12:13,366 - INFO - SQLite database tables verified/created.
2026-08-19 12:12:13,390 - INFO - Initializing CCXT Binance in TESTNET mode.
2026-08-19 12:12:19,725 - INFO - Initializing CCXT Binance in MAINNET mode (Public endpoints).
/Users/ashishparadkar/Downloads/algo-code-main/.venv/lib/python3.9/site-packages/urllib3/__init__.py:35: NotOpenSSLWarning: urllib3 v2 only supports OpenSSL 1.1.1+, currently the 'ssl' module is compiled with 'LibreSSL 2.8.3'. See: https://github.com/urllib3/urllib3/issues/3020
  warnings.warn(
2026-08-19 13:42:27,842 - INFO - Telegram alerts initialized in DISABLED mode (TELEGRAM_BOT_TOKEN / TELEGRAM_CHAT_ID not configured).
2026-08-19 13:42:27,853 - INFO - Initializing scheduled trading bot live runner for bot-1...
2026-08-19 13:42:27,992 - INFO - SQLite database tables verified/created.
2026-08-19 13:42:28,236 - INFO - Initializing CCXT Binance in TESTNET mode.
/Users/ashishparadkar/Downloads/algo-code-main/.venv/lib/python3.9/site-packages/urllib3/__init__.py:35: NotOpenSSLWarning: urllib3 v2 only supports OpenSSL 1.1.1+, currently the 'ssl' module is compiled with 'LibreSSL 2.8.3'. See: https://github.com/urllib3/urllib3/issues/3020
  warnings.warn(
2026-08-19 14:32:31,352 - INFO - Telegram alerts initialized in DISABLED mode (TELEGRAM_BOT_TOKEN / TELEGRAM_CHAT_ID not configured).
2026-08-19 14:32:31,470 - INFO - Initializing scheduled trading bot live runner for bot-1...
2026-08-19 14:32:31,498 - INFO - SQLite database tables verified/created.
2026-08-19 14:32:31,624 - INFO - Initializing CCXT Binance in TESTNET mode.
/Users/ashishparadkar/Downloads/algo-code-main/.venv/lib/python3.9/site-packages/urllib3/__init__.py:35: NotOpenSSLWarning: urllib3 v2 only supports OpenSSL 1.1.1+, currently the 'ssl' module is compiled with 'LibreSSL 2.8.3'. See: https://github.com/urllib3/urllib3/issues/3020
  warnings.warn(
2026-08-19 16:09:31,240 - INFO - Telegram alerts initialized in DISABLED mode (TELEGRAM_BOT_TOKEN / TELEGRAM_CHAT_ID not configured).
2026-08-19 16:09:31,261 - INFO - Initializing scheduled trading bot live runner for bot-1...
2026-08-19 16:09:31,333 - INFO - SQLite database tables verified/created.
2026-08-19 16:09:31,409 - INFO - Initializing CCXT Binance in TESTNET mode.
2026-08-19 16:09:33,286 - INFO - Initializing CCXT Binance in MAINNET mode (Public endpoints).
2026-08-19 16:09:33,309 - INFO - [bot-1] Starting signal check cycle for BTC/USDT (5m)...
2026-08-19 16:09:33,323 - INFO - Fetching recent candles for BTC/USDT (5m) [Bot: bot-1]...
2026-08-19 16:09:36,876 - INFO - Indicators computed | close=64422.00 ema_9=64401.29 ema_20=64394.90 ema_50=64376.69 ema_200=64418.79 macd=9.7091 poc=64325.0 val=63550.0 vah=65050.0
2026-08-19 16:09:36,879 - INFO - [bot-1] Evaluating strategy on completed candle: 2026-08-19T10:30:00+00:00 at Close price: 64403.99
2026-08-19 16:09:36,932 - INFO - [bot-1] Active trade found in DB (ID: 101173, LONG, Entry: 64000.00, SL: 63000.00, TP: 66000.00)
2026-08-19 16:09:36,932 - INFO - [bot-1] Active trade SL/TP not hit. Holding position.
2026-08-19 16:09:37,190 - INFO - Logged heartbeat status: OK
2026-08-19 16:09:37,212 - INFO - Adding job tentatively -- it will be properly scheduled when the scheduler starts
2026-08-19 16:09:37,212 - INFO - Bot bot-1 scheduled to check every 5 minutes.
2026-08-19 16:09:37,216 - INFO - Added job "LiveRunner.process_cycle" to job store "default"
2026-08-19 16:09:37,216 - INFO - Scheduler started
2026-08-19 16:14:37,226 - INFO - Running job "LiveRunner.process_cycle (trigger: interval[0:05:00], next run at: 2026-08-19 16:14:37 IST)" (scheduled at 2026-08-19 16:14:37.211940+05:30)
2026-08-19 16:14:37,231 - INFO - [bot-1] Starting signal check cycle for BTC/USDT (5m)...
2026-08-19 16:14:37,270 - INFO - Fetching recent candles for BTC/USDT (5m) [Bot: bot-1]...
2026-08-19 16:14:37,705 - INFO - Indicators computed | close=64409.75 ema_9=64402.99 ema_20=64396.31 ema_50=64377.98 ema_200=64418.70 macd=9.7811 poc=64325.0 val=63550.0 vah=65050.0
2026-08-19 16:14:37,706 - INFO - [bot-1] Evaluating strategy on completed candle: 2026-08-19T10:35:00+00:00 at Close price: 64422.01
2026-08-19 16:14:37,757 - INFO - [bot-1] Active trade found in DB (ID: 101173, LONG, Entry: 64000.00, SL: 63000.00, TP: 66000.00)
2026-08-19 16:14:37,757 - INFO - [bot-1] Active trade SL/TP not hit. Holding position.
2026-08-19 16:14:37,996 - INFO - Logged heartbeat status: OK
2026-08-19 16:14:37,996 - INFO - Job "LiveRunner.process_cycle (trigger: interval[0:05:00], next run at: 2026-08-19 16:19:37 IST)" executed successfully
2026-08-19 16:19:37,222 - INFO - Running job "LiveRunner.process_cycle (trigger: interval[0:05:00], next run at: 2026-08-19 16:24:37 IST)" (scheduled at 2026-08-19 16:19:37.211940+05:30)
2026-08-19 16:19:37,230 - INFO - [bot-1] Starting signal check cycle for BTC/USDT (5m)...
2026-08-19 16:19:37,269 - INFO - Fetching recent candles for BTC/USDT (5m) [Bot: bot-1]...
2026-08-19 16:19:38,202 - INFO - Indicators computed | close=64404.61 ema_9=64403.31 ema_20=64397.10 ema_50=64379.03 ema_200=64418.56 macd=9.3154 poc=64325.0 val=63550.0 vah=65050.0
2026-08-19 16:19:38,203 - INFO - [bot-1] Evaluating strategy on completed candle: 2026-08-19T10:40:00+00:00 at Close price: 64409.75
2026-08-19 16:19:38,251 - INFO - [bot-1] Active trade found in DB (ID: 101173, LONG, Entry: 64000.00, SL: 63000.00, TP: 66000.00)
2026-08-19 16:19:38,252 - INFO - [bot-1] Active trade SL/TP not hit. Holding position.
2026-08-19 16:19:38,507 - INFO - Logged heartbeat status: OK
2026-08-19 16:19:38,507 - INFO - Job "LiveRunner.process_cycle (trigger: interval[0:05:00], next run at: 2026-08-19 16:24:37 IST)" executed successfully
2026-08-19 16:24:37,233 - INFO - Running job "LiveRunner.process_cycle (trigger: interval[0:05:00], next run at: 2026-08-19 16:29:37 IST)" (scheduled at 2026-08-19 16:24:37.211940+05:30)
2026-08-19 16:24:37,247 - INFO - [bot-1] Starting signal check cycle for BTC/USDT (5m)...
2026-08-19 16:24:37,297 - INFO - Fetching recent candles for BTC/USDT (5m) [Bot: bot-1]...
2026-08-19 16:24:37,778 - INFO - Indicators computed | close=64397.90 ema_9=64402.23 ema_20=64397.18 ema_50=64379.77 ema_200=64418.35 macd=8.3091 poc=64325.0 val=63550.0 vah=65050.0
2026-08-19 16:24:37,779 - INFO - [bot-1] Evaluating strategy on completed candle: 2026-08-19T10:45:00+00:00 at Close price: 64404.61
2026-08-19 16:24:37,827 - INFO - [bot-1] Active trade found in DB (ID: 101173, LONG, Entry: 64000.00, SL: 63000.00, TP: 66000.00)
2026-08-19 16:24:37,827 - INFO - [bot-1] Active trade SL/TP not hit. Holding position.
2026-08-19 16:24:38,074 - INFO - Logged heartbeat status: OK
2026-08-19 16:24:38,075 - INFO - Job "LiveRunner.process_cycle (trigger: interval[0:05:00], next run at: 2026-08-19 16:29:37 IST)" executed successfully
2026-08-19 16:29:37,309 - INFO - Running job "LiveRunner.process_cycle (trigger: interval[0:05:00], next run at: 2026-08-19 16:34:37 IST)" (scheduled at 2026-08-19 16:29:37.211940+05:30)
2026-08-19 16:29:37,315 - INFO - [bot-1] Starting signal check cycle for BTC/USDT (5m)...
2026-08-19 16:29:37,358 - INFO - Fetching recent candles for BTC/USDT (5m) [Bot: bot-1]...
2026-08-19 16:29:37,781 - INFO - Indicators computed | close=64456.00 ema_9=64414.70 ema_20=64403.71 ema_50=64383.16 ema_200=64418.83 macd=12.7210 poc=64325.0 val=63550.0 vah=65050.0
2026-08-19 16:29:37,782 - INFO - [bot-1] Evaluating strategy on completed candle: 2026-08-19T10:50:00+00:00 at Close price: 64408.62
2026-08-19 16:29:37,830 - INFO - [bot-1] Active trade found in DB (ID: 101173, LONG, Entry: 64000.00, SL: 63000.00, TP: 66000.00)
2026-08-19 16:29:37,830 - INFO - [bot-1] Active trade SL/TP not hit. Holding position.
2026-08-19 16:29:38,059 - INFO - Logged heartbeat status: OK
2026-08-19 16:29:38,059 - INFO - Job "LiveRunner.process_cycle (trigger: interval[0:05:00], next run at: 2026-08-19 16:34:37 IST)" executed successfully
2026-08-19 16:34:37,234 - INFO - Running job "LiveRunner.process_cycle (trigger: interval[0:05:00], next run at: 2026-08-19 16:39:37 IST)" (scheduled at 2026-08-19 16:34:37.211940+05:30)
2026-08-19 16:34:37,243 - INFO - [bot-1] Starting signal check cycle for BTC/USDT (5m)...
2026-08-19 16:34:37,286 - INFO - Fetching recent candles for BTC/USDT (5m) [Bot: bot-1]...
2026-08-19 16:34:37,814 - INFO - Indicators computed | close=64490.58 ema_9=64429.99 ema_20=64412.04 ema_50=64387.40 ema_200=64419.55 macd=18.1649 poc=64325.0 val=63550.0 vah=65050.0
2026-08-19 16:34:37,817 - INFO - [bot-1] Evaluating strategy on completed candle: 2026-08-19T10:55:00+00:00 at Close price: 64456.71
2026-08-19 16:34:37,868 - INFO - [bot-1] Active trade found in DB (ID: 101173, LONG, Entry: 64000.00, SL: 63000.00, TP: 66000.00)
2026-08-19 16:34:37,868 - INFO - [bot-1] Active trade SL/TP not hit. Holding position.
2026-08-19 16:34:38,094 - INFO - Logged heartbeat status: OK
2026-08-19 16:34:38,094 - INFO - Job "LiveRunner.process_cycle (trigger: interval[0:05:00], next run at: 2026-08-19 16:39:37 IST)" executed successfully
/Users/ashishparadkar/Downloads/algo-code-main/.venv/lib/python3.9/site-packages/urllib3/__init__.py:35: NotOpenSSLWarning: urllib3 v2 only supports OpenSSL 1.1.1+, currently the 'ssl' module is compiled with 'LibreSSL 2.8.3'. See: https://github.com/urllib3/urllib3/issues/3020
  warnings.warn(
2026-08-19 16:39:59,835 - INFO - Telegram alerts initialized in DISABLED mode (TELEGRAM_BOT_TOKEN / TELEGRAM_CHAT_ID not configured).
2026-08-19 16:39:59,945 - INFO - Initializing scheduled trading bot live runner for bot-1...
2026-08-19 16:39:59,970 - INFO - SQLite database tables verified/created.
2026-08-19 16:40:00,208 - INFO - Initializing CCXT Binance in TESTNET mode.
2026-08-19 16:40:07,740 - INFO - Initializing CCXT Binance in MAINNET mode (Public endpoints).
2026-08-19 16:40:07,965 - INFO - [bot-1] Starting signal check cycle for BTC/USDT (5m)...
2026-08-19 16:40:07,981 - INFO - Fetching recent candles for BTC/USDT (5m) [Bot: bot-1]...
/Users/ashishparadkar/Downloads/algo-code-main/.venv/lib/python3.9/site-packages/urllib3/__init__.py:35: NotOpenSSLWarning: urllib3 v2 only supports OpenSSL 1.1.1+, currently the 'ssl' module is compiled with 'LibreSSL 2.8.3'. See: https://github.com/urllib3/urllib3/issues/3020
  warnings.warn(
2026-08-19 17:14:53,673 - INFO - Telegram notification service initialized successfully (Chat ID: 5657...)
2026-08-19 17:14:53,686 - INFO - Initializing scheduled trading bot live runner for bot-1...
2026-08-19 17:14:53,736 - INFO - SQLite database tables verified/created.
2026-08-19 17:14:53,813 - INFO - Initializing CCXT Binance in TESTNET mode.
2026-08-19 17:14:55,813 - INFO - Initializing CCXT Binance in MAINNET mode (Public endpoints).
2026-08-19 17:14:55,844 - INFO - [bot-1] Starting signal check cycle for BTC/USDT (5m)...
2026-08-19 17:14:55,884 - INFO - Fetching recent candles for BTC/USDT (5m) [Bot: bot-1]...
2026-08-19 17:14:59,885 - INFO - Indicators computed | close=64471.20 ema_9=64488.33 ema_20=64462.51 ema_50=64419.69 ema_200=64426.20 macd=30.3698 poc=64325.0 val=63575.0 vah=65050.0
2026-08-19 17:14:59,897 - INFO - [bot-1] Evaluating strategy on completed candle: 2026-08-19T11:35:00+00:00 at Close price: 64500.85
2026-08-19 17:15:00,003 - INFO - Confluence Evaluation | Regime: TRENDING (ADX=36.7) | Direction: LONG | BullScore: 78.9% | BearScore: 0.0% | Active: ['ema', 'macd', 'vp']
2026-08-19 17:15:00,102 - INFO - Capping position size 2.353495 BTC to available cash equivalent 0.155037 BTC.
2026-08-19 17:15:00,165 - INFO - Created pending signal approval ID 13 for bot bot-1 (LONG @ $64500.85, status: WAITING_APPROVAL)
2026-08-19 17:15:00,195 - INFO - [bot-1] Signal LONG generated (ID: 13). Waiting for manual user approval.
2026-08-19 17:15:00,291 - INFO - Logged heartbeat status: OK
2026-08-19 17:15:00,320 - INFO - Adding job tentatively -- it will be properly scheduled when the scheduler starts
2026-08-19 17:15:00,320 - INFO - Bot bot-1 scheduled to check every 5 minutes.
2026-08-19 17:15:00,322 - INFO - Added job "LiveRunner.process_cycle" to job store "default"
2026-08-19 17:15:00,322 - INFO - Scheduler started
2026-08-19 17:20:00,335 - INFO - Running job "LiveRunner.process_cycle (trigger: interval[0:05:00], next run at: 2026-08-19 17:20:00 IST)" (scheduled at 2026-08-19 17:20:00.319937+05:30)
2026-08-19 17:20:00,348 - INFO - [bot-1] Starting signal check cycle for BTC/USDT (5m)...
2026-08-19 17:20:00,392 - INFO - Fetching recent candles for BTC/USDT (5m) [Bot: bot-1]...
2026-08-19 17:20:01,036 - INFO - Indicators computed | close=64500.00 ema_9=64492.53 ema_20=64469.31 ema_50=64425.87 ema_200=64427.66 macd=28.7034 poc=64325.0 val=63575.0 vah=65050.0
2026-08-19 17:20:01,038 - INFO - [bot-1] Evaluating strategy on completed candle: 2026-08-19T11:45:00+00:00 at Close price: 64500.00
2026-08-19 17:20:01,113 - INFO - Confluence Evaluation | Regime: TRENDING (ADX=40.7) | Direction: LONG | BullScore: 78.9% | BearScore: 0.0% | Active: ['ema', 'macd', 'vp']
2026-08-19 17:20:01,220 - INFO - Capping position size 1.943257 BTC to available cash equivalent 0.155039 BTC.
2026-08-19 17:20:01,282 - INFO - [bot-1] Signal LONG active pending approval already exists (ID: 13).
2026-08-19 17:20:01,511 - INFO - Logged heartbeat status: OK
2026-08-19 17:20:01,511 - INFO - Job "LiveRunner.process_cycle (trigger: interval[0:05:00], next run at: 2026-08-19 17:25:00 IST)" executed successfully
2026-08-19 17:25:00,334 - INFO - Running job "LiveRunner.process_cycle (trigger: interval[0:05:00], next run at: 2026-08-19 17:30:00 IST)" (scheduled at 2026-08-19 17:25:00.319937+05:30)
2026-08-19 17:25:00,344 - INFO - [bot-1] Starting signal check cycle for BTC/USDT (5m)...
2026-08-19 17:25:00,390 - INFO - Fetching recent candles for BTC/USDT (5m) [Bot: bot-1]...
2026-08-19 17:25:01,030 - INFO - Indicators computed | close=64508.84 ema_9=64497.21 ema_20=64473.84 ema_50=64429.45 ema_200=64428.56 macd=28.9041 poc=64325.0 val=63575.0 vah=65050.0
2026-08-19 17:25:01,031 - INFO - [bot-1] Evaluating strategy on completed candle: 2026-08-19T11:50:00+00:00 at Close price: 64508.84
2026-08-19 17:25:01,102 - INFO - Confluence Evaluation | Regime: TRENDING (ADX=44.0) | Direction: LONG | BullScore: 78.9% | BearScore: 0.0% | Active: ['ema', 'macd', 'vp']
2026-08-19 17:25:01,208 - INFO - Capping position size 1.789549 BTC to available cash equivalent 0.155018 BTC.
2026-08-19 17:25:01,226 - INFO - [bot-1] Signal LONG active pending approval already exists (ID: 13).
2026-08-19 17:25:01,375 - INFO - Logged heartbeat status: OK
2026-08-19 17:25:01,375 - INFO - Job "LiveRunner.process_cycle (trigger: interval[0:05:00], next run at: 2026-08-19 17:30:00 IST)" executed successfully
2026-08-19 17:30:00,359 - INFO - Running job "LiveRunner.process_cycle (trigger: interval[0:05:00], next run at: 2026-08-19 17:35:00 IST)" (scheduled at 2026-08-19 17:30:00.319937+05:30)
2026-08-19 17:30:00,367 - INFO - [bot-1] Starting signal check cycle for BTC/USDT (5m)...
2026-08-19 17:30:00,412 - INFO - Fetching recent candles for BTC/USDT (5m) [Bot: bot-1]...
2026-08-19 17:30:01,044 - INFO - Indicators computed | close=64515.62 ema_9=64501.98 ema_20=64478.40 ema_50=64433.09 ema_200=64429.49 macd=29.1384 poc=64325.0 val=63575.0 vah=65050.0
2026-08-19 17:30:01,045 - INFO - [bot-1] Evaluating strategy on completed candle: 2026-08-19T11:55:00+00:00 at Close price: 64515.63
2026-08-19 17:30:01,110 - INFO - Confluence Evaluation | Regime: TRENDING (ADX=47.3) | Direction: LONG | BullScore: 78.9% | BearScore: 0.0% | Active: ['ema', 'macd', 'vp']
2026-08-19 17:30:01,198 - INFO - Capping position size 1.687052 BTC to available cash equivalent 0.155001 BTC.
2026-08-19 17:30:01,260 - INFO - [bot-1] Signal LONG active pending approval already exists (ID: 13).
2026-08-19 17:30:01,422 - INFO - Logged heartbeat status: OK
2026-08-19 17:30:01,422 - INFO - Job "LiveRunner.process_cycle (trigger: interval[0:05:00], next run at: 2026-08-19 17:35:00 IST)" executed successfully
2026-08-19 17:35:00,334 - INFO - Running job "LiveRunner.process_cycle (trigger: interval[0:05:00], next run at: 2026-08-19 17:40:00 IST)" (scheduled at 2026-08-19 17:35:00.319937+05:30)
2026-08-19 17:35:00,339 - INFO - [bot-1] Starting signal check cycle for BTC/USDT (5m)...
2026-08-19 17:35:00,390 - INFO - Fetching recent candles for BTC/USDT (5m) [Bot: bot-1]...
2026-08-19 17:35:00,945 - INFO - Indicators computed | close=64483.47 ema_9=64493.13 ema_20=64476.11 ema_50=64433.85 ema_200=64429.71 macd=24.0209 poc=64325.0 val=63575.0 vah=65050.0
2026-08-19 17:35:00,946 - INFO - [bot-1] Evaluating strategy on completed candle: 2026-08-19T12:00:00+00:00 at Close price: 64483.47
2026-08-19 17:35:01,015 - INFO - Confluence Evaluation | Regime: TRENDING (ADX=49.1) | Direction: HOLD | BullScore: 39.5% | BearScore: 0.0% | Active: ['ema', 'macd', 'vp']
2026-08-19 17:35:01,068 - INFO - Signal evaluated: HOLD. Reason/Details: Confluence score: 40% (HOLD)
2026-08-19 17:35:01,269 - INFO - Logged heartbeat status: OK
2026-08-19 17:35:01,269 - INFO - Job "LiveRunner.process_cycle (trigger: interval[0:05:00], next run at: 2026-08-19 17:40:00 IST)" executed successfully
2026-08-19 17:40:00,338 - INFO - Running job "LiveRunner.process_cycle (trigger: interval[0:05:00], next run at: 2026-08-19 17:45:00 IST)" (scheduled at 2026-08-19 17:40:00.319937+05:30)
2026-08-19 17:40:00,355 - INFO - [bot-1] Starting signal check cycle for BTC/USDT (5m)...
2026-08-19 17:40:00,401 - INFO - Fetching recent candles for BTC/USDT (5m) [Bot: bot-1]...
2026-08-19 17:40:01,221 - INFO - Indicators computed | close=64503.55 ema_9=64498.43 ema_20=64480.46 ema_50=64437.34 ema_200=64430.64 macd=24.5855 poc=64325.0 val=63575.0 vah=65050.0
2026-08-19 17:40:01,222 - INFO - [bot-1] Evaluating strategy on completed candle: 2026-08-19T12:05:00+00:00 at Close price: 64503.55
2026-08-19 17:40:01,275 - INFO - Confluence Evaluation | Regime: TRENDING (ADX=48.3) | Direction: HOLD | BullScore: 39.5% | BearScore: 0.0% | Active: ['ema', 'macd', 'vp']
2026-08-19 17:40:01,363 - INFO - Signal evaluated: HOLD. Reason/Details: Confluence score: 40% (HOLD)
2026-08-19 17:40:01,556 - INFO - Logged heartbeat status: OK
2026-08-19 17:40:01,556 - INFO - Job "LiveRunner.process_cycle (trigger: interval[0:05:00], next run at: 2026-08-19 17:45:00 IST)" executed successfully
2026-08-19 17:45:00,361 - INFO - Running job "LiveRunner.process_cycle (trigger: interval[0:05:00], next run at: 2026-08-19 17:50:00 IST)" (scheduled at 2026-08-19 17:45:00.319937+05:30)
2026-08-19 17:45:00,367 - INFO - [bot-1] Starting signal check cycle for BTC/USDT (5m)...
2026-08-19 17:45:00,408 - INFO - Fetching recent candles for BTC/USDT (5m) [Bot: bot-1]...
2026-08-19 17:45:00,944 - INFO - Indicators computed | close=64505.81 ema_9=64500.27 ema_20=64483.06 ema_50=64440.11 ema_200=64431.41 macd=23.8116 poc=64325.0 val=63575.0 vah=65050.0
2026-08-19 17:45:00,945 - INFO - [bot-1] Evaluating strategy on completed candle: 2026-08-19T12:10:00+00:00 at Close price: 64505.80
2026-08-19 17:45:01,003 - INFO - Confluence Evaluation | Regime: TRENDING (ADX=45.7) | Direction: HOLD | BullScore: 39.5% | BearScore: 0.0% | Active: ['ema', 'macd', 'vp']
2026-08-19 17:45:01,093 - INFO - Signal evaluated: HOLD. Reason/Details: Confluence score: 40% (HOLD)
2026-08-19 17:45:01,291 - INFO - Logged heartbeat status: OK
2026-08-19 17:45:01,291 - INFO - Job "LiveRunner.process_cycle (trigger: interval[0:05:00], next run at: 2026-08-19 17:50:00 IST)" executed successfully
2026-08-19 17:50:00,334 - INFO - Running job "LiveRunner.process_cycle (trigger: interval[0:05:00], next run at: 2026-08-19 17:55:00 IST)" (scheduled at 2026-08-19 17:50:00.319937+05:30)
2026-08-19 17:50:00,340 - INFO - [bot-1] Starting signal check cycle for BTC/USDT (5m)...
2026-08-19 17:50:00,381 - INFO - Fetching recent candles for BTC/USDT (5m) [Bot: bot-1]...
2026-08-19 17:50:00,933 - INFO - Indicators computed | close=64501.25 ema_9=64499.73 ema_20=64484.40 ema_50=64442.34 ema_200=64432.06 macd=22.1487 poc=64325.0 val=63575.0 vah=65050.0
2026-08-19 17:50:00,934 - INFO - [bot-1] Evaluating strategy on completed candle: 2026-08-19T12:15:00+00:00 at Close price: 64501.25
2026-08-19 17:50:00,993 - INFO - Confluence Evaluation | Regime: TRENDING (ADX=44.8) | Direction: HOLD | BullScore: 39.5% | BearScore: 0.0% | Active: ['ema', 'macd', 'vp']
2026-08-19 17:50:01,082 - INFO - Signal evaluated: HOLD. Reason/Details: Confluence score: 40% (HOLD)
2026-08-19 17:50:01,279 - INFO - Logged heartbeat status: OK
2026-08-19 17:50:01,280 - INFO - Job "LiveRunner.process_cycle (trigger: interval[0:05:00], next run at: 2026-08-19 17:55:00 IST)" executed successfully
2026-08-19 17:55:00,336 - INFO - Running job "LiveRunner.process_cycle (trigger: interval[0:05:00], next run at: 2026-08-19 18:00:00 IST)" (scheduled at 2026-08-19 17:55:00.319937+05:30)
2026-08-19 17:55:00,343 - INFO - [bot-1] Starting signal check cycle for BTC/USDT (5m)...
2026-08-19 17:55:00,391 - INFO - Fetching recent candles for BTC/USDT (5m) [Bot: bot-1]...
2026-08-19 17:55:01,001 - INFO - Indicators computed | close=64499.07 ema_9=64499.25 ema_20=64485.61 ema_50=64444.48 ema_200=64432.71 macd=20.5696 poc=64325.0 val=63575.0 vah=65050.0
2026-08-19 17:55:01,002 - INFO - [bot-1] Evaluating strategy on completed candle: 2026-08-19T12:20:00+00:00 at Close price: 64499.06
2026-08-19 17:55:01,063 - INFO - Confluence Evaluation | Regime: TRENDING (ADX=44.1) | Direction: HOLD | BullScore: 39.5% | BearScore: 0.0% | Active: ['ema', 'macd', 'vp']
2026-08-19 17:55:01,148 - INFO - Signal evaluated: HOLD. Reason/Details: Confluence score: 40% (HOLD)
2026-08-19 17:55:01,338 - INFO - Logged heartbeat status: OK
2026-08-19 17:55:01,338 - INFO - Job "LiveRunner.process_cycle (trigger: interval[0:05:00], next run at: 2026-08-19 18:00:00 IST)" executed successfully
/Users/ashishparadkar/Downloads/algo-code-main/.venv/lib/python3.9/site-packages/urllib3/__init__.py:35: NotOpenSSLWarning: urllib3 v2 only supports OpenSSL 1.1.1+, currently the 'ssl' module is compiled with 'LibreSSL 2.8.3'. See: https://github.com/urllib3/urllib3/issues/3020
  warnings.warn(
2026-08-19 17:58:18,882 - INFO - Telegram notification service initialized successfully (Chat ID: 5657...)
2026-08-19 17:58:18,896 - INFO - Initializing scheduled trading bot live runner for bot-1...
2026-08-19 17:58:18,960 - INFO - SQLite database tables verified/created.
2026-08-19 17:58:19,030 - INFO - Initializing CCXT Binance in TESTNET mode.
2026-08-19 17:58:21,283 - INFO - Initializing CCXT Binance in MAINNET mode (Public endpoints).
2026-08-19 17:58:21,313 - INFO - [bot-1] Starting signal check cycle for BTC/USDT (5m)...
2026-08-19 17:58:21,358 - INFO - Fetching recent candles for BTC/USDT (5m) [Bot: bot-1]...
2026-08-19 17:58:25,550 - INFO - Indicators computed | close=64499.06 ema_9=64499.25 ema_20=64485.61 ema_50=64444.48 ema_200=64432.71 macd=20.5688 poc=64325.0 val=63575.0 vah=65050.0
2026-08-19 17:58:25,551 - INFO - [bot-1] Evaluating strategy on completed candle: 2026-08-19T12:20:00+00:00 at Close price: 64499.06
2026-08-19 17:58:25,616 - INFO - Confluence Evaluation | Regime: TRENDING (ADX=44.1) | Direction: HOLD | BullScore: 39.5% | BearScore: 0.0% | Active: ['ema', 'macd', 'vp']
2026-08-19 17:58:25,723 - INFO - Signal evaluated: HOLD. Reason/Details: Confluence score: 40% (HOLD)
2026-08-19 17:58:25,927 - INFO - Logged heartbeat status: OK
2026-08-19 17:58:25,943 - INFO - Adding job tentatively -- it will be properly scheduled when the scheduler starts
2026-08-19 17:58:25,944 - INFO - Bot bot-1 scheduled to check every 5 minutes.
2026-08-19 17:58:25,946 - INFO - Added job "LiveRunner.process_cycle" to job store "default"
2026-08-19 17:58:25,947 - INFO - Scheduler started
2026-08-19 18:03:25,954 - INFO - Running job "LiveRunner.process_cycle (trigger: interval[0:05:00], next run at: 2026-08-19 18:03:25 IST)" (scheduled at 2026-08-19 18:03:25.943496+05:30)
2026-08-19 18:03:25,963 - INFO - [bot-1] Starting signal check cycle for BTC/USDT (5m)...
2026-08-19 18:03:26,018 - INFO - Fetching recent candles for BTC/USDT (5m) [Bot: bot-1]...
2026-08-19 18:03:26,702 - INFO - Indicators computed | close=64516.92 ema_9=64501.90 ema_20=64488.12 ema_50=64447.11 ema_200=64433.49 macd=20.3170 poc=64325.0 val=63575.0 vah=65050.0
2026-08-19 18:03:26,702 - INFO - [bot-1] Evaluating strategy on completed candle: 2026-08-19T12:25:00+00:00 at Close price: 64493.52
2026-08-19 18:03:26,805 - INFO - Confluence Evaluation | Regime: TRENDING (ADX=42.5) | Direction: HOLD | BullScore: 39.5% | BearScore: 0.0% | Active: ['ema', 'macd', 'vp']
2026-08-19 18:03:26,891 - INFO - Signal evaluated: HOLD. Reason/Details: Confluence score: 40% (HOLD)
2026-08-19 18:03:28,088 - INFO - Logged heartbeat status: OK
2026-08-19 18:03:28,088 - INFO - Job "LiveRunner.process_cycle (trigger: interval[0:05:00], next run at: 2026-08-19 18:08:25 IST)" executed successfully
2026-08-19 18:08:25,957 - INFO - Running job "LiveRunner.process_cycle (trigger: interval[0:05:00], next run at: 2026-08-19 18:13:25 IST)" (scheduled at 2026-08-19 18:08:25.943496+05:30)
2026-08-19 18:08:25,962 - INFO - [bot-1] Starting signal check cycle for BTC/USDT (5m)...
2026-08-19 18:08:26,008 - INFO - Fetching recent candles for BTC/USDT (5m) [Bot: bot-1]...
2026-08-19 18:08:26,607 - INFO - Indicators computed | close=64732.45 ema_9=64571.35 ema_20=64523.96 ema_50=64463.80 ema_200=64437.90 macd=46.4126 poc=64325.0 val=63575.0 vah=65050.0
2026-08-19 18:08:26,608 - INFO - [bot-1] Evaluating strategy on completed candle: 2026-08-19T12:30:00+00:00 at Close price: 64662.80
2026-08-19 18:08:26,662 - INFO - [bot-1] Active trade found in DB (ID: 101234, BUY, Entry: 65000.00, SL: 63700.00, TP: 67600.00)
2026-08-19 18:08:26,662 - INFO - [bot-1] Active trade SL/TP not hit. Holding position.
2026-08-19 18:08:26,887 - INFO - Logged heartbeat status: OK
2026-08-19 18:08:26,887 - INFO - Job "LiveRunner.process_cycle (trigger: interval[0:05:00], next run at: 2026-08-19 18:13:25 IST)" executed successfully
2026-08-19 18:13:25,984 - INFO - Running job "LiveRunner.process_cycle (trigger: interval[0:05:00], next run at: 2026-08-19 18:18:25 IST)" (scheduled at 2026-08-19 18:13:25.943496+05:30)
2026-08-19 18:13:25,996 - INFO - [bot-1] Starting signal check cycle for BTC/USDT (5m)...
2026-08-19 18:13:26,046 - INFO - Fetching recent candles for BTC/USDT (5m) [Bot: bot-1]...
2026-08-19 18:13:26,567 - INFO - Indicators computed | close=64907.51 ema_9=64637.22 ema_20=64559.75 ema_50=64480.88 ema_200=64442.49 macd=70.6547 poc=64325.0 val=63575.0 vah=65050.0
2026-08-19 18:13:26,568 - INFO - [bot-1] Evaluating strategy on completed candle: 2026-08-19T12:35:00+00:00 at Close price: 64723.98
2026-08-19 18:13:26,624 - INFO - [bot-1] Active trade found in DB (ID: 101237, LONG, Entry: 64250.00, SL: 62965.00, TP: 66820.00)
2026-08-19 18:13:26,624 - INFO - [bot-1] Active trade SL/TP not hit. Holding position.
2026-08-19 18:13:26,873 - INFO - Logged heartbeat status: OK
2026-08-19 18:13:26,873 - INFO - Job "LiveRunner.process_cycle (trigger: interval[0:05:00], next run at: 2026-08-19 18:18:25 IST)" executed successfully
/Users/ashishparadkar/Downloads/algo-code-main/.venv/lib/python3.9/site-packages/urllib3/__init__.py:35: NotOpenSSLWarning: urllib3 v2 only supports OpenSSL 1.1.1+, currently the 'ssl' module is compiled with 'LibreSSL 2.8.3'. See: https://github.com/urllib3/urllib3/issues/3020
  warnings.warn(
2026-08-19 18:37:59,963 - INFO - Telegram notification service initialized successfully (Chat ID: 5657...)
2026-08-19 18:37:59,988 - INFO - Initializing scheduled trading bot live runner for bot-1...
2026-08-19 18:38:00,032 - INFO - SQLite database tables verified/created.
2026-08-19 18:38:00,230 - INFO - Initializing CCXT Binance in TESTNET mode.
2026-08-19 18:38:04,307 - INFO - Initializing CCXT Binance in MAINNET mode (Public endpoints).
2026-08-19 18:38:04,471 - INFO - [bot-1] Starting signal check cycle for BTC/USDT (5m)...
2026-08-19 18:38:04,542 - INFO - Fetching recent candles for BTC/USDT (5m) [Bot: bot-1]...
2026-08-19 18:38:14,957 - INFO - Indicators computed | close=64839.99 ema_9=64786.67 ema_20=64681.16 ema_50=64551.94 ema_200=64463.61 macd=109.1301 poc=64325.0 val=63575.0 vah=65050.0
2026-08-19 18:38:14,961 - INFO - [bot-1] Evaluating strategy on completed candle: 2026-08-19T13:00:00+00:00 at Close price: 64800.96
2026-08-19 18:38:15,105 - INFO - Confluence Evaluation | Regime: TRENDING (ADX=44.9) | Direction: LONG | BullScore: 78.9% | BearScore: 21.1% | Active: ['ema', 'macd', 'vp']
2026-08-19 18:38:15,139 - INFO - Capping position size 1.265182 BTC to available cash equivalent 0.154319 BTC.
2026-08-19 18:38:15,189 - INFO - Created pending signal approval ID 19 for bot bot-1 (LONG @ $64800.96, status: WAITING_APPROVAL)
2026-08-19 18:38:15,257 - INFO - [bot-1] Signal LONG generated (ID: 19). Waiting for manual user approval.
2026-08-19 18:38:15,439 - INFO - Logged heartbeat status: OK
2026-08-19 18:38:15,455 - INFO - Adding job tentatively -- it will be properly scheduled when the scheduler starts
2026-08-19 18:38:15,455 - INFO - Bot bot-1 scheduled to check every 5 minutes.
2026-08-19 18:38:15,456 - INFO - Added job "LiveRunner.process_cycle" to job store "default"
2026-08-19 18:38:15,464 - INFO - Scheduler started
2026-08-19 18:43:15,488 - INFO - Running job "LiveRunner.process_cycle (trigger: interval[0:05:00], next run at: 2026-08-19 18:43:15 IST)" (scheduled at 2026-08-19 18:43:15.454855+05:30)
2026-08-19 18:43:15,503 - INFO - [bot-1] Starting signal check cycle for BTC/USDT (5m)...
2026-08-19 18:43:15,533 - INFO - Fetching recent candles for BTC/USDT (5m) [Bot: bot-1]...
2026-08-19 18:43:16,322 - INFO - Indicators computed | close=64977.66 ema_9=64829.63 ema_20=64711.96 ema_50=64569.76 ema_200=64469.01 macd=120.8661 poc=64325.0 val=63600.0 vah=65050.0
2026-08-19 18:43:16,323 - INFO - [bot-1] Evaluating strategy on completed candle: 2026-08-19T13:05:00+00:00 at Close price: 64869.77
2026-08-19 18:43:16,425 - INFO - Confluence Evaluation | Regime: TRENDING (ADX=45.3) | Direction: LONG | BullScore: 78.9% | BearScore: 21.1% | Active: ['ema', 'macd', 'vp']
2026-08-19 18:43:16,554 - INFO - Capping position size 1.415729 BTC to available cash equivalent 0.154155 BTC.
2026-08-19 18:43:16,560 - INFO - [bot-1] Signal LONG active pending approval already exists (ID: 19).
2026-08-19 18:43:16,624 - INFO - Logged heartbeat status: OK
2026-08-19 18:43:16,625 - INFO - Job "LiveRunner.process_cycle (trigger: interval[0:05:00], next run at: 2026-08-19 18:48:15 IST)" executed successfully
2026-08-19 18:48:15,467 - INFO - Running job "LiveRunner.process_cycle (trigger: interval[0:05:00], next run at: 2026-08-19 18:53:15 IST)" (scheduled at 2026-08-19 18:48:15.454855+05:30)
2026-08-19 18:48:15,471 - INFO - [bot-1] Starting signal check cycle for BTC/USDT (5m)...
2026-08-19 18:48:15,505 - INFO - Fetching recent candles for BTC/USDT (5m) [Bot: bot-1]...
2026-08-19 18:48:16,202 - INFO - Indicators computed | close=64937.68 ema_9=64842.10 ema_20=64728.53 ema_50=64582.04 ema_200=64473.11 macd=120.1144 poc=64325.0 val=63600.0 vah=65050.0
2026-08-19 18:48:16,203 - INFO - [bot-1] Evaluating strategy on completed candle: 2026-08-19T13:10:00+00:00 at Close price: 64920.53
2026-08-19 18:48:16,285 - INFO - Confluence Evaluation | Regime: TRENDING (ADX=47.0) | Direction: LONG | BullScore: 78.9% | BearScore: 21.1% | Active: ['ema', 'macd', 'vp']
2026-08-19 18:48:16,361 - INFO - Capping position size 1.041504 BTC to available cash equivalent 0.154034 BTC.
2026-08-19 18:48:16,414 - INFO - [bot-1] Signal LONG active pending approval already exists (ID: 19).
2026-08-19 18:48:16,613 - INFO - Logged heartbeat status: OK
2026-08-19 18:48:16,614 - INFO - Job "LiveRunner.process_cycle (trigger: interval[0:05:00], next run at: 2026-08-19 18:53:15 IST)" executed successfully
/Users/ashishparadkar/Downloads/algo-code-main/.venv/lib/python3.9/site-packages/urllib3/__init__.py:35: NotOpenSSLWarning: urllib3 v2 only supports OpenSSL 1.1.1+, currently the 'ssl' module is compiled with 'LibreSSL 2.8.3'. See: https://github.com/urllib3/urllib3/issues/3020
  warnings.warn(
2026-08-19 18:52:48,332 - INFO - Telegram notification service initialized successfully (Chat ID: 5657...)
2026-08-19 18:52:48,385 - INFO - Initializing scheduled trading bot live runner for bot-1...
2026-08-19 18:52:48,414 - INFO - SQLite database tables verified/created.
2026-08-19 18:52:48,572 - INFO - Initializing CCXT Binance in TESTNET mode.
2026-08-19 18:52:54,268 - INFO - Initializing CCXT Binance in MAINNET mode (Public endpoints).
2026-08-19 18:52:54,458 - INFO - [bot-1] Starting signal check cycle for BTC/USDT (5m)...
2026-08-19 18:52:54,474 - INFO - Fetching recent candles for BTC/USDT (5m) [Bot: bot-1]...
/Users/ashishparadkar/Downloads/algo-code-main/.venv/lib/python3.9/site-packages/urllib3/__init__.py:35: NotOpenSSLWarning: urllib3 v2 only supports OpenSSL 1.1.1+, currently the 'ssl' module is compiled with 'LibreSSL 2.8.3'. See: https://github.com/urllib3/urllib3/issues/3020
  warnings.warn(
2026-08-19 20:20:45,030 - INFO - Telegram notification service initialized successfully (Chat ID: 5657...)
2026-08-19 20:20:45,047 - INFO - Initializing scheduled trading bot live runner for bot-1...
2026-08-19 20:20:45,190 - INFO - SQLite database tables verified/created.
2026-08-19 20:20:45,293 - INFO - Initializing CCXT Binance in TESTNET mode.
2026-08-19 20:20:47,953 - INFO - Initializing CCXT Binance in MAINNET mode (Public endpoints).
2026-08-19 20:20:48,030 - INFO - [bot-1] Starting signal check cycle for BTC/USDT (5m)...
2026-08-19 20:20:48,076 - INFO - Fetching recent candles for BTC/USDT (5m) [Bot: bot-1]...
2026-08-19 20:20:54,992 - INFO - Indicators computed | close=65592.95 ema_9=65433.90 ema_20=65259.24 ema_50=64959.07 ema_200=64608.69 macd=202.4125 poc=64325.0 val=63575.0 vah=65200.0
2026-08-19 20:20:55,003 - INFO - [bot-1] Evaluating strategy on completed candle: 2026-08-19T14:45:00+00:00 at Close price: 65526.89
2026-08-19 20:20:55,109 - INFO - Confluence Evaluation | Regime: TRENDING (ADX=46.4) | Direction: LONG | BullScore: 78.9% | BearScore: 21.1% | Active: ['ema', 'macd', 'vp']
2026-08-19 20:20:55,205 - INFO - Capping position size 0.757002 BTC to available cash equivalent 0.152609 BTC.
2026-08-19 20:20:55,226 - INFO - Created pending signal approval ID 27 for bot bot-1 (LONG @ $65526.89, status: WAITING_APPROVAL)
2026-08-19 20:20:55,235 - INFO - [bot-1] Signal LONG generated (ID: 27). Waiting for manual user approval.
2026-08-19 20:20:55,342 - INFO - Logged heartbeat status: OK
2026-08-19 20:20:55,350 - INFO - Adding job tentatively -- it will be properly scheduled when the scheduler starts
2026-08-19 20:20:55,350 - INFO - Bot bot-1 scheduled to check every 5 minutes.
2026-08-19 20:20:55,351 - INFO - Added job "LiveRunner.process_cycle" to job store "default"
2026-08-19 20:20:55,351 - INFO - Scheduler started
/Users/ashishparadkar/Downloads/algo-code-main/.venv/lib/python3.9/site-packages/urllib3/__init__.py:35: NotOpenSSLWarning: urllib3 v2 only supports OpenSSL 1.1.1+, currently the 'ssl' module is compiled with 'LibreSSL 2.8.3'. See: https://github.com/urllib3/urllib3/issues/3020
  warnings.warn(
2026-08-19 22:14:48,741 - INFO - Telegram notification service initialized successfully (Chat ID: 5657...)
2026-08-19 22:14:48,751 - INFO - Initializing scheduled trading bot live runner for bot-1...
2026-08-19 22:14:48,797 - INFO - SQLite database tables verified/created.
2026-08-19 22:14:48,852 - INFO - Initializing CCXT Binance in TESTNET mode.
/Users/ashishparadkar/Downloads/algo-code-main/.venv/lib/python3.9/site-packages/urllib3/__init__.py:35: NotOpenSSLWarning: urllib3 v2 only supports OpenSSL 1.1.1+, currently the 'ssl' module is compiled with 'LibreSSL 2.8.3'. See: https://github.com/urllib3/urllib3/issues/3020
  warnings.warn(
2026-08-20 12:27:08,781 - INFO - Bot state startup reconciliation finished: 0 bot(s) reconciled to STOPPED.
2026-08-20 12:27:08,997 - INFO - Telegram notification service initialized successfully (Chat ID: 5657...)
2026-08-20 12:27:09,013 - INFO - Initializing scheduled trading bot live runner for bot-1...
2026-08-20 12:27:09,442 - INFO - SQLite database tables verified/created.
2026-08-20 12:27:09,531 - INFO - Initializing CCXT Binance in TESTNET mode.
2026-08-20 12:27:16,996 - INFO - [bot-1] Pre-flight instrument resolved: BTC/USDT (SPOT via binance_spot)
2026-08-20 12:27:17,046 - INFO - [bot-1] Starting signal check cycle for BTC/USDT (5m)...
2026-08-20 12:27:17,108 - INFO - Fetching recent candles for BTC/USDT (5m) [Bot: bot-1] via ProviderManager...
2026-08-20 12:27:41,112 - INFO - Indicators computed | close=69852.00 ema_9=69735.34 ema_20=69621.18 ema_50=69497.38 ema_200=68575.36 macd=111.2962 poc=64325.0 val=62725.0 vah=68350.0
2026-08-20 12:27:41,115 - INFO - [bot-1] Evaluating strategy on completed candle: 2026-08-20 06:50:00+00:00 at Close price: 69855.58
2026-08-20 12:27:41,131 - INFO - [bot-1] Active trade found in DB (ID: 101302, LONG, Entry: 65240.00, SL: 61978.00, TP: 71764.00)
2026-08-20 12:27:41,131 - INFO - [bot-1] Active trade SL/TP not hit. Holding position.
2026-08-20 12:27:41,314 - INFO - Logged heartbeat status: OK
2026-08-20 12:27:41,328 - INFO - Adding job tentatively -- it will be properly scheduled when the scheduler starts
2026-08-20 12:27:41,328 - INFO - Bot bot-1 scheduled to check every 5 minutes.
2026-08-20 12:27:41,330 - INFO - Added job "LiveRunner.process_cycle" to job store "default"
2026-08-20 12:27:41,330 - INFO - Scheduler started
/Users/ashishparadkar/Downloads/algo-code-main/.venv/lib/python3.9/site-packages/urllib3/__init__.py:35: NotOpenSSLWarning: urllib3 v2 only supports OpenSSL 1.1.1+, currently the 'ssl' module is compiled with 'LibreSSL 2.8.3'. See: https://github.com/urllib3/urllib3/issues/3020
  warnings.warn(
2026-08-20 12:39:24,231 - INFO - Bot state startup reconciliation finished: 0 bot(s) reconciled to STOPPED.
2026-08-20 12:39:24,511 - INFO - Telegram notification service initialized successfully (Chat ID: 5657...)
2026-08-20 12:39:24,522 - INFO - Initializing scheduled trading bot live runner for bot-1...
2026-08-20 12:39:24,674 - INFO - SQLite database tables verified/created.
2026-08-20 12:39:24,842 - INFO - Initializing CCXT Binance in TESTNET mode.
2026-08-20 12:39:32,000 - INFO - [bot-1] Pre-flight instrument resolved: BTC/USDT (SPOT via binance_spot)
2026-08-20 12:39:32,213 - INFO - [bot-1] Starting signal check cycle for BTC/USDT (5m)...
2026-08-20 12:39:32,218 - INFO - Fetching recent candles for BTC/USDT (5m) [Bot: bot-1] via ProviderManager...
2026-08-20 12:39:56,569 - INFO - Indicators computed | close=69935.36 ema_9=69796.25 ema_20=69672.20 ema_50=69528.45 ema_200=68601.61 macd=125.1212 poc=64325.0 val=62725.0 vah=68375.0
2026-08-20 12:39:56,573 - INFO - [bot-1] Evaluating strategy on completed candle: 2026-08-20 07:00:00+00:00 at Close price: 69866.00
2026-08-20 12:39:56,606 - INFO - [bot-1] Active trade found in DB (ID: 101302, LONG, Entry: 65240.00, SL: 61978.00, TP: 71764.00)
2026-08-20 12:39:56,606 - INFO - [bot-1] Active trade SL/TP not hit. Holding position.
2026-08-20 12:39:56,869 - INFO - Logged heartbeat status: OK
2026-08-20 12:39:56,883 - INFO - Adding job tentatively -- it will be properly scheduled when the scheduler starts
2026-08-20 12:39:56,883 - INFO - Bot bot-1 scheduled to check every 5 minutes.
2026-08-20 12:39:56,886 - INFO - Added job "LiveRunner.process_cycle" to job store "default"
2026-08-20 12:39:56,886 - INFO - Scheduler started
/Users/ashishparadkar/Downloads/algo-code-main/.venv/lib/python3.9/site-packages/urllib3/__init__.py:35: NotOpenSSLWarning: urllib3 v2 only supports OpenSSL 1.1.1+, currently the 'ssl' module is compiled with 'LibreSSL 2.8.3'. See: https://github.com/urllib3/urllib3/issues/3020
  warnings.warn(
2026-08-20 13:24:04,290 - INFO - Bot state startup reconciliation finished: 0 bot(s) reconciled to STOPPED.
2026-08-20 13:24:04,637 - INFO - Telegram notification service initialized successfully (Chat ID: 5657...)
2026-08-20 13:24:04,656 - INFO - Initializing scheduled trading bot live runner for bot-1...
2026-08-20 13:24:04,691 - INFO - SQLite database tables verified/created.
2026-08-20 13:24:04,986 - INFO - Initializing CCXT Binance in TESTNET mode.
2026-08-20 13:24:16,801 - INFO - [bot-1] Pre-flight instrument resolved: BTC/USDT (SPOT via binance_spot)
2026-08-20 13:24:16,822 - INFO - [bot-1] Starting signal check cycle for BTC/USDT (5m)...
2026-08-20 13:24:16,843 - INFO - Fetching recent candles for BTC/USDT (5m) [Bot: bot-1] via ProviderManager...
/Users/ashishparadkar/Downloads/algo-code-main/.venv/lib/python3.9/site-packages/urllib3/__init__.py:35: NotOpenSSLWarning: urllib3 v2 only supports OpenSSL 1.1.1+, currently the 'ssl' module is compiled with 'LibreSSL 2.8.3'. See: https://github.com/urllib3/urllib3/issues/3020
  warnings.warn(
2026-08-20 13:25:39,252 - INFO - Bot state startup reconciliation finished: 0 bot(s) reconciled to STOPPED.
2026-08-20 13:25:39,486 - INFO - Telegram notification service initialized successfully (Chat ID: 5657...)
2026-08-20 13:25:39,494 - INFO - Initializing scheduled trading bot live runner for bot-1...
2026-08-20 13:25:39,628 - INFO - SQLite database tables verified/created.
2026-08-20 13:25:40,039 - INFO - Initializing CCXT Binance in TESTNET mode.
2026-08-20 13:25:51,203 - INFO - [bot-1] Pre-flight instrument resolved: BTC/USDT (SPOT via binance_spot)
2026-08-20 13:25:51,502 - INFO - [bot-1] Starting signal check cycle for BTC/USDT (5m)...
2026-08-20 13:25:51,521 - INFO - Fetching recent candles for BTC/USDT (5m) [Bot: bot-1] via ProviderManager...
/Users/ashishparadkar/Downloads/algo-code-main/.venv/lib/python3.9/site-packages/urllib3/__init__.py:35: NotOpenSSLWarning: urllib3 v2 only supports OpenSSL 1.1.1+, currently the 'ssl' module is compiled with 'LibreSSL 2.8.3'. See: https://github.com/urllib3/urllib3/issues/3020
  warnings.warn(
2026-08-20 22:18:31,011 - INFO - Bot state startup reconciliation finished: 0 bot(s) reconciled to STOPPED.
2026-08-20 22:18:31,527 - INFO - Telegram notification service initialized successfully (Chat ID: 5657...)
2026-08-20 22:18:31,537 - INFO - Initializing scheduled trading bot live runner for bot-1...
2026-08-20 22:18:32,349 - INFO - SQLite database tables verified/created.
2026-08-20 22:18:32,445 - INFO - Initializing CCXT Binance in TESTNET mode.
2026-08-20 22:19:03,585 - INFO - [bot-1] Pre-flight instrument resolved: BTC/USDT (SPOT via binance_spot)
2026-08-20 22:19:04,580 - INFO - [bot-1] Starting signal check cycle for BTC/USDT (5m)...
2026-08-20 22:19:04,888 - INFO - Fetching recent candles for BTC/USDT (5m) [Bot: bot-1] via ProviderManager...
2026-08-20 22:20:02,354 - INFO - Indicators computed | close=72568.00 ema_9=72479.78 ema_20=72358.09 ema_50=72114.37 ema_200=70848.65 macd=147.6489 poc=64325.0 val=63300.0 vah=69600.0
2026-08-20 22:20:02,360 - INFO - [bot-1] Evaluating strategy on completed candle: 2026-08-20 16:45:00+00:00 at Close price: 72568.00
2026-08-20 22:20:02,441 - INFO - Confluence Evaluation | Regime: TRENDING (ADX=34.0) | Direction: LONG | BullScore: 78.9% | BearScore: 21.1% | Active: ['ema', 'macd', 'vp']
2026-08-20 22:20:02,550 - INFO - Capping position size 0.561026 BTC to available cash equivalent 0.137802 BTC.
2026-08-20 22:20:02,598 - INFO - Created pending signal approval ID 61 for bot bot-1 (LONG @ $72568.00, status: WAITING_APPROVAL)
2026-08-20 22:20:02,670 - INFO - [bot-1] Signal LONG generated (ID: 61). Waiting for manual user approval.
2026-08-20 22:20:02,800 - INFO - Logged heartbeat status: OK
2026-08-20 22:20:02,841 - INFO - Adding job tentatively -- it will be properly scheduled when the scheduler starts
2026-08-20 22:20:02,842 - INFO - Bot bot-1 scheduled to check every 5 minutes.
2026-08-20 22:20:02,847 - INFO - Added job "LiveRunner.process_cycle" to job store "default"
2026-08-20 22:20:02,847 - INFO - Scheduler started
2026-08-20 22:25:02,956 - INFO - Running job "LiveRunner.process_cycle (trigger: interval[0:05:00], next run at: 2026-08-20 22:30:02 IST)" (scheduled at 2026-08-20 22:25:02.825182+05:30)
2026-08-20 22:25:03,042 - INFO - [bot-1] Starting signal check cycle for BTC/USDT (5m)...
2026-08-20 22:25:03,093 - INFO - Fetching recent candles for BTC/USDT (5m) [Bot: bot-1] via ProviderManager...
2026-08-20 22:25:04,209 - INFO - Indicators computed | close=72568.01 ema_9=72510.54 ema_20=72385.14 ema_50=72135.24 ema_200=70866.57 macd=151.4557 poc=64325.0 val=63300.0 vah=69600.0
2026-08-20 22:25:04,212 - INFO - [bot-1] Evaluating strategy on completed candle: 2026-08-20 16:50:00+00:00 at Close price: 72649.99
2026-08-20 22:25:04,308 - INFO - Confluence Evaluation | Regime: TRENDING (ADX=33.2) | Direction: LONG | BullScore: 78.9% | BearScore: 21.1% | Active: ['ema', 'macd', 'vp']
2026-08-20 22:25:04,440 - INFO - Capping position size 0.456340 BTC to available cash equivalent 0.137646 BTC.
2026-08-20 22:25:04,491 - INFO - [bot-1] Signal LONG active pending approval already exists (ID: 61).
2026-08-20 22:25:04,621 - INFO - Logged heartbeat status: OK
2026-08-20 22:25:04,622 - INFO - Job "LiveRunner.process_cycle (trigger: interval[0:05:00], next run at: 2026-08-20 22:30:02 IST)" executed successfully
2026-08-20 22:30:02,838 - INFO - Running job "LiveRunner.process_cycle (trigger: interval[0:05:00], next run at: 2026-08-20 22:35:02 IST)" (scheduled at 2026-08-20 22:30:02.825182+05:30)
2026-08-20 22:30:02,868 - INFO - [bot-1] Starting signal check cycle for BTC/USDT (5m)...
2026-08-20 22:30:02,907 - INFO - Fetching recent candles for BTC/USDT (5m) [Bot: bot-1] via ProviderManager...
2026-08-20 22:30:04,614 - INFO - Indicators computed | close=72820.00 ema_9=72615.49 ema_20=72449.75 ema_50=72172.24 ema_200=70888.66 macd=184.2662 poc=64325.0 val=63300.0 vah=69625.0
2026-08-20 22:30:04,620 - INFO - [bot-1] Evaluating strategy on completed candle: 2026-08-20 16:55:00+00:00 at Close price: 72837.15
2026-08-20 22:30:04,663 - INFO - Confluence Evaluation | Regime: TRENDING (ADX=33.1) | Direction: LONG | BullScore: 78.9% | BearScore: 21.1% | Active: ['ema', 'macd', 'vp']
2026-08-20 22:30:04,735 - INFO - Capping position size 0.328165 BTC to available cash equivalent 0.137293 BTC.
2026-08-20 22:30:04,740 - INFO - [bot-1] Signal LONG active pending approval already exists (ID: 61).
2026-08-20 22:30:04,836 - INFO - Logged heartbeat status: OK
2026-08-20 22:30:04,837 - INFO - Job "LiveRunner.process_cycle (trigger: interval[0:05:00], next run at: 2026-08-20 22:35:02 IST)" executed successfully
2026-08-20 22:35:02,864 - INFO - Running job "LiveRunner.process_cycle (trigger: interval[0:05:00], next run at: 2026-08-20 22:40:02 IST)" (scheduled at 2026-08-20 22:35:02.825182+05:30)
2026-08-20 22:35:02,886 - INFO - [bot-1] Starting signal check cycle for BTC/USDT (5m)...
2026-08-20 22:35:02,941 - INFO - Fetching recent candles for BTC/USDT (5m) [Bot: bot-1] via ProviderManager...
2026-08-20 22:35:03,926 - INFO - Indicators computed | close=72793.99 ema_9=72642.57 ema_20=72477.89 ema_50=72194.59 ema_200=70907.08 macd=185.6574 poc=64325.0 val=63300.0 vah=69625.0
2026-08-20 22:35:03,929 - INFO - [bot-1] Evaluating strategy on completed candle: 2026-08-20 17:00:00+00:00 at Close price: 72766.11
2026-08-20 22:35:04,053 - INFO - Confluence Evaluation | Regime: TRENDING (ADX=31.9) | Direction: LONG | BullScore: 78.9% | BearScore: 21.1% | Active: ['ema', 'macd', 'vp']
2026-08-20 22:35:04,186 - INFO - Capping position size 0.514708 BTC to available cash equivalent 0.137427 BTC.
2026-08-20 22:35:04,200 - INFO - [bot-1] Signal LONG active pending approval already exists (ID: 61).
2026-08-20 22:35:04,281 - INFO - Logged heartbeat status: OK
2026-08-20 22:35:04,282 - INFO - Job "LiveRunner.process_cycle (trigger: interval[0:05:00], next run at: 2026-08-20 22:40:02 IST)" executed successfully
2026-08-20 22:40:02,874 - INFO - Running job "LiveRunner.process_cycle (trigger: interval[0:05:00], next run at: 2026-08-20 22:45:02 IST)" (scheduled at 2026-08-20 22:40:02.825182+05:30)
2026-08-20 22:40:02,911 - INFO - [bot-1] Starting signal check cycle for BTC/USDT (5m)...
2026-08-20 22:40:02,932 - INFO - Fetching recent candles for BTC/USDT (5m) [Bot: bot-1] via ProviderManager...
2026-08-20 22:40:03,440 - INFO - Indicators computed | close=72656.01 ema_9=72624.46 ema_20=72483.65 ema_50=72207.79 ema_200=70923.21 macd=168.9866 poc=64325.0 val=63300.0 vah=69625.0
2026-08-20 22:40:03,442 - INFO - [bot-1] Evaluating strategy on completed candle: 2026-08-20 17:05:00+00:00 at Close price: 72664.00
2026-08-20 22:40:03,502 - INFO - Confluence Evaluation | Regime: TRENDING (ADX=29.5) | Direction: LONG | BullScore: 78.9% | BearScore: 21.1% | Active: ['ema', 'macd', 'vp']
2026-08-20 22:40:03,574 - INFO - Capping position size 0.911993 BTC to available cash equivalent 0.137620 BTC.
2026-08-20 22:40:03,616 - INFO - [bot-1] Signal LONG active pending approval already exists (ID: 61).
2026-08-20 22:40:03,845 - INFO - Logged heartbeat status: OK
2026-08-20 22:40:03,845 - INFO - Job "LiveRunner.process_cycle (trigger: interval[0:05:00], next run at: 2026-08-20 22:45:02 IST)" executed successfully
2026-08-20 22:45:02,837 - INFO - Running job "LiveRunner.process_cycle (trigger: interval[0:05:00], next run at: 2026-08-20 22:50:02 IST)" (scheduled at 2026-08-20 22:45:02.825182+05:30)
2026-08-20 22:45:02,843 - INFO - [bot-1] Starting signal check cycle for BTC/USDT (5m)...
2026-08-20 22:45:02,887 - INFO - Fetching recent candles for BTC/USDT (5m) [Bot: bot-1] via ProviderManager...
2026-08-20 22:45:03,785 - INFO - Indicators computed | close=72682.72 ema_9=72641.87 ema_20=72505.71 ema_50=72227.77 ema_200=70941.07 macd=166.4714 poc=64325.0 val=63300.0 vah=69625.0
2026-08-20 22:45:03,790 - INFO - [bot-1] Evaluating strategy on completed candle: 2026-08-20 17:10:00+00:00 at Close price: 72692.00
2026-08-20 22:45:03,862 - INFO - Confluence Evaluation | Regime: TRENDING (ADX=28.2) | Direction: LONG | BullScore: 78.9% | BearScore: 21.1% | Active: ['ema', 'macd', 'vp']
2026-08-20 22:45:03,958 - INFO - Capping position size 0.870246 BTC to available cash equivalent 0.137567 BTC.
2026-08-20 22:45:03,965 - INFO - [bot-1] Signal LONG active pending approval already exists (ID: 61).
2026-08-20 22:45:04,075 - INFO - Logged heartbeat status: OK
2026-08-20 22:45:04,075 - INFO - Job "LiveRunner.process_cycle (trigger: interval[0:05:00], next run at: 2026-08-20 22:50:02 IST)" executed successfully
2026-08-20 22:50:02,835 - INFO - Running job "LiveRunner.process_cycle (trigger: interval[0:05:00], next run at: 2026-08-20 22:55:02 IST)" (scheduled at 2026-08-20 22:50:02.825182+05:30)
2026-08-20 22:50:02,878 - INFO - [bot-1] Starting signal check cycle for BTC/USDT (5m)...
2026-08-20 22:50:02,897 - INFO - Fetching recent candles for BTC/USDT (5m) [Bot: bot-1] via ProviderManager...
2026-08-20 22:50:03,362 - INFO - Indicators computed | close=72614.09 ema_9=72628.84 ema_20=72512.01 ema_50=72241.16 ema_200=70957.25 macd=152.0020 poc=64325.0 val=63300.0 vah=69625.0
2026-08-20 22:50:03,366 - INFO - [bot-1] Evaluating strategy on completed candle: 2026-08-20 17:15:00+00:00 at Close price: 72636.00
2026-08-20 22:50:03,455 - INFO - Confluence Evaluation | Regime: TRENDING (ADX=27.2) | Direction: LONG | BullScore: 78.9% | BearScore: 21.1% | Active: ['ema', 'macd', 'vp']
2026-08-20 22:50:03,534 - INFO - Capping position size 1.150616 BTC to available cash equivalent 0.137673 BTC.
2026-08-20 22:50:03,558 - INFO - Created pending signal approval ID 84 for bot bot-1 (LONG @ $72636.00, status: WAITING_APPROVAL)
2026-08-20 22:50:03,637 - INFO - [bot-1] Signal LONG generated (ID: 84). Waiting for manual user approval.
2026-08-20 22:50:03,796 - INFO - Logged heartbeat status: OK
2026-08-20 22:50:03,797 - INFO - Job "LiveRunner.process_cycle (trigger: interval[0:05:00], next run at: 2026-08-20 22:55:02 IST)" executed successfully
2026-08-21 00:20:01,981 - WARNING - Run time of job "LiveRunner.process_cycle (trigger: interval[0:05:00], next run at: 2026-08-21 00:20:02 IST)" was missed by 0:04:59.152240
2026-08-21 00:20:02,883 - INFO - Running job "LiveRunner.process_cycle (trigger: interval[0:05:00], next run at: 2026-08-21 00:25:02 IST)" (scheduled at 2026-08-21 00:20:02.825182+05:30)
2026-08-21 00:20:02,896 - INFO - [bot-1] Starting signal check cycle for BTC/USDT (5m)...
2026-08-21 00:20:02,955 - INFO - Fetching recent candles for BTC/USDT (5m) [Bot: bot-1] via ProviderManager...
2026-08-21 00:20:13,076 - ERROR - Binance Spot Network Error: binance GET https://api.binance.com/api/v3/klines?interval=5m&limit=1000&symbol=BTCUSDT
--- Logging error ---
Traceback (most recent call last):
  File "/Users/ashishparadkar/Downloads/algo-code-main/.venv/lib/python3.9/site-packages/urllib3/connectionpool.py", line 534, in _make_request
    response = conn.getresponse()
  File "/Users/ashishparadkar/Downloads/algo-code-main/.venv/lib/python3.9/site-packages/urllib3/connection.py", line 571, in getresponse
    httplib_response = super().getresponse()
  File "/Library/Developer/CommandLineTools/Library/Frameworks/Python3.framework/Versions/3.9/lib/python3.9/http/client.py", line 1349, in getresponse
    response.begin()
  File "/Library/Developer/CommandLineTools/Library/Frameworks/Python3.framework/Versions/3.9/lib/python3.9/http/client.py", line 316, in begin
    version, status, reason = self._read_status()
  File "/Library/Developer/CommandLineTools/Library/Frameworks/Python3.framework/Versions/3.9/lib/python3.9/http/client.py", line 277, in _read_status
    line = str(self.fp.readline(_MAXLINE + 1), "iso-8859-1")
  File "/Library/Developer/CommandLineTools/Library/Frameworks/Python3.framework/Versions/3.9/lib/python3.9/socket.py", line 704, in readinto
    return self._sock.recv_into(b)
  File "/Library/Developer/CommandLineTools/Library/Frameworks/Python3.framework/Versions/3.9/lib/python3.9/ssl.py", line 1241, in recv_into
    return self.read(nbytes, buffer)
  File "/Library/Developer/CommandLineTools/Library/Frameworks/Python3.framework/Versions/3.9/lib/python3.9/ssl.py", line 1099, in read
    return self._sslobj.read(len, buffer)
socket.timeout: The read operation timed out

The above exception was the direct cause of the following exception:

Traceback (most recent call last):
  File "/Users/ashishparadkar/Downloads/algo-code-main/.venv/lib/python3.9/site-packages/requests/adapters.py", line 644, in send
    resp = conn.urlopen(
  File "/Users/ashishparadkar/Downloads/algo-code-main/.venv/lib/python3.9/site-packages/urllib3/connectionpool.py", line 841, in urlopen
    retries = retries.increment(
  File "/Users/ashishparadkar/Downloads/algo-code-main/.venv/lib/python3.9/site-packages/urllib3/util/retry.py", line 490, in increment
    raise reraise(type(error), error, _stacktrace)
  File "/Users/ashishparadkar/Downloads/algo-code-main/.venv/lib/python3.9/site-packages/urllib3/util/util.py", line 39, in reraise
    raise value
  File "/Users/ashishparadkar/Downloads/algo-code-main/.venv/lib/python3.9/site-packages/urllib3/connectionpool.py", line 787, in urlopen
    response = self._make_request(
  File "/Users/ashishparadkar/Downloads/algo-code-main/.venv/lib/python3.9/site-packages/urllib3/connectionpool.py", line 536, in _make_request
    self._raise_timeout(err=e, url=url, timeout_value=read_timeout)
  File "/Users/ashishparadkar/Downloads/algo-code-main/.venv/lib/python3.9/site-packages/urllib3/connectionpool.py", line 367, in _raise_timeout
    raise ReadTimeoutError(
urllib3.exceptions.ReadTimeoutError: HTTPSConnectionPool(host='api.binance.com', port=443): Read timed out. (read timeout=10.0)

During handling of the above exception, another exception occurred:

Traceback (most recent call last):
  File "/Users/ashishparadkar/Downloads/algo-code-main/.venv/lib/python3.9/site-packages/ccxt/base/exchange.py", line 665, in fetch
    response = self.session.request(
  File "/Users/ashishparadkar/Downloads/algo-code-main/.venv/lib/python3.9/site-packages/requests/sessions.py", line 589, in request
    resp = self.send(prep, **send_kwargs)
  File "/Users/ashishparadkar/Downloads/algo-code-main/.venv/lib/python3.9/site-packages/requests/sessions.py", line 703, in send
    r = adapter.send(request, **kwargs)
  File "/Users/ashishparadkar/Downloads/algo-code-main/.venv/lib/python3.9/site-packages/requests/adapters.py", line 690, in send
    raise ReadTimeout(e, request=request)
requests.exceptions.ReadTimeout: HTTPSConnectionPool(host='api.binance.com', port=443): Read timed out. (read timeout=10.0)

The above exception was the direct cause of the following exception:

Traceback (most recent call last):
  File "/Users/ashishparadkar/Downloads/algo-code-main/src/provider_manager.py", line 351, in fetch_ohlcv_safe
    df = adapter.fetch_ohlcv(instrument, timeframe, limit=limit)
  File "/Users/ashishparadkar/Downloads/algo-code-main/src/provider_manager.py", line 211, in fetch_ohlcv
    raise net_err
  File "/Users/ashishparadkar/Downloads/algo-code-main/src/provider_manager.py", line 183, in fetch_ohlcv
    raw_candles = self.exchange.fetch_ohlcv(
  File "/Users/ashishparadkar/Downloads/algo-code-main/.venv/lib/python3.9/site-packages/ccxt/binance.py", line 4759, in fetch_ohlcv
    response = self.publicGetKlines(self.extend(request, params))
  File "/Users/ashishparadkar/Downloads/algo-code-main/.venv/lib/python3.9/site-packages/ccxt/base/types.py", line 35, in unbound_method
    return _self.request(self.path, self.api, self.method, params, config=self.config)
  File "/Users/ashishparadkar/Downloads/algo-code-main/.venv/lib/python3.9/site-packages/ccxt/binance.py", line 11724, in request
    response = self.fetch2(path, api, method, params, headers, body, config)
  File "/Users/ashishparadkar/Downloads/algo-code-main/.venv/lib/python3.9/site-packages/ccxt/base/exchange.py", line 5566, in fetch2
    raise e
  File "/Users/ashishparadkar/Downloads/algo-code-main/.venv/lib/python3.9/site-packages/ccxt/base/exchange.py", line 5549, in fetch2
    response = self.fetch(request['url'], request['method'], request['headers'], request['body'])
  File "/Users/ashishparadkar/Downloads/algo-code-main/.venv/lib/python3.9/site-packages/ccxt/base/exchange.py", line 698, in fetch
    raise RequestTimeout(details) from e
ccxt.base.errors.RequestTimeout: binance GET https://api.binance.com/api/v3/klines?interval=5m&limit=1000&symbol=BTCUSDT

During handling of the above exception, another exception occurred:

Traceback (most recent call last):
  File "/Library/Developer/CommandLineTools/Library/Frameworks/Python3.framework/Versions/3.9/lib/python3.9/logging/__init__.py", line 1083, in emit
    msg = self.format(record)
  File "/Library/Developer/CommandLineTools/Library/Frameworks/Python3.framework/Versions/3.9/lib/python3.9/logging/__init__.py", line 927, in format
    return fmt.format(record)
  File "/Library/Developer/CommandLineTools/Library/Frameworks/Python3.framework/Versions/3.9/lib/python3.9/logging/__init__.py", line 663, in format
    record.message = record.getMessage()
  File "/Library/Developer/CommandLineTools/Library/Frameworks/Python3.framework/Versions/3.9/lib/python3.9/logging/__init__.py", line 367, in getMessage
    msg = msg % self.args
TypeError: must be real number, not RequestTimeout
Call stack:
  File "/Library/Developer/CommandLineTools/Library/Frameworks/Python3.framework/Versions/3.9/lib/python3.9/threading.py", line 930, in _bootstrap
    self._bootstrap_inner()
  File "/Library/Developer/CommandLineTools/Library/Frameworks/Python3.framework/Versions/3.9/lib/python3.9/threading.py", line 973, in _bootstrap_inner
    self.run()
  File "/Library/Developer/CommandLineTools/Library/Frameworks/Python3.framework/Versions/3.9/lib/python3.9/threading.py", line 910, in run
    self._target(*self._args, **self._kwargs)
  File "/Library/Developer/CommandLineTools/Library/Frameworks/Python3.framework/Versions/3.9/lib/python3.9/concurrent/futures/thread.py", line 77, in _worker
    work_item.run()
  File "/Library/Developer/CommandLineTools/Library/Frameworks/Python3.framework/Versions/3.9/lib/python3.9/concurrent/futures/thread.py", line 52, in run
    result = self.fn(*self.args, **self.kwargs)
  File "/Users/ashishparadkar/Downloads/algo-code-main/.venv/lib/python3.9/site-packages/apscheduler/executors/base.py", line 131, in run_job
    retval = job.func(*job.args, **job.kwargs)
  File "/Users/ashishparadkar/Downloads/algo-code-main/src/live_runner.py", line 199, in process_cycle
    df, _ = self.provider_manager.fetch_ohlcv_safe(self.symbol, self.timeframe, limit=1000)
  File "/Users/ashishparadkar/Downloads/algo-code-main/src/provider_manager.py", line 362, in fetch_ohlcv_safe
    logger.warning(
Message: 'Retryable network failure for %s (Attempt %d/%d). Backing off %.2fs: %s'
Arguments: ('BTC/USDT', 1, 3, RequestTimeout('binance GET https://api.binance.com/api/v3/klines?interval=5m&limit=1000&symbol=BTCUSDT'))
2026-08-21 00:20:16,075 - INFO - Indicators computed | close=72525.76 ema_9=72564.25 ema_20=72594.89 ema_50=72448.45 ema_200=71238.34 macd=2.6722 poc=64325.0 val=63300.0 vah=69700.0
2026-08-21 00:20:16,090 - INFO - [bot-1] Evaluating strategy on completed candle: 2026-08-20 18:45:00+00:00 at Close price: 72534.00
2026-08-21 00:20:16,165 - INFO - Confluence Evaluation | Regime: TRENDING (ADX=27.7) | Direction: HOLD | BullScore: 0.0% | BearScore: 21.1% | Active: ['ema', 'macd', 'vp']
2026-08-21 00:20:16,263 - INFO - Signal evaluated: HOLD. Reason/Details: Confluence score: 21% (HOLD)
2026-08-21 00:20:16,442 - INFO - Logged heartbeat status: OK
2026-08-21 00:20:16,442 - INFO - Job "LiveRunner.process_cycle (trigger: interval[0:05:00], next run at: 2026-08-21 00:25:02 IST)" executed successfully
2026-08-21 00:25:02,851 - INFO - Running job "LiveRunner.process_cycle (trigger: interval[0:05:00], next run at: 2026-08-21 00:30:02 IST)" (scheduled at 2026-08-21 00:25:02.825182+05:30)
2026-08-21 00:25:02,951 - INFO - [bot-1] Starting signal check cycle for BTC/USDT (5m)...
2026-08-21 00:25:02,981 - INFO - Fetching recent candles for BTC/USDT (5m) [Bot: bot-1] via ProviderManager...
2026-08-21 00:25:03,989 - INFO - Indicators computed | close=72492.00 ema_9=72544.40 ema_20=72582.18 ema_50=72448.89 ema_200=71250.48 macd=-6.8124 poc=64325.0 val=63300.0 vah=69700.0
2026-08-21 00:25:03,991 - INFO - [bot-1] Evaluating strategy on completed candle: 2026-08-20 18:50:00+00:00 at Close price: 72492.00
2026-08-21 00:25:04,422 - INFO - Confluence Evaluation | Regime: TRENDING (ADX=27.2) | Direction: HOLD | BullScore: 0.0% | BearScore: 60.5% | Active: ['ema', 'macd', 'vp']
2026-08-21 00:25:04,462 - INFO - Signal evaluated: HOLD. Reason/Details: Confluence score: 60% (HOLD)
2026-08-21 00:25:04,585 - INFO - Logged heartbeat status: OK
2026-08-21 00:25:04,586 - INFO - Job "LiveRunner.process_cycle (trigger: interval[0:05:00], next run at: 2026-08-21 00:30:02 IST)" executed successfully
/Users/ashishparadkar/Downloads/algo-code-main/.venv/lib/python3.9/site-packages/urllib3/__init__.py:35: NotOpenSSLWarning: urllib3 v2 only supports OpenSSL 1.1.1+, currently the 'ssl' module is compiled with 'LibreSSL 2.8.3'. See: https://github.com/urllib3/urllib3/issues/3020
  warnings.warn(
2026-08-21 06:22:00,106 - INFO - Bot state startup reconciliation finished: 0 bot(s) reconciled to STOPPED.
2026-08-21 06:22:01,856 - INFO - Telegram notification service initialized successfully (Chat ID: 5657...)
2026-08-21 06:22:02,014 - INFO - Initializing scheduled trading bot live runner for bot-1...
2026-08-21 06:22:02,112 - INFO - SQLite database tables verified/created.
2026-08-21 06:22:02,729 - INFO - Initializing CCXT Binance in TESTNET mode.
2026-08-21 06:22:36,608 - INFO - [bot-1] Pre-flight instrument resolved: BTC/USDT (SPOT via binance_spot)
2026-08-21 06:22:36,803 - INFO - [bot-1] Starting signal check cycle for BTC/USDT (5m)...
2026-08-21 06:22:37,087 - INFO - Fetching recent candles for BTC/USDT (5m) [Bot: bot-1] via ProviderManager...
2026-08-21 06:23:14,641 - INFO - Indicators computed | close=73783.58 ema_9=73640.48 ema_20=73421.86 ema_50=73101.64 ema_200=72114.13 macd=242.1558 poc=64325.0 val=63575.0 vah=71300.0
2026-08-21 06:23:14,657 - INFO - [bot-1] Evaluating strategy on completed candle: 2026-08-21 00:45:00+00:00 at Close price: 73761.56
2026-08-21 06:23:14,782 - INFO - Confluence Evaluation | Regime: TRENDING (ADX=53.5) | Direction: LONG | BullScore: 78.9% | BearScore: 21.1% | Active: ['ema', 'macd', 'vp']
2026-08-21 06:23:14,874 - INFO - Capping position size 0.657376 BTC to available cash equivalent 0.135572 BTC.
2026-08-21 06:23:14,984 - INFO - Created pending signal approval ID 112 for bot bot-1 (LONG @ $73761.56, status: WAITING_APPROVAL)
2026-08-21 06:23:15,154 - INFO - [bot-1] Signal LONG generated (ID: 112). Waiting for manual user approval.
2026-08-21 06:23:15,249 - INFO - Logged heartbeat status: OK
2026-08-21 06:23:15,275 - INFO - Adding job tentatively -- it will be properly scheduled when the scheduler starts
2026-08-21 06:23:15,279 - INFO - Bot bot-1 scheduled to check every 5 minutes.
2026-08-21 06:23:15,285 - INFO - Added job "LiveRunner.process_cycle" to job store "default"
2026-08-21 06:23:15,285 - INFO - Scheduler started
2026-08-21 06:28:15,393 - INFO - Running job "LiveRunner.process_cycle (trigger: interval[0:05:00], next run at: 2026-08-21 06:33:15 IST)" (scheduled at 2026-08-21 06:28:15.272884+05:30)
2026-08-21 06:28:15,433 - INFO - [bot-1] Starting signal check cycle for BTC/USDT (5m)...
2026-08-21 06:28:15,499 - INFO - Fetching recent candles for BTC/USDT (5m) [Bot: bot-1] via ProviderManager...
2026-08-21 06:28:16,224 - INFO - Indicators computed | close=73706.88 ema_9=73634.95 ema_20=73438.87 ema_50=73120.95 ema_200=72128.82 macd=227.5253 poc=64325.0 val=63575.0 vah=71300.0
2026-08-21 06:28:16,228 - INFO - [bot-1] Evaluating strategy on completed candle: 2026-08-21 00:50:00+00:00 at Close price: 73666.00
2026-08-21 06:28:16,292 - INFO - Confluence Evaluation | Regime: TRENDING (ADX=53.5) | Direction: LONG | BullScore: 78.9% | BearScore: 21.1% | Active: ['ema', 'macd', 'vp']
2026-08-21 06:28:16,396 - INFO - Capping position size 0.958405 BTC to available cash equivalent 0.135748 BTC.
2026-08-21 06:28:16,448 - INFO - [bot-1] Signal LONG active pending approval already exists (ID: 112).
2026-08-21 06:28:16,629 - INFO - Logged heartbeat status: OK
2026-08-21 06:28:16,633 - INFO - Job "LiveRunner.process_cycle (trigger: interval[0:05:00], next run at: 2026-08-21 06:33:15 IST)" executed successfully
2026-08-21 06:33:15,341 - INFO - Running job "LiveRunner.process_cycle (trigger: interval[0:05:00], next run at: 2026-08-21 06:38:15 IST)" (scheduled at 2026-08-21 06:33:15.272884+05:30)
2026-08-21 06:33:15,361 - INFO - [bot-1] Starting signal check cycle for BTC/USDT (5m)...
2026-08-21 06:33:15,416 - INFO - Fetching recent candles for BTC/USDT (5m) [Bot: bot-1] via ProviderManager...
2026-08-21 06:33:16,394 - INFO - Indicators computed | close=73829.20 ema_9=73673.98 ema_20=73476.14 ema_50=73148.77 ema_200=72145.75 macd=230.6464 poc=64325.0 val=63575.0 vah=71300.0
2026-08-21 06:33:16,396 - INFO - [bot-1] Evaluating strategy on completed candle: 2026-08-21 00:55:00+00:00 at Close price: 73708.02
2026-08-21 06:33:16,458 - INFO - Confluence Evaluation | Regime: TRENDING (ADX=53.7) | Direction: LONG | BullScore: 78.9% | BearScore: 21.1% | Active: ['ema', 'macd', 'vp']
2026-08-21 06:33:16,557 - INFO - Capping position size 0.797766 BTC to available cash equivalent 0.135670 BTC.
2026-08-21 06:33:16,565 - INFO - [bot-1] Signal LONG active pending approval already exists (ID: 112).
2026-08-21 06:33:16,764 - INFO - Logged heartbeat status: OK
2026-08-21 06:33:16,765 - INFO - Job "LiveRunner.process_cycle (trigger: interval[0:05:00], next run at: 2026-08-21 06:38:15 IST)" executed successfully
2026-08-21 06:38:15,294 - INFO - Running job "LiveRunner.process_cycle (trigger: interval[0:05:00], next run at: 2026-08-21 06:43:15 IST)" (scheduled at 2026-08-21 06:38:15.272884+05:30)
2026-08-21 06:38:15,311 - INFO - [bot-1] Starting signal check cycle for BTC/USDT (5m)...
2026-08-21 06:38:15,382 - INFO - Fetching recent candles for BTC/USDT (5m) [Bot: bot-1] via ProviderManager...
2026-08-21 06:38:18,161 - INFO - Indicators computed | close=73932.00 ema_9=73727.32 ema_20=73520.49 ema_50=73179.89 ema_200=72163.63 macd=239.2584 poc=64325.0 val=63575.0 vah=71325.0
2026-08-21 06:38:18,164 - INFO - [bot-1] Evaluating strategy on completed candle: 2026-08-21 01:00:00+00:00 at Close price: 73840.01
2026-08-21 06:38:18,259 - INFO - Confluence Evaluation | Regime: TRENDING (ADX=55.5) | Direction: LONG | BullScore: 78.9% | BearScore: 21.1% | Active: ['ema', 'macd', 'vp']
2026-08-21 06:38:18,345 - INFO - Capping position size 0.522616 BTC to available cash equivalent 0.135428 BTC.
2026-08-21 06:38:18,412 - INFO - [bot-1] Signal LONG active pending approval already exists (ID: 112).
2026-08-21 06:38:18,496 - INFO - Logged heartbeat status: OK
2026-08-21 06:38:18,496 - INFO - Job "LiveRunner.process_cycle (trigger: interval[0:05:00], next run at: 2026-08-21 06:43:15 IST)" executed successfully
2026-08-21 06:43:15,292 - INFO - Running job "LiveRunner.process_cycle (trigger: interval[0:05:00], next run at: 2026-08-21 06:48:15 IST)" (scheduled at 2026-08-21 06:43:15.272884+05:30)
2026-08-21 06:43:15,306 - INFO - [bot-1] Starting signal check cycle for BTC/USDT (5m)...
2026-08-21 06:43:15,373 - INFO - Fetching recent candles for BTC/USDT (5m) [Bot: bot-1] via ProviderManager...
2026-08-21 06:43:16,945 - INFO - Indicators computed | close=73982.00 ema_9=73777.91 ema_20=73564.26 ema_50=73211.26 ema_200=72181.71 macd=246.4609 poc=64325.0 val=63575.0 vah=71325.0
2026-08-21 06:43:16,947 - INFO - [bot-1] Evaluating strategy on completed candle: 2026-08-21 01:05:00+00:00 at Close price: 73929.87
2026-08-21 06:43:17,064 - INFO - Confluence Evaluation | Regime: TRENDING (ADX=57.3) | Direction: LONG | BullScore: 78.9% | BearScore: 21.1% | Active: ['ema', 'macd', 'vp']
2026-08-21 06:43:17,105 - INFO - Capping position size 0.481672 BTC to available cash equivalent 0.135263 BTC.
2026-08-21 06:43:17,115 - INFO - [bot-1] Signal LONG active pending approval already exists (ID: 112).
2026-08-21 06:43:17,289 - INFO - Logged heartbeat status: OK
2026-08-21 06:43:17,289 - INFO - Job "LiveRunner.process_cycle (trigger: interval[0:05:00], next run at: 2026-08-21 06:48:15 IST)" executed successfully
2026-08-21 06:48:15,295 - INFO - Running job "LiveRunner.process_cycle (trigger: interval[0:05:00], next run at: 2026-08-21 06:53:15 IST)" (scheduled at 2026-08-21 06:48:15.272884+05:30)
2026-08-21 06:48:15,351 - INFO - [bot-1] Starting signal check cycle for BTC/USDT (5m)...
2026-08-21 06:48:15,373 - INFO - Fetching recent candles for BTC/USDT (5m) [Bot: bot-1] via ProviderManager...
2026-08-21 06:48:15,794 - INFO - Indicators computed | close=74827.80 ema_9=73989.25 ema_20=73685.33 ema_50=73274.98 ema_200=72208.12 macd=317.4230 poc=64325.0 val=63575.0 vah=71375.0
2026-08-21 06:48:15,796 - INFO - [bot-1] Evaluating strategy on completed candle: 2026-08-21 01:10:00+00:00 at Close price: 73990.50
2026-08-21 06:48:15,859 - INFO - Confluence Evaluation | Regime: TRENDING (ADX=59.3) | Direction: LONG | BullScore: 78.9% | BearScore: 21.1% | Active: ['ema', 'macd', 'vp']
2026-08-21 06:48:15,950 - INFO - Capping position size 0.420301 BTC to available cash equivalent 0.135152 BTC.
2026-08-21 06:48:16,004 - INFO - [bot-1] Signal LONG active pending approval already exists (ID: 112).
2026-08-21 06:48:16,179 - INFO - Logged heartbeat status: OK
2026-08-21 06:48:16,180 - INFO - Job "LiveRunner.process_cycle (trigger: interval[0:05:00], next run at: 2026-08-21 06:53:15 IST)" executed successfully
2026-08-21 06:53:15,293 - INFO - Running job "LiveRunner.process_cycle (trigger: interval[0:05:00], next run at: 2026-08-21 06:58:15 IST)" (scheduled at 2026-08-21 06:53:15.272884+05:30)
2026-08-21 06:53:15,332 - INFO - [bot-1] Starting signal check cycle for BTC/USDT (5m)...
2026-08-21 06:53:15,401 - INFO - Fetching recent candles for BTC/USDT (5m) [Bot: bot-1] via ProviderManager...
2026-08-21 06:53:15,901 - INFO - Indicators computed | close=74335.28 ema_9=74031.59 ema_20=73732.76 ema_50=73310.23 ema_200=72227.63 macd=319.2424 poc=64325.0 val=63575.0 vah=71425.0
2026-08-21 06:53:15,902 - INFO - [bot-1] Evaluating strategy on completed candle: 2026-08-21 01:15:00+00:00 at Close price: 74659.92
2026-08-21 06:53:15,967 - INFO - Confluence Evaluation | Regime: TRENDING (ADX=60.9) | Direction: LONG | BullScore: 78.9% | BearScore: 21.1% | Active: ['ema', 'macd', 'vp']
2026-08-21 06:53:16,081 - INFO - Capping position size 0.174631 BTC to available cash equivalent 0.133941 BTC.
2026-08-21 06:53:16,109 - INFO - Created pending signal approval ID 142 for bot bot-1 (LONG @ $74659.92, status: WAITING_APPROVAL)
2026-08-21 06:53:16,228 - INFO - [bot-1] Signal LONG generated (ID: 142). Waiting for manual user approval.
2026-08-21 06:53:16,438 - INFO - Logged heartbeat status: OK
2026-08-21 06:53:16,438 - INFO - Job "LiveRunner.process_cycle (trigger: interval[0:05:00], next run at: 2026-08-21 06:58:15 IST)" executed successfully
2026-08-21 06:58:15,318 - INFO - Running job "LiveRunner.process_cycle (trigger: interval[0:05:00], next run at: 2026-08-21 07:03:15 IST)" (scheduled at 2026-08-21 06:58:15.272884+05:30)
2026-08-21 06:58:15,354 - INFO - [bot-1] Starting signal check cycle for BTC/USDT (5m)...
2026-08-21 06:58:15,383 - INFO - Fetching recent candles for BTC/USDT (5m) [Bot: bot-1] via ProviderManager...
2026-08-21 06:58:16,353 - INFO - Indicators computed | close=74698.50 ema_9=74191.59 ema_20=73839.07 ema_50=73370.94 ema_200=72253.86 macd=366.7401 poc=64325.0 val=63575.0 vah=71450.0
2026-08-21 06:58:16,354 - INFO - [bot-1] Evaluating strategy on completed candle: 2026-08-21 01:20:00+00:00 at Close price: 74501.59
2026-08-21 06:58:16,438 - INFO - Confluence Evaluation | Regime: TRENDING (ADX=62.1) | Direction: LONG | BullScore: 78.9% | BearScore: 21.1% | Active: ['ema', 'macd', 'vp']
2026-08-21 06:58:16,561 - INFO - Capping position size 0.220444 BTC to available cash equivalent 0.134225 BTC.
2026-08-21 06:58:16,570 - INFO - [bot-1] Signal LONG active pending approval already exists (ID: 142).
2026-08-21 06:58:16,612 - INFO - Logged heartbeat status: OK
2026-08-21 06:58:16,612 - INFO - Job "LiveRunner.process_cycle (trigger: interval[0:05:00], next run at: 2026-08-21 07:03:15 IST)" executed successfully
2026-08-21 07:03:15,291 - INFO - Running job "LiveRunner.process_cycle (trigger: interval[0:05:00], next run at: 2026-08-21 07:08:15 IST)" (scheduled at 2026-08-21 07:03:15.272884+05:30)
2026-08-21 07:03:15,335 - INFO - [bot-1] Starting signal check cycle for BTC/USDT (5m)...
2026-08-21 07:03:15,340 - INFO - Fetching recent candles for BTC/USDT (5m) [Bot: bot-1] via ProviderManager...
2026-08-21 07:03:15,721 - INFO - Indicators computed | close=74953.68 ema_9=74348.53 ema_20=73947.66 ema_50=73434.07 ema_200=72281.00 macd=411.4771 poc=64325.0 val=63575.0 vah=71475.0
2026-08-21 07:03:15,722 - INFO - [bot-1] Evaluating strategy on completed candle: 2026-08-21 01:25:00+00:00 at Close price: 74726.77
2026-08-21 07:03:15,790 - INFO - Confluence Evaluation | Regime: TRENDING (ADX=62.4) | Direction: LONG | BullScore: 78.9% | BearScore: 21.1% | Active: ['ema', 'macd', 'vp']
2026-08-21 07:03:15,851 - INFO - Capping position size 0.201495 BTC to available cash equivalent 0.133821 BTC.
2026-08-21 07:03:15,856 - INFO - [bot-1] Signal LONG active pending approval already exists (ID: 142).
2026-08-21 07:03:16,029 - INFO - Logged heartbeat status: OK
2026-08-21 07:03:16,030 - INFO - Job "LiveRunner.process_cycle (trigger: interval[0:05:00], next run at: 2026-08-21 07:08:15 IST)" executed successfully
/Users/ashishparadkar/Downloads/algo-code-main/.venv/lib/python3.9/site-packages/urllib3/__init__.py:35: NotOpenSSLWarning: urllib3 v2 only supports OpenSSL 1.1.1+, currently the 'ssl' module is compiled with 'LibreSSL 2.8.3'. See: https://github.com/urllib3/urllib3/issues/3020
  warnings.warn(
2026-08-21 12:14:39,391 - INFO - Bot state startup reconciliation finished: 0 bot(s) reconciled to STOPPED.
2026-08-21 12:14:40,058 - INFO - Telegram notification service initialized successfully (Chat ID: 5657...)
2026-08-21 12:14:40,629 - INFO - Initializing scheduled trading bot live runner for bot-1...
2026-08-21 12:14:41,442 - INFO - SQLite database tables verified/created.
2026-08-21 12:14:42,619 - INFO - Initializing CCXT Binance in TESTNET mode.
2026-08-21 12:15:17,946 - INFO - [bot-1] Pre-flight instrument resolved: BTC/USDT (SPOT via binance_spot)
2026-08-21 12:15:18,400 - INFO - [bot-1] Starting signal check cycle for BTC/USDT (5m)...
2026-08-21 12:15:18,740 - INFO - Fetching recent candles for BTC/USDT (5m) [Bot: bot-1] via ProviderManager...
2026-08-21 12:16:06,295 - INFO - Indicators computed | close=75306.01 ema_9=75410.02 ema_20=75321.24 ema_50=75010.41 ema_200=73557.41 macd=127.3647 poc=64275.0 val=64025.0 vah=71850.0
2026-08-21 12:16:06,355 - INFO - [bot-1] Evaluating strategy on completed candle: 2026-08-21 06:40:00+00:00 at Close price: 75394.97
2026-08-21 12:16:06,611 - INFO - Confluence Evaluation | Regime: TRENDING (ADX=26.8) | Direction: HOLD | BullScore: 39.5% | BearScore: 21.1% | Active: ['ema', 'macd', 'vp']
2026-08-21 12:16:06,828 - INFO - Signal evaluated: HOLD. Reason/Details: Confluence score: 40% (HOLD)
2026-08-21 12:16:07,162 - INFO - Logged heartbeat status: OK
2026-08-21 12:16:07,221 - INFO - Adding job tentatively -- it will be properly scheduled when the scheduler starts
2026-08-21 12:16:07,221 - INFO - Bot bot-1 scheduled to check every 5 minutes.
2026-08-21 12:16:07,227 - INFO - Added job "LiveRunner.process_cycle" to job store "default"
2026-08-21 12:16:07,228 - INFO - Scheduler started
2026-08-21 12:21:07,262 - INFO - Running job "LiveRunner.process_cycle (trigger: interval[0:05:00], next run at: 2026-08-21 12:21:07 IST)" (scheduled at 2026-08-21 12:21:07.220685+05:30)
2026-08-21 12:21:07,289 - INFO - [bot-1] Starting signal check cycle for BTC/USDT (5m)...
2026-08-21 12:21:07,330 - INFO - Fetching recent candles for BTC/USDT (5m) [Bot: bot-1] via ProviderManager...
2026-08-21 12:21:08,092 - INFO - Indicators computed | close=75492.86 ema_9=75460.23 ema_20=75355.70 ema_50=75037.25 ema_200=73578.74 macd=139.0446 poc=64275.0 val=64025.0 vah=71850.0
2026-08-21 12:21:08,094 - INFO - [bot-1] Evaluating strategy on completed candle: 2026-08-21 06:45:00+00:00 at Close price: 75516.28
2026-08-21 12:21:08,161 - INFO - Confluence Evaluation | Regime: TRENDING (ADX=25.9) | Direction: HOLD | BullScore: 39.5% | BearScore: 21.1% | Active: ['ema', 'macd', 'vp']
2026-08-21 12:21:08,249 - INFO - Signal evaluated: HOLD. Reason/Details: Confluence score: 40% (HOLD)
2026-08-21 12:21:08,470 - INFO - Logged heartbeat status: OK
2026-08-21 12:21:08,471 - INFO - Job "LiveRunner.process_cycle (trigger: interval[0:05:00], next run at: 2026-08-21 12:26:07 IST)" executed successfully
2026-08-21 12:26:07,242 - INFO - Running job "LiveRunner.process_cycle (trigger: interval[0:05:00], next run at: 2026-08-21 12:31:07 IST)" (scheduled at 2026-08-21 12:26:07.220685+05:30)
2026-08-21 12:26:07,257 - INFO - [bot-1] Starting signal check cycle for BTC/USDT (5m)...
2026-08-21 12:26:07,306 - INFO - Fetching recent candles for BTC/USDT (5m) [Bot: bot-1] via ProviderManager...
2026-08-21 12:26:08,076 - INFO - Indicators computed | close=75540.00 ema_9=75484.37 ema_20=75377.66 ema_50=75058.90 ema_200=73598.76 macd=140.3794 poc=64275.0 val=64025.0 vah=71875.0
2026-08-21 12:26:08,084 - INFO - [bot-1] Evaluating strategy on completed candle: 2026-08-21 06:50:00+00:00 at Close price: 75544.00
2026-08-21 12:26:08,176 - INFO - Confluence Evaluation | Regime: TRENDING (ADX=25.1) | Direction: HOLD | BullScore: 39.5% | BearScore: 21.1% | Active: ['ema', 'macd', 'vp']
2026-08-21 12:26:08,296 - INFO - Signal evaluated: HOLD. Reason/Details: Confluence score: 40% (HOLD)
2026-08-21 12:26:08,517 - INFO - Logged heartbeat status: OK
2026-08-21 12:26:08,518 - INFO - Job "LiveRunner.process_cycle (trigger: interval[0:05:00], next run at: 2026-08-21 12:31:07 IST)" executed successfully
2026-08-21 12:31:07,235 - INFO - Running job "LiveRunner.process_cycle (trigger: interval[0:05:00], next run at: 2026-08-21 12:36:07 IST)" (scheduled at 2026-08-21 12:31:07.220685+05:30)
2026-08-21 12:31:07,252 - INFO - [bot-1] Starting signal check cycle for BTC/USDT (5m)...
2026-08-21 12:31:07,276 - INFO - Fetching recent candles for BTC/USDT (5m) [Bot: bot-1] via ProviderManager...
2026-08-21 12:31:07,935 - INFO - Indicators computed | close=75700.01 ema_9=75544.49 ema_20=75417.51 ema_50=75088.04 ema_200=73620.71 macd=155.9350 poc=64275.0 val=64025.0 vah=71875.0
2026-08-21 12:31:07,937 - INFO - [bot-1] Evaluating strategy on completed candle: 2026-08-21 06:55:00+00:00 at Close price: 75646.21
2026-08-21 12:31:08,052 - INFO - Confluence Evaluation | Regime: RANGING (ADX=24.8) | Direction: HOLD | BullScore: 51.6% | BearScore: 48.4% | Active: ['ema', 'macd', 'vp']
2026-08-21 12:31:08,191 - INFO - Signal evaluated: HOLD. Reason/Details: Confluence score: 52% (HOLD)
2026-08-21 12:31:08,391 - INFO - Logged heartbeat status: OK
2026-08-21 12:31:08,392 - INFO - Job "LiveRunner.process_cycle (trigger: interval[0:05:00], next run at: 2026-08-21 12:36:07 IST)" executed successfully
2026-08-21 12:36:07,260 - INFO - Running job "LiveRunner.process_cycle (trigger: interval[0:05:00], next run at: 2026-08-21 12:41:07 IST)" (scheduled at 2026-08-21 12:36:07.220685+05:30)
2026-08-21 12:36:07,269 - INFO - [bot-1] Starting signal check cycle for BTC/USDT (5m)...
2026-08-21 12:36:07,311 - INFO - Fetching recent candles for BTC/USDT (5m) [Bot: bot-1] via ProviderManager...
2026-08-21 12:36:07,936 - INFO - Indicators computed | close=75712.00 ema_9=75583.37 ema_20=75448.45 ema_50=75113.77 ema_200=73641.85 macd=162.7332 poc=64275.0 val=64025.0 vah=71875.0
2026-08-21 12:36:07,937 - INFO - [bot-1] Evaluating strategy on completed candle: 2026-08-21 07:00:00+00:00 at Close price: 75733.61
2026-08-21 12:36:08,001 - INFO - Confluence Evaluation | Regime: RANGING (ADX=23.7) | Direction: HOLD | BullScore: 51.6% | BearScore: 48.4% | Active: ['ema', 'macd', 'vp']
2026-08-21 12:36:08,098 - INFO - Signal evaluated: HOLD. Reason/Details: Confluence score: 52% (HOLD)
2026-08-21 12:36:08,308 - INFO - Logged heartbeat status: OK
2026-08-21 12:36:08,309 - INFO - Job "LiveRunner.process_cycle (trigger: interval[0:05:00], next run at: 2026-08-21 12:41:07 IST)" executed successfully
2026-08-21 12:41:07,235 - INFO - Running job "LiveRunner.process_cycle (trigger: interval[0:05:00], next run at: 2026-08-21 12:46:07 IST)" (scheduled at 2026-08-21 12:41:07.220685+05:30)
2026-08-21 12:41:07,247 - INFO - [bot-1] Starting signal check cycle for BTC/USDT (5m)...
2026-08-21 12:41:07,292 - INFO - Fetching recent candles for BTC/USDT (5m) [Bot: bot-1] via ProviderManager...
2026-08-21 12:41:07,893 - INFO - Indicators computed | close=75924.64 ema_9=75676.63 ema_20=75507.27 ema_50=75151.46 ema_200=73666.11 macd=190.6931 poc=64275.0 val=64025.0 vah=71875.0
2026-08-21 12:41:07,896 - INFO - [bot-1] Evaluating strategy on completed candle: 2026-08-21 07:05:00+00:00 at Close price: 75868.28
2026-08-21 12:41:07,961 - INFO - Confluence Evaluation | Regime: RANGING (ADX=22.5) | Direction: HOLD | BullScore: 51.6% | BearScore: 48.4% | Active: ['ema', 'macd', 'vp']
2026-08-21 12:41:08,030 - INFO - Signal evaluated: HOLD. Reason/Details: Confluence score: 52% (HOLD)
2026-08-21 12:41:08,119 - INFO - Logged heartbeat status: OK
2026-08-21 12:41:08,119 - INFO - Job "LiveRunner.process_cycle (trigger: interval[0:05:00], next run at: 2026-08-21 12:46:07 IST)" executed successfully
2026-08-21 12:46:07,229 - INFO - Running job "LiveRunner.process_cycle (trigger: interval[0:05:00], next run at: 2026-08-21 12:51:07 IST)" (scheduled at 2026-08-21 12:46:07.220685+05:30)
2026-08-21 12:46:07,235 - INFO - [bot-1] Starting signal check cycle for BTC/USDT (5m)...
2026-08-21 12:46:07,272 - INFO - Fetching recent candles for BTC/USDT (5m) [Bot: bot-1] via ProviderManager...
2026-08-21 12:46:07,694 - INFO - Indicators computed | close=76338.18 ema_9=75816.19 ema_20=75590.31 ema_50=75199.71 ema_200=73693.14 macd=236.4405 poc=64275.0 val=64025.0 vah=71875.0
2026-08-21 12:46:07,695 - INFO - [bot-1] Evaluating strategy on completed candle: 2026-08-21 07:10:00+00:00 at Close price: 75969.99
2026-08-21 12:46:07,762 - INFO - Confluence Evaluation | Regime: RANGING (ADX=21.9) | Direction: HOLD | BullScore: 51.6% | BearScore: 48.4% | Active: ['ema', 'macd', 'vp']
2026-08-21 12:46:07,857 - INFO - Signal evaluated: HOLD. Reason/Details: Confluence score: 52% (HOLD)
2026-08-21 12:46:08,063 - INFO - Logged heartbeat status: OK
2026-08-21 12:46:08,063 - INFO - Job "LiveRunner.process_cycle (trigger: interval[0:05:00], next run at: 2026-08-21 12:51:07 IST)" executed successfully
2026-08-21 12:51:07,273 - INFO - Running job "LiveRunner.process_cycle (trigger: interval[0:05:00], next run at: 2026-08-21 12:56:07 IST)" (scheduled at 2026-08-21 12:51:07.220685+05:30)
2026-08-21 12:51:07,286 - INFO - [bot-1] Starting signal check cycle for BTC/USDT (5m)...
2026-08-21 12:51:07,325 - INFO - Fetching recent candles for BTC/USDT (5m) [Bot: bot-1] via ProviderManager...
2026-08-21 12:51:07,864 - INFO - Indicators computed | close=76408.87 ema_9=75958.14 ema_20=75680.88 ema_50=75252.64 ema_200=73721.60 macd=281.4034 poc=64275.0 val=64025.0 vah=71900.0
2026-08-21 12:51:07,866 - INFO - [bot-1] Evaluating strategy on completed candle: 2026-08-21 07:15:00+00:00 at Close price: 76484.48
2026-08-21 12:51:07,934 - INFO - Confluence Evaluation | Regime: RANGING (ADX=23.2) | Direction: HOLD | BullScore: 51.6% | BearScore: 48.4% | Active: ['ema', 'macd', 'vp']
2026-08-21 12:51:08,028 - INFO - Signal evaluated: HOLD. Reason/Details: Confluence score: 52% (HOLD)
2026-08-21 12:51:08,432 - INFO - Logged heartbeat status: OK
2026-08-21 12:51:08,433 - INFO - Job "LiveRunner.process_cycle (trigger: interval[0:05:00], next run at: 2026-08-21 12:56:07 IST)" executed successfully
2026-08-21 12:56:07,312 - INFO - Running job "LiveRunner.process_cycle (trigger: interval[0:05:00], next run at: 2026-08-21 13:01:07 IST)" (scheduled at 2026-08-21 12:56:07.220685+05:30)
2026-08-21 12:56:07,331 - INFO - [bot-1] Starting signal check cycle for BTC/USDT (5m)...
2026-08-21 12:56:07,376 - INFO - Fetching recent candles for BTC/USDT (5m) [Bot: bot-1] via ProviderManager...
2026-08-21 12:56:07,952 - INFO - Indicators computed | close=76349.99 ema_9=76011.70 ema_20=75731.24 ema_50=75289.83 ema_200=73746.23 macd=290.0348 poc=64275.0 val=64025.0 vah=71900.0
2026-08-21 12:56:07,953 - INFO - [bot-1] Evaluating strategy on completed candle: 2026-08-21 07:20:00+00:00 at Close price: 76253.84
2026-08-21 12:56:08,185 - INFO - Confluence Evaluation | Regime: TRENDING (ADX=25.2) | Direction: LONG | BullScore: 78.9% | BearScore: 21.1% | Active: ['ema', 'macd', 'vp']
2026-08-21 12:56:08,294 - INFO - Capping position size 0.281905 BTC to available cash equivalent 0.131141 BTC.
2026-08-21 12:56:08,485 - INFO - Created pending signal approval ID 174 for bot bot-1 (LONG @ $76253.84, status: WAITING_APPROVAL)
2026-08-21 12:56:08,617 - INFO - [bot-1] Signal LONG generated (ID: 174). Waiting for manual user approval.
2026-08-21 12:56:08,849 - INFO - Logged heartbeat status: OK
2026-08-21 12:56:08,850 - INFO - Job "LiveRunner.process_cycle (trigger: interval[0:05:00], next run at: 2026-08-21 13:01:07 IST)" executed successfully
2026-08-21 13:01:07,235 - INFO - Running job "LiveRunner.process_cycle (trigger: interval[0:05:00], next run at: 2026-08-21 13:06:07 IST)" (scheduled at 2026-08-21 13:01:07.220685+05:30)
2026-08-21 13:01:07,276 - INFO - [bot-1] Starting signal check cycle for BTC/USDT (5m)...
2026-08-21 13:01:07,295 - INFO - Fetching recent candles for BTC/USDT (5m) [Bot: bot-1] via ProviderManager...
2026-08-21 13:01:07,797 - INFO - Indicators computed | close=76452.73 ema_9=76109.57 ema_20=75805.16 ema_50=75337.71 ema_200=73773.75 macd=315.0966 poc=64275.0 val=64025.0 vah=71925.0
2026-08-21 13:01:07,798 - INFO - [bot-1] Evaluating strategy on completed candle: 2026-08-21 07:25:00+00:00 at Close price: 76410.38
2026-08-21 13:01:07,854 - INFO - Confluence Evaluation | Regime: TRENDING (ADX=27.7) | Direction: LONG | BullScore: 78.9% | BearScore: 21.1% | Active: ['ema', 'macd', 'vp']
2026-08-21 13:01:07,948 - INFO - Capping position size 0.240376 BTC to available cash equivalent 0.130872 BTC.
2026-08-21 13:01:07,961 - INFO - [bot-1] Signal LONG active pending approval already exists (ID: 174).
2026-08-21 13:01:08,173 - INFO - Logged heartbeat status: OK
2026-08-21 13:01:08,174 - INFO - Job "LiveRunner.process_cycle (trigger: interval[0:05:00], next run at: 2026-08-21 13:06:07 IST)" executed successfully
2026-08-21 13:06:07,296 - INFO - Running job "LiveRunner.process_cycle (trigger: interval[0:05:00], next run at: 2026-08-21 13:11:07 IST)" (scheduled at 2026-08-21 13:06:07.220685+05:30)
2026-08-21 13:06:07,332 - INFO - [bot-1] Starting signal check cycle for BTC/USDT (5m)...
2026-08-21 13:06:07,391 - INFO - Fetching recent candles for BTC/USDT (5m) [Bot: bot-1] via ProviderManager...
2026-08-21 13:06:08,350 - INFO - Indicators computed | close=76437.36 ema_9=76164.23 ema_20=75859.50 ema_50=75378.27 ema_200=73799.59 macd=321.9451 poc=64325.0 val=64025.0 vah=71925.0
2026-08-21 13:06:08,352 - INFO - [bot-1] Evaluating strategy on completed candle: 2026-08-21 07:30:00+00:00 at Close price: 76384.61
2026-08-21 13:06:08,438 - INFO - Confluence Evaluation | Regime: TRENDING (ADX=33.2) | Direction: LONG | BullScore: 78.9% | BearScore: 21.1% | Active: ['ema', 'macd', 'vp']
2026-08-21 13:06:08,571 - INFO - Capping position size 0.337724 BTC to available cash equivalent 0.130916 BTC.
2026-08-21 13:06:08,622 - INFO - [bot-1] Signal LONG active pending approval already exists (ID: 174).
2026-08-21 13:06:08,791 - INFO - Logged heartbeat status: OK
2026-08-21 13:06:08,791 - INFO - Job "LiveRunner.process_cycle (trigger: interval[0:05:00], next run at: 2026-08-21 13:11:07 IST)" executed successfully
2026-08-21 13:11:07,239 - INFO - Running job "LiveRunner.process_cycle (trigger: interval[0:05:00], next run at: 2026-08-21 13:16:07 IST)" (scheduled at 2026-08-21 13:11:07.220685+05:30)
2026-08-21 13:11:07,266 - INFO - [bot-1] Starting signal check cycle for BTC/USDT (5m)...
2026-08-21 13:11:07,328 - INFO - Fetching recent candles for BTC/USDT (5m) [Bot: bot-1] via ProviderManager...
2026-08-21 13:11:08,037 - INFO - Indicators computed | close=76518.00 ema_9=76248.77 ema_20=75929.64 ema_50=75426.21 ema_200=73827.48 macd=339.6394 poc=64325.0 val=64025.0 vah=71925.0
2026-08-21 13:11:08,038 - INFO - [bot-1] Evaluating strategy on completed candle: 2026-08-21 07:35:00+00:00 at Close price: 76523.53
2026-08-21 13:11:08,120 - INFO - Confluence Evaluation | Regime: TRENDING (ADX=38.7) | Direction: LONG | BullScore: 78.9% | BearScore: 21.1% | Active: ['ema', 'macd', 'vp']
2026-08-21 13:11:08,229 - INFO - Capping position size 0.299549 BTC to available cash equivalent 0.130679 BTC.
2026-08-21 13:11:08,298 - INFO - [bot-1] Signal LONG active pending approval already exists (ID: 174).
2026-08-21 13:11:08,512 - INFO - Logged heartbeat status: OK
2026-08-21 13:11:08,512 - INFO - Job "LiveRunner.process_cycle (trigger: interval[0:05:00], next run at: 2026-08-21 13:16:07 IST)" executed successfully
2026-08-21 13:16:07,231 - INFO - Running job "LiveRunner.process_cycle (trigger: interval[0:05:00], next run at: 2026-08-21 13:21:07 IST)" (scheduled at 2026-08-21 13:16:07.220685+05:30)
2026-08-21 13:16:07,248 - INFO - [bot-1] Starting signal check cycle for BTC/USDT (5m)...
2026-08-21 13:16:07,292 - INFO - Fetching recent candles for BTC/USDT (5m) [Bot: bot-1] via ProviderManager...
2026-08-21 13:16:07,828 - INFO - Indicators computed | close=76500.01 ema_9=76311.48 ema_20=75990.67 ema_50=75471.25 ema_200=73854.84 macd=347.6085 poc=64325.0 val=64025.0 vah=71950.0
2026-08-21 13:16:07,829 - INFO - [bot-1] Evaluating strategy on completed candle: 2026-08-21 07:40:00+00:00 at Close price: 76595.89
2026-08-21 13:16:07,887 - INFO - Confluence Evaluation | Regime: TRENDING (ADX=43.7) | Direction: LONG | BullScore: 78.9% | BearScore: 21.1% | Active: ['ema', 'macd', 'vp']
2026-08-21 13:16:07,974 - INFO - Capping position size 0.477932 BTC to available cash equivalent 0.130555 BTC.
2026-08-21 13:16:08,022 - INFO - [bot-1] Signal LONG active pending approval already exists (ID: 174).
2026-08-21 13:16:08,219 - INFO - Logged heartbeat status: OK
2026-08-21 13:16:08,219 - INFO - Job "LiveRunner.process_cycle (trigger: interval[0:05:00], next run at: 2026-08-21 13:21:07 IST)" executed successfully
2026-08-21 13:21:07,276 - INFO - Running job "LiveRunner.process_cycle (trigger: interval[0:05:00], next run at: 2026-08-21 13:26:07 IST)" (scheduled at 2026-08-21 13:21:07.220685+05:30)
2026-08-21 13:21:07,286 - INFO - [bot-1] Starting signal check cycle for BTC/USDT (5m)...
2026-08-21 13:21:07,329 - INFO - Fetching recent candles for BTC/USDT (5m) [Bot: bot-1] via ProviderManager...
2026-08-21 13:21:17,379 - ERROR - Binance Spot Network Error: binance GET https://api.binance.com/api/v3/klines?interval=5m&limit=1000&symbol=BTCUSDT
--- Logging error ---
Traceback (most recent call last):
  File "/Users/ashishparadkar/Downloads/algo-code-main/.venv/lib/python3.9/site-packages/urllib3/connectionpool.py", line 534, in _make_request
    response = conn.getresponse()
  File "/Users/ashishparadkar/Downloads/algo-code-main/.venv/lib/python3.9/site-packages/urllib3/connection.py", line 571, in getresponse
    httplib_response = super().getresponse()
  File "/Library/Developer/CommandLineTools/Library/Frameworks/Python3.framework/Versions/3.9/lib/python3.9/http/client.py", line 1349, in getresponse
    response.begin()
  File "/Library/Developer/CommandLineTools/Library/Frameworks/Python3.framework/Versions/3.9/lib/python3.9/http/client.py", line 316, in begin
    version, status, reason = self._read_status()
  File "/Library/Developer/CommandLineTools/Library/Frameworks/Python3.framework/Versions/3.9/lib/python3.9/http/client.py", line 277, in _read_status
    line = str(self.fp.readline(_MAXLINE + 1), "iso-8859-1")
  File "/Library/Developer/CommandLineTools/Library/Frameworks/Python3.framework/Versions/3.9/lib/python3.9/socket.py", line 704, in readinto
    return self._sock.recv_into(b)
  File "/Library/Developer/CommandLineTools/Library/Frameworks/Python3.framework/Versions/3.9/lib/python3.9/ssl.py", line 1241, in recv_into
    return self.read(nbytes, buffer)
  File "/Library/Developer/CommandLineTools/Library/Frameworks/Python3.framework/Versions/3.9/lib/python3.9/ssl.py", line 1099, in read
    return self._sslobj.read(len, buffer)
socket.timeout: The read operation timed out

The above exception was the direct cause of the following exception:

Traceback (most recent call last):
  File "/Users/ashishparadkar/Downloads/algo-code-main/.venv/lib/python3.9/site-packages/requests/adapters.py", line 644, in send
    resp = conn.urlopen(
  File "/Users/ashishparadkar/Downloads/algo-code-main/.venv/lib/python3.9/site-packages/urllib3/connectionpool.py", line 841, in urlopen
    retries = retries.increment(
  File "/Users/ashishparadkar/Downloads/algo-code-main/.venv/lib/python3.9/site-packages/urllib3/util/retry.py", line 490, in increment
    raise reraise(type(error), error, _stacktrace)
  File "/Users/ashishparadkar/Downloads/algo-code-main/.venv/lib/python3.9/site-packages/urllib3/util/util.py", line 39, in reraise
    raise value
  File "/Users/ashishparadkar/Downloads/algo-code-main/.venv/lib/python3.9/site-packages/urllib3/connectionpool.py", line 787, in urlopen
    response = self._make_request(
  File "/Users/ashishparadkar/Downloads/algo-code-main/.venv/lib/python3.9/site-packages/urllib3/connectionpool.py", line 536, in _make_request
    self._raise_timeout(err=e, url=url, timeout_value=read_timeout)
  File "/Users/ashishparadkar/Downloads/algo-code-main/.venv/lib/python3.9/site-packages/urllib3/connectionpool.py", line 367, in _raise_timeout
    raise ReadTimeoutError(
urllib3.exceptions.ReadTimeoutError: HTTPSConnectionPool(host='api.binance.com', port=443): Read timed out. (read timeout=10.0)

During handling of the above exception, another exception occurred:

Traceback (most recent call last):
  File "/Users/ashishparadkar/Downloads/algo-code-main/.venv/lib/python3.9/site-packages/ccxt/base/exchange.py", line 665, in fetch
    response = self.session.request(
  File "/Users/ashishparadkar/Downloads/algo-code-main/.venv/lib/python3.9/site-packages/requests/sessions.py", line 589, in request
    resp = self.send(prep, **send_kwargs)
  File "/Users/ashishparadkar/Downloads/algo-code-main/.venv/lib/python3.9/site-packages/requests/sessions.py", line 703, in send
    r = adapter.send(request, **kwargs)
  File "/Users/ashishparadkar/Downloads/algo-code-main/.venv/lib/python3.9/site-packages/requests/adapters.py", line 690, in send
    raise ReadTimeout(e, request=request)
requests.exceptions.ReadTimeout: HTTPSConnectionPool(host='api.binance.com', port=443): Read timed out. (read timeout=10.0)

The above exception was the direct cause of the following exception:

Traceback (most recent call last):
  File "/Users/ashishparadkar/Downloads/algo-code-main/src/provider_manager.py", line 351, in fetch_ohlcv_safe
    df = adapter.fetch_ohlcv(instrument, timeframe, limit=limit)
  File "/Users/ashishparadkar/Downloads/algo-code-main/src/provider_manager.py", line 211, in fetch_ohlcv
    raise net_err
  File "/Users/ashishparadkar/Downloads/algo-code-main/src/provider_manager.py", line 183, in fetch_ohlcv
    raw_candles = self.exchange.fetch_ohlcv(
  File "/Users/ashishparadkar/Downloads/algo-code-main/.venv/lib/python3.9/site-packages/ccxt/binance.py", line 4759, in fetch_ohlcv
    response = self.publicGetKlines(self.extend(request, params))
  File "/Users/ashishparadkar/Downloads/algo-code-main/.venv/lib/python3.9/site-packages/ccxt/base/types.py", line 35, in unbound_method
    return _self.request(self.path, self.api, self.method, params, config=self.config)
  File "/Users/ashishparadkar/Downloads/algo-code-main/.venv/lib/python3.9/site-packages/ccxt/binance.py", line 11724, in request
    response = self.fetch2(path, api, method, params, headers, body, config)
  File "/Users/ashishparadkar/Downloads/algo-code-main/.venv/lib/python3.9/site-packages/ccxt/base/exchange.py", line 5566, in fetch2
    raise e
  File "/Users/ashishparadkar/Downloads/algo-code-main/.venv/lib/python3.9/site-packages/ccxt/base/exchange.py", line 5549, in fetch2
    response = self.fetch(request['url'], request['method'], request['headers'], request['body'])
  File "/Users/ashishparadkar/Downloads/algo-code-main/.venv/lib/python3.9/site-packages/ccxt/base/exchange.py", line 698, in fetch
    raise RequestTimeout(details) from e
ccxt.base.errors.RequestTimeout: binance GET https://api.binance.com/api/v3/klines?interval=5m&limit=1000&symbol=BTCUSDT

During handling of the above exception, another exception occurred:

Traceback (most recent call last):
  File "/Library/Developer/CommandLineTools/Library/Frameworks/Python3.framework/Versions/3.9/lib/python3.9/logging/__init__.py", line 1083, in emit
    msg = self.format(record)
  File "/Library/Developer/CommandLineTools/Library/Frameworks/Python3.framework/Versions/3.9/lib/python3.9/logging/__init__.py", line 927, in format
    return fmt.format(record)
  File "/Library/Developer/CommandLineTools/Library/Frameworks/Python3.framework/Versions/3.9/lib/python3.9/logging/__init__.py", line 663, in format
    record.message = record.getMessage()
  File "/Library/Developer/CommandLineTools/Library/Frameworks/Python3.framework/Versions/3.9/lib/python3.9/logging/__init__.py", line 367, in getMessage
    msg = msg % self.args
TypeError: must be real number, not RequestTimeout
Call stack:
  File "/Library/Developer/CommandLineTools/Library/Frameworks/Python3.framework/Versions/3.9/lib/python3.9/threading.py", line 930, in _bootstrap
    self._bootstrap_inner()
  File "/Library/Developer/CommandLineTools/Library/Frameworks/Python3.framework/Versions/3.9/lib/python3.9/threading.py", line 973, in _bootstrap_inner
    self.run()
  File "/Library/Developer/CommandLineTools/Library/Frameworks/Python3.framework/Versions/3.9/lib/python3.9/threading.py", line 910, in run
    self._target(*self._args, **self._kwargs)
  File "/Library/Developer/CommandLineTools/Library/Frameworks/Python3.framework/Versions/3.9/lib/python3.9/concurrent/futures/thread.py", line 77, in _worker
    work_item.run()
  File "/Library/Developer/CommandLineTools/Library/Frameworks/Python3.framework/Versions/3.9/lib/python3.9/concurrent/futures/thread.py", line 52, in run
    result = self.fn(*self.args, **self.kwargs)
  File "/Users/ashishparadkar/Downloads/algo-code-main/.venv/lib/python3.9/site-packages/apscheduler/executors/base.py", line 131, in run_job
    retval = job.func(*job.args, **job.kwargs)
  File "/Users/ashishparadkar/Downloads/algo-code-main/src/live_runner.py", line 199, in process_cycle
    df, _ = self.provider_manager.fetch_ohlcv_safe(self.symbol, self.timeframe, limit=1000)
  File "/Users/ashishparadkar/Downloads/algo-code-main/src/provider_manager.py", line 362, in fetch_ohlcv_safe
    logger.warning(
Message: 'Retryable network failure for %s (Attempt %d/%d). Backing off %.2fs: %s'
Arguments: ('BTC/USDT', 1, 3, RequestTimeout('binance GET https://api.binance.com/api/v3/klines?interval=5m&limit=1000&symbol=BTCUSDT'))
2026-08-21 13:21:19,097 - ERROR - Binance Spot Network Error: binance GET https://api.binance.com/api/v3/klines?interval=5m&limit=1000&symbol=BTCUSDT
--- Logging error ---
Traceback (most recent call last):
  File "/Users/ashishparadkar/Downloads/algo-code-main/.venv/lib/python3.9/site-packages/urllib3/connection.py", line 204, in _new_conn
    sock = connection.create_connection(
  File "/Users/ashishparadkar/Downloads/algo-code-main/.venv/lib/python3.9/site-packages/urllib3/util/connection.py", line 60, in create_connection
    for res in socket.getaddrinfo(host, port, family, socket.SOCK_STREAM):
  File "/Library/Developer/CommandLineTools/Library/Frameworks/Python3.framework/Versions/3.9/lib/python3.9/socket.py", line 953, in getaddrinfo
    for res in _socket.getaddrinfo(host, port, family, type, proto, flags):
socket.gaierror: [Errno 8] nodename nor servname provided, or not known

The above exception was the direct cause of the following exception:

Traceback (most recent call last):
  File "/Users/ashishparadkar/Downloads/algo-code-main/.venv/lib/python3.9/site-packages/urllib3/connectionpool.py", line 787, in urlopen
    response = self._make_request(
  File "/Users/ashishparadkar/Downloads/algo-code-main/.venv/lib/python3.9/site-packages/urllib3/connectionpool.py", line 488, in _make_request
    raise new_e
  File "/Users/ashishparadkar/Downloads/algo-code-main/.venv/lib/python3.9/site-packages/urllib3/connectionpool.py", line 464, in _make_request
    self._validate_conn(conn)
  File "/Users/ashishparadkar/Downloads/algo-code-main/.venv/lib/python3.9/site-packages/urllib3/connectionpool.py", line 1093, in _validate_conn
    conn.connect()
  File "/Users/ashishparadkar/Downloads/algo-code-main/.venv/lib/python3.9/site-packages/urllib3/connection.py", line 759, in connect
    self.sock = sock = self._new_conn()
  File "/Users/ashishparadkar/Downloads/algo-code-main/.venv/lib/python3.9/site-packages/urllib3/connection.py", line 211, in _new_conn
    raise NameResolutionError(self.host, self, e) from e
urllib3.exceptions.NameResolutionError: HTTPSConnection(host='api.binance.com', port=443): Failed to resolve 'api.binance.com' ([Errno 8] nodename nor servname provided, or not known)

The above exception was the direct cause of the following exception:

Traceback (most recent call last):
  File "/Users/ashishparadkar/Downloads/algo-code-main/.venv/lib/python3.9/site-packages/requests/adapters.py", line 644, in send
    resp = conn.urlopen(
  File "/Users/ashishparadkar/Downloads/algo-code-main/.venv/lib/python3.9/site-packages/urllib3/connectionpool.py", line 841, in urlopen
    retries = retries.increment(
  File "/Users/ashishparadkar/Downloads/algo-code-main/.venv/lib/python3.9/site-packages/urllib3/util/retry.py", line 535, in increment
    raise MaxRetryError(_pool, url, reason) from reason  # type: ignore[arg-type]
urllib3.exceptions.MaxRetryError: HTTPSConnectionPool(host='api.binance.com', port=443): Max retries exceeded with url: /api/v3/klines?interval=5m&limit=1000&symbol=BTCUSDT (Caused by NameResolutionError("HTTPSConnection(host='api.binance.com', port=443): Failed to resolve 'api.binance.com' ([Errno 8] nodename nor servname provided, or not known)"))

During handling of the above exception, another exception occurred:

Traceback (most recent call last):
  File "/Users/ashishparadkar/Downloads/algo-code-main/.venv/lib/python3.9/site-packages/ccxt/base/exchange.py", line 665, in fetch
    response = self.session.request(
  File "/Users/ashishparadkar/Downloads/algo-code-main/.venv/lib/python3.9/site-packages/requests/sessions.py", line 589, in request
    resp = self.send(prep, **send_kwargs)
  File "/Users/ashishparadkar/Downloads/algo-code-main/.venv/lib/python3.9/site-packages/requests/sessions.py", line 703, in send
    r = adapter.send(request, **kwargs)
  File "/Users/ashishparadkar/Downloads/algo-code-main/.venv/lib/python3.9/site-packages/requests/adapters.py", line 677, in send
    raise ConnectionError(e, request=request)
requests.exceptions.ConnectionError: HTTPSConnectionPool(host='api.binance.com', port=443): Max retries exceeded with url: /api/v3/klines?interval=5m&limit=1000&symbol=BTCUSDT (Caused by NameResolutionError("HTTPSConnection(host='api.binance.com', port=443): Failed to resolve 'api.binance.com' ([Errno 8] nodename nor servname provided, or not known)"))

The above exception was the direct cause of the following exception:

Traceback (most recent call last):
  File "/Users/ashishparadkar/Downloads/algo-code-main/src/provider_manager.py", line 351, in fetch_ohlcv_safe
    df = adapter.fetch_ohlcv(instrument, timeframe, limit=limit)
  File "/Users/ashishparadkar/Downloads/algo-code-main/src/provider_manager.py", line 211, in fetch_ohlcv
    raise net_err
  File "/Users/ashishparadkar/Downloads/algo-code-main/src/provider_manager.py", line 183, in fetch_ohlcv
    raw_candles = self.exchange.fetch_ohlcv(
  File "/Users/ashishparadkar/Downloads/algo-code-main/.venv/lib/python3.9/site-packages/ccxt/binance.py", line 4759, in fetch_ohlcv
    response = self.publicGetKlines(self.extend(request, params))
  File "/Users/ashishparadkar/Downloads/algo-code-main/.venv/lib/python3.9/site-packages/ccxt/base/types.py", line 35, in unbound_method
    return _self.request(self.path, self.api, self.method, params, config=self.config)
  File "/Users/ashishparadkar/Downloads/algo-code-main/.venv/lib/python3.9/site-packages/ccxt/binance.py", line 11724, in request
    response = self.fetch2(path, api, method, params, headers, body, config)
  File "/Users/ashishparadkar/Downloads/algo-code-main/.venv/lib/python3.9/site-packages/ccxt/base/exchange.py", line 5566, in fetch2
    raise e
  File "/Users/ashishparadkar/Downloads/algo-code-main/.venv/lib/python3.9/site-packages/ccxt/base/exchange.py", line 5549, in fetch2
    response = self.fetch(request['url'], request['method'], request['headers'], request['body'])
  File "/Users/ashishparadkar/Downloads/algo-code-main/.venv/lib/python3.9/site-packages/ccxt/base/exchange.py", line 721, in fetch
    raise NetworkError(details) from e
ccxt.base.errors.NetworkError: binance GET https://api.binance.com/api/v3/klines?interval=5m&limit=1000&symbol=BTCUSDT

During handling of the above exception, another exception occurred:

Traceback (most recent call last):
  File "/Library/Developer/CommandLineTools/Library/Frameworks/Python3.framework/Versions/3.9/lib/python3.9/logging/__init__.py", line 1083, in emit
    msg = self.format(record)
  File "/Library/Developer/CommandLineTools/Library/Frameworks/Python3.framework/Versions/3.9/lib/python3.9/logging/__init__.py", line 927, in format
    return fmt.format(record)
  File "/Library/Developer/CommandLineTools/Library/Frameworks/Python3.framework/Versions/3.9/lib/python3.9/logging/__init__.py", line 663, in format
    record.message = record.getMessage()
  File "/Library/Developer/CommandLineTools/Library/Frameworks/Python3.framework/Versions/3.9/lib/python3.9/logging/__init__.py", line 367, in getMessage
    msg = msg % self.args
TypeError: must be real number, not NetworkError
Call stack:
  File "/Library/Developer/CommandLineTools/Library/Frameworks/Python3.framework/Versions/3.9/lib/python3.9/threading.py", line 930, in _bootstrap
    self._bootstrap_inner()
  File "/Library/Developer/CommandLineTools/Library/Frameworks/Python3.framework/Versions/3.9/lib/python3.9/threading.py", line 973, in _bootstrap_inner
    self.run()
  File "/Library/Developer/CommandLineTools/Library/Frameworks/Python3.framework/Versions/3.9/lib/python3.9/threading.py", line 910, in run
    self._target(*self._args, **self._kwargs)
  File "/Library/Developer/CommandLineTools/Library/Frameworks/Python3.framework/Versions/3.9/lib/python3.9/concurrent/futures/thread.py", line 77, in _worker
    work_item.run()
  File "/Library/Developer/CommandLineTools/Library/Frameworks/Python3.framework/Versions/3.9/lib/python3.9/concurrent/futures/thread.py", line 52, in run
    result = self.fn(*self.args, **self.kwargs)
  File "/Users/ashishparadkar/Downloads/algo-code-main/.venv/lib/python3.9/site-packages/apscheduler/executors/base.py", line 131, in run_job
    retval = job.func(*job.args, **job.kwargs)
  File "/Users/ashishparadkar/Downloads/algo-code-main/src/live_runner.py", line 199, in process_cycle
    df, _ = self.provider_manager.fetch_ohlcv_safe(self.symbol, self.timeframe, limit=1000)
  File "/Users/ashishparadkar/Downloads/algo-code-main/src/provider_manager.py", line 362, in fetch_ohlcv_safe
    logger.warning(
Message: 'Retryable network failure for %s (Attempt %d/%d). Backing off %.2fs: %s'
Arguments: ('BTC/USDT', 2, 3, NetworkError('binance GET https://api.binance.com/api/v3/klines?interval=5m&limit=1000&symbol=BTCUSDT'))
2026-08-21 13:21:21,280 - ERROR - Binance Spot Network Error: binance GET https://api.binance.com/api/v3/klines?interval=5m&limit=1000&symbol=BTCUSDT
2026-08-21 13:21:21,281 - ERROR - System Error in runner execution cycle: binance GET https://api.binance.com/api/v3/klines?interval=5m&limit=1000&symbol=BTCUSDT
Traceback (most recent call last):
  File "/Users/ashishparadkar/Downloads/algo-code-main/.venv/lib/python3.9/site-packages/urllib3/connection.py", line 204, in _new_conn
    sock = connection.create_connection(
  File "/Users/ashishparadkar/Downloads/algo-code-main/.venv/lib/python3.9/site-packages/urllib3/util/connection.py", line 60, in create_connection
    for res in socket.getaddrinfo(host, port, family, socket.SOCK_STREAM):
  File "/Library/Developer/CommandLineTools/Library/Frameworks/Python3.framework/Versions/3.9/lib/python3.9/socket.py", line 953, in getaddrinfo
    for res in _socket.getaddrinfo(host, port, family, type, proto, flags):
socket.gaierror: [Errno 8] nodename nor servname provided, or not known

The above exception was the direct cause of the following exception:

Traceback (most recent call last):
  File "/Users/ashishparadkar/Downloads/algo-code-main/.venv/lib/python3.9/site-packages/urllib3/connectionpool.py", line 787, in urlopen
    response = self._make_request(
  File "/Users/ashishparadkar/Downloads/algo-code-main/.venv/lib/python3.9/site-packages/urllib3/connectionpool.py", line 488, in _make_request
    raise new_e
  File "/Users/ashishparadkar/Downloads/algo-code-main/.venv/lib/python3.9/site-packages/urllib3/connectionpool.py", line 464, in _make_request
    self._validate_conn(conn)
  File "/Users/ashishparadkar/Downloads/algo-code-main/.venv/lib/python3.9/site-packages/urllib3/connectionpool.py", line 1093, in _validate_conn
    conn.connect()
  File "/Users/ashishparadkar/Downloads/algo-code-main/.venv/lib/python3.9/site-packages/urllib3/connection.py", line 759, in connect
    self.sock = sock = self._new_conn()
  File "/Users/ashishparadkar/Downloads/algo-code-main/.venv/lib/python3.9/site-packages/urllib3/connection.py", line 211, in _new_conn
    raise NameResolutionError(self.host, self, e) from e
urllib3.exceptions.NameResolutionError: HTTPSConnection(host='api.binance.com', port=443): Failed to resolve 'api.binance.com' ([Errno 8] nodename nor servname provided, or not known)

The above exception was the direct cause of the following exception:

Traceback (most recent call last):
  File "/Users/ashishparadkar/Downloads/algo-code-main/.venv/lib/python3.9/site-packages/requests/adapters.py", line 644, in send
    resp = conn.urlopen(
  File "/Users/ashishparadkar/Downloads/algo-code-main/.venv/lib/python3.9/site-packages/urllib3/connectionpool.py", line 841, in urlopen
    retries = retries.increment(
  File "/Users/ashishparadkar/Downloads/algo-code-main/.venv/lib/python3.9/site-packages/urllib3/util/retry.py", line 535, in increment
    raise MaxRetryError(_pool, url, reason) from reason  # type: ignore[arg-type]
urllib3.exceptions.MaxRetryError: HTTPSConnectionPool(host='api.binance.com', port=443): Max retries exceeded with url: /api/v3/klines?interval=5m&limit=1000&symbol=BTCUSDT (Caused by NameResolutionError("HTTPSConnection(host='api.binance.com', port=443): Failed to resolve 'api.binance.com' ([Errno 8] nodename nor servname provided, or not known)"))

During handling of the above exception, another exception occurred:

Traceback (most recent call last):
  File "/Users/ashishparadkar/Downloads/algo-code-main/.venv/lib/python3.9/site-packages/ccxt/base/exchange.py", line 665, in fetch
    response = self.session.request(
  File "/Users/ashishparadkar/Downloads/algo-code-main/.venv/lib/python3.9/site-packages/requests/sessions.py", line 589, in request
    resp = self.send(prep, **send_kwargs)
  File "/Users/ashishparadkar/Downloads/algo-code-main/.venv/lib/python3.9/site-packages/requests/sessions.py", line 703, in send
    r = adapter.send(request, **kwargs)
  File "/Users/ashishparadkar/Downloads/algo-code-main/.venv/lib/python3.9/site-packages/requests/adapters.py", line 677, in send
    raise ConnectionError(e, request=request)
requests.exceptions.ConnectionError: HTTPSConnectionPool(host='api.binance.com', port=443): Max retries exceeded with url: /api/v3/klines?interval=5m&limit=1000&symbol=BTCUSDT (Caused by NameResolutionError("HTTPSConnection(host='api.binance.com', port=443): Failed to resolve 'api.binance.com' ([Errno 8] nodename nor servname provided, or not known)"))

The above exception was the direct cause of the following exception:

Traceback (most recent call last):
  File "/Users/ashishparadkar/Downloads/algo-code-main/src/live_runner.py", line 199, in process_cycle
    df, _ = self.provider_manager.fetch_ohlcv_safe(self.symbol, self.timeframe, limit=1000)
  File "/Users/ashishparadkar/Downloads/algo-code-main/src/provider_manager.py", line 359, in fetch_ohlcv_safe
    raise retryable_err
  File "/Users/ashishparadkar/Downloads/algo-code-main/src/provider_manager.py", line 351, in fetch_ohlcv_safe
    df = adapter.fetch_ohlcv(instrument, timeframe, limit=limit)
  File "/Users/ashishparadkar/Downloads/algo-code-main/src/provider_manager.py", line 211, in fetch_ohlcv
    raise net_err
  File "/Users/ashishparadkar/Downloads/algo-code-main/src/provider_manager.py", line 183, in fetch_ohlcv
    raw_candles = self.exchange.fetch_ohlcv(
  File "/Users/ashishparadkar/Downloads/algo-code-main/.venv/lib/python3.9/site-packages/ccxt/binance.py", line 4759, in fetch_ohlcv
    response = self.publicGetKlines(self.extend(request, params))
  File "/Users/ashishparadkar/Downloads/algo-code-main/.venv/lib/python3.9/site-packages/ccxt/base/types.py", line 35, in unbound_method
    return _self.request(self.path, self.api, self.method, params, config=self.config)
  File "/Users/ashishparadkar/Downloads/algo-code-main/.venv/lib/python3.9/site-packages/ccxt/binance.py", line 11724, in request
    response = self.fetch2(path, api, method, params, headers, body, config)
  File "/Users/ashishparadkar/Downloads/algo-code-main/.venv/lib/python3.9/site-packages/ccxt/base/exchange.py", line 5566, in fetch2
    raise e
  File "/Users/ashishparadkar/Downloads/algo-code-main/.venv/lib/python3.9/site-packages/ccxt/base/exchange.py", line 5549, in fetch2
    response = self.fetch(request['url'], request['method'], request['headers'], request['body'])
  File "/Users/ashishparadkar/Downloads/algo-code-main/.venv/lib/python3.9/site-packages/ccxt/base/exchange.py", line 721, in fetch
    raise NetworkError(details) from e
ccxt.base.errors.NetworkError: binance GET https://api.binance.com/api/v3/klines?interval=5m&limit=1000&symbol=BTCUSDT
2026-08-21 13:21:21,370 - WARNING - [bot-1] Marked bot as non-retryable configuration error to prevent infinite error storm.
2026-08-21 13:21:21,494 - WARNING - Telegram alert [GENERAL] failed (Connection Error: HTTPSConnectionPool(host='api.telegram.org', port=443): Max retries exceeded with url: /bot8865086302:AAHhh3VL9czoQRSnw8Hf9iyDEwGJnqQTtqc/sendMessage (Caused by NameResolutionError("HTTPSConnection(host='api.telegram.org', port=443): Failed to resolve 'api.telegram.org' ([Errno 8] nodename nor servname provided, or not known)"))). Re-queueing retry 1/3 in 1.0s
2026-08-21 13:21:21,678 - INFO - Logged heartbeat status: ERROR
2026-08-21 13:21:21,679 - INFO - Job "LiveRunner.process_cycle (trigger: interval[0:05:00], next run at: 2026-08-21 13:26:07 IST)" executed successfully
2026-08-21 13:21:22,503 - WARNING - Telegram alert [GENERAL] failed (Connection Error: HTTPSConnectionPool(host='api.telegram.org', port=443): Max retries exceeded with url: /bot8865086302:AAHhh3VL9czoQRSnw8Hf9iyDEwGJnqQTtqc/sendMessage (Caused by NameResolutionError("HTTPSConnection(host='api.telegram.org', port=443): Failed to resolve 'api.telegram.org' ([Errno 8] nodename nor servname provided, or not known)"))). Re-queueing retry 2/3 in 2.0s
2026-08-21 13:21:23,514 - WARNING - Telegram alert [GENERAL] failed (Connection Error: HTTPSConnectionPool(host='api.telegram.org', port=443): Max retries exceeded with url: /bot8865086302:AAHhh3VL9czoQRSnw8Hf9iyDEwGJnqQTtqc/sendMessage (Caused by NameResolutionError("HTTPSConnection(host='api.telegram.org', port=443): Failed to resolve 'api.telegram.org' ([Errno 8] nodename nor servname provided, or not known)"))). Re-queueing retry 3/3 in 4.0s
2026-08-21 13:21:24,519 - ERROR - Telegram alert [GENERAL] failed permanently after 3 retries: Connection Error: HTTPSConnectionPool(host='api.telegram.org', port=443): Max retries exceeded with url: /bot8865086302:AAHhh3VL9czoQRSnw8Hf9iyDEwGJnqQTtqc/sendMessage (Caused by NameResolutionError("HTTPSConnection(host='api.telegram.org', port=443): Failed to resolve 'api.telegram.org' ([Errno 8] nodename nor servname provided, or not known)"))
2026-08-21 13:26:07,233 - INFO - Running job "LiveRunner.process_cycle (trigger: interval[0:05:00], next run at: 2026-08-21 13:31:07 IST)" (scheduled at 2026-08-21 13:26:07.220685+05:30)
2026-08-21 13:26:07,235 - ERROR - [bot-1] Halting runner cycle: Bot is configured with unexecutable instrument 'BTC/USDT'. Error: Fatal Non-Retryable Error: binance GET https://api.binance.com/api/v3/klines?interval=5m&limit=1000&symbol=BTCUSDT
2026-08-21 13:26:07,430 - INFO - Job "LiveRunner.process_cycle (trigger: interval[0:05:00], next run at: 2026-08-21 13:31:07 IST)" executed successfully
2026-08-21 13:31:07,234 - INFO - Running job "LiveRunner.process_cycle (trigger: interval[0:05:00], next run at: 2026-08-21 13:36:07 IST)" (scheduled at 2026-08-21 13:31:07.220685+05:30)
2026-08-21 13:31:07,235 - ERROR - [bot-1] Halting runner cycle: Bot is configured with unexecutable instrument 'BTC/USDT'. Error: Fatal Non-Retryable Error: binance GET https://api.binance.com/api/v3/klines?interval=5m&limit=1000&symbol=BTCUSDT
2026-08-21 13:31:07,486 - INFO - Job "LiveRunner.process_cycle (trigger: interval[0:05:00], next run at: 2026-08-21 13:36:07 IST)" executed successfully
2026-08-21 13:36:07,314 - INFO - Running job "LiveRunner.process_cycle (trigger: interval[0:05:00], next run at: 2026-08-21 13:36:07 IST)" (scheduled at 2026-08-21 13:36:07.220685+05:30)
2026-08-21 13:36:07,321 - ERROR - [bot-1] Halting runner cycle: Bot is configured with unexecutable instrument 'BTC/USDT'. Error: Fatal Non-Retryable Error: binance GET https://api.binance.com/api/v3/klines?interval=5m&limit=1000&symbol=BTCUSDT
2026-08-21 13:36:07,548 - INFO - Job "LiveRunner.process_cycle (trigger: interval[0:05:00], next run at: 2026-08-21 13:41:07 IST)" executed successfully
/Users/ashishparadkar/Downloads/algo-code-main/.venv/lib/python3.9/site-packages/urllib3/__init__.py:35: NotOpenSSLWarning: urllib3 v2 only supports OpenSSL 1.1.1+, currently the 'ssl' module is compiled with 'LibreSSL 2.8.3'. See: https://github.com/urllib3/urllib3/issues/3020
  warnings.warn(
2026-08-21 15:15:21,759 - INFO - Bot state startup reconciliation finished: 0 bot(s) reconciled to STOPPED.
2026-08-21 15:15:21,933 - INFO - Telegram notification service initialized successfully (Chat ID: 5657...)
2026-08-21 15:15:22,050 - INFO - Initializing scheduled trading bot live runner for bot-1...
2026-08-21 15:15:22,144 - INFO - SQLite database tables verified/created.
2026-08-21 15:15:22,326 - INFO - Initializing CCXT Binance in TESTNET mode.
2026-08-21 15:15:26,824 - INFO - [bot-1] Pre-flight instrument resolved: BTC/USDT (SPOT via binance_spot)
2026-08-21 15:15:26,904 - INFO - [bot-1] Starting signal check cycle for BTC/USDT (5m)...
2026-08-21 15:15:26,967 - INFO - Fetching recent candles for BTC/USDT (5m) [Bot: bot-1] via ProviderManager...
2026-08-21 15:15:38,500 - INFO - Indicators computed | close=78270.25 ema_9=77975.64 ema_20=77676.33 ema_50=76847.45 ema_200=74655.35 macd=415.0767 poc=64250.0 val=64025.0 vah=72425.0
2026-08-21 15:15:38,533 - INFO - [bot-1] Evaluating strategy on completed candle: 2026-08-21 09:40:00+00:00 at Close price: 78194.16
2026-08-21 15:15:38,590 - INFO - [bot-1] Active trade found in DB (ID: 101551, LONG, Entry: 64000.00, SL: 63000.00, TP: 66000.00)
2026-08-21 15:15:38,590 - INFO - [bot-1] Active trade exit condition detected (TAKE PROFIT)! Price: 66000.00, PnL: 100.00. Generating POSITION ALERT (Waiting for user decision).
2026-08-21 15:15:38,690 - INFO - Created pending signal approval ID 200 for bot bot-1 (EXIT_SIGNAL @ $78194.16, status: WAITING_APPROVAL)
2026-08-21 15:15:39,269 - INFO - Logged heartbeat status: OK
2026-08-21 15:15:39,319 - INFO - Adding job tentatively -- it will be properly scheduled when the scheduler starts
2026-08-21 15:15:39,319 - INFO - Bot bot-1 scheduled to check every 5 minutes.
2026-08-21 15:15:39,323 - INFO - Added job "LiveRunner.process_cycle" to job store "default"
2026-08-21 15:15:39,323 - INFO - Scheduler started
2026-08-21 15:20:39,358 - INFO - Running job "LiveRunner.process_cycle (trigger: interval[0:05:00], next run at: 2026-08-21 15:20:39 IST)" (scheduled at 2026-08-21 15:20:39.319031+05:30)
2026-08-21 15:20:39,369 - INFO - [bot-1] Starting signal check cycle for BTC/USDT (5m)...
2026-08-21 15:20:39,413 - INFO - Fetching recent candles for BTC/USDT (5m) [Bot: bot-1] via ProviderManager...
2026-08-21 15:20:39,992 - INFO - Indicators computed | close=78171.16 ema_9=78012.72 ema_20=77722.37 ema_50=76898.88 ema_200=74690.21 macd=404.6566 poc=64250.0 val=64025.0 vah=72450.0
2026-08-21 15:20:39,992 - INFO - [bot-1] Evaluating strategy on completed candle: 2026-08-21 09:45:00+00:00 at Close price: 78257.61
2026-08-21 15:20:40,042 - INFO - [bot-1] Active trade found in DB (ID: 101551, LONG, Entry: 64000.00, SL: 63000.00, TP: 66000.00)
2026-08-21 15:20:40,043 - INFO - [bot-1] Active trade exit condition detected (TAKE PROFIT)! Price: 66000.00, PnL: 100.00. Generating POSITION ALERT (Waiting for user decision).
2026-08-21 15:20:40,296 - INFO - Logged heartbeat status: OK
2026-08-21 15:20:40,297 - INFO - Job "LiveRunner.process_cycle (trigger: interval[0:05:00], next run at: 2026-08-21 15:25:39 IST)" executed successfully
/Users/ashishparadkar/Downloads/algo-code-main/.venv/lib/python3.9/site-packages/urllib3/__init__.py:35: NotOpenSSLWarning: urllib3 v2 only supports OpenSSL 1.1.1+, currently the 'ssl' module is compiled with 'LibreSSL 2.8.3'. See: https://github.com/urllib3/urllib3/issues/3020
  warnings.warn(
/Users/ashishparadkar/Downloads/algo-code-main/.venv/lib/python3.9/site-packages/urllib3/__init__.py:35: NotOpenSSLWarning: urllib3 v2 only supports OpenSSL 1.1.1+, currently the 'ssl' module is compiled with 'LibreSSL 2.8.3'. See: https://github.com/urllib3/urllib3/issues/3020
  warnings.warn(
/Users/ashishparadkar/Downloads/algo-code-main/.venv/lib/python3.9/site-packages/urllib3/__init__.py:35: NotOpenSSLWarning: urllib3 v2 only supports OpenSSL 1.1.1+, currently the 'ssl' module is compiled with 'LibreSSL 2.8.3'. See: https://github.com/urllib3/urllib3/issues/3020
  warnings.warn(
/Users/ashishparadkar/Downloads/algo-code-main/.venv/lib/python3.9/site-packages/urllib3/__init__.py:35: NotOpenSSLWarning: urllib3 v2 only supports OpenSSL 1.1.1+, currently the 'ssl' module is compiled with 'LibreSSL 2.8.3'. See: https://github.com/urllib3/urllib3/issues/3020
  warnings.warn(
2026-08-21 18:30:08,722 - INFO - Bot state startup reconciliation finished: 0 bot(s) reconciled to STOPPED.
2026-08-21 18:30:08,754 - INFO - Telegram notification service initialized successfully (Chat ID: 5657...)
2026-08-21 18:30:08,763 - INFO - Initializing scheduled trading bot live runner for bot-1...
2026-08-21 18:30:08,865 - INFO - SQLite database tables verified/created.
2026-08-21 18:30:08,961 - INFO - Initializing CCXT Binance in TESTNET mode.
2026-08-21 18:30:11,840 - INFO - [bot-1] Pre-flight instrument resolved: BTC/USDT (SPOT via binance_spot)
2026-08-21 18:30:11,897 - INFO - [bot-1] Starting signal check cycle for BTC/USDT (5m)...
2026-08-21 18:30:11,978 - INFO - Fetching recent candles for BTC/USDT (5m) [Bot: bot-1] via ProviderManager...
2026-08-21 18:30:17,349 - INFO - Indicators computed | close=77191.44 ema_9=77134.68 ema_20=77129.87 ema_50=77145.69 ema_200=75518.80 macd=-48.3177 poc=64250.0 val=64025.0 vah=72800.0
2026-08-21 18:30:17,350 - INFO - [bot-1] Evaluating strategy on completed candle: 2026-08-21 12:55:00+00:00 at Close price: 77223.66
2026-08-21 18:30:17,397 - INFO - [bot-1] Active trade found in DB (ID: 101688, LONG, Entry: 64000.00, SL: 63000.00, TP: 66000.00)
2026-08-21 18:30:17,397 - INFO - [bot-1] Active trade exit condition detected (TAKE PROFIT)! Price: 66000.00, PnL: 100.00. Generating POSITION ALERT (Waiting for user decision).
2026-08-21 18:30:17,450 - INFO - Created pending signal approval ID 205 for bot bot-1 (EXIT_SIGNAL @ $77223.66, status: WAITING_APPROVAL)
2026-08-21 18:30:17,717 - INFO - Logged heartbeat status: OK
2026-08-21 18:30:17,746 - INFO - Adding job tentatively -- it will be properly scheduled when the scheduler starts
2026-08-21 18:30:17,746 - INFO - Bot bot-1 scheduled to check every 5 minutes.
2026-08-21 18:30:17,749 - INFO - Added job "LiveRunner.process_cycle" to job store "default"
2026-08-21 18:30:17,750 - INFO - Scheduler started
2026-08-21 18:35:17,891 - INFO - Running job "LiveRunner.process_cycle (trigger: interval[0:05:00], next run at: 2026-08-21 18:35:17 IST)" (scheduled at 2026-08-21 18:35:17.746320+05:30)
2026-08-21 18:35:17,919 - INFO - [bot-1] Starting signal check cycle for BTC/USDT (5m)...
2026-08-21 18:35:17,967 - INFO - Fetching recent candles for BTC/USDT (5m) [Bot: bot-1] via ProviderManager...
2026-08-21 18:35:18,412 - INFO - Indicators computed | close=77293.73 ema_9=77184.18 ema_20=77155.00 ema_50=77155.66 ema_200=75537.55 macd=-23.5053 poc=64250.0 val=64025.0 vah=72800.0
2026-08-21 18:35:18,413 - INFO - [bot-1] Evaluating strategy on completed candle: 2026-08-21 13:00:00+00:00 at Close price: 77302.00
2026-08-21 18:35:18,469 - INFO - [bot-1] Active trade found in DB (ID: 101688, LONG, Entry: 64000.00, SL: 63000.00, TP: 66000.00)
2026-08-21 18:35:18,469 - INFO - [bot-1] Active trade exit condition detected (TAKE PROFIT)! Price: 66000.00, PnL: 100.00. Generating POSITION ALERT (Waiting for user decision).
2026-08-21 18:35:18,708 - INFO - Logged heartbeat status: OK
2026-08-21 18:35:18,708 - INFO - Job "LiveRunner.process_cycle (trigger: interval[0:05:00], next run at: 2026-08-21 18:40:17 IST)" executed successfully
2026-08-21 18:40:17,901 - INFO - Running job "LiveRunner.process_cycle (trigger: interval[0:05:00], next run at: 2026-08-21 18:45:17 IST)" (scheduled at 2026-08-21 18:40:17.746320+05:30)
2026-08-21 18:40:17,965 - INFO - [bot-1] Starting signal check cycle for BTC/USDT (5m)...
2026-08-21 18:40:18,029 - INFO - Fetching recent candles for BTC/USDT (5m) [Bot: bot-1] via ProviderManager...
2026-08-21 18:40:19,063 - INFO - Indicators computed | close=77218.00 ema_9=77183.77 ema_20=77157.14 ema_50=77156.42 ema_200=75553.83 macd=-19.5090 poc=64250.0 val=64025.0 vah=72800.0
2026-08-21 18:40:19,163 - INFO - [bot-1] Evaluating strategy on completed candle: 2026-08-21 13:05:00+00:00 at Close price: 77248.91
2026-08-21 18:40:19,296 - INFO - [bot-1] Active trade found in DB (ID: 101688, LONG, Entry: 64000.00, SL: 63000.00, TP: 66000.00)
2026-08-21 18:40:19,297 - INFO - [bot-1] Active trade exit condition detected (TAKE PROFIT)! Price: 66000.00, PnL: 100.00. Generating POSITION ALERT (Waiting for user decision).
2026-08-21 18:40:19,623 - INFO - Logged heartbeat status: OK
2026-08-21 18:40:19,623 - INFO - Job "LiveRunner.process_cycle (trigger: interval[0:05:00], next run at: 2026-08-21 18:45:17 IST)" executed successfully
2026-08-21 18:45:17,765 - INFO - Running job "LiveRunner.process_cycle (trigger: interval[0:05:00], next run at: 2026-08-21 18:50:17 IST)" (scheduled at 2026-08-21 18:45:17.746320+05:30)
2026-08-21 18:45:17,779 - INFO - [bot-1] Starting signal check cycle for BTC/USDT (5m)...
2026-08-21 18:45:17,945 - INFO - Fetching recent candles for BTC/USDT (5m) [Bot: bot-1] via ProviderManager...
2026-08-21 18:45:19,410 - INFO - Indicators computed | close=77181.99 ema_9=77179.58 ema_20=77157.44 ema_50=77156.52 ema_200=75569.80 macd=-17.7052 poc=64250.0 val=64025.0 vah=72825.0
2026-08-21 18:45:19,411 - INFO - [bot-1] Evaluating strategy on completed candle: 2026-08-21 13:10:00+00:00 at Close price: 77194.00
2026-08-21 18:45:19,617 - INFO - [bot-1] Active trade found in DB (ID: 101688, LONG, Entry: 64000.00, SL: 63000.00, TP: 66000.00)
2026-08-21 18:45:19,617 - INFO - [bot-1] Active trade exit condition detected (TAKE PROFIT)! Price: 66000.00, PnL: 100.00. Generating POSITION ALERT (Waiting for user decision).
2026-08-21 18:45:20,140 - INFO - Logged heartbeat status: OK
2026-08-21 18:45:20,144 - INFO - Job "LiveRunner.process_cycle (trigger: interval[0:05:00], next run at: 2026-08-21 18:50:17 IST)" executed successfully
/Users/ashishparadkar/Downloads/algo-code-main/.venv/lib/python3.9/site-packages/urllib3/__init__.py:35: NotOpenSSLWarning: urllib3 v2 only supports OpenSSL 1.1.1+, currently the 'ssl' module is compiled with 'LibreSSL 2.8.3'. See: https://github.com/urllib3/urllib3/issues/3020
  warnings.warn(
2026-08-21 21:44:20,426 - INFO - Bot state startup reconciliation finished: 0 bot(s) reconciled to STOPPED.
2026-08-21 21:44:27,252 - INFO - Telegram notification service initialized successfully (Chat ID: 5657...)
2026-08-21 21:44:28,619 - INFO - Initializing scheduled trading bot live runner for bot-1...
2026-08-21 21:44:56,500 - INFO - SQLite database tables verified/created.
2026-08-21 21:44:58,895 - INFO - Initializing CCXT Binance in TESTNET mode.
2026-08-21 21:48:16,239 - INFO - [bot-1] Pre-flight instrument resolved: BTC/USDT (SPOT via binance_spot)
2026-08-21 21:48:20,601 - INFO - [bot-1] Starting signal check cycle for BTC/USDT (5m)...
2026-08-21 21:48:21,564 - INFO - Fetching recent candles for BTC/USDT (5m) [Bot: bot-1] via ProviderManager...
2026-08-21 22:00:26,645 - INFO - Indicators computed | close=77353.47 ema_9=77208.95 ema_20=77255.91 ema_50=77230.56 ema_200=76093.21 macd=-26.0344 poc=64250.0 val=64025.0 vah=74400.0
2026-08-21 22:00:28,030 - INFO - [bot-1] Evaluating strategy on completed candle: 2026-08-21 16:20:00+00:00 at Close price: 77150.00
2026-08-21 22:00:30,381 - INFO - [bot-1] Active trade found in DB (ID: 101753, LONG, Entry: 64000.00, SL: 63000.00, TP: 66000.00)
2026-08-21 22:00:30,383 - INFO - [bot-1] Active trade exit condition detected (TAKE PROFIT)! Price: 66000.00, PnL: 100.00. Generating POSITION ALERT (Waiting for user decision).
2026-08-21 22:00:31,528 - INFO - Created pending signal approval ID 208 for bot bot-1 (EXIT_SIGNAL @ $77150.00, status: WAITING_APPROVAL)
2026-08-21 22:00:35,781 - INFO - Logged heartbeat status: OK
2026-08-21 22:00:40,212 - INFO - Adding job tentatively -- it will be properly scheduled when the scheduler starts
2026-08-21 22:00:40,464 - INFO - Bot bot-1 scheduled to check every 5 minutes.
2026-08-21 22:00:42,079 - INFO - Added job "LiveRunner.process_cycle" to job store "default"
2026-08-21 22:00:42,114 - INFO - Scheduler started
2026-08-21 22:05:40,125 - INFO - Running job "LiveRunner.process_cycle (trigger: interval[0:05:00], next run at: 2026-08-21 22:10:39 IST)" (scheduled at 2026-08-21 22:05:39.616001+05:30)
2026-08-21 22:05:40,270 - INFO - [bot-1] Starting signal check cycle for BTC/USDT (5m)...
2026-08-21 22:05:40,412 - INFO - Fetching recent candles for BTC/USDT (5m) [Bot: bot-1] via ProviderManager...
2026-08-21 22:05:41,506 - INFO - Indicators computed | close=77326.04 ema_9=77256.93 ema_20=77272.05 ema_50=77239.46 ema_200=76118.04 macd=-6.7089 poc=69350.0 val=64025.0 vah=74450.0
2026-08-21 22:05:41,512 - INFO - [bot-1] Evaluating strategy on completed candle: 2026-08-21 16:30:00+00:00 at Close price: 77338.12
2026-08-21 22:05:41,573 - INFO - [bot-1] Active trade found in DB (ID: 101753, LONG, Entry: 64000.00, SL: 63000.00, TP: 66000.00)
2026-08-21 22:05:41,573 - INFO - [bot-1] Active trade exit condition detected (TAKE PROFIT)! Price: 66000.00, PnL: 100.00. Generating POSITION ALERT (Waiting for user decision).
2026-08-21 22:05:41,818 - INFO - Logged heartbeat status: OK
2026-08-21 22:05:41,820 - INFO - Job "LiveRunner.process_cycle (trigger: interval[0:05:00], next run at: 2026-08-21 22:10:39 IST)" executed successfully
2026-08-21 22:10:39,805 - INFO - Running job "LiveRunner.process_cycle (trigger: interval[0:05:00], next run at: 2026-08-21 22:10:39 IST)" (scheduled at 2026-08-21 22:10:39.616001+05:30)
2026-08-21 22:10:39,887 - INFO - [bot-1] Starting signal check cycle for BTC/USDT (5m)...
2026-08-21 22:10:39,936 - INFO - Fetching recent candles for BTC/USDT (5m) [Bot: bot-1] via ProviderManager...
2026-08-21 22:10:41,026 - INFO - Indicators computed | close=77288.63 ema_9=77261.71 ema_20=77272.79 ema_50=77241.02 ema_200=76129.59 macd=-4.7559 poc=69350.0 val=64025.0 vah=74475.0
2026-08-21 22:10:41,052 - INFO - [bot-1] Evaluating strategy on completed candle: 2026-08-21 16:35:00+00:00 at Close price: 77316.28
2026-08-21 22:10:41,135 - INFO - [bot-1] Active trade found in DB (ID: 101753, LONG, Entry: 64000.00, SL: 63000.00, TP: 66000.00)
2026-08-21 22:10:41,135 - INFO - [bot-1] Active trade exit condition detected (TAKE PROFIT)! Price: 66000.00, PnL: 100.00. Generating POSITION ALERT (Waiting for user decision).
2026-08-21 22:10:41,428 - INFO - Logged heartbeat status: OK
2026-08-21 22:10:41,428 - INFO - Job "LiveRunner.process_cycle (trigger: interval[0:05:00], next run at: 2026-08-21 22:15:39 IST)" executed successfully
2026-08-21 22:15:39,716 - INFO - Running job "LiveRunner.process_cycle (trigger: interval[0:05:00], next run at: 2026-08-21 22:20:39 IST)" (scheduled at 2026-08-21 22:15:39.616001+05:30)
2026-08-21 22:15:39,824 - INFO - [bot-1] Starting signal check cycle for BTC/USDT (5m)...
2026-08-21 22:15:39,950 - INFO - Fetching recent candles for BTC/USDT (5m) [Bot: bot-1] via ProviderManager...
2026-08-21 22:15:41,616 - INFO - Indicators computed | close=77318.01 ema_9=77284.71 ema_20=77283.42 ema_50=77246.80 ema_200=76142.14 macd=4.3034 poc=69350.0 val=64025.0 vah=74500.0
2026-08-21 22:15:41,632 - INFO - [bot-1] Evaluating strategy on completed candle: 2026-08-21 16:40:00+00:00 at Close price: 77362.04
2026-08-21 22:15:41,978 - INFO - [bot-1] Active trade found in DB (ID: 101753, LONG, Entry: 64000.00, SL: 63000.00, TP: 66000.00)
2026-08-21 22:15:41,979 - INFO - [bot-1] Active trade exit condition detected (TAKE PROFIT)! Price: 66000.00, PnL: 100.00. Generating POSITION ALERT (Waiting for user decision).
2026-08-21 22:15:42,270 - INFO - Logged heartbeat status: OK
2026-08-21 22:15:42,271 - INFO - Job "LiveRunner.process_cycle (trigger: interval[0:05:00], next run at: 2026-08-21 22:20:39 IST)" executed successfully
2026-08-21 22:20:39,665 - INFO - Running job "LiveRunner.process_cycle (trigger: interval[0:05:00], next run at: 2026-08-21 22:25:39 IST)" (scheduled at 2026-08-21 22:20:39.616001+05:30)
2026-08-21 22:20:39,749 - INFO - [bot-1] Starting signal check cycle for BTC/USDT (5m)...
2026-08-21 22:20:39,772 - INFO - Fetching recent candles for BTC/USDT (5m) [Bot: bot-1] via ProviderManager...
2026-08-21 22:20:40,327 - INFO - Indicators computed | close=77526.00 ema_9=77366.92 ema_20=77324.80 ema_50=77265.75 ema_200=76158.00 macd=36.4241 poc=69350.0 val=64025.0 vah=74525.0
2026-08-21 22:20:40,329 - INFO - [bot-1] Evaluating strategy on completed candle: 2026-08-21 16:45:00+00:00 at Close price: 77530.19
2026-08-21 22:20:40,387 - INFO - [bot-1] Active trade found in DB (ID: 101753, LONG, Entry: 64000.00, SL: 63000.00, TP: 66000.00)
2026-08-21 22:20:40,387 - INFO - [bot-1] Active trade exit condition detected (TAKE PROFIT)! Price: 66000.00, PnL: 100.00. Generating POSITION ALERT (Waiting for user decision).
2026-08-21 22:20:40,528 - INFO - Logged heartbeat status: OK
2026-08-21 22:20:40,528 - INFO - Job "LiveRunner.process_cycle (trigger: interval[0:05:00], next run at: 2026-08-21 22:25:39 IST)" executed successfully
2026-08-21 22:25:39,715 - INFO - Running job "LiveRunner.process_cycle (trigger: interval[0:05:00], next run at: 2026-08-21 22:30:39 IST)" (scheduled at 2026-08-21 22:25:39.616001+05:30)
2026-08-21 22:25:39,766 - INFO - [bot-1] Starting signal check cycle for BTC/USDT (5m)...
2026-08-21 22:25:39,826 - INFO - Fetching recent candles for BTC/USDT (5m) [Bot: bot-1] via ProviderManager...
2026-08-21 22:25:40,761 - INFO - Indicators computed | close=77470.19 ema_9=77378.61 ema_20=77333.82 ema_50=77271.65 ema_200=76170.51 macd=40.0126 poc=69350.0 val=64025.0 vah=74525.0
2026-08-21 22:25:40,770 - INFO - [bot-1] Evaluating strategy on completed candle: 2026-08-21 16:50:00+00:00 at Close price: 77470.00
2026-08-21 22:25:40,878 - INFO - [bot-1] Active trade found in DB (ID: 101753, LONG, Entry: 64000.00, SL: 63000.00, TP: 66000.00)
2026-08-21 22:25:40,878 - INFO - [bot-1] Active trade exit condition detected (TAKE PROFIT)! Price: 66000.00, PnL: 100.00. Generating POSITION ALERT (Waiting for user decision).
2026-08-21 22:25:41,174 - INFO - Logged heartbeat status: OK
2026-08-21 22:25:41,175 - INFO - Job "LiveRunner.process_cycle (trigger: interval[0:05:00], next run at: 2026-08-21 22:30:39 IST)" executed successfully
2026-08-21 22:30:39,657 - INFO - Running job "LiveRunner.process_cycle (trigger: interval[0:05:00], next run at: 2026-08-21 22:35:39 IST)" (scheduled at 2026-08-21 22:30:39.616001+05:30)
2026-08-21 22:30:39,753 - INFO - [bot-1] Starting signal check cycle for BTC/USDT (5m)...
2026-08-21 22:30:39,786 - INFO - Fetching recent candles for BTC/USDT (5m) [Bot: bot-1] via ProviderManager...
2026-08-21 22:30:40,942 - INFO - Indicators computed | close=77504.00 ema_9=77406.22 ema_20=77351.40 ema_50=77281.36 ema_200=76183.93 macd=49.5395 poc=69350.0 val=64025.0 vah=74550.0
2026-08-21 22:30:40,949 - INFO - [bot-1] Evaluating strategy on completed candle: 2026-08-21 16:55:00+00:00 at Close price: 77486.01
2026-08-21 22:30:41,118 - INFO - [bot-1] Active trade found in DB (ID: 101753, LONG, Entry: 64000.00, SL: 63000.00, TP: 66000.00)
2026-08-21 22:30:41,119 - INFO - [bot-1] Active trade exit condition detected (TAKE PROFIT)! Price: 66000.00, PnL: 100.00. Generating POSITION ALERT (Waiting for user decision).
2026-08-21 22:30:41,305 - INFO - Created pending signal approval ID 240 for bot bot-1 (EXIT_SIGNAL @ $77486.01, status: WAITING_APPROVAL)
2026-08-21 22:30:41,741 - INFO - Logged heartbeat status: OK
2026-08-21 22:30:41,741 - INFO - Job "LiveRunner.process_cycle (trigger: interval[0:05:00], next run at: 2026-08-21 22:35:39 IST)" executed successfully
2026-08-21 22:35:39,643 - INFO - Running job "LiveRunner.process_cycle (trigger: interval[0:05:00], next run at: 2026-08-21 22:40:39 IST)" (scheduled at 2026-08-21 22:35:39.616001+05:30)
2026-08-21 22:35:39,734 - INFO - [bot-1] Starting signal check cycle for BTC/USDT (5m)...
2026-08-21 22:35:39,853 - INFO - Fetching recent candles for BTC/USDT (5m) [Bot: bot-1] via ProviderManager...
2026-08-21 22:35:41,971 - INFO - Indicators computed | close=77539.99 ema_9=77435.86 ema_20=77370.91 ema_50=77292.18 ema_200=76197.60 macd=59.4299 poc=69350.0 val=64025.0 vah=74575.0
2026-08-21 22:35:41,978 - INFO - [bot-1] Evaluating strategy on completed candle: 2026-08-21 17:00:00+00:00 at Close price: 77522.00
2026-08-21 22:35:42,137 - INFO - [bot-1] Active trade found in DB (ID: 101753, LONG, Entry: 64000.00, SL: 63000.00, TP: 66000.00)
2026-08-21 22:35:42,138 - INFO - [bot-1] Active trade exit condition detected (TAKE PROFIT)! Price: 66000.00, PnL: 100.00. Generating POSITION ALERT (Waiting for user decision).
2026-08-21 22:35:42,775 - INFO - Logged heartbeat status: OK
2026-08-21 22:35:42,776 - INFO - Job "LiveRunner.process_cycle (trigger: interval[0:05:00], next run at: 2026-08-21 22:40:39 IST)" executed successfully
2026-08-21 22:40:39,746 - INFO - Running job "LiveRunner.process_cycle (trigger: interval[0:05:00], next run at: 2026-08-21 22:45:39 IST)" (scheduled at 2026-08-21 22:40:39.616001+05:30)
2026-08-21 22:40:39,791 - INFO - [bot-1] Starting signal check cycle for BTC/USDT (5m)...
2026-08-21 22:40:39,840 - INFO - Fetching recent candles for BTC/USDT (5m) [Bot: bot-1] via ProviderManager...
2026-08-21 22:40:40,382 - INFO - Indicators computed | close=77638.01 ema_9=77488.67 ema_20=77403.01 ema_50=77308.66 ema_200=76212.70 macd=77.9616 poc=69350.0 val=64025.0 vah=74575.0
2026-08-21 22:40:40,384 - INFO - [bot-1] Evaluating strategy on completed candle: 2026-08-21 17:05:00+00:00 at Close price: 77617.37
2026-08-21 22:40:40,441 - INFO - [bot-1] Active trade found in DB (ID: 101753, LONG, Entry: 64000.00, SL: 63000.00, TP: 66000.00)
2026-08-21 22:40:40,441 - INFO - [bot-1] Active trade exit condition detected (TAKE PROFIT)! Price: 66000.00, PnL: 100.00. Generating POSITION ALERT (Waiting for user decision).
2026-08-21 22:40:40,674 - INFO - Logged heartbeat status: OK
2026-08-21 22:40:40,674 - INFO - Job "LiveRunner.process_cycle (trigger: interval[0:05:00], next run at: 2026-08-21 22:45:39 IST)" executed successfully
/Users/ashishparadkar/Downloads/algo-code-main/.venv/lib/python3.9/site-packages/urllib3/__init__.py:35: NotOpenSSLWarning: urllib3 v2 only supports OpenSSL 1.1.1+, currently the 'ssl' module is compiled with 'LibreSSL 2.8.3'. See: https://github.com/urllib3/urllib3/issues/3020
  warnings.warn(
2026-08-21 22:46:30,605 - INFO - Bot state startup reconciliation finished: 0 bot(s) reconciled to STOPPED.
2026-08-21 22:46:30,985 - INFO - Telegram notification service initialized successfully (Chat ID: 5657...)
2026-08-21 22:46:30,997 - INFO - Initializing scheduled trading bot live runner for bot-1...
2026-08-21 22:46:31,407 - INFO - SQLite database tables verified/created.
2026-08-21 22:46:32,146 - INFO - Initializing CCXT Binance in TESTNET mode.
2026-08-21 22:46:44,976 - INFO - [bot-1] Pre-flight instrument resolved: BTC/USDT (SPOT via binance_spot)
2026-08-21 22:46:45,044 - INFO - [bot-1] Starting signal check cycle for BTC/USDT (5m)...
2026-08-21 22:46:45,257 - WARNING - Global Kill switch active! Found flag file or config switch.
2026-08-21 22:46:45,270 - WARNING - Kill switch file active. Skipping cycle.
2026-08-21 22:46:45,815 - INFO - Logged heartbeat status: OK
2026-08-21 22:46:45,841 - INFO - Adding job tentatively -- it will be properly scheduled when the scheduler starts
2026-08-21 22:46:46,043 - INFO - Bot bot-1 scheduled to check every 5 minutes.
2026-08-21 22:46:46,070 - INFO - Added job "LiveRunner.process_cycle" to job store "default"
2026-08-21 22:46:46,070 - INFO - Scheduler started
