/Users/ashishparadkar/Downloads/algo-code-main/.venv/lib/python3.9/site-packages/urllib3/__init__.py:35: NotOpenSSLWarning: urllib3 v2 only supports OpenSSL 1.1.1+, currently the 'ssl' module is compiled with 'LibreSSL 2.8.3'. See: https://github.com/urllib3/urllib3/issues/3020
  warnings.warn(
/Users/ashishparadkar/Downloads/algo-code-main/.venv/lib/python3.9/site-packages/urllib3/__init__.py:35: NotOpenSSLWarning: urllib3 v2 only supports OpenSSL 1.1.1+, currently the 'ssl' module is compiled with 'LibreSSL 2.8.3'. See: https://github.com/urllib3/urllib3/issues/3020
  warnings.warn(
2026-08-20 13:25:59,066 - INFO - Bot state startup reconciliation finished: 0 bot(s) reconciled to STOPPED.
2026-08-20 13:25:59,524 - INFO - Telegram notification service initialized successfully (Chat ID: 5657...)
2026-08-20 13:25:59,542 - INFO - Initializing scheduled trading bot live runner for bot-1787212103966-b523...
2026-08-20 13:25:59,910 - INFO - SQLite database tables verified/created.
2026-08-20 13:26:00,282 - INFO - Initializing CCXT Binance in TESTNET mode.
/Users/ashishparadkar/Downloads/algo-code-main/.venv/lib/python3.9/site-packages/urllib3/__init__.py:35: NotOpenSSLWarning: urllib3 v2 only supports OpenSSL 1.1.1+, currently the 'ssl' module is compiled with 'LibreSSL 2.8.3'. See: https://github.com/urllib3/urllib3/issues/3020
  warnings.warn(
2026-08-20 22:17:18,335 - INFO - Bot state startup reconciliation finished: 0 bot(s) reconciled to STOPPED.
2026-08-20 22:17:18,986 - INFO - Telegram notification service initialized successfully (Chat ID: 5657...)
2026-08-20 22:17:19,019 - INFO - Initializing scheduled trading bot live runner for bot-1787212103966-b523...
2026-08-20 22:17:19,056 - INFO - SQLite database tables verified/created.
2026-08-20 22:17:19,734 - INFO - Initializing CCXT Binance in TESTNET mode.
2026-08-20 22:17:51,853 - INFO - [bot-1787212103966-b523] Pre-flight instrument resolved: SOL/USDT (SPOT via binance_spot)
2026-08-20 22:17:52,384 - INFO - [bot-1787212103966-b523] Starting signal check cycle for SOL/USDT (5m)...
2026-08-20 22:17:52,700 - INFO - Fetching recent candles for SOL/USDT (5m) [Bot: bot-1787212103966-b523] via ProviderManager...
2026-08-20 22:19:16,797 - INFO - Indicators computed | close=87.40 ema_9=87.24 ema_20=87.12 ema_50=86.99 ema_200=85.95 macd=0.1307 poc=75.0 val=75.0 vah=75.0
2026-08-20 22:19:16,816 - INFO - [bot-1787212103966-b523] Evaluating strategy on completed candle: 2026-08-20 16:40:00+00:00 at Close price: 87.51
2026-08-20 22:19:17,717 - INFO - Confluence Evaluation | Regime: TRENDING (ADX=26.1) | Direction: LONG | BullScore: 82.6% | BearScore: 17.4% | Active: ['ema', 'macd', 'rsi', 'vp']
2026-08-20 22:19:18,361 - INFO - Capping position size 219.178082 BTC to available cash equivalent 91.418124 BTC.
2026-08-20 22:19:18,412 - INFO - Created pending signal approval ID 42 for bot bot-1787212103966-b523 (LONG @ $87.51, status: WAITING_APPROVAL)
2026-08-20 22:19:18,873 - INFO - [bot-1787212103966-b523] Signal LONG generated (ID: 42). Waiting for manual user approval.
2026-08-20 22:19:19,473 - INFO - Logged heartbeat status: OK
2026-08-20 22:19:19,847 - INFO - Adding job tentatively -- it will be properly scheduled when the scheduler starts
2026-08-20 22:19:19,847 - INFO - Bot bot-1787212103966-b523 scheduled to check every 5 minutes.
2026-08-20 22:19:19,862 - INFO - Added job "LiveRunner.process_cycle" to job store "default"
2026-08-20 22:19:19,862 - INFO - Scheduler started
2026-08-20 22:24:19,772 - INFO - Running job "LiveRunner.process_cycle (trigger: interval[0:05:00], next run at: 2026-08-20 22:29:19 IST)" (scheduled at 2026-08-20 22:24:19.541415+05:30)
2026-08-20 22:24:19,861 - INFO - [bot-1787212103966-b523] Starting signal check cycle for SOL/USDT (5m)...
2026-08-20 22:24:19,928 - INFO - Fetching recent candles for SOL/USDT (5m) [Bot: bot-1787212103966-b523] via ProviderManager...
2026-08-20 22:24:20,877 - INFO - Indicators computed | close=87.60 ema_9=87.32 ema_20=87.17 ema_50=87.02 ema_200=85.97 macd=0.1552 poc=75.0 val=75.0 vah=75.0
2026-08-20 22:24:20,879 - INFO - [bot-1787212103966-b523] Evaluating strategy on completed candle: 2026-08-20 16:45:00+00:00 at Close price: 87.44
2026-08-20 22:24:20,956 - INFO - Confluence Evaluation | Regime: TRENDING (ADX=27.5) | Direction: LONG | BullScore: 82.6% | BearScore: 17.4% | Active: ['ema', 'macd', 'rsi', 'vp']
2026-08-20 22:24:21,060 - INFO - Capping position size 242.424242 BTC to available cash equivalent 91.491308 BTC.
2026-08-20 22:24:21,068 - INFO - [bot-1787212103966-b523] Signal LONG active pending approval already exists (ID: 42).
2026-08-20 22:24:21,291 - INFO - Logged heartbeat status: OK
2026-08-20 22:24:21,296 - INFO - Job "LiveRunner.process_cycle (trigger: interval[0:05:00], next run at: 2026-08-20 22:29:19 IST)" executed successfully
2026-08-20 22:29:19,644 - INFO - Running job "LiveRunner.process_cycle (trigger: interval[0:05:00], next run at: 2026-08-20 22:34:19 IST)" (scheduled at 2026-08-20 22:29:19.541415+05:30)
2026-08-20 22:29:19,674 - INFO - [bot-1787212103966-b523] Starting signal check cycle for SOL/USDT (5m)...
2026-08-20 22:29:19,731 - INFO - Fetching recent candles for SOL/USDT (5m) [Bot: bot-1787212103966-b523] via ProviderManager...
2026-08-20 22:29:20,584 - INFO - Indicators computed | close=87.78 ema_9=87.41 ema_20=87.22 ema_50=87.05 ema_200=85.99 macd=0.1851 poc=75.0 val=75.0 vah=75.0
2026-08-20 22:29:20,586 - INFO - [bot-1787212103966-b523] Evaluating strategy on completed candle: 2026-08-20 16:50:00+00:00 at Close price: 87.61
2026-08-20 22:29:20,682 - INFO - Confluence Evaluation | Regime: TRENDING (ADX=29.1) | Direction: LONG | BullScore: 82.6% | BearScore: 17.4% | Active: ['ema', 'macd', 'rsi', 'vp']
2026-08-20 22:29:20,799 - INFO - Capping position size 210.526316 BTC to available cash equivalent 91.313777 BTC.
2026-08-20 22:29:20,808 - INFO - [bot-1787212103966-b523] Signal LONG active pending approval already exists (ID: 42).
2026-08-20 22:29:20,984 - INFO - Logged heartbeat status: OK
2026-08-20 22:29:20,984 - INFO - Job "LiveRunner.process_cycle (trigger: interval[0:05:00], next run at: 2026-08-20 22:34:19 IST)" executed successfully
2026-08-20 22:34:19,590 - INFO - Running job "LiveRunner.process_cycle (trigger: interval[0:05:00], next run at: 2026-08-20 22:34:19 IST)" (scheduled at 2026-08-20 22:34:19.541415+05:30)
2026-08-20 22:34:19,641 - INFO - [bot-1787212103966-b523] Starting signal check cycle for SOL/USDT (5m)...
2026-08-20 22:34:19,697 - INFO - Fetching recent candles for SOL/USDT (5m) [Bot: bot-1787212103966-b523] via ProviderManager...
2026-08-20 22:34:20,196 - INFO - Indicators computed | close=87.79 ema_9=87.49 ema_20=87.28 ema_50=87.08 ema_200=86.00 macd=0.2054 poc=75.0 val=75.0 vah=75.0
2026-08-20 22:34:20,197 - INFO - [bot-1787212103966-b523] Evaluating strategy on completed candle: 2026-08-20 16:55:00+00:00 at Close price: 87.76
2026-08-20 22:34:20,268 - INFO - Confluence Evaluation | Regime: TRENDING (ADX=30.7) | Direction: LONG | BullScore: 82.6% | BearScore: 17.4% | Active: ['ema', 'macd', 'rsi', 'vp']
2026-08-20 22:34:20,362 - INFO - Capping position size 202.531646 BTC to available cash equivalent 91.157703 BTC.
2026-08-20 22:34:20,382 - INFO - [bot-1787212103966-b523] Signal LONG active pending approval already exists (ID: 42).
2026-08-20 22:34:20,584 - INFO - Logged heartbeat status: OK
2026-08-20 22:34:20,585 - INFO - Job "LiveRunner.process_cycle (trigger: interval[0:05:00], next run at: 2026-08-20 22:39:19 IST)" executed successfully
2026-08-20 22:39:19,590 - INFO - Running job "LiveRunner.process_cycle (trigger: interval[0:05:00], next run at: 2026-08-20 22:44:19 IST)" (scheduled at 2026-08-20 22:39:19.541415+05:30)
2026-08-20 22:39:19,598 - INFO - [bot-1787212103966-b523] Starting signal check cycle for SOL/USDT (5m)...
2026-08-20 22:39:19,645 - INFO - Fetching recent candles for SOL/USDT (5m) [Bot: bot-1787212103966-b523] via ProviderManager...
2026-08-20 22:39:20,275 - INFO - Indicators computed | close=87.65 ema_9=87.50 ema_20=87.30 ema_50=87.10 ema_200=86.02 macd=0.2035 poc=75.0 val=75.0 vah=75.0
2026-08-20 22:39:20,276 - INFO - [bot-1787212103966-b523] Evaluating strategy on completed candle: 2026-08-20 17:00:00+00:00 at Close price: 87.70
2026-08-20 22:39:20,344 - INFO - Confluence Evaluation | Regime: TRENDING (ADX=30.8) | Direction: LONG | BullScore: 82.6% | BearScore: 17.4% | Active: ['ema', 'macd', 'rsi', 'vp']
2026-08-20 22:39:20,441 - INFO - Capping position size 290.909091 BTC to available cash equivalent 91.220068 BTC.
2026-08-20 22:39:20,499 - INFO - [bot-1787212103966-b523] Signal LONG active pending approval already exists (ID: 42).
2026-08-20 22:39:20,704 - INFO - Logged heartbeat status: OK
2026-08-20 22:39:20,705 - INFO - Job "LiveRunner.process_cycle (trigger: interval[0:05:00], next run at: 2026-08-20 22:44:19 IST)" executed successfully
2026-08-20 22:44:19,553 - INFO - Running job "LiveRunner.process_cycle (trigger: interval[0:05:00], next run at: 2026-08-20 22:49:19 IST)" (scheduled at 2026-08-20 22:44:19.541415+05:30)
2026-08-20 22:44:19,560 - INFO - [bot-1787212103966-b523] Starting signal check cycle for SOL/USDT (5m)...
2026-08-20 22:44:19,613 - INFO - Fetching recent candles for SOL/USDT (5m) [Bot: bot-1787212103966-b523] via ProviderManager...
2026-08-20 22:44:20,080 - INFO - Indicators computed | close=87.43 ema_9=87.48 ema_20=87.31 ema_50=87.11 ema_200=86.03 macd=0.1822 poc=75.0 val=75.0 vah=75.0
2026-08-20 22:44:20,084 - INFO - [bot-1787212103966-b523] Evaluating strategy on completed candle: 2026-08-20 17:05:00+00:00 at Close price: 87.56
2026-08-20 22:44:20,161 - INFO - Confluence Evaluation | Regime: TRENDING (ADX=29.0) | Direction: LONG | BullScore: 82.6% | BearScore: 17.4% | Active: ['ema', 'macd', 'rsi', 'vp']
2026-08-20 22:44:20,274 - INFO - Capping position size 615.384615 BTC to available cash equivalent 91.365921 BTC.
2026-08-20 22:44:20,279 - INFO - [bot-1787212103966-b523] Signal LONG active pending approval already exists (ID: 42).
2026-08-20 22:44:20,515 - INFO - Logged heartbeat status: OK
2026-08-20 22:44:20,518 - INFO - Job "LiveRunner.process_cycle (trigger: interval[0:05:00], next run at: 2026-08-20 22:49:19 IST)" executed successfully
2026-08-20 22:49:19,555 - INFO - Running job "LiveRunner.process_cycle (trigger: interval[0:05:00], next run at: 2026-08-20 22:54:19 IST)" (scheduled at 2026-08-20 22:49:19.541415+05:30)
2026-08-20 22:49:19,566 - INFO - [bot-1787212103966-b523] Starting signal check cycle for SOL/USDT (5m)...
2026-08-20 22:49:19,614 - INFO - Fetching recent candles for SOL/USDT (5m) [Bot: bot-1787212103966-b523] via ProviderManager...
2026-08-20 22:49:20,245 - INFO - Indicators computed | close=87.43 ema_9=87.46 ema_20=87.32 ema_50=87.12 ema_200=86.05 macd=0.1672 poc=75.0 val=75.0 vah=75.0
2026-08-20 22:49:20,248 - INFO - [bot-1787212103966-b523] Evaluating strategy on completed candle: 2026-08-20 17:10:00+00:00 at Close price: 87.40
2026-08-20 22:49:20,314 - INFO - Confluence Evaluation | Regime: TRENDING (ADX=28.0) | Direction: LONG | BullScore: 82.6% | BearScore: 17.4% | Active: ['ema', 'macd', 'rsi', 'vp']
2026-08-20 22:49:20,401 - INFO - Capping position size 1066.666667 BTC to available cash equivalent 91.533181 BTC.
2026-08-20 22:49:20,427 - INFO - Created pending signal approval ID 70 for bot bot-1787212103966-b523 (LONG @ $87.40, status: WAITING_APPROVAL)
2026-08-20 22:49:20,543 - INFO - [bot-1787212103966-b523] Signal LONG generated (ID: 70). Waiting for manual user approval.
2026-08-20 22:49:20,784 - INFO - Logged heartbeat status: OK
2026-08-20 22:49:20,784 - INFO - Job "LiveRunner.process_cycle (trigger: interval[0:05:00], next run at: 2026-08-20 22:54:19 IST)" executed successfully
2026-08-21 00:19:18,616 - WARNING - Run time of job "LiveRunner.process_cycle (trigger: interval[0:05:00], next run at: 2026-08-21 00:19:19 IST)" was missed by 0:04:59.065316
2026-08-21 00:19:19,546 - INFO - Running job "LiveRunner.process_cycle (trigger: interval[0:05:00], next run at: 2026-08-21 00:24:19 IST)" (scheduled at 2026-08-21 00:19:19.541415+05:30)
2026-08-21 00:19:19,607 - INFO - [bot-1787212103966-b523] Starting signal check cycle for SOL/USDT (5m)...
2026-08-21 00:19:19,665 - INFO - Fetching recent candles for SOL/USDT (5m) [Bot: bot-1787212103966-b523] via ProviderManager...
2026-08-21 00:19:29,786 - ERROR - Binance Spot Network Error: binance GET https://api.binance.com/api/v3/klines?interval=5m&limit=1000&symbol=SOLUSDT
--- Logging error ---
Traceback (most recent call last):
  File "/Users/ashishparadkar/Downloads/algo-code-main/.venv/lib/python3.9/site-packages/urllib3/connectionpool.py", line 534, in _make_request
    response = conn.getresponse()
  File "/Users/ashishparadkar/Downloads/algo-code-main/.venv/lib/python3.9/site-packages/urllib3/connection.py", line 571, in getresponse
    httplib_response = super().getresponse()
  File "/Library/Developer/CommandLineTools/Library/Frameworks/Python3.framework/Versions/3.9/lib/python3.9/http/client.py", line 1349, in getresponse
    response.begin()
  File "/Library/Developer/CommandLineTools/Library/Frameworks/Python3.framework/Versions/3.9/lib/python3.9/http/client.py", line 316, in begin
    version, status, reason = self._read_status()
  File "/Library/Developer/CommandLineTools/Library/Frameworks/Python3.framework/Versions/3.9/lib/python3.9/http/client.py", line 277, in _read_status
    line = str(self.fp.readline(_MAXLINE + 1), "iso-8859-1")
  File "/Library/Developer/CommandLineTools/Library/Frameworks/Python3.framework/Versions/3.9/lib/python3.9/socket.py", line 704, in readinto
    return self._sock.recv_into(b)
  File "/Library/Developer/CommandLineTools/Library/Frameworks/Python3.framework/Versions/3.9/lib/python3.9/ssl.py", line 1241, in recv_into
    return self.read(nbytes, buffer)
  File "/Library/Developer/CommandLineTools/Library/Frameworks/Python3.framework/Versions/3.9/lib/python3.9/ssl.py", line 1099, in read
    return self._sslobj.read(len, buffer)
socket.timeout: The read operation timed out

The above exception was the direct cause of the following exception:

Traceback (most recent call last):
  File "/Users/ashishparadkar/Downloads/algo-code-main/.venv/lib/python3.9/site-packages/requests/adapters.py", line 644, in send
    resp = conn.urlopen(
  File "/Users/ashishparadkar/Downloads/algo-code-main/.venv/lib/python3.9/site-packages/urllib3/connectionpool.py", line 841, in urlopen
    retries = retries.increment(
  File "/Users/ashishparadkar/Downloads/algo-code-main/.venv/lib/python3.9/site-packages/urllib3/util/retry.py", line 490, in increment
    raise reraise(type(error), error, _stacktrace)
  File "/Users/ashishparadkar/Downloads/algo-code-main/.venv/lib/python3.9/site-packages/urllib3/util/util.py", line 39, in reraise
    raise value
  File "/Users/ashishparadkar/Downloads/algo-code-main/.venv/lib/python3.9/site-packages/urllib3/connectionpool.py", line 787, in urlopen
    response = self._make_request(
  File "/Users/ashishparadkar/Downloads/algo-code-main/.venv/lib/python3.9/site-packages/urllib3/connectionpool.py", line 536, in _make_request
    self._raise_timeout(err=e, url=url, timeout_value=read_timeout)
  File "/Users/ashishparadkar/Downloads/algo-code-main/.venv/lib/python3.9/site-packages/urllib3/connectionpool.py", line 367, in _raise_timeout
    raise ReadTimeoutError(
urllib3.exceptions.ReadTimeoutError: HTTPSConnectionPool(host='api.binance.com', port=443): Read timed out. (read timeout=10.0)

During handling of the above exception, another exception occurred:

Traceback (most recent call last):
  File "/Users/ashishparadkar/Downloads/algo-code-main/.venv/lib/python3.9/site-packages/ccxt/base/exchange.py", line 665, in fetch
    response = self.session.request(
  File "/Users/ashishparadkar/Downloads/algo-code-main/.venv/lib/python3.9/site-packages/requests/sessions.py", line 589, in request
    resp = self.send(prep, **send_kwargs)
  File "/Users/ashishparadkar/Downloads/algo-code-main/.venv/lib/python3.9/site-packages/requests/sessions.py", line 703, in send
    r = adapter.send(request, **kwargs)
  File "/Users/ashishparadkar/Downloads/algo-code-main/.venv/lib/python3.9/site-packages/requests/adapters.py", line 690, in send
    raise ReadTimeout(e, request=request)
requests.exceptions.ReadTimeout: HTTPSConnectionPool(host='api.binance.com', port=443): Read timed out. (read timeout=10.0)

The above exception was the direct cause of the following exception:

Traceback (most recent call last):
  File "/Users/ashishparadkar/Downloads/algo-code-main/src/provider_manager.py", line 351, in fetch_ohlcv_safe
    df = adapter.fetch_ohlcv(instrument, timeframe, limit=limit)
  File "/Users/ashishparadkar/Downloads/algo-code-main/src/provider_manager.py", line 211, in fetch_ohlcv
    raise net_err
  File "/Users/ashishparadkar/Downloads/algo-code-main/src/provider_manager.py", line 183, in fetch_ohlcv
    raw_candles = self.exchange.fetch_ohlcv(
  File "/Users/ashishparadkar/Downloads/algo-code-main/.venv/lib/python3.9/site-packages/ccxt/binance.py", line 4759, in fetch_ohlcv
    response = self.publicGetKlines(self.extend(request, params))
  File "/Users/ashishparadkar/Downloads/algo-code-main/.venv/lib/python3.9/site-packages/ccxt/base/types.py", line 35, in unbound_method
    return _self.request(self.path, self.api, self.method, params, config=self.config)
  File "/Users/ashishparadkar/Downloads/algo-code-main/.venv/lib/python3.9/site-packages/ccxt/binance.py", line 11724, in request
    response = self.fetch2(path, api, method, params, headers, body, config)
  File "/Users/ashishparadkar/Downloads/algo-code-main/.venv/lib/python3.9/site-packages/ccxt/base/exchange.py", line 5566, in fetch2
    raise e
  File "/Users/ashishparadkar/Downloads/algo-code-main/.venv/lib/python3.9/site-packages/ccxt/base/exchange.py", line 5549, in fetch2
    response = self.fetch(request['url'], request['method'], request['headers'], request['body'])
  File "/Users/ashishparadkar/Downloads/algo-code-main/.venv/lib/python3.9/site-packages/ccxt/base/exchange.py", line 698, in fetch
    raise RequestTimeout(details) from e
ccxt.base.errors.RequestTimeout: binance GET https://api.binance.com/api/v3/klines?interval=5m&limit=1000&symbol=SOLUSDT

During handling of the above exception, another exception occurred:

Traceback (most recent call last):
  File "/Library/Developer/CommandLineTools/Library/Frameworks/Python3.framework/Versions/3.9/lib/python3.9/logging/__init__.py", line 1083, in emit
    msg = self.format(record)
  File "/Library/Developer/CommandLineTools/Library/Frameworks/Python3.framework/Versions/3.9/lib/python3.9/logging/__init__.py", line 927, in format
    return fmt.format(record)
  File "/Library/Developer/CommandLineTools/Library/Frameworks/Python3.framework/Versions/3.9/lib/python3.9/logging/__init__.py", line 663, in format
    record.message = record.getMessage()
  File "/Library/Developer/CommandLineTools/Library/Frameworks/Python3.framework/Versions/3.9/lib/python3.9/logging/__init__.py", line 367, in getMessage
    msg = msg % self.args
TypeError: must be real number, not RequestTimeout
Call stack:
  File "/Library/Developer/CommandLineTools/Library/Frameworks/Python3.framework/Versions/3.9/lib/python3.9/threading.py", line 930, in _bootstrap
    self._bootstrap_inner()
  File "/Library/Developer/CommandLineTools/Library/Frameworks/Python3.framework/Versions/3.9/lib/python3.9/threading.py", line 973, in _bootstrap_inner
    self.run()
  File "/Library/Developer/CommandLineTools/Library/Frameworks/Python3.framework/Versions/3.9/lib/python3.9/threading.py", line 910, in run
    self._target(*self._args, **self._kwargs)
  File "/Library/Developer/CommandLineTools/Library/Frameworks/Python3.framework/Versions/3.9/lib/python3.9/concurrent/futures/thread.py", line 77, in _worker
    work_item.run()
  File "/Library/Developer/CommandLineTools/Library/Frameworks/Python3.framework/Versions/3.9/lib/python3.9/concurrent/futures/thread.py", line 52, in run
    result = self.fn(*self.args, **self.kwargs)
  File "/Users/ashishparadkar/Downloads/algo-code-main/.venv/lib/python3.9/site-packages/apscheduler/executors/base.py", line 131, in run_job
    retval = job.func(*job.args, **job.kwargs)
  File "/Users/ashishparadkar/Downloads/algo-code-main/src/live_runner.py", line 199, in process_cycle
    df, _ = self.provider_manager.fetch_ohlcv_safe(self.symbol, self.timeframe, limit=1000)
  File "/Users/ashishparadkar/Downloads/algo-code-main/src/provider_manager.py", line 362, in fetch_ohlcv_safe
    logger.warning(
Message: 'Retryable network failure for %s (Attempt %d/%d). Backing off %.2fs: %s'
Arguments: ('SOL/USDT', 1, 3, RequestTimeout('binance GET https://api.binance.com/api/v3/klines?interval=5m&limit=1000&symbol=SOLUSDT'))
2026-08-21 00:19:32,418 - INFO - Indicators computed | close=86.95 ema_9=87.03 ema_20=87.18 ema_50=87.18 ema_200=86.25 macd=-0.1137 poc=75.0 val=75.0 vah=75.0
2026-08-21 00:19:32,420 - INFO - [bot-1787212103966-b523] Evaluating strategy on completed candle: 2026-08-20 18:40:00+00:00 at Close price: 86.86
2026-08-21 00:19:32,499 - INFO - Confluence Evaluation | Regime: TRENDING (ADX=39.5) | Direction: HOLD | BullScore: 0.0% | BearScore: 67.4% | Active: ['ema', 'macd', 'rsi', 'vp']
2026-08-21 00:19:32,594 - INFO - Signal evaluated: HOLD. Reason/Details: Confluence score: 67% (HOLD)
2026-08-21 00:19:32,772 - INFO - Logged heartbeat status: OK
2026-08-21 00:19:32,773 - INFO - Job "LiveRunner.process_cycle (trigger: interval[0:05:00], next run at: 2026-08-21 00:24:19 IST)" executed successfully
2026-08-21 00:24:19,562 - INFO - Running job "LiveRunner.process_cycle (trigger: interval[0:05:00], next run at: 2026-08-21 00:29:19 IST)" (scheduled at 2026-08-21 00:24:19.541415+05:30)
2026-08-21 00:24:19,583 - INFO - [bot-1787212103966-b523] Starting signal check cycle for SOL/USDT (5m)...
2026-08-21 00:24:19,621 - INFO - Fetching recent candles for SOL/USDT (5m) [Bot: bot-1787212103966-b523] via ProviderManager...
2026-08-21 00:24:20,610 - INFO - Indicators computed | close=86.96 ema_9=87.01 ema_20=87.16 ema_50=87.17 ema_200=86.26 macd=-0.1156 poc=75.0 val=75.0 vah=75.0
2026-08-21 00:24:20,611 - INFO - [bot-1787212103966-b523] Evaluating strategy on completed candle: 2026-08-20 18:45:00+00:00 at Close price: 86.95
2026-08-21 00:24:20,679 - INFO - Confluence Evaluation | Regime: TRENDING (ADX=39.5) | Direction: HOLD | BullScore: 0.0% | BearScore: 67.4% | Active: ['ema', 'macd', 'rsi', 'vp']
2026-08-21 00:24:20,773 - INFO - Signal evaluated: HOLD. Reason/Details: Confluence score: 67% (HOLD)
2026-08-21 00:24:20,969 - INFO - Logged heartbeat status: OK
2026-08-21 00:24:20,969 - INFO - Job "LiveRunner.process_cycle (trigger: interval[0:05:00], next run at: 2026-08-21 00:29:19 IST)" executed successfully
/Users/ashishparadkar/Downloads/algo-code-main/.venv/lib/python3.9/site-packages/urllib3/__init__.py:35: NotOpenSSLWarning: urllib3 v2 only supports OpenSSL 1.1.1+, currently the 'ssl' module is compiled with 'LibreSSL 2.8.3'. See: https://github.com/urllib3/urllib3/issues/3020
  warnings.warn(
2026-08-21 06:20:53,561 - INFO - Bot state startup reconciliation finished: 0 bot(s) reconciled to STOPPED.
2026-08-21 06:20:54,410 - INFO - Telegram notification service initialized successfully (Chat ID: 5657...)
2026-08-21 06:20:54,421 - INFO - Initializing scheduled trading bot live runner for bot-1787212103966-b523...
2026-08-21 06:20:54,810 - INFO - SQLite database tables verified/created.
2026-08-21 06:20:55,261 - INFO - Initializing CCXT Binance in TESTNET mode.
2026-08-21 06:21:17,294 - INFO - [bot-1787212103966-b523] Pre-flight instrument resolved: SOL/USDT (SPOT via binance_spot)
2026-08-21 06:21:17,379 - INFO - [bot-1787212103966-b523] Starting signal check cycle for SOL/USDT (5m)...
2026-08-21 06:21:17,897 - INFO - Fetching recent candles for SOL/USDT (5m) [Bot: bot-1787212103966-b523] via ProviderManager...
2026-08-21 06:22:33,405 - INFO - Indicators computed | close=88.32 ema_9=88.13 ema_20=87.96 ema_50=87.71 ema_200=86.94 macd=0.1921 poc=75.0 val=75.0 vah=75.0
2026-08-21 06:22:33,420 - INFO - [bot-1787212103966-b523] Evaluating strategy on completed candle: 2026-08-21 00:45:00+00:00 at Close price: 88.10
2026-08-21 06:22:34,841 - INFO - Confluence Evaluation | Regime: TRENDING (ADX=52.2) | Direction: LONG | BullScore: 82.6% | BearScore: 17.4% | Active: ['ema', 'macd', 'rsi', 'vp']
2026-08-21 06:22:35,618 - INFO - Capping position size 400.000000 BTC to available cash equivalent 90.805902 BTC.
2026-08-21 06:22:35,959 - INFO - Created pending signal approval ID 93 for bot bot-1787212103966-b523 (LONG @ $88.10, status: WAITING_APPROVAL)
2026-08-21 06:22:36,048 - INFO - [bot-1787212103966-b523] Signal LONG generated (ID: 93). Waiting for manual user approval.
2026-08-21 06:22:36,787 - INFO - Logged heartbeat status: OK
2026-08-21 06:22:37,090 - INFO - Adding job tentatively -- it will be properly scheduled when the scheduler starts
2026-08-21 06:22:37,090 - INFO - Bot bot-1787212103966-b523 scheduled to check every 5 minutes.
2026-08-21 06:22:37,102 - INFO - Added job "LiveRunner.process_cycle" to job store "default"
2026-08-21 06:22:37,102 - INFO - Scheduler started
2026-08-21 06:27:37,223 - INFO - Running job "LiveRunner.process_cycle (trigger: interval[0:05:00], next run at: 2026-08-21 06:32:37 IST)" (scheduled at 2026-08-21 06:27:37.087785+05:30)
2026-08-21 06:27:37,273 - INFO - [bot-1787212103966-b523] Starting signal check cycle for SOL/USDT (5m)...
2026-08-21 06:27:37,325 - INFO - Fetching recent candles for SOL/USDT (5m) [Bot: bot-1787212103966-b523] via ProviderManager...
2026-08-21 06:27:37,954 - INFO - Indicators computed | close=88.13 ema_9=88.11 ema_20=87.96 ema_50=87.72 ema_200=86.96 macd=0.1759 poc=75.0 val=75.0 vah=75.0
2026-08-21 06:27:37,956 - INFO - [bot-1787212103966-b523] Evaluating strategy on completed candle: 2026-08-21 00:50:00+00:00 at Close price: 88.22
2026-08-21 06:27:38,019 - INFO - Confluence Evaluation | Regime: TRENDING (ADX=53.3) | Direction: LONG | BullScore: 82.6% | BearScore: 17.4% | Active: ['ema', 'macd', 'rsi', 'vp']
2026-08-21 06:27:38,126 - INFO - Capping position size 307.692308 BTC to available cash equivalent 90.682385 BTC.
2026-08-21 06:27:38,177 - INFO - [bot-1787212103966-b523] Signal LONG active pending approval already exists (ID: 93).
2026-08-21 06:27:38,364 - INFO - Logged heartbeat status: OK
2026-08-21 06:27:38,367 - INFO - Job "LiveRunner.process_cycle (trigger: interval[0:05:00], next run at: 2026-08-21 06:32:37 IST)" executed successfully
2026-08-21 06:32:37,151 - INFO - Running job "LiveRunner.process_cycle (trigger: interval[0:05:00], next run at: 2026-08-21 06:37:37 IST)" (scheduled at 2026-08-21 06:32:37.087785+05:30)
2026-08-21 06:32:37,169 - INFO - [bot-1787212103966-b523] Starting signal check cycle for SOL/USDT (5m)...
2026-08-21 06:32:37,222 - INFO - Fetching recent candles for SOL/USDT (5m) [Bot: bot-1787212103966-b523] via ProviderManager...
2026-08-21 06:32:37,772 - INFO - Indicators computed | close=88.25 ema_9=88.16 ema_20=88.00 ema_50=87.75 ema_200=86.97 macd=0.1832 poc=75.0 val=75.0 vah=75.0
2026-08-21 06:32:37,774 - INFO - [bot-1787212103966-b523] Evaluating strategy on completed candle: 2026-08-21 00:55:00+00:00 at Close price: 88.23
2026-08-21 06:32:37,835 - INFO - Confluence Evaluation | Regime: TRENDING (ADX=53.9) | Direction: LONG | BullScore: 82.6% | BearScore: 17.4% | Active: ['ema', 'macd', 'rsi', 'vp']
2026-08-21 06:32:37,941 - INFO - Capping position size 301.886792 BTC to available cash equivalent 90.672107 BTC.
2026-08-21 06:32:37,950 - INFO - [bot-1787212103966-b523] Signal LONG active pending approval already exists (ID: 93).
2026-08-21 06:32:38,114 - INFO - Logged heartbeat status: OK
2026-08-21 06:32:38,114 - INFO - Job "LiveRunner.process_cycle (trigger: interval[0:05:00], next run at: 2026-08-21 06:37:37 IST)" executed successfully
2026-08-21 06:37:37,111 - INFO - Running job "LiveRunner.process_cycle (trigger: interval[0:05:00], next run at: 2026-08-21 06:42:37 IST)" (scheduled at 2026-08-21 06:37:37.087785+05:30)
2026-08-21 06:37:37,125 - INFO - [bot-1787212103966-b523] Starting signal check cycle for SOL/USDT (5m)...
2026-08-21 06:37:37,180 - INFO - Fetching recent candles for SOL/USDT (5m) [Bot: bot-1787212103966-b523] via ProviderManager...
2026-08-21 06:37:37,822 - INFO - Indicators computed | close=88.28 ema_9=88.19 ema_20=88.03 ema_50=87.77 ema_200=86.98 macd=0.1879 poc=75.0 val=75.0 vah=75.0
2026-08-21 06:37:37,823 - INFO - [bot-1787212103966-b523] Evaluating strategy on completed candle: 2026-08-21 01:00:00+00:00 at Close price: 88.33
2026-08-21 06:37:37,904 - INFO - Confluence Evaluation | Regime: TRENDING (ADX=53.8) | Direction: LONG | BullScore: 82.6% | BearScore: 17.4% | Active: ['ema', 'macd', 'rsi', 'vp']
2026-08-21 06:37:37,998 - INFO - Capping position size 253.968254 BTC to available cash equivalent 90.569455 BTC.
2026-08-21 06:37:38,057 - INFO - [bot-1787212103966-b523] Signal LONG active pending approval already exists (ID: 93).
2026-08-21 06:37:38,276 - INFO - Logged heartbeat status: OK
2026-08-21 06:37:38,277 - INFO - Job "LiveRunner.process_cycle (trigger: interval[0:05:00], next run at: 2026-08-21 06:42:37 IST)" executed successfully
2026-08-21 06:42:37,113 - INFO - Running job "LiveRunner.process_cycle (trigger: interval[0:05:00], next run at: 2026-08-21 06:47:37 IST)" (scheduled at 2026-08-21 06:42:37.087785+05:30)
2026-08-21 06:42:37,135 - INFO - [bot-1787212103966-b523] Starting signal check cycle for SOL/USDT (5m)...
2026-08-21 06:42:37,193 - INFO - Fetching recent candles for SOL/USDT (5m) [Bot: bot-1787212103966-b523] via ProviderManager...
2026-08-21 06:42:37,954 - INFO - Indicators computed | close=88.31 ema_9=88.23 ema_20=88.07 ema_50=87.79 ema_200=87.00 macd=0.1911 poc=75.0 val=75.0 vah=75.0
2026-08-21 06:42:37,957 - INFO - [bot-1787212103966-b523] Evaluating strategy on completed candle: 2026-08-21 01:05:00+00:00 at Close price: 88.35
2026-08-21 06:42:38,071 - INFO - Confluence Evaluation | Regime: TRENDING (ADX=53.7) | Direction: LONG | BullScore: 82.6% | BearScore: 17.4% | Active: ['ema', 'macd', 'rsi', 'vp']
2026-08-21 06:42:38,166 - INFO - Capping position size 250.000000 BTC to available cash equivalent 90.548953 BTC.
2026-08-21 06:42:38,177 - INFO - [bot-1787212103966-b523] Signal LONG active pending approval already exists (ID: 93).
2026-08-21 06:42:38,268 - INFO - Logged heartbeat status: OK
2026-08-21 06:42:38,268 - INFO - Job "LiveRunner.process_cycle (trigger: interval[0:05:00], next run at: 2026-08-21 06:47:37 IST)" executed successfully
2026-08-21 06:47:37,121 - INFO - Running job "LiveRunner.process_cycle (trigger: interval[0:05:00], next run at: 2026-08-21 06:52:37 IST)" (scheduled at 2026-08-21 06:47:37.087785+05:30)
2026-08-21 06:47:37,159 - INFO - [bot-1787212103966-b523] Starting signal check cycle for SOL/USDT (5m)...
2026-08-21 06:47:37,226 - INFO - Fetching recent candles for SOL/USDT (5m) [Bot: bot-1787212103966-b523] via ProviderManager...
2026-08-21 06:47:37,939 - INFO - Indicators computed | close=88.49 ema_9=88.29 ema_20=88.11 ema_50=87.82 ema_200=87.01 macd=0.2052 poc=75.0 val=75.0 vah=75.0
2026-08-21 06:47:37,943 - INFO - [bot-1787212103966-b523] Evaluating strategy on completed candle: 2026-08-21 01:10:00+00:00 at Close price: 88.37
2026-08-21 06:47:38,035 - INFO - Confluence Evaluation | Regime: TRENDING (ADX=53.9) | Direction: LONG | BullScore: 82.6% | BearScore: 17.4% | Active: ['ema', 'macd', 'rsi', 'vp']
2026-08-21 06:47:38,178 - INFO - Capping position size 333.333333 BTC to available cash equivalent 90.528460 BTC.
2026-08-21 06:47:38,230 - INFO - [bot-1787212103966-b523] Signal LONG active pending approval already exists (ID: 93).
2026-08-21 06:47:38,428 - INFO - Logged heartbeat status: OK
2026-08-21 06:47:38,430 - INFO - Job "LiveRunner.process_cycle (trigger: interval[0:05:00], next run at: 2026-08-21 06:52:37 IST)" executed successfully
2026-08-21 06:52:37,100 - INFO - Running job "LiveRunner.process_cycle (trigger: interval[0:05:00], next run at: 2026-08-21 06:57:37 IST)" (scheduled at 2026-08-21 06:52:37.087785+05:30)
2026-08-21 06:52:37,131 - INFO - [bot-1787212103966-b523] Starting signal check cycle for SOL/USDT (5m)...
2026-08-21 06:52:37,172 - INFO - Fetching recent candles for SOL/USDT (5m) [Bot: bot-1787212103966-b523] via ProviderManager...
2026-08-21 06:52:37,507 - INFO - Indicators computed | close=88.38 ema_9=88.35 ema_20=88.16 ema_50=87.85 ema_200=87.03 macd=0.2167 poc=75.0 val=75.0 vah=75.0
2026-08-21 06:52:37,508 - INFO - [bot-1787212103966-b523] Evaluating strategy on completed candle: 2026-08-21 01:15:00+00:00 at Close price: 88.74
2026-08-21 06:52:37,601 - INFO - Confluence Evaluation | Regime: TRENDING (ADX=53.4) | Direction: LONG | BullScore: 82.6% | BearScore: 17.4% | Active: ['ema', 'macd', 'rsi', 'vp']
2026-08-21 06:52:37,706 - INFO - Capping position size 188.235294 BTC to available cash equivalent 90.151003 BTC.
2026-08-21 06:52:37,811 - INFO - Created pending signal approval ID 123 for bot bot-1787212103966-b523 (LONG @ $88.74, status: WAITING_APPROVAL)
2026-08-21 06:52:37,907 - INFO - [bot-1787212103966-b523] Signal LONG generated (ID: 123). Waiting for manual user approval.
2026-08-21 06:52:38,122 - INFO - Logged heartbeat status: OK
2026-08-21 06:52:38,122 - INFO - Job "LiveRunner.process_cycle (trigger: interval[0:05:00], next run at: 2026-08-21 06:57:37 IST)" executed successfully
2026-08-21 06:57:37,114 - INFO - Running job "LiveRunner.process_cycle (trigger: interval[0:05:00], next run at: 2026-08-21 07:02:37 IST)" (scheduled at 2026-08-21 06:57:37.087785+05:30)
2026-08-21 06:57:37,127 - INFO - [bot-1787212103966-b523] Starting signal check cycle for SOL/USDT (5m)...
2026-08-21 06:57:37,177 - INFO - Fetching recent candles for SOL/USDT (5m) [Bot: bot-1787212103966-b523] via ProviderManager...
2026-08-21 06:57:37,696 - INFO - Indicators computed | close=88.35 ema_9=88.35 ema_20=88.18 ema_50=87.87 ema_200=87.04 macd=0.2053 poc=75.0 val=75.0 vah=75.0
2026-08-21 06:57:37,697 - INFO - [bot-1787212103966-b523] Evaluating strategy on completed candle: 2026-08-21 01:20:00+00:00 at Close price: 88.38
2026-08-21 06:57:37,764 - INFO - Confluence Evaluation | Regime: TRENDING (ADX=51.9) | Direction: LONG | BullScore: 82.6% | BearScore: 17.4% | Active: ['ema', 'macd', 'rsi', 'vp']
2026-08-21 06:57:37,848 - INFO - Capping position size 457.142857 BTC to available cash equivalent 90.518217 BTC.
2026-08-21 06:57:37,891 - INFO - [bot-1787212103966-b523] Signal LONG active pending approval already exists (ID: 123).
2026-08-21 06:57:38,091 - INFO - Logged heartbeat status: OK
2026-08-21 06:57:38,092 - INFO - Job "LiveRunner.process_cycle (trigger: interval[0:05:00], next run at: 2026-08-21 07:02:37 IST)" executed successfully
2026-08-21 07:02:37,108 - INFO - Running job "LiveRunner.process_cycle (trigger: interval[0:05:00], next run at: 2026-08-21 07:07:37 IST)" (scheduled at 2026-08-21 07:02:37.087785+05:30)
2026-08-21 07:02:37,114 - INFO - [bot-1787212103966-b523] Starting signal check cycle for SOL/USDT (5m)...
2026-08-21 07:02:37,168 - INFO - Fetching recent candles for SOL/USDT (5m) [Bot: bot-1787212103966-b523] via ProviderManager...
2026-08-21 07:02:37,543 - INFO - Indicators computed | close=88.60 ema_9=88.40 ema_20=88.22 ema_50=87.90 ema_200=87.06 macd=0.2151 poc=75.0 val=75.0 vah=75.0
2026-08-21 07:02:37,544 - INFO - [bot-1787212103966-b523] Evaluating strategy on completed candle: 2026-08-21 01:25:00+00:00 at Close price: 88.37
2026-08-21 07:02:37,607 - INFO - Confluence Evaluation | Regime: TRENDING (ADX=48.8) | Direction: LONG | BullScore: 82.6% | BearScore: 17.4% | Active: ['ema', 'macd', 'rsi', 'vp']
2026-08-21 07:02:37,701 - INFO - Capping position size 640.000000 BTC to available cash equivalent 90.528460 BTC.
2026-08-21 07:02:37,753 - INFO - [bot-1787212103966-b523] Signal LONG active pending approval already exists (ID: 123).
2026-08-21 07:02:37,960 - INFO - Logged heartbeat status: OK
2026-08-21 07:02:37,960 - INFO - Job "LiveRunner.process_cycle (trigger: interval[0:05:00], next run at: 2026-08-21 07:07:37 IST)" executed successfully
/Users/ashishparadkar/Downloads/algo-code-main/.venv/lib/python3.9/site-packages/urllib3/__init__.py:35: NotOpenSSLWarning: urllib3 v2 only supports OpenSSL 1.1.1+, currently the 'ssl' module is compiled with 'LibreSSL 2.8.3'. See: https://github.com/urllib3/urllib3/issues/3020
  warnings.warn(
2026-08-21 12:13:30,518 - INFO - Bot state startup reconciliation finished: 0 bot(s) reconciled to STOPPED.
2026-08-21 12:13:31,457 - INFO - Telegram notification service initialized successfully (Chat ID: 5657...)
2026-08-21 12:13:31,602 - INFO - Initializing scheduled trading bot live runner for bot-1787212103966-b523...
2026-08-21 12:13:32,343 - INFO - SQLite database tables verified/created.
2026-08-21 12:13:33,122 - INFO - Initializing CCXT Binance in TESTNET mode.
2026-08-21 12:13:59,763 - INFO - [bot-1787212103966-b523] Pre-flight instrument resolved: SOL/USDT (SPOT via binance_spot)
2026-08-21 12:14:00,001 - INFO - [bot-1787212103966-b523] Starting signal check cycle for SOL/USDT (5m)...
2026-08-21 12:14:00,747 - INFO - Fetching recent candles for SOL/USDT (5m) [Bot: bot-1787212103966-b523] via ProviderManager...
2026-08-21 12:15:18,287 - INFO - Indicators computed | close=89.83 ema_9=90.21 ema_20=90.13 ema_50=89.69 ema_200=88.25 macd=0.1790 poc=75.0 val=75.0 vah=75.0
2026-08-21 12:15:18,299 - INFO - [bot-1787212103966-b523] Evaluating strategy on completed candle: 2026-08-21 06:40:00+00:00 at Close price: 90.09
2026-08-21 12:15:18,935 - INFO - Confluence Evaluation | Regime: TRENDING (ADX=44.1) | Direction: HOLD | BullScore: 17.4% | BearScore: 17.4% | Active: ['ema', 'macd', 'rsi', 'vp']
2026-08-21 12:15:19,830 - INFO - Signal evaluated: HOLD. Reason/Details: Confluence score: 17% (HOLD)
2026-08-21 12:15:20,663 - INFO - Logged heartbeat status: OK
2026-08-21 12:15:20,725 - INFO - Adding job tentatively -- it will be properly scheduled when the scheduler starts
2026-08-21 12:15:20,726 - INFO - Bot bot-1787212103966-b523 scheduled to check every 5 minutes.
2026-08-21 12:15:20,738 - INFO - Added job "LiveRunner.process_cycle" to job store "default"
2026-08-21 12:15:20,738 - INFO - Scheduler started
2026-08-21 12:20:20,999 - INFO - Running job "LiveRunner.process_cycle (trigger: interval[0:05:00], next run at: 2026-08-21 12:25:20 IST)" (scheduled at 2026-08-21 12:20:20.720622+05:30)
2026-08-21 12:20:21,109 - INFO - [bot-1787212103966-b523] Starting signal check cycle for SOL/USDT (5m)...
2026-08-21 12:20:21,200 - INFO - Fetching recent candles for SOL/USDT (5m) [Bot: bot-1787212103966-b523] via ProviderManager...
2026-08-21 12:20:22,209 - INFO - Indicators computed | close=90.30 ema_9=90.31 ema_20=90.19 ema_50=89.73 ema_200=88.28 macd=0.2031 poc=75.0 val=75.0 vah=75.0
2026-08-21 12:20:22,212 - INFO - [bot-1787212103966-b523] Evaluating strategy on completed candle: 2026-08-21 06:45:00+00:00 at Close price: 90.33
2026-08-21 12:20:22,371 - INFO - Confluence Evaluation | Regime: TRENDING (ADX=42.3) | Direction: HOLD | BullScore: 50.0% | BearScore: 17.4% | Active: ['ema', 'macd', 'rsi', 'vp']
2026-08-21 12:20:22,492 - INFO - Signal evaluated: HOLD. Reason/Details: Confluence score: 50% (HOLD)
2026-08-21 12:20:22,742 - INFO - Logged heartbeat status: OK
2026-08-21 12:20:22,744 - INFO - Job "LiveRunner.process_cycle (trigger: interval[0:05:00], next run at: 2026-08-21 12:25:20 IST)" executed successfully
2026-08-21 12:25:20,746 - INFO - Running job "LiveRunner.process_cycle (trigger: interval[0:05:00], next run at: 2026-08-21 12:30:20 IST)" (scheduled at 2026-08-21 12:25:20.720622+05:30)
2026-08-21 12:25:20,770 - INFO - [bot-1787212103966-b523] Starting signal check cycle for SOL/USDT (5m)...
2026-08-21 12:25:20,831 - INFO - Fetching recent candles for SOL/USDT (5m) [Bot: bot-1787212103966-b523] via ProviderManager...
2026-08-21 12:25:21,836 - INFO - Indicators computed | close=90.17 ema_9=90.26 ema_20=90.17 ema_50=89.74 ema_200=88.30 macd=0.1682 poc=75.0 val=75.0 vah=75.0
2026-08-21 12:25:21,838 - INFO - [bot-1787212103966-b523] Evaluating strategy on completed candle: 2026-08-21 06:50:00+00:00 at Close price: 90.14
2026-08-21 12:25:21,930 - INFO - Confluence Evaluation | Regime: TRENDING (ADX=40.2) | Direction: HOLD | BullScore: 0.0% | BearScore: 34.8% | Active: ['ema', 'macd', 'rsi', 'vp']
2026-08-21 12:25:22,028 - INFO - Signal evaluated: HOLD. Reason/Details: Confluence score: 35% (HOLD)
2026-08-21 12:25:22,225 - INFO - Logged heartbeat status: OK
2026-08-21 12:25:22,226 - INFO - Job "LiveRunner.process_cycle (trigger: interval[0:05:00], next run at: 2026-08-21 12:30:20 IST)" executed successfully
2026-08-21 12:30:20,735 - INFO - Running job "LiveRunner.process_cycle (trigger: interval[0:05:00], next run at: 2026-08-21 12:35:20 IST)" (scheduled at 2026-08-21 12:30:20.720622+05:30)
2026-08-21 12:30:20,747 - INFO - [bot-1787212103966-b523] Starting signal check cycle for SOL/USDT (5m)...
2026-08-21 12:30:20,793 - INFO - Fetching recent candles for SOL/USDT (5m) [Bot: bot-1787212103966-b523] via ProviderManager...
2026-08-21 12:30:21,417 - INFO - Indicators computed | close=90.22 ema_9=90.26 ema_20=90.18 ema_50=89.76 ema_200=88.32 macd=0.1572 poc=75.0 val=75.0 vah=75.0
2026-08-21 12:30:21,419 - INFO - [bot-1787212103966-b523] Evaluating strategy on completed candle: 2026-08-21 06:55:00+00:00 at Close price: 90.24
2026-08-21 12:30:21,528 - INFO - Confluence Evaluation | Regime: TRENDING (ADX=37.4) | Direction: HOLD | BullScore: 32.6% | BearScore: 34.8% | Active: ['ema', 'macd', 'rsi', 'vp']
2026-08-21 12:30:21,662 - INFO - Signal evaluated: HOLD. Reason/Details: Confluence score: 35% (HOLD)
2026-08-21 12:30:21,924 - INFO - Logged heartbeat status: OK
2026-08-21 12:30:21,925 - INFO - Job "LiveRunner.process_cycle (trigger: interval[0:05:00], next run at: 2026-08-21 12:35:20 IST)" executed successfully
2026-08-21 12:35:20,756 - INFO - Running job "LiveRunner.process_cycle (trigger: interval[0:05:00], next run at: 2026-08-21 12:40:20 IST)" (scheduled at 2026-08-21 12:35:20.720622+05:30)
2026-08-21 12:35:20,768 - INFO - [bot-1787212103966-b523] Starting signal check cycle for SOL/USDT (5m)...
2026-08-21 12:35:20,818 - INFO - Fetching recent candles for SOL/USDT (5m) [Bot: bot-1787212103966-b523] via ProviderManager...
2026-08-21 12:35:21,245 - INFO - Indicators computed | close=90.54 ema_9=90.37 ema_20=90.24 ema_50=89.81 ema_200=88.34 macd=0.1877 poc=75.0 val=75.0 vah=75.0
2026-08-21 12:35:21,245 - INFO - [bot-1787212103966-b523] Evaluating strategy on completed candle: 2026-08-21 07:00:00+00:00 at Close price: 90.54
2026-08-21 12:35:21,310 - INFO - Confluence Evaluation | Regime: TRENDING (ADX=33.3) | Direction: HOLD | BullScore: 50.0% | BearScore: 17.4% | Active: ['ema', 'macd', 'rsi', 'vp']
2026-08-21 12:35:21,405 - INFO - Signal evaluated: HOLD. Reason/Details: Confluence score: 50% (HOLD)
2026-08-21 12:35:21,611 - INFO - Logged heartbeat status: OK
2026-08-21 12:35:21,611 - INFO - Job "LiveRunner.process_cycle (trigger: interval[0:05:00], next run at: 2026-08-21 12:40:20 IST)" executed successfully
2026-08-21 12:40:20,732 - INFO - Running job "LiveRunner.process_cycle (trigger: interval[0:05:00], next run at: 2026-08-21 12:45:20 IST)" (scheduled at 2026-08-21 12:40:20.720622+05:30)
2026-08-21 12:40:20,743 - INFO - [bot-1787212103966-b523] Starting signal check cycle for SOL/USDT (5m)...
2026-08-21 12:40:20,782 - INFO - Fetching recent candles for SOL/USDT (5m) [Bot: bot-1787212103966-b523] via ProviderManager...
2026-08-21 12:40:21,400 - INFO - Indicators computed | close=90.65 ema_9=90.44 ema_20=90.29 ema_50=89.84 ema_200=88.36 macd=0.2031 poc=75.0 val=75.0 vah=75.0
2026-08-21 12:40:21,407 - INFO - [bot-1787212103966-b523] Evaluating strategy on completed candle: 2026-08-21 07:05:00+00:00 at Close price: 90.62
2026-08-21 12:40:21,497 - INFO - Confluence Evaluation | Regime: TRENDING (ADX=30.7) | Direction: HOLD | BullScore: 50.0% | BearScore: 17.4% | Active: ['ema', 'macd', 'rsi', 'vp']
2026-08-21 12:40:21,611 - INFO - Signal evaluated: HOLD. Reason/Details: Confluence score: 50% (HOLD)
2026-08-21 12:40:21,810 - INFO - Logged heartbeat status: OK
2026-08-21 12:40:21,811 - INFO - Job "LiveRunner.process_cycle (trigger: interval[0:05:00], next run at: 2026-08-21 12:45:20 IST)" executed successfully
2026-08-21 12:45:20,734 - INFO - Running job "LiveRunner.process_cycle (trigger: interval[0:05:00], next run at: 2026-08-21 12:50:20 IST)" (scheduled at 2026-08-21 12:45:20.720622+05:30)
2026-08-21 12:45:20,741 - INFO - [bot-1787212103966-b523] Starting signal check cycle for SOL/USDT (5m)...
2026-08-21 12:45:20,789 - INFO - Fetching recent candles for SOL/USDT (5m) [Bot: bot-1787212103966-b523] via ProviderManager...
2026-08-21 12:45:21,172 - INFO - Indicators computed | close=90.91 ema_9=90.56 ema_20=90.36 ema_50=89.89 ema_200=88.39 macd=0.2379 poc=75.0 val=75.0 vah=75.0
2026-08-21 12:45:21,174 - INFO - [bot-1787212103966-b523] Evaluating strategy on completed candle: 2026-08-21 07:10:00+00:00 at Close price: 90.80
2026-08-21 12:45:21,255 - INFO - Confluence Evaluation | Regime: TRENDING (ADX=27.6) | Direction: HOLD | BullScore: 32.6% | BearScore: 34.8% | Active: ['ema', 'macd', 'rsi', 'vp']
2026-08-21 12:45:21,345 - INFO - Signal evaluated: HOLD. Reason/Details: Confluence score: 35% (HOLD)
2026-08-21 12:45:21,547 - INFO - Logged heartbeat status: OK
2026-08-21 12:45:21,548 - INFO - Job "LiveRunner.process_cycle (trigger: interval[0:05:00], next run at: 2026-08-21 12:50:20 IST)" executed successfully
2026-08-21 12:50:20,769 - INFO - Running job "LiveRunner.process_cycle (trigger: interval[0:05:00], next run at: 2026-08-21 12:55:20 IST)" (scheduled at 2026-08-21 12:50:20.720622+05:30)
2026-08-21 12:50:20,775 - INFO - [bot-1787212103966-b523] Starting signal check cycle for SOL/USDT (5m)...
2026-08-21 12:50:20,817 - INFO - Fetching recent candles for SOL/USDT (5m) [Bot: bot-1787212103966-b523] via ProviderManager...
2026-08-21 12:50:21,405 - INFO - Indicators computed | close=90.92 ema_9=90.63 ema_20=90.42 ema_50=89.93 ema_200=88.42 macd=0.2550 poc=75.0 val=75.0 vah=75.0
2026-08-21 12:50:21,406 - INFO - [bot-1787212103966-b523] Evaluating strategy on completed candle: 2026-08-21 07:15:00+00:00 at Close price: 90.93
2026-08-21 12:50:21,496 - INFO - Confluence Evaluation | Regime: RANGING (ADX=23.7) | Direction: HOLD | BullScore: 34.8% | BearScore: 65.2% | Active: ['ema', 'macd', 'rsi', 'vp']
2026-08-21 12:50:21,617 - INFO - Signal evaluated: HOLD. Reason/Details: Confluence score: 65% (HOLD)
2026-08-21 12:50:21,995 - INFO - Logged heartbeat status: OK
2026-08-21 12:50:21,995 - INFO - Job "LiveRunner.process_cycle (trigger: interval[0:05:00], next run at: 2026-08-21 12:55:20 IST)" executed successfully
2026-08-21 12:55:20,732 - INFO - Running job "LiveRunner.process_cycle (trigger: interval[0:05:00], next run at: 2026-08-21 13:00:20 IST)" (scheduled at 2026-08-21 12:55:20.720622+05:30)
2026-08-21 12:55:20,738 - INFO - [bot-1787212103966-b523] Starting signal check cycle for SOL/USDT (5m)...
2026-08-21 12:55:20,805 - INFO - Fetching recent candles for SOL/USDT (5m) [Bot: bot-1787212103966-b523] via ProviderManager...
2026-08-21 12:55:21,350 - INFO - Indicators computed | close=90.40 ema_9=90.49 ema_20=90.37 ema_50=89.93 ema_200=88.43 macd=0.1878 poc=75.0 val=75.0 vah=75.0
2026-08-21 12:55:21,351 - INFO - [bot-1787212103966-b523] Evaluating strategy on completed candle: 2026-08-21 07:20:00+00:00 at Close price: 90.35
2026-08-21 12:55:21,466 - INFO - Confluence Evaluation | Regime: RANGING (ADX=20.2) | Direction: HOLD | BullScore: 0.0% | BearScore: 65.2% | Active: ['ema', 'macd', 'rsi', 'vp']
2026-08-21 12:55:21,567 - INFO - Signal evaluated: HOLD. Reason/Details: Confluence score: 65% (HOLD)
2026-08-21 12:55:21,787 - INFO - Logged heartbeat status: OK
2026-08-21 12:55:21,788 - INFO - Job "LiveRunner.process_cycle (trigger: interval[0:05:00], next run at: 2026-08-21 13:00:20 IST)" executed successfully
2026-08-21 13:00:20,731 - INFO - Running job "LiveRunner.process_cycle (trigger: interval[0:05:00], next run at: 2026-08-21 13:05:20 IST)" (scheduled at 2026-08-21 13:00:20.720622+05:30)
2026-08-21 13:00:20,742 - INFO - [bot-1787212103966-b523] Starting signal check cycle for SOL/USDT (5m)...
2026-08-21 13:00:20,817 - INFO - Fetching recent candles for SOL/USDT (5m) [Bot: bot-1787212103966-b523] via ProviderManager...
2026-08-21 13:00:21,313 - INFO - Indicators computed | close=90.18 ema_9=90.41 ema_20=90.34 ema_50=89.93 ema_200=88.45 macd=0.1436 poc=75.0 val=75.0 vah=75.0
2026-08-21 13:00:21,314 - INFO - [bot-1787212103966-b523] Evaluating strategy on completed candle: 2026-08-21 07:25:00+00:00 at Close price: 90.28
2026-08-21 13:00:21,385 - INFO - Confluence Evaluation | Regime: RANGING (ADX=17.3) | Direction: HOLD | BullScore: 0.0% | BearScore: 65.2% | Active: ['ema', 'macd', 'rsi', 'vp']
2026-08-21 13:00:21,487 - INFO - Signal evaluated: HOLD. Reason/Details: Confluence score: 65% (HOLD)
2026-08-21 13:00:21,699 - INFO - Logged heartbeat status: OK
2026-08-21 13:00:21,700 - INFO - Job "LiveRunner.process_cycle (trigger: interval[0:05:00], next run at: 2026-08-21 13:05:20 IST)" executed successfully
2026-08-21 13:05:20,784 - INFO - Running job "LiveRunner.process_cycle (trigger: interval[0:05:00], next run at: 2026-08-21 13:10:20 IST)" (scheduled at 2026-08-21 13:05:20.720622+05:30)
2026-08-21 13:05:20,817 - INFO - [bot-1787212103966-b523] Starting signal check cycle for SOL/USDT (5m)...
2026-08-21 13:05:20,870 - INFO - Fetching recent candles for SOL/USDT (5m) [Bot: bot-1787212103966-b523] via ProviderManager...
2026-08-21 13:05:21,978 - INFO - Indicators computed | close=90.26 ema_9=90.38 ema_20=90.33 ema_50=89.95 ema_200=88.47 macd=0.1212 poc=75.0 val=75.0 vah=75.0
2026-08-21 13:05:21,981 - INFO - [bot-1787212103966-b523] Evaluating strategy on completed candle: 2026-08-21 07:30:00+00:00 at Close price: 90.18
2026-08-21 13:05:22,252 - INFO - Confluence Evaluation | Regime: RANGING (ADX=15.6) | Direction: HOLD | BullScore: 32.6% | BearScore: 32.6% | Active: ['ema', 'macd', 'rsi', 'vp']
2026-08-21 13:05:22,431 - INFO - Signal evaluated: HOLD. Reason/Details: Confluence score: 33% (HOLD)
2026-08-21 13:05:22,762 - INFO - Logged heartbeat status: OK
2026-08-21 13:05:22,763 - INFO - Job "LiveRunner.process_cycle (trigger: interval[0:05:00], next run at: 2026-08-21 13:10:20 IST)" executed successfully
2026-08-21 13:10:20,743 - INFO - Running job "LiveRunner.process_cycle (trigger: interval[0:05:00], next run at: 2026-08-21 13:10:20 IST)" (scheduled at 2026-08-21 13:10:20.720622+05:30)
2026-08-21 13:10:20,762 - INFO - [bot-1787212103966-b523] Starting signal check cycle for SOL/USDT (5m)...
2026-08-21 13:10:20,806 - INFO - Fetching recent candles for SOL/USDT (5m) [Bot: bot-1787212103966-b523] via ProviderManager...
2026-08-21 13:10:21,266 - INFO - Indicators computed | close=90.37 ema_9=90.41 ema_20=90.35 ema_50=89.97 ema_200=88.49 macd=0.1216 poc=75.0 val=75.0 vah=75.0
2026-08-21 13:10:21,267 - INFO - [bot-1787212103966-b523] Evaluating strategy on completed candle: 2026-08-21 07:35:00+00:00 at Close price: 90.43
2026-08-21 13:10:21,350 - INFO - Confluence Evaluation | Regime: RANGING (ADX=13.9) | Direction: HOLD | BullScore: 50.0% | BearScore: 32.6% | Active: ['ema', 'macd', 'rsi', 'vp']
2026-08-21 13:10:21,459 - INFO - Signal evaluated: HOLD. Reason/Details: Confluence score: 50% (HOLD)
2026-08-21 13:10:21,674 - INFO - Logged heartbeat status: OK
2026-08-21 13:10:21,675 - INFO - Job "LiveRunner.process_cycle (trigger: interval[0:05:00], next run at: 2026-08-21 13:15:20 IST)" executed successfully
2026-08-21 13:15:20,734 - INFO - Running job "LiveRunner.process_cycle (trigger: interval[0:05:00], next run at: 2026-08-21 13:20:20 IST)" (scheduled at 2026-08-21 13:15:20.720622+05:30)
2026-08-21 13:15:20,740 - INFO - [bot-1787212103966-b523] Starting signal check cycle for SOL/USDT (5m)...
2026-08-21 13:15:20,783 - INFO - Fetching recent candles for SOL/USDT (5m) [Bot: bot-1787212103966-b523] via ProviderManager...
2026-08-21 13:15:21,483 - INFO - Indicators computed | close=90.59 ema_9=90.48 ema_20=90.39 ema_50=90.00 ema_200=88.51 macd=0.1409 poc=75.0 val=75.0 vah=75.0
2026-08-21 13:15:21,485 - INFO - [bot-1787212103966-b523] Evaluating strategy on completed candle: 2026-08-21 07:40:00+00:00 at Close price: 90.59
2026-08-21 13:15:21,570 - INFO - Confluence Evaluation | Regime: RANGING (ADX=12.8) | Direction: HOLD | BullScore: 50.0% | BearScore: 32.6% | Active: ['ema', 'macd', 'rsi', 'vp']
2026-08-21 13:15:21,669 - INFO - Signal evaluated: HOLD. Reason/Details: Confluence score: 50% (HOLD)
2026-08-21 13:15:21,864 - INFO - Logged heartbeat status: OK
2026-08-21 13:15:21,864 - INFO - Job "LiveRunner.process_cycle (trigger: interval[0:05:00], next run at: 2026-08-21 13:20:20 IST)" executed successfully
2026-08-21 13:20:20,777 - INFO - Running job "LiveRunner.process_cycle (trigger: interval[0:05:00], next run at: 2026-08-21 13:25:20 IST)" (scheduled at 2026-08-21 13:20:20.720622+05:30)
2026-08-21 13:20:20,787 - INFO - [bot-1787212103966-b523] Starting signal check cycle for SOL/USDT (5m)...
2026-08-21 13:20:20,834 - INFO - Fetching recent candles for SOL/USDT (5m) [Bot: bot-1787212103966-b523] via ProviderManager...
2026-08-21 13:20:30,888 - ERROR - Binance Spot Network Error: binance GET https://api.binance.com/api/v3/klines?interval=5m&limit=1000&symbol=SOLUSDT
--- Logging error ---
Traceback (most recent call last):
  File "/Users/ashishparadkar/Downloads/algo-code-main/.venv/lib/python3.9/site-packages/urllib3/connectionpool.py", line 534, in _make_request
    response = conn.getresponse()
  File "/Users/ashishparadkar/Downloads/algo-code-main/.venv/lib/python3.9/site-packages/urllib3/connection.py", line 571, in getresponse
    httplib_response = super().getresponse()
  File "/Library/Developer/CommandLineTools/Library/Frameworks/Python3.framework/Versions/3.9/lib/python3.9/http/client.py", line 1349, in getresponse
    response.begin()
  File "/Library/Developer/CommandLineTools/Library/Frameworks/Python3.framework/Versions/3.9/lib/python3.9/http/client.py", line 316, in begin
    version, status, reason = self._read_status()
  File "/Library/Developer/CommandLineTools/Library/Frameworks/Python3.framework/Versions/3.9/lib/python3.9/http/client.py", line 277, in _read_status
    line = str(self.fp.readline(_MAXLINE + 1), "iso-8859-1")
  File "/Library/Developer/CommandLineTools/Library/Frameworks/Python3.framework/Versions/3.9/lib/python3.9/socket.py", line 704, in readinto
    return self._sock.recv_into(b)
  File "/Library/Developer/CommandLineTools/Library/Frameworks/Python3.framework/Versions/3.9/lib/python3.9/ssl.py", line 1241, in recv_into
    return self.read(nbytes, buffer)
  File "/Library/Developer/CommandLineTools/Library/Frameworks/Python3.framework/Versions/3.9/lib/python3.9/ssl.py", line 1099, in read
    return self._sslobj.read(len, buffer)
socket.timeout: The read operation timed out

The above exception was the direct cause of the following exception:

Traceback (most recent call last):
  File "/Users/ashishparadkar/Downloads/algo-code-main/.venv/lib/python3.9/site-packages/requests/adapters.py", line 644, in send
    resp = conn.urlopen(
  File "/Users/ashishparadkar/Downloads/algo-code-main/.venv/lib/python3.9/site-packages/urllib3/connectionpool.py", line 841, in urlopen
    retries = retries.increment(
  File "/Users/ashishparadkar/Downloads/algo-code-main/.venv/lib/python3.9/site-packages/urllib3/util/retry.py", line 490, in increment
    raise reraise(type(error), error, _stacktrace)
  File "/Users/ashishparadkar/Downloads/algo-code-main/.venv/lib/python3.9/site-packages/urllib3/util/util.py", line 39, in reraise
    raise value
  File "/Users/ashishparadkar/Downloads/algo-code-main/.venv/lib/python3.9/site-packages/urllib3/connectionpool.py", line 787, in urlopen
    response = self._make_request(
  File "/Users/ashishparadkar/Downloads/algo-code-main/.venv/lib/python3.9/site-packages/urllib3/connectionpool.py", line 536, in _make_request
    self._raise_timeout(err=e, url=url, timeout_value=read_timeout)
  File "/Users/ashishparadkar/Downloads/algo-code-main/.venv/lib/python3.9/site-packages/urllib3/connectionpool.py", line 367, in _raise_timeout
    raise ReadTimeoutError(
urllib3.exceptions.ReadTimeoutError: HTTPSConnectionPool(host='api.binance.com', port=443): Read timed out. (read timeout=10.0)

During handling of the above exception, another exception occurred:

Traceback (most recent call last):
  File "/Users/ashishparadkar/Downloads/algo-code-main/.venv/lib/python3.9/site-packages/ccxt/base/exchange.py", line 665, in fetch
    response = self.session.request(
  File "/Users/ashishparadkar/Downloads/algo-code-main/.venv/lib/python3.9/site-packages/requests/sessions.py", line 589, in request
    resp = self.send(prep, **send_kwargs)
  File "/Users/ashishparadkar/Downloads/algo-code-main/.venv/lib/python3.9/site-packages/requests/sessions.py", line 703, in send
    r = adapter.send(request, **kwargs)
  File "/Users/ashishparadkar/Downloads/algo-code-main/.venv/lib/python3.9/site-packages/requests/adapters.py", line 690, in send
    raise ReadTimeout(e, request=request)
requests.exceptions.ReadTimeout: HTTPSConnectionPool(host='api.binance.com', port=443): Read timed out. (read timeout=10.0)

The above exception was the direct cause of the following exception:

Traceback (most recent call last):
  File "/Users/ashishparadkar/Downloads/algo-code-main/src/provider_manager.py", line 351, in fetch_ohlcv_safe
    df = adapter.fetch_ohlcv(instrument, timeframe, limit=limit)
  File "/Users/ashishparadkar/Downloads/algo-code-main/src/provider_manager.py", line 211, in fetch_ohlcv
    raise net_err
  File "/Users/ashishparadkar/Downloads/algo-code-main/src/provider_manager.py", line 183, in fetch_ohlcv
    raw_candles = self.exchange.fetch_ohlcv(
  File "/Users/ashishparadkar/Downloads/algo-code-main/.venv/lib/python3.9/site-packages/ccxt/binance.py", line 4759, in fetch_ohlcv
    response = self.publicGetKlines(self.extend(request, params))
  File "/Users/ashishparadkar/Downloads/algo-code-main/.venv/lib/python3.9/site-packages/ccxt/base/types.py", line 35, in unbound_method
    return _self.request(self.path, self.api, self.method, params, config=self.config)
  File "/Users/ashishparadkar/Downloads/algo-code-main/.venv/lib/python3.9/site-packages/ccxt/binance.py", line 11724, in request
    response = self.fetch2(path, api, method, params, headers, body, config)
  File "/Users/ashishparadkar/Downloads/algo-code-main/.venv/lib/python3.9/site-packages/ccxt/base/exchange.py", line 5566, in fetch2
    raise e
  File "/Users/ashishparadkar/Downloads/algo-code-main/.venv/lib/python3.9/site-packages/ccxt/base/exchange.py", line 5549, in fetch2
    response = self.fetch(request['url'], request['method'], request['headers'], request['body'])
  File "/Users/ashishparadkar/Downloads/algo-code-main/.venv/lib/python3.9/site-packages/ccxt/base/exchange.py", line 698, in fetch
    raise RequestTimeout(details) from e
ccxt.base.errors.RequestTimeout: binance GET https://api.binance.com/api/v3/klines?interval=5m&limit=1000&symbol=SOLUSDT

During handling of the above exception, another exception occurred:

Traceback (most recent call last):
  File "/Library/Developer/CommandLineTools/Library/Frameworks/Python3.framework/Versions/3.9/lib/python3.9/logging/__init__.py", line 1083, in emit
    msg = self.format(record)
  File "/Library/Developer/CommandLineTools/Library/Frameworks/Python3.framework/Versions/3.9/lib/python3.9/logging/__init__.py", line 927, in format
    return fmt.format(record)
  File "/Library/Developer/CommandLineTools/Library/Frameworks/Python3.framework/Versions/3.9/lib/python3.9/logging/__init__.py", line 663, in format
    record.message = record.getMessage()
  File "/Library/Developer/CommandLineTools/Library/Frameworks/Python3.framework/Versions/3.9/lib/python3.9/logging/__init__.py", line 367, in getMessage
    msg = msg % self.args
TypeError: must be real number, not RequestTimeout
Call stack:
  File "/Library/Developer/CommandLineTools/Library/Frameworks/Python3.framework/Versions/3.9/lib/python3.9/threading.py", line 930, in _bootstrap
    self._bootstrap_inner()
  File "/Library/Developer/CommandLineTools/Library/Frameworks/Python3.framework/Versions/3.9/lib/python3.9/threading.py", line 973, in _bootstrap_inner
    self.run()
  File "/Library/Developer/CommandLineTools/Library/Frameworks/Python3.framework/Versions/3.9/lib/python3.9/threading.py", line 910, in run
    self._target(*self._args, **self._kwargs)
  File "/Library/Developer/CommandLineTools/Library/Frameworks/Python3.framework/Versions/3.9/lib/python3.9/concurrent/futures/thread.py", line 77, in _worker
    work_item.run()
  File "/Library/Developer/CommandLineTools/Library/Frameworks/Python3.framework/Versions/3.9/lib/python3.9/concurrent/futures/thread.py", line 52, in run
    result = self.fn(*self.args, **self.kwargs)
  File "/Users/ashishparadkar/Downloads/algo-code-main/.venv/lib/python3.9/site-packages/apscheduler/executors/base.py", line 131, in run_job
    retval = job.func(*job.args, **job.kwargs)
  File "/Users/ashishparadkar/Downloads/algo-code-main/src/live_runner.py", line 199, in process_cycle
    df, _ = self.provider_manager.fetch_ohlcv_safe(self.symbol, self.timeframe, limit=1000)
  File "/Users/ashishparadkar/Downloads/algo-code-main/src/provider_manager.py", line 362, in fetch_ohlcv_safe
    logger.warning(
Message: 'Retryable network failure for %s (Attempt %d/%d). Backing off %.2fs: %s'
Arguments: ('SOL/USDT', 1, 3, RequestTimeout('binance GET https://api.binance.com/api/v3/klines?interval=5m&limit=1000&symbol=SOLUSDT'))
2026-08-21 13:20:32,522 - ERROR - Binance Spot Network Error: binance GET https://api.binance.com/api/v3/klines?interval=5m&limit=1000&symbol=SOLUSDT
--- Logging error ---
Traceback (most recent call last):
  File "/Users/ashishparadkar/Downloads/algo-code-main/.venv/lib/python3.9/site-packages/urllib3/connection.py", line 204, in _new_conn
    sock = connection.create_connection(
  File "/Users/ashishparadkar/Downloads/algo-code-main/.venv/lib/python3.9/site-packages/urllib3/util/connection.py", line 60, in create_connection
    for res in socket.getaddrinfo(host, port, family, socket.SOCK_STREAM):
  File "/Library/Developer/CommandLineTools/Library/Frameworks/Python3.framework/Versions/3.9/lib/python3.9/socket.py", line 953, in getaddrinfo
    for res in _socket.getaddrinfo(host, port, family, type, proto, flags):
socket.gaierror: [Errno 8] nodename nor servname provided, or not known

The above exception was the direct cause of the following exception:

Traceback (most recent call last):
  File "/Users/ashishparadkar/Downloads/algo-code-main/.venv/lib/python3.9/site-packages/urllib3/connectionpool.py", line 787, in urlopen
    response = self._make_request(
  File "/Users/ashishparadkar/Downloads/algo-code-main/.venv/lib/python3.9/site-packages/urllib3/connectionpool.py", line 488, in _make_request
    raise new_e
  File "/Users/ashishparadkar/Downloads/algo-code-main/.venv/lib/python3.9/site-packages/urllib3/connectionpool.py", line 464, in _make_request
    self._validate_conn(conn)
  File "/Users/ashishparadkar/Downloads/algo-code-main/.venv/lib/python3.9/site-packages/urllib3/connectionpool.py", line 1093, in _validate_conn
    conn.connect()
  File "/Users/ashishparadkar/Downloads/algo-code-main/.venv/lib/python3.9/site-packages/urllib3/connection.py", line 759, in connect
    self.sock = sock = self._new_conn()
  File "/Users/ashishparadkar/Downloads/algo-code-main/.venv/lib/python3.9/site-packages/urllib3/connection.py", line 211, in _new_conn
    raise NameResolutionError(self.host, self, e) from e
urllib3.exceptions.NameResolutionError: HTTPSConnection(host='api.binance.com', port=443): Failed to resolve 'api.binance.com' ([Errno 8] nodename nor servname provided, or not known)

The above exception was the direct cause of the following exception:

Traceback (most recent call last):
  File "/Users/ashishparadkar/Downloads/algo-code-main/.venv/lib/python3.9/site-packages/requests/adapters.py", line 644, in send
    resp = conn.urlopen(
  File "/Users/ashishparadkar/Downloads/algo-code-main/.venv/lib/python3.9/site-packages/urllib3/connectionpool.py", line 841, in urlopen
    retries = retries.increment(
  File "/Users/ashishparadkar/Downloads/algo-code-main/.venv/lib/python3.9/site-packages/urllib3/util/retry.py", line 535, in increment
    raise MaxRetryError(_pool, url, reason) from reason  # type: ignore[arg-type]
urllib3.exceptions.MaxRetryError: HTTPSConnectionPool(host='api.binance.com', port=443): Max retries exceeded with url: /api/v3/klines?interval=5m&limit=1000&symbol=SOLUSDT (Caused by NameResolutionError("HTTPSConnection(host='api.binance.com', port=443): Failed to resolve 'api.binance.com' ([Errno 8] nodename nor servname provided, or not known)"))

During handling of the above exception, another exception occurred:

Traceback (most recent call last):
  File "/Users/ashishparadkar/Downloads/algo-code-main/.venv/lib/python3.9/site-packages/ccxt/base/exchange.py", line 665, in fetch
    response = self.session.request(
  File "/Users/ashishparadkar/Downloads/algo-code-main/.venv/lib/python3.9/site-packages/requests/sessions.py", line 589, in request
    resp = self.send(prep, **send_kwargs)
  File "/Users/ashishparadkar/Downloads/algo-code-main/.venv/lib/python3.9/site-packages/requests/sessions.py", line 703, in send
    r = adapter.send(request, **kwargs)
  File "/Users/ashishparadkar/Downloads/algo-code-main/.venv/lib/python3.9/site-packages/requests/adapters.py", line 677, in send
    raise ConnectionError(e, request=request)
requests.exceptions.ConnectionError: HTTPSConnectionPool(host='api.binance.com', port=443): Max retries exceeded with url: /api/v3/klines?interval=5m&limit=1000&symbol=SOLUSDT (Caused by NameResolutionError("HTTPSConnection(host='api.binance.com', port=443): Failed to resolve 'api.binance.com' ([Errno 8] nodename nor servname provided, or not known)"))

The above exception was the direct cause of the following exception:

Traceback (most recent call last):
  File "/Users/ashishparadkar/Downloads/algo-code-main/src/provider_manager.py", line 351, in fetch_ohlcv_safe
    df = adapter.fetch_ohlcv(instrument, timeframe, limit=limit)
  File "/Users/ashishparadkar/Downloads/algo-code-main/src/provider_manager.py", line 211, in fetch_ohlcv
    raise net_err
  File "/Users/ashishparadkar/Downloads/algo-code-main/src/provider_manager.py", line 183, in fetch_ohlcv
    raw_candles = self.exchange.fetch_ohlcv(
  File "/Users/ashishparadkar/Downloads/algo-code-main/.venv/lib/python3.9/site-packages/ccxt/binance.py", line 4759, in fetch_ohlcv
    response = self.publicGetKlines(self.extend(request, params))
  File "/Users/ashishparadkar/Downloads/algo-code-main/.venv/lib/python3.9/site-packages/ccxt/base/types.py", line 35, in unbound_method
    return _self.request(self.path, self.api, self.method, params, config=self.config)
  File "/Users/ashishparadkar/Downloads/algo-code-main/.venv/lib/python3.9/site-packages/ccxt/binance.py", line 11724, in request
    response = self.fetch2(path, api, method, params, headers, body, config)
  File "/Users/ashishparadkar/Downloads/algo-code-main/.venv/lib/python3.9/site-packages/ccxt/base/exchange.py", line 5566, in fetch2
    raise e
  File "/Users/ashishparadkar/Downloads/algo-code-main/.venv/lib/python3.9/site-packages/ccxt/base/exchange.py", line 5549, in fetch2
    response = self.fetch(request['url'], request['method'], request['headers'], request['body'])
  File "/Users/ashishparadkar/Downloads/algo-code-main/.venv/lib/python3.9/site-packages/ccxt/base/exchange.py", line 721, in fetch
    raise NetworkError(details) from e
ccxt.base.errors.NetworkError: binance GET https://api.binance.com/api/v3/klines?interval=5m&limit=1000&symbol=SOLUSDT

During handling of the above exception, another exception occurred:

Traceback (most recent call last):
  File "/Library/Developer/CommandLineTools/Library/Frameworks/Python3.framework/Versions/3.9/lib/python3.9/logging/__init__.py", line 1083, in emit
    msg = self.format(record)
  File "/Library/Developer/CommandLineTools/Library/Frameworks/Python3.framework/Versions/3.9/lib/python3.9/logging/__init__.py", line 927, in format
    return fmt.format(record)
  File "/Library/Developer/CommandLineTools/Library/Frameworks/Python3.framework/Versions/3.9/lib/python3.9/logging/__init__.py", line 663, in format
    record.message = record.getMessage()
  File "/Library/Developer/CommandLineTools/Library/Frameworks/Python3.framework/Versions/3.9/lib/python3.9/logging/__init__.py", line 367, in getMessage
    msg = msg % self.args
TypeError: must be real number, not NetworkError
Call stack:
  File "/Library/Developer/CommandLineTools/Library/Frameworks/Python3.framework/Versions/3.9/lib/python3.9/threading.py", line 930, in _bootstrap
    self._bootstrap_inner()
  File "/Library/Developer/CommandLineTools/Library/Frameworks/Python3.framework/Versions/3.9/lib/python3.9/threading.py", line 973, in _bootstrap_inner
    self.run()
  File "/Library/Developer/CommandLineTools/Library/Frameworks/Python3.framework/Versions/3.9/lib/python3.9/threading.py", line 910, in run
    self._target(*self._args, **self._kwargs)
  File "/Library/Developer/CommandLineTools/Library/Frameworks/Python3.framework/Versions/3.9/lib/python3.9/concurrent/futures/thread.py", line 77, in _worker
    work_item.run()
  File "/Library/Developer/CommandLineTools/Library/Frameworks/Python3.framework/Versions/3.9/lib/python3.9/concurrent/futures/thread.py", line 52, in run
    result = self.fn(*self.args, **self.kwargs)
  File "/Users/ashishparadkar/Downloads/algo-code-main/.venv/lib/python3.9/site-packages/apscheduler/executors/base.py", line 131, in run_job
    retval = job.func(*job.args, **job.kwargs)
  File "/Users/ashishparadkar/Downloads/algo-code-main/src/live_runner.py", line 199, in process_cycle
    df, _ = self.provider_manager.fetch_ohlcv_safe(self.symbol, self.timeframe, limit=1000)
  File "/Users/ashishparadkar/Downloads/algo-code-main/src/provider_manager.py", line 362, in fetch_ohlcv_safe
    logger.warning(
Message: 'Retryable network failure for %s (Attempt %d/%d). Backing off %.2fs: %s'
Arguments: ('SOL/USDT', 2, 3, NetworkError('binance GET https://api.binance.com/api/v3/klines?interval=5m&limit=1000&symbol=SOLUSDT'))
2026-08-21 13:20:34,795 - ERROR - Binance Spot Network Error: binance GET https://api.binance.com/api/v3/klines?interval=5m&limit=1000&symbol=SOLUSDT
2026-08-21 13:20:34,795 - ERROR - System Error in runner execution cycle: binance GET https://api.binance.com/api/v3/klines?interval=5m&limit=1000&symbol=SOLUSDT
Traceback (most recent call last):
  File "/Users/ashishparadkar/Downloads/algo-code-main/.venv/lib/python3.9/site-packages/urllib3/connection.py", line 204, in _new_conn
    sock = connection.create_connection(
  File "/Users/ashishparadkar/Downloads/algo-code-main/.venv/lib/python3.9/site-packages/urllib3/util/connection.py", line 60, in create_connection
    for res in socket.getaddrinfo(host, port, family, socket.SOCK_STREAM):
  File "/Library/Developer/CommandLineTools/Library/Frameworks/Python3.framework/Versions/3.9/lib/python3.9/socket.py", line 953, in getaddrinfo
    for res in _socket.getaddrinfo(host, port, family, type, proto, flags):
socket.gaierror: [Errno 8] nodename nor servname provided, or not known

The above exception was the direct cause of the following exception:

Traceback (most recent call last):
  File "/Users/ashishparadkar/Downloads/algo-code-main/.venv/lib/python3.9/site-packages/urllib3/connectionpool.py", line 787, in urlopen
    response = self._make_request(
  File "/Users/ashishparadkar/Downloads/algo-code-main/.venv/lib/python3.9/site-packages/urllib3/connectionpool.py", line 488, in _make_request
    raise new_e
  File "/Users/ashishparadkar/Downloads/algo-code-main/.venv/lib/python3.9/site-packages/urllib3/connectionpool.py", line 464, in _make_request
    self._validate_conn(conn)
  File "/Users/ashishparadkar/Downloads/algo-code-main/.venv/lib/python3.9/site-packages/urllib3/connectionpool.py", line 1093, in _validate_conn
    conn.connect()
  File "/Users/ashishparadkar/Downloads/algo-code-main/.venv/lib/python3.9/site-packages/urllib3/connection.py", line 759, in connect
    self.sock = sock = self._new_conn()
  File "/Users/ashishparadkar/Downloads/algo-code-main/.venv/lib/python3.9/site-packages/urllib3/connection.py", line 211, in _new_conn
    raise NameResolutionError(self.host, self, e) from e
urllib3.exceptions.NameResolutionError: HTTPSConnection(host='api.binance.com', port=443): Failed to resolve 'api.binance.com' ([Errno 8] nodename nor servname provided, or not known)

The above exception was the direct cause of the following exception:

Traceback (most recent call last):
  File "/Users/ashishparadkar/Downloads/algo-code-main/.venv/lib/python3.9/site-packages/requests/adapters.py", line 644, in send
    resp = conn.urlopen(
  File "/Users/ashishparadkar/Downloads/algo-code-main/.venv/lib/python3.9/site-packages/urllib3/connectionpool.py", line 841, in urlopen
    retries = retries.increment(
  File "/Users/ashishparadkar/Downloads/algo-code-main/.venv/lib/python3.9/site-packages/urllib3/util/retry.py", line 535, in increment
    raise MaxRetryError(_pool, url, reason) from reason  # type: ignore[arg-type]
urllib3.exceptions.MaxRetryError: HTTPSConnectionPool(host='api.binance.com', port=443): Max retries exceeded with url: /api/v3/klines?interval=5m&limit=1000&symbol=SOLUSDT (Caused by NameResolutionError("HTTPSConnection(host='api.binance.com', port=443): Failed to resolve 'api.binance.com' ([Errno 8] nodename nor servname provided, or not known)"))

During handling of the above exception, another exception occurred:

Traceback (most recent call last):
  File "/Users/ashishparadkar/Downloads/algo-code-main/.venv/lib/python3.9/site-packages/ccxt/base/exchange.py", line 665, in fetch
    response = self.session.request(
  File "/Users/ashishparadkar/Downloads/algo-code-main/.venv/lib/python3.9/site-packages/requests/sessions.py", line 589, in request
    resp = self.send(prep, **send_kwargs)
  File "/Users/ashishparadkar/Downloads/algo-code-main/.venv/lib/python3.9/site-packages/requests/sessions.py", line 703, in send
    r = adapter.send(request, **kwargs)
  File "/Users/ashishparadkar/Downloads/algo-code-main/.venv/lib/python3.9/site-packages/requests/adapters.py", line 677, in send
    raise ConnectionError(e, request=request)
requests.exceptions.ConnectionError: HTTPSConnectionPool(host='api.binance.com', port=443): Max retries exceeded with url: /api/v3/klines?interval=5m&limit=1000&symbol=SOLUSDT (Caused by NameResolutionError("HTTPSConnection(host='api.binance.com', port=443): Failed to resolve 'api.binance.com' ([Errno 8] nodename nor servname provided, or not known)"))

The above exception was the direct cause of the following exception:

Traceback (most recent call last):
  File "/Users/ashishparadkar/Downloads/algo-code-main/src/live_runner.py", line 199, in process_cycle
    df, _ = self.provider_manager.fetch_ohlcv_safe(self.symbol, self.timeframe, limit=1000)
  File "/Users/ashishparadkar/Downloads/algo-code-main/src/provider_manager.py", line 359, in fetch_ohlcv_safe
    raise retryable_err
  File "/Users/ashishparadkar/Downloads/algo-code-main/src/provider_manager.py", line 351, in fetch_ohlcv_safe
    df = adapter.fetch_ohlcv(instrument, timeframe, limit=limit)
  File "/Users/ashishparadkar/Downloads/algo-code-main/src/provider_manager.py", line 211, in fetch_ohlcv
    raise net_err
  File "/Users/ashishparadkar/Downloads/algo-code-main/src/provider_manager.py", line 183, in fetch_ohlcv
    raw_candles = self.exchange.fetch_ohlcv(
  File "/Users/ashishparadkar/Downloads/algo-code-main/.venv/lib/python3.9/site-packages/ccxt/binance.py", line 4759, in fetch_ohlcv
    response = self.publicGetKlines(self.extend(request, params))
  File "/Users/ashishparadkar/Downloads/algo-code-main/.venv/lib/python3.9/site-packages/ccxt/base/types.py", line 35, in unbound_method
    return _self.request(self.path, self.api, self.method, params, config=self.config)
  File "/Users/ashishparadkar/Downloads/algo-code-main/.venv/lib/python3.9/site-packages/ccxt/binance.py", line 11724, in request
    response = self.fetch2(path, api, method, params, headers, body, config)
  File "/Users/ashishparadkar/Downloads/algo-code-main/.venv/lib/python3.9/site-packages/ccxt/base/exchange.py", line 5566, in fetch2
    raise e
  File "/Users/ashishparadkar/Downloads/algo-code-main/.venv/lib/python3.9/site-packages/ccxt/base/exchange.py", line 5549, in fetch2
    response = self.fetch(request['url'], request['method'], request['headers'], request['body'])
  File "/Users/ashishparadkar/Downloads/algo-code-main/.venv/lib/python3.9/site-packages/ccxt/base/exchange.py", line 721, in fetch
    raise NetworkError(details) from e
ccxt.base.errors.NetworkError: binance GET https://api.binance.com/api/v3/klines?interval=5m&limit=1000&symbol=SOLUSDT
2026-08-21 13:20:34,871 - WARNING - [bot-1787212103966-b523] Marked bot as non-retryable configuration error to prevent infinite error storm.
2026-08-21 13:20:35,015 - WARNING - Telegram alert [GENERAL] failed (Connection Error: HTTPSConnectionPool(host='api.telegram.org', port=443): Max retries exceeded with url: /bot8865086302:AAHhh3VL9czoQRSnw8Hf9iyDEwGJnqQTtqc/sendMessage (Caused by NameResolutionError("HTTPSConnection(host='api.telegram.org', port=443): Failed to resolve 'api.telegram.org' ([Errno 8] nodename nor servname provided, or not known)"))). Re-queueing retry 1/3 in 1.0s
2026-08-21 13:20:35,191 - INFO - Logged heartbeat status: ERROR
2026-08-21 13:20:35,191 - INFO - Job "LiveRunner.process_cycle (trigger: interval[0:05:00], next run at: 2026-08-21 13:25:20 IST)" executed successfully
2026-08-21 13:20:36,033 - WARNING - Telegram alert [GENERAL] failed (Connection Error: HTTPSConnectionPool(host='api.telegram.org', port=443): Max retries exceeded with url: /bot8865086302:AAHhh3VL9czoQRSnw8Hf9iyDEwGJnqQTtqc/sendMessage (Caused by NameResolutionError("HTTPSConnection(host='api.telegram.org', port=443): Failed to resolve 'api.telegram.org' ([Errno 8] nodename nor servname provided, or not known)"))). Re-queueing retry 2/3 in 2.0s
2026-08-21 13:20:37,043 - WARNING - Telegram alert [GENERAL] failed (Connection Error: HTTPSConnectionPool(host='api.telegram.org', port=443): Max retries exceeded with url: /bot8865086302:AAHhh3VL9czoQRSnw8Hf9iyDEwGJnqQTtqc/sendMessage (Caused by NameResolutionError("HTTPSConnection(host='api.telegram.org', port=443): Failed to resolve 'api.telegram.org' ([Errno 8] nodename nor servname provided, or not known)"))). Re-queueing retry 3/3 in 4.0s
2026-08-21 13:20:38,054 - ERROR - Telegram alert [GENERAL] failed permanently after 3 retries: Connection Error: HTTPSConnectionPool(host='api.telegram.org', port=443): Max retries exceeded with url: /bot8865086302:AAHhh3VL9czoQRSnw8Hf9iyDEwGJnqQTtqc/sendMessage (Caused by NameResolutionError("HTTPSConnection(host='api.telegram.org', port=443): Failed to resolve 'api.telegram.org' ([Errno 8] nodename nor servname provided, or not known)"))
2026-08-21 13:25:20,736 - INFO - Running job "LiveRunner.process_cycle (trigger: interval[0:05:00], next run at: 2026-08-21 13:30:20 IST)" (scheduled at 2026-08-21 13:25:20.720622+05:30)
2026-08-21 13:25:20,737 - ERROR - [bot-1787212103966-b523] Halting runner cycle: Bot is configured with unexecutable instrument 'SOL/USDT'. Error: Fatal Non-Retryable Error: binance GET https://api.binance.com/api/v3/klines?interval=5m&limit=1000&symbol=SOLUSDT
2026-08-21 13:25:20,944 - INFO - Job "LiveRunner.process_cycle (trigger: interval[0:05:00], next run at: 2026-08-21 13:30:20 IST)" executed successfully
2026-08-21 13:30:20,730 - INFO - Running job "LiveRunner.process_cycle (trigger: interval[0:05:00], next run at: 2026-08-21 13:35:20 IST)" (scheduled at 2026-08-21 13:30:20.720622+05:30)
2026-08-21 13:30:20,730 - ERROR - [bot-1787212103966-b523] Halting runner cycle: Bot is configured with unexecutable instrument 'SOL/USDT'. Error: Fatal Non-Retryable Error: binance GET https://api.binance.com/api/v3/klines?interval=5m&limit=1000&symbol=SOLUSDT
2026-08-21 13:30:21,009 - INFO - Job "LiveRunner.process_cycle (trigger: interval[0:05:00], next run at: 2026-08-21 13:35:20 IST)" executed successfully
2026-08-21 13:35:20,792 - INFO - Running job "LiveRunner.process_cycle (trigger: interval[0:05:00], next run at: 2026-08-21 13:40:20 IST)" (scheduled at 2026-08-21 13:35:20.720622+05:30)
2026-08-21 13:35:20,811 - ERROR - [bot-1787212103966-b523] Halting runner cycle: Bot is configured with unexecutable instrument 'SOL/USDT'. Error: Fatal Non-Retryable Error: binance GET https://api.binance.com/api/v3/klines?interval=5m&limit=1000&symbol=SOLUSDT
2026-08-21 13:35:21,035 - INFO - Job "LiveRunner.process_cycle (trigger: interval[0:05:00], next run at: 2026-08-21 13:40:20 IST)" executed successfully
/Users/ashishparadkar/Downloads/algo-code-main/.venv/lib/python3.9/site-packages/urllib3/__init__.py:35: NotOpenSSLWarning: urllib3 v2 only supports OpenSSL 1.1.1+, currently the 'ssl' module is compiled with 'LibreSSL 2.8.3'. See: https://github.com/urllib3/urllib3/issues/3020
  warnings.warn(
2026-08-21 14:50:48,433 - INFO - Bot state startup reconciliation finished: 0 bot(s) reconciled to STOPPED.
2026-08-21 14:50:49,150 - INFO - Telegram notification service initialized successfully (Chat ID: 5657...)
2026-08-21 14:50:49,386 - INFO - Initializing scheduled trading bot live runner for bot-1787212103966-b523...
2026-08-21 14:50:49,424 - INFO - SQLite database tables verified/created.
2026-08-21 14:50:50,112 - INFO - Initializing CCXT Binance in TESTNET mode.
2026-08-21 14:51:18,112 - INFO - [bot-1787212103966-b523] Pre-flight instrument resolved: SOL/USDT (SPOT via binance_spot)
2026-08-21 14:51:18,178 - INFO - [bot-1787212103966-b523] Starting signal check cycle for SOL/USDT (5m)...
2026-08-21 14:51:18,643 - INFO - Fetching recent candles for SOL/USDT (5m) [Bot: bot-1787212103966-b523] via ProviderManager...
/Users/ashishparadkar/Downloads/algo-code-main/.venv/lib/python3.9/site-packages/urllib3/__init__.py:35: NotOpenSSLWarning: urllib3 v2 only supports OpenSSL 1.1.1+, currently the 'ssl' module is compiled with 'LibreSSL 2.8.3'. See: https://github.com/urllib3/urllib3/issues/3020
  warnings.warn(
2026-08-21 15:30:14,204 - INFO - Bot state startup reconciliation finished: 0 bot(s) reconciled to STOPPED.
2026-08-21 15:30:14,482 - INFO - Telegram notification service initialized successfully (Chat ID: 5657...)
2026-08-21 15:30:14,493 - INFO - Initializing scheduled trading bot live runner for bot-1787212103966-b523...
2026-08-21 15:30:14,921 - INFO - SQLite database tables verified/created.
2026-08-21 15:30:15,485 - INFO - Initializing CCXT Binance in TESTNET mode.
2026-08-21 15:30:33,365 - INFO - [bot-1787212103966-b523] Pre-flight instrument resolved: SOL/USDT (SPOT via binance_spot)
2026-08-21 15:30:33,568 - INFO - [bot-1787212103966-b523] Starting signal check cycle for SOL/USDT (5m)...
2026-08-21 15:30:33,991 - INFO - Fetching recent candles for SOL/USDT (5m) [Bot: bot-1787212103966-b523] via ProviderManager...
/Users/ashishparadkar/Downloads/algo-code-main/.venv/lib/python3.9/site-packages/urllib3/__init__.py:35: NotOpenSSLWarning: urllib3 v2 only supports OpenSSL 1.1.1+, currently the 'ssl' module is compiled with 'LibreSSL 2.8.3'. See: https://github.com/urllib3/urllib3/issues/3020
  warnings.warn(
2026-08-21 18:13:24,458 - INFO - Bot state startup reconciliation finished: 0 bot(s) reconciled to STOPPED.
2026-08-21 18:13:24,860 - INFO - Telegram notification service initialized successfully (Chat ID: 5657...)
2026-08-21 18:13:25,030 - INFO - Initializing scheduled trading bot live runner for bot-1787212103966-b523...
2026-08-21 18:13:25,290 - INFO - SQLite database tables verified/created.
2026-08-21 18:13:25,455 - INFO - Initializing CCXT Binance in TESTNET mode.
2026-08-21 18:13:44,778 - INFO - [bot-1787212103966-b523] Pre-flight instrument resolved: SOL/USDT (SPOT via binance_spot)
2026-08-21 18:13:45,239 - INFO - [bot-1787212103966-b523] Starting signal check cycle for SOL/USDT (5m)...
2026-08-21 18:13:45,250 - INFO - Fetching recent candles for SOL/USDT (5m) [Bot: bot-1787212103966-b523] via ProviderManager...
2026-08-21 18:15:48,410 - INFO - Indicators computed | close=91.06 ema_9=90.70 ema_20=90.71 ema_50=90.84 ema_200=89.68 macd=-0.0872 poc=75.0 val=75.0 vah=75.0
2026-08-21 18:15:48,436 - INFO - [bot-1787212103966-b523] Evaluating strategy on completed candle: 2026-08-21 12:40:00+00:00 at Close price: 91.08
2026-08-21 18:15:52,759 - INFO - Confluence Evaluation | Regime: TRENDING (ADX=67.9) | Direction: HOLD | BullScore: 50.0% | BearScore: 17.4% | Active: ['ema', 'macd', 'rsi', 'vp']
2026-08-21 18:15:52,807 - INFO - Signal evaluated: HOLD. Reason/Details: Confluence score: 50% (HOLD)
2026-08-21 18:15:54,650 - INFO - Logged heartbeat status: OK
2026-08-21 18:15:56,938 - INFO - Adding job tentatively -- it will be properly scheduled when the scheduler starts
2026-08-21 18:15:56,941 - INFO - Bot bot-1787212103966-b523 scheduled to check every 5 minutes.
2026-08-21 18:15:56,988 - INFO - Added job "LiveRunner.process_cycle" to job store "default"
2026-08-21 18:15:56,990 - INFO - Scheduler started
/Users/ashishparadkar/Downloads/algo-code-main/.venv/lib/python3.9/site-packages/urllib3/__init__.py:35: NotOpenSSLWarning: urllib3 v2 only supports OpenSSL 1.1.1+, currently the 'ssl' module is compiled with 'LibreSSL 2.8.3'. See: https://github.com/urllib3/urllib3/issues/3020
  warnings.warn(
2026-08-21 20:26:56,476 - INFO - Bot state startup reconciliation finished: 0 bot(s) reconciled to STOPPED.
2026-08-21 20:26:57,092 - INFO - Telegram notification service initialized successfully (Chat ID: 5657...)
2026-08-21 20:26:57,101 - INFO - Initializing scheduled trading bot live runner for bot-1787212103966-b523...
2026-08-21 20:26:57,421 - INFO - SQLite database tables verified/created.
2026-08-21 20:26:58,115 - INFO - Initializing CCXT Binance in TESTNET mode.
2026-08-21 20:27:20,218 - INFO - [bot-1787212103966-b523] Pre-flight instrument resolved: SOL/USDT (SPOT via binance_spot)
2026-08-21 20:27:20,658 - INFO - [bot-1787212103966-b523] Starting signal check cycle for SOL/USDT (5m)...
2026-08-21 20:27:20,666 - INFO - Fetching recent candles for SOL/USDT (5m) [Bot: bot-1787212103966-b523] via ProviderManager...
/Users/ashishparadkar/Downloads/algo-code-main/.venv/lib/python3.9/site-packages/urllib3/__init__.py:35: NotOpenSSLWarning: urllib3 v2 only supports OpenSSL 1.1.1+, currently the 'ssl' module is compiled with 'LibreSSL 2.8.3'. See: https://github.com/urllib3/urllib3/issues/3020
  warnings.warn(
2026-08-21 21:32:34,450 - INFO - Bot state startup reconciliation finished: 0 bot(s) reconciled to STOPPED.
2026-08-21 21:32:35,396 - INFO - Telegram notification service initialized successfully (Chat ID: 5657...)
2026-08-21 21:32:35,413 - INFO - Initializing scheduled trading bot live runner for bot-1787212103966-b523...
2026-08-21 21:32:35,454 - INFO - SQLite database tables verified/created.
2026-08-21 21:32:36,454 - INFO - Initializing CCXT Binance in TESTNET mode.
2026-08-21 21:33:14,885 - INFO - [bot-1787212103966-b523] Pre-flight instrument resolved: SOL/USDT (SPOT via binance_spot)
2026-08-21 21:33:15,478 - INFO - [bot-1787212103966-b523] Starting signal check cycle for SOL/USDT (5m)...
2026-08-21 21:33:15,836 - INFO - Fetching recent candles for SOL/USDT (5m) [Bot: bot-1787212103966-b523] via ProviderManager...
2026-08-21 21:40:46,128 - INFO - Indicators computed | close=91.00 ema_9=91.35 ema_20=91.39 ema_50=91.23 ema_200=90.19 macd=0.0294 poc=75.0 val=75.0 vah=75.0
2026-08-21 21:40:48,845 - INFO - [bot-1787212103966-b523] Evaluating strategy on completed candle: 2026-08-21 16:00:00+00:00 at Close price: 91.22
2026-08-21 21:40:58,492 - INFO - Confluence Evaluation | Regime: TRENDING (ADX=39.1) | Direction: HOLD | BullScore: 0.0% | BearScore: 34.8% | Active: ['ema', 'macd', 'rsi', 'vp']
2026-08-21 21:41:01,740 - INFO - Signal evaluated: HOLD. Reason/Details: Confluence score: 35% (HOLD)
2026-08-21 21:41:05,323 - INFO - Logged heartbeat status: OK
2026-08-21 21:41:19,036 - INFO - Adding job tentatively -- it will be properly scheduled when the scheduler starts
2026-08-21 21:41:19,752 - INFO - Bot bot-1787212103966-b523 scheduled to check every 5 minutes.
2026-08-21 21:41:22,914 - INFO - Added job "LiveRunner.process_cycle" to job store "default"
2026-08-21 21:41:22,919 - INFO - Scheduler started
2026-08-21 21:46:22,586 - WARNING - Run time of job "LiveRunner.process_cycle (trigger: interval[0:05:00], next run at: 2026-08-21 21:51:17 IST)" was missed by 0:00:05.078306
2026-08-21 21:51:21,352 - WARNING - Run time of job "LiveRunner.process_cycle (trigger: interval[0:05:00], next run at: 2026-08-21 21:56:17 IST)" was missed by 0:00:03.492064
2026-08-21 21:56:19,768 - WARNING - Run time of job "LiveRunner.process_cycle (trigger: interval[0:05:00], next run at: 2026-08-21 22:01:17 IST)" was missed by 0:00:02.041800
2026-08-21 22:01:19,244 - WARNING - Run time of job "LiveRunner.process_cycle (trigger: interval[0:05:00], next run at: 2026-08-21 22:06:17 IST)" was missed by 0:00:01.801383
2026-08-21 22:06:17,217 - INFO - Running job "LiveRunner.process_cycle (trigger: interval[0:05:00], next run at: 2026-08-21 22:11:17 IST)" (scheduled at 2026-08-21 22:06:17.174053+05:30)
2026-08-21 22:06:17,983 - INFO - [bot-1787212103966-b523] Starting signal check cycle for SOL/USDT (5m)...
2026-08-21 22:06:18,262 - INFO - Fetching recent candles for SOL/USDT (5m) [Bot: bot-1787212103966-b523] via ProviderManager...
2026-08-21 22:06:29,840 - INFO - Indicators computed | close=91.50 ema_9=91.37 ema_20=91.37 ema_50=91.25 ema_200=90.26 macd=0.0224 poc=75.0 val=75.0 vah=75.0
2026-08-21 22:06:29,886 - INFO - [bot-1787212103966-b523] Evaluating strategy on completed candle: 2026-08-21 16:30:00+00:00 at Close price: 91.52
2026-08-21 22:06:30,666 - INFO - Confluence Evaluation | Regime: TRENDING (ADX=32.9) | Direction: HOLD | BullScore: 32.6% | BearScore: 34.8% | Active: ['ema', 'macd', 'rsi', 'vp']
2026-08-21 22:06:31,243 - INFO - Signal evaluated: HOLD. Reason/Details: Confluence score: 35% (HOLD)
2026-08-21 22:06:32,423 - INFO - Logged heartbeat status: OK
2026-08-21 22:06:32,423 - INFO - Job "LiveRunner.process_cycle (trigger: interval[0:05:00], next run at: 2026-08-21 22:11:17 IST)" executed successfully
2026-08-21 22:11:17,222 - INFO - Running job "LiveRunner.process_cycle (trigger: interval[0:05:00], next run at: 2026-08-21 22:16:17 IST)" (scheduled at 2026-08-21 22:11:17.174053+05:30)
2026-08-21 22:11:17,274 - INFO - [bot-1787212103966-b523] Starting signal check cycle for SOL/USDT (5m)...
2026-08-21 22:11:17,338 - INFO - Fetching recent candles for SOL/USDT (5m) [Bot: bot-1787212103966-b523] via ProviderManager...
2026-08-21 22:11:19,238 - INFO - Indicators computed | close=91.47 ema_9=91.40 ema_20=91.38 ema_50=91.26 ema_200=90.27 macd=0.0342 poc=75.0 val=75.0 vah=75.0
2026-08-21 22:11:19,239 - INFO - [bot-1787212103966-b523] Evaluating strategy on completed candle: 2026-08-21 16:35:00+00:00 at Close price: 91.59
2026-08-21 22:11:19,408 - INFO - LONG signal blocked | Location blocked (Close 91.59 outside Value Area [73.50 - 76.50], VAL=75.00, VAH=75.00) | context={'close': 91.59, 'ema_9': 91.38839763928361, 'ema_20': 91.37506947835311, 'ema_50': 91.24986974854684, 'ema_200': 90.26007095397489, 'macd_line': 0.02956168449264851, 'macd_signal': 0.03348612307182361, 'macd_hist': -0.003924438579175099, 'poc': np.float64(75.0), 'val': np.float64(75.0), 'vah': np.float64(75.0)}
2026-08-21 22:11:19,524 - INFO - Confluence Evaluation | Regime: TRENDING (ADX=30.8) | Direction: HOLD | BullScore: 50.0% | BearScore: 17.4% | Active: ['ema', 'macd', 'rsi', 'vp']
2026-08-21 22:11:19,720 - INFO - Signal evaluated: HOLD. Reason/Details: LONG setup blocked: Location blocked (Close 91.59 outside Value Area [73.50 - 76.50], VAL=75.00, VAH=75.00)
2026-08-21 22:11:20,274 - INFO - Logged heartbeat status: OK
2026-08-21 22:11:20,276 - INFO - Job "LiveRunner.process_cycle (trigger: interval[0:05:00], next run at: 2026-08-21 22:16:17 IST)" executed successfully
2026-08-21 22:16:17,252 - INFO - Running job "LiveRunner.process_cycle (trigger: interval[0:05:00], next run at: 2026-08-21 22:21:17 IST)" (scheduled at 2026-08-21 22:16:17.174053+05:30)
2026-08-21 22:16:17,326 - INFO - [bot-1787212103966-b523] Starting signal check cycle for SOL/USDT (5m)...
2026-08-21 22:16:17,450 - INFO - Fetching recent candles for SOL/USDT (5m) [Bot: bot-1787212103966-b523] via ProviderManager...
2026-08-21 22:16:19,639 - INFO - Indicators computed | close=91.40 ema_9=91.39 ema_20=91.38 ema_50=91.26 ema_200=90.28 macd=0.0270 poc=75.0 val=75.0 vah=75.0
2026-08-21 22:16:19,649 - INFO - [bot-1787212103966-b523] Evaluating strategy on completed candle: 2026-08-21 16:40:00+00:00 at Close price: 91.39
2026-08-21 22:16:19,870 - INFO - Confluence Evaluation | Regime: TRENDING (ADX=29.8) | Direction: HOLD | BullScore: 32.6% | BearScore: 34.8% | Active: ['ema', 'macd', 'rsi', 'vp']
2026-08-21 22:16:20,387 - INFO - Signal evaluated: HOLD. Reason/Details: Confluence score: 35% (HOLD)
2026-08-21 22:16:21,046 - INFO - Logged heartbeat status: OK
2026-08-21 22:16:21,046 - INFO - Job "LiveRunner.process_cycle (trigger: interval[0:05:00], next run at: 2026-08-21 22:21:17 IST)" executed successfully
2026-08-21 22:21:17,215 - INFO - Running job "LiveRunner.process_cycle (trigger: interval[0:05:00], next run at: 2026-08-21 22:26:17 IST)" (scheduled at 2026-08-21 22:21:17.174053+05:30)
2026-08-21 22:21:17,268 - INFO - [bot-1787212103966-b523] Starting signal check cycle for SOL/USDT (5m)...
2026-08-21 22:21:17,321 - INFO - Fetching recent candles for SOL/USDT (5m) [Bot: bot-1787212103966-b523] via ProviderManager...
2026-08-21 22:21:17,828 - INFO - Indicators computed | close=91.73 ema_9=91.51 ema_20=91.44 ema_50=91.29 ema_200=90.30 macd=0.0708 poc=75.0 val=75.0 vah=75.0
2026-08-21 22:21:17,829 - INFO - [bot-1787212103966-b523] Evaluating strategy on completed candle: 2026-08-21 16:45:00+00:00 at Close price: 91.70
2026-08-21 22:21:17,914 - INFO - Confluence Evaluation | Regime: TRENDING (ADX=28.6) | Direction: LONG | BullScore: 82.6% | BearScore: 17.4% | Active: ['ema', 'macd', 'rsi', 'vp']
2026-08-21 22:21:18,041 - INFO - Capping position size 275.862069 BTC to available cash equivalent 87.241003 BTC.
2026-08-21 22:21:18,132 - INFO - Created pending signal approval ID 228 for bot bot-1787212103966-b523 (LONG @ $91.70, status: WAITING_APPROVAL)
2026-08-21 22:21:18,241 - INFO - [bot-1787212103966-b523] Signal LONG generated (ID: 228). Waiting for manual user approval.
2026-08-21 22:21:18,494 - INFO - Logged heartbeat status: OK
2026-08-21 22:21:18,496 - INFO - Job "LiveRunner.process_cycle (trigger: interval[0:05:00], next run at: 2026-08-21 22:26:17 IST)" executed successfully
2026-08-21 22:26:17,232 - INFO - Running job "LiveRunner.process_cycle (trigger: interval[0:05:00], next run at: 2026-08-21 22:31:17 IST)" (scheduled at 2026-08-21 22:26:17.174053+05:30)
2026-08-21 22:26:17,280 - INFO - [bot-1787212103966-b523] Starting signal check cycle for SOL/USDT (5m)...
2026-08-21 22:26:17,332 - INFO - Fetching recent candles for SOL/USDT (5m) [Bot: bot-1787212103966-b523] via ProviderManager...
2026-08-21 22:26:17,865 - INFO - Indicators computed | close=91.71 ema_9=91.55 ema_20=91.46 ema_50=91.31 ema_200=90.31 macd=0.0834 poc=75.0 val=75.0 vah=75.0
2026-08-21 22:26:17,866 - INFO - [bot-1787212103966-b523] Evaluating strategy on completed candle: 2026-08-21 16:50:00+00:00 at Close price: 91.72
2026-08-21 22:26:17,961 - INFO - Confluence Evaluation | Regime: TRENDING (ADX=27.0) | Direction: LONG | BullScore: 82.6% | BearScore: 17.4% | Active: ['ema', 'macd', 'rsi', 'vp']
2026-08-21 22:26:18,062 - INFO - Capping position size 326.530612 BTC to available cash equivalent 87.221980 BTC.
2026-08-21 22:26:18,071 - INFO - [bot-1787212103966-b523] Signal LONG active pending approval already exists (ID: 228).
2026-08-21 22:26:18,321 - INFO - Logged heartbeat status: OK
2026-08-21 22:26:18,322 - INFO - Job "LiveRunner.process_cycle (trigger: interval[0:05:00], next run at: 2026-08-21 22:31:17 IST)" executed successfully
2026-08-21 22:31:17,245 - INFO - Running job "LiveRunner.process_cycle (trigger: interval[0:05:00], next run at: 2026-08-21 22:36:17 IST)" (scheduled at 2026-08-21 22:31:17.174053+05:30)
2026-08-21 22:31:17,307 - INFO - [bot-1787212103966-b523] Starting signal check cycle for SOL/USDT (5m)...
2026-08-21 22:31:17,362 - INFO - Fetching recent candles for SOL/USDT (5m) [Bot: bot-1787212103966-b523] via ProviderManager...
2026-08-21 22:31:18,541 - INFO - Indicators computed | close=91.56 ema_9=91.54 ema_20=91.47 ema_50=91.31 ema_200=90.33 macd=0.0760 poc=75.0 val=75.0 vah=75.0
2026-08-21 22:31:18,545 - INFO - [bot-1787212103966-b523] Evaluating strategy on completed candle: 2026-08-21 16:55:00+00:00 at Close price: 91.63
2026-08-21 22:31:18,691 - INFO - Confluence Evaluation | Regime: TRENDING (ADX=27.1) | Direction: LONG | BullScore: 82.6% | BearScore: 17.4% | Active: ['ema', 'macd', 'rsi', 'vp']
2026-08-21 22:31:18,808 - INFO - Capping position size 400.000000 BTC to available cash equivalent 87.307650 BTC.
2026-08-21 22:31:18,825 - INFO - [bot-1787212103966-b523] Signal LONG active pending approval already exists (ID: 228).
2026-08-21 22:31:19,086 - INFO - Logged heartbeat status: OK
2026-08-21 22:31:19,087 - INFO - Job "LiveRunner.process_cycle (trigger: interval[0:05:00], next run at: 2026-08-21 22:36:17 IST)" executed successfully
2026-08-21 22:36:17,225 - INFO - Running job "LiveRunner.process_cycle (trigger: interval[0:05:00], next run at: 2026-08-21 22:41:17 IST)" (scheduled at 2026-08-21 22:36:17.174053+05:30)
2026-08-21 22:36:17,265 - INFO - [bot-1787212103966-b523] Starting signal check cycle for SOL/USDT (5m)...
2026-08-21 22:36:17,364 - INFO - Fetching recent candles for SOL/USDT (5m) [Bot: bot-1787212103966-b523] via ProviderManager...
2026-08-21 22:36:24,799 - INFO - Indicators computed | close=91.66 ema_9=91.57 ema_20=91.49 ema_50=91.33 ema_200=90.34 macd=0.0873 poc=75.0 val=75.0 vah=75.0
2026-08-21 22:36:24,806 - INFO - [bot-1787212103966-b523] Evaluating strategy on completed candle: 2026-08-21 17:00:00+00:00 at Close price: 91.64
2026-08-21 22:36:24,895 - INFO - Confluence Evaluation | Regime: TRENDING (ADX=26.9) | Direction: LONG | BullScore: 82.6% | BearScore: 17.4% | Active: ['ema', 'macd', 'rsi', 'vp']
2026-08-21 22:36:25,018 - INFO - Capping position size 390.243902 BTC to available cash equivalent 87.298123 BTC.
2026-08-21 22:36:25,069 - INFO - [bot-1787212103966-b523] Signal LONG active pending approval already exists (ID: 228).
2026-08-21 22:36:25,471 - INFO - Logged heartbeat status: OK
2026-08-21 22:36:25,471 - INFO - Job "LiveRunner.process_cycle (trigger: interval[0:05:00], next run at: 2026-08-21 22:41:17 IST)" executed successfully
2026-08-21 22:41:17,290 - INFO - Running job "LiveRunner.process_cycle (trigger: interval[0:05:00], next run at: 2026-08-21 22:46:17 IST)" (scheduled at 2026-08-21 22:41:17.174053+05:30)
2026-08-21 22:41:17,323 - INFO - [bot-1787212103966-b523] Starting signal check cycle for SOL/USDT (5m)...
2026-08-21 22:41:17,379 - INFO - Fetching recent candles for SOL/USDT (5m) [Bot: bot-1787212103966-b523] via ProviderManager...
2026-08-21 22:41:17,893 - INFO - Indicators computed | close=91.83 ema_9=91.64 ema_20=91.53 ema_50=91.35 ema_200=90.36 macd=0.1111 poc=75.0 val=75.0 vah=75.0
2026-08-21 22:41:17,894 - INFO - [bot-1787212103966-b523] Evaluating strategy on completed candle: 2026-08-21 17:05:00+00:00 at Close price: 91.78
2026-08-21 22:41:17,975 - INFO - Confluence Evaluation | Regime: TRENDING (ADX=26.2) | Direction: LONG | BullScore: 82.6% | BearScore: 17.4% | Active: ['ema', 'macd', 'rsi', 'vp']
2026-08-21 22:41:18,079 - INFO - Capping position size 307.692308 BTC to available cash equivalent 87.164960 BTC.
2026-08-21 22:41:18,101 - INFO - [bot-1787212103966-b523] Signal LONG active pending approval already exists (ID: 228).
2026-08-21 22:41:18,266 - INFO - Logged heartbeat status: OK
2026-08-21 22:41:18,267 - INFO - Job "LiveRunner.process_cycle (trigger: interval[0:05:00], next run at: 2026-08-21 22:46:17 IST)" executed successfully
/Users/ashishparadkar/Downloads/algo-code-main/.venv/lib/python3.9/site-packages/urllib3/__init__.py:35: NotOpenSSLWarning: urllib3 v2 only supports OpenSSL 1.1.1+, currently the 'ssl' module is compiled with 'LibreSSL 2.8.3'. See: https://github.com/urllib3/urllib3/issues/3020
  warnings.warn(
2026-08-21 22:44:41,068 - INFO - Bot state startup reconciliation finished: 0 bot(s) reconciled to STOPPED.
2026-08-21 22:44:41,594 - INFO - Telegram notification service initialized successfully (Chat ID: 5657...)
2026-08-21 22:44:41,605 - INFO - Initializing scheduled trading bot live runner for bot-1787212103966-b523...
2026-08-21 22:44:41,645 - INFO - SQLite database tables verified/created.
2026-08-21 22:44:42,565 - INFO - Initializing CCXT Binance in TESTNET mode.
2026-08-21 22:45:14,388 - INFO - [bot-1787212103966-b523] Pre-flight instrument resolved: SOL/USDT (SPOT via binance_spot)
2026-08-21 22:45:14,432 - INFO - [bot-1787212103966-b523] Starting signal check cycle for SOL/USDT (5m)...
2026-08-21 22:45:14,996 - INFO - Fetching recent candles for SOL/USDT (5m) [Bot: bot-1787212103966-b523] via ProviderManager...
