/Users/ashishparadkar/Downloads/algo-code-main/.venv/lib/python3.9/site-packages/urllib3/__init__.py:35: NotOpenSSLWarning: urllib3 v2 only supports OpenSSL 1.1.1+, currently the 'ssl' module is compiled with 'LibreSSL 2.8.3'. See: https://github.com/urllib3/urllib3/issues/3020
  warnings.warn(
2026-08-20 13:24:16,517 - INFO - Bot state startup reconciliation finished: 0 bot(s) reconciled to STOPPED.
2026-08-20 13:24:16,567 - INFO - Telegram notification service initialized successfully (Chat ID: 5657...)
2026-08-20 13:24:16,576 - INFO - Initializing scheduled trading bot live runner for bot-1787212102488-1594...
2026-08-20 13:24:17,036 - INFO - SQLite database tables verified/created.
2026-08-20 13:24:17,081 - INFO - Initializing CCXT Binance in TESTNET mode.
/Users/ashishparadkar/Downloads/algo-code-main/.venv/lib/python3.9/site-packages/urllib3/__init__.py:35: NotOpenSSLWarning: urllib3 v2 only supports OpenSSL 1.1.1+, currently the 'ssl' module is compiled with 'LibreSSL 2.8.3'. See: https://github.com/urllib3/urllib3/issues/3020
  warnings.warn(
2026-08-20 13:25:51,139 - INFO - Bot state startup reconciliation finished: 0 bot(s) reconciled to STOPPED.
2026-08-20 13:25:51,583 - INFO - Telegram notification service initialized successfully (Chat ID: 5657...)
2026-08-20 13:25:51,602 - INFO - Initializing scheduled trading bot live runner for bot-1787212102488-1594...
2026-08-20 13:25:51,640 - INFO - SQLite database tables verified/created.
2026-08-20 13:25:51,784 - INFO - Initializing CCXT Binance in TESTNET mode.
/Users/ashishparadkar/Downloads/algo-code-main/.venv/lib/python3.9/site-packages/urllib3/__init__.py:35: NotOpenSSLWarning: urllib3 v2 only supports OpenSSL 1.1.1+, currently the 'ssl' module is compiled with 'LibreSSL 2.8.3'. See: https://github.com/urllib3/urllib3/issues/3020
  warnings.warn(
2026-08-20 22:17:04,892 - INFO - Bot state startup reconciliation finished: 0 bot(s) reconciled to STOPPED.
2026-08-20 22:17:05,236 - INFO - Telegram notification service initialized successfully (Chat ID: 5657...)
2026-08-20 22:17:05,253 - INFO - Initializing scheduled trading bot live runner for bot-1787212102488-1594...
2026-08-20 22:17:05,284 - INFO - SQLite database tables verified/created.
2026-08-20 22:17:05,899 - INFO - Initializing CCXT Binance in TESTNET mode.
2026-08-20 22:17:28,697 - INFO - [bot-1787212102488-1594] Pre-flight instrument resolved: BTC/USDT (SPOT via binance_spot)
2026-08-20 22:17:29,516 - INFO - [bot-1787212102488-1594] Starting signal check cycle for BTC/USDT (5m)...
2026-08-20 22:17:29,523 - INFO - Fetching recent candles for BTC/USDT (5m) [Bot: bot-1787212102488-1594] via ProviderManager...
2026-08-20 22:18:51,079 - INFO - Indicators computed | close=72564.98 ema_9=72457.11 ema_20=72335.70 ema_50=72095.73 ema_200=70831.34 macd=146.8478 poc=64325.0 val=63300.0 vah=69600.0
2026-08-20 22:18:51,103 - INFO - [bot-1787212102488-1594] Evaluating strategy on completed candle: 2026-08-20 16:40:00+00:00 at Close price: 72630.89
2026-08-20 22:18:52,059 - INFO - Confluence Evaluation | Regime: TRENDING (ADX=34.9) | Direction: LONG | BullScore: 100.0% | BearScore: 0.0% | Active: ['ema_9', 'ema_20', 'rsi', 'vwap', 'supertrend', 'atr']
2026-08-20 22:18:52,106 - INFO - Capping position size 0.474631 BTC to available cash equivalent 0.137682 BTC.
2026-08-20 22:18:53,186 - INFO - Created pending signal approval ID 39 for bot bot-1787212102488-1594 (LONG @ $72630.89, status: WAITING_APPROVAL)
2026-08-20 22:18:53,570 - INFO - [bot-1787212102488-1594] Signal LONG generated (ID: 39). Waiting for manual user approval.
2026-08-20 22:18:54,966 - INFO - Logged heartbeat status: OK
2026-08-20 22:18:55,296 - INFO - Adding job tentatively -- it will be properly scheduled when the scheduler starts
2026-08-20 22:18:55,296 - INFO - Bot bot-1787212102488-1594 scheduled to check every 5 minutes.
2026-08-20 22:18:55,314 - INFO - Added job "LiveRunner.process_cycle" to job store "default"
2026-08-20 22:18:55,315 - INFO - Scheduler started
2026-08-20 22:23:55,397 - INFO - Running job "LiveRunner.process_cycle (trigger: interval[0:05:00], next run at: 2026-08-20 22:28:55 IST)" (scheduled at 2026-08-20 22:23:55.295096+05:30)
2026-08-20 22:23:55,426 - INFO - [bot-1787212102488-1594] Starting signal check cycle for BTC/USDT (5m)...
2026-08-20 22:23:55,473 - INFO - Fetching recent candles for BTC/USDT (5m) [Bot: bot-1787212102488-1594] via ProviderManager...
2026-08-20 22:23:56,098 - INFO - Indicators computed | close=72653.99 ema_9=72496.97 ema_20=72366.27 ema_50=72117.74 ema_200=70849.51 macd=154.5085 poc=64325.0 val=63300.0 vah=69600.0
2026-08-20 22:23:56,099 - INFO - [bot-1787212102488-1594] Evaluating strategy on completed candle: 2026-08-20 16:45:00+00:00 at Close price: 72568.00
2026-08-20 22:23:56,170 - INFO - Confluence Evaluation | Regime: TRENDING (ADX=34.0) | Direction: HOLD | BullScore: 55.9% | BearScore: 44.1% | Active: ['ema_9', 'ema_20', 'rsi', 'vwap', 'supertrend', 'atr']
2026-08-20 22:23:56,264 - INFO - Signal evaluated: HOLD. Reason/Details: Confluence score: 56% (HOLD)
2026-08-20 22:23:56,478 - INFO - Logged heartbeat status: OK
2026-08-20 22:23:56,482 - INFO - Job "LiveRunner.process_cycle (trigger: interval[0:05:00], next run at: 2026-08-20 22:28:55 IST)" executed successfully
2026-08-20 22:28:55,314 - INFO - Running job "LiveRunner.process_cycle (trigger: interval[0:05:00], next run at: 2026-08-20 22:33:55 IST)" (scheduled at 2026-08-20 22:28:55.295096+05:30)
2026-08-20 22:28:55,327 - INFO - [bot-1787212102488-1594] Starting signal check cycle for BTC/USDT (5m)...
2026-08-20 22:28:55,377 - INFO - Fetching recent candles for BTC/USDT (5m) [Bot: bot-1787212102488-1594] via ProviderManager...
2026-08-20 22:28:56,006 - INFO - Indicators computed | close=72800.00 ema_9=72556.94 ema_20=72407.24 ema_50=72144.34 ema_200=70868.88 macd=169.9620 poc=64325.0 val=63300.0 vah=69625.0
2026-08-20 22:28:56,009 - INFO - [bot-1787212102488-1594] Evaluating strategy on completed candle: 2026-08-20 16:50:00+00:00 at Close price: 72649.99
2026-08-20 22:28:56,082 - INFO - Confluence Evaluation | Regime: TRENDING (ADX=33.2) | Direction: LONG | BullScore: 100.0% | BearScore: 0.0% | Active: ['ema_9', 'ema_20', 'rsi', 'vwap', 'supertrend', 'atr']
2026-08-20 22:28:56,181 - INFO - Capping position size 0.456340 BTC to available cash equivalent 0.137646 BTC.
2026-08-20 22:28:56,198 - INFO - [bot-1787212102488-1594] Signal LONG active pending approval already exists (ID: 39).
2026-08-20 22:28:56,334 - INFO - Logged heartbeat status: OK
2026-08-20 22:28:56,335 - INFO - Job "LiveRunner.process_cycle (trigger: interval[0:05:00], next run at: 2026-08-20 22:33:55 IST)" executed successfully
2026-08-20 22:33:55,331 - INFO - Running job "LiveRunner.process_cycle (trigger: interval[0:05:00], next run at: 2026-08-20 22:38:55 IST)" (scheduled at 2026-08-20 22:33:55.295096+05:30)
2026-08-20 22:33:55,360 - INFO - [bot-1787212102488-1594] Starting signal check cycle for BTC/USDT (5m)...
2026-08-20 22:33:55,404 - INFO - Fetching recent candles for BTC/USDT (5m) [Bot: bot-1787212102488-1594] via ProviderManager...
2026-08-20 22:33:55,845 - INFO - Indicators computed | close=72854.59 ema_9=72622.41 ema_20=72453.04 ema_50=72173.59 ema_200=70889.00 macd=187.0255 poc=64325.0 val=63300.0 vah=69625.0
2026-08-20 22:33:55,847 - INFO - [bot-1787212102488-1594] Evaluating strategy on completed candle: 2026-08-20 16:55:00+00:00 at Close price: 72837.15
2026-08-20 22:33:55,900 - INFO - Confluence Evaluation | Regime: TRENDING (ADX=33.1) | Direction: LONG | BullScore: 100.0% | BearScore: 0.0% | Active: ['ema_9', 'ema_20', 'rsi', 'vwap', 'supertrend', 'atr']
2026-08-20 22:33:55,983 - INFO - Capping position size 0.328165 BTC to available cash equivalent 0.137293 BTC.
2026-08-20 22:33:55,989 - INFO - [bot-1787212102488-1594] Signal LONG active pending approval already exists (ID: 39).
2026-08-20 22:33:56,105 - INFO - Logged heartbeat status: OK
2026-08-20 22:33:56,105 - INFO - Job "LiveRunner.process_cycle (trigger: interval[0:05:00], next run at: 2026-08-20 22:38:55 IST)" executed successfully
2026-08-20 22:38:55,335 - INFO - Running job "LiveRunner.process_cycle (trigger: interval[0:05:00], next run at: 2026-08-20 22:43:55 IST)" (scheduled at 2026-08-20 22:38:55.295096+05:30)
2026-08-20 22:38:55,340 - INFO - [bot-1787212102488-1594] Starting signal check cycle for BTC/USDT (5m)...
2026-08-20 22:38:55,376 - INFO - Fetching recent candles for BTC/USDT (5m) [Bot: bot-1787212102488-1594] via ProviderManager...
2026-08-20 22:38:55,747 - INFO - Indicators computed | close=72723.05 ema_9=72628.38 ema_20=72471.13 ema_50=72191.81 ema_200=70906.38 macd=179.9984 poc=64325.0 val=63300.0 vah=69625.0
2026-08-20 22:38:55,748 - INFO - [bot-1787212102488-1594] Evaluating strategy on completed candle: 2026-08-20 17:00:00+00:00 at Close price: 72766.11
2026-08-20 22:38:55,801 - INFO - Confluence Evaluation | Regime: TRENDING (ADX=31.9) | Direction: HOLD | BullScore: 55.9% | BearScore: 44.1% | Active: ['ema_9', 'ema_20', 'rsi', 'vwap', 'supertrend', 'atr']
2026-08-20 22:38:55,879 - INFO - Signal evaluated: HOLD. Reason/Details: Confluence score: 56% (HOLD)
2026-08-20 22:38:56,068 - INFO - Logged heartbeat status: OK
2026-08-20 22:38:56,069 - INFO - Job "LiveRunner.process_cycle (trigger: interval[0:05:00], next run at: 2026-08-20 22:43:55 IST)" executed successfully
2026-08-20 22:43:55,313 - INFO - Running job "LiveRunner.process_cycle (trigger: interval[0:05:00], next run at: 2026-08-20 22:48:55 IST)" (scheduled at 2026-08-20 22:43:55.295096+05:30)
2026-08-20 22:43:55,317 - INFO - [bot-1787212102488-1594] Starting signal check cycle for BTC/USDT (5m)...
2026-08-20 22:43:55,358 - INFO - Fetching recent candles for BTC/USDT (5m) [Bot: bot-1787212102488-1594] via ProviderManager...
2026-08-20 22:43:55,757 - INFO - Indicators computed | close=72675.47 ema_9=72628.35 ema_20=72485.51 ema_50=72208.55 ema_200=70923.40 macd=170.5390 poc=64325.0 val=63300.0 vah=69625.0
2026-08-20 22:43:55,759 - INFO - [bot-1787212102488-1594] Evaluating strategy on completed candle: 2026-08-20 17:05:00+00:00 at Close price: 72664.00
2026-08-20 22:43:55,815 - INFO - Confluence Evaluation | Regime: TRENDING (ADX=29.5) | Direction: HOLD | BullScore: 55.9% | BearScore: 44.1% | Active: ['ema_9', 'ema_20', 'rsi', 'vwap', 'supertrend', 'atr']
2026-08-20 22:43:55,896 - INFO - Signal evaluated: HOLD. Reason/Details: Confluence score: 56% (HOLD)
2026-08-20 22:43:56,059 - INFO - Logged heartbeat status: OK
2026-08-20 22:43:56,060 - INFO - Job "LiveRunner.process_cycle (trigger: interval[0:05:00], next run at: 2026-08-20 22:48:55 IST)" executed successfully
2026-08-20 22:48:55,307 - INFO - Running job "LiveRunner.process_cycle (trigger: interval[0:05:00], next run at: 2026-08-20 22:53:55 IST)" (scheduled at 2026-08-20 22:48:55.295096+05:30)
2026-08-20 22:48:55,317 - INFO - [bot-1787212102488-1594] Starting signal check cycle for BTC/USDT (5m)...
2026-08-20 22:48:55,361 - INFO - Fetching recent candles for BTC/USDT (5m) [Bot: bot-1787212102488-1594] via ProviderManager...
2026-08-20 22:48:55,765 - INFO - Indicators computed | close=72680.11 ema_9=72641.35 ema_20=72505.46 ema_50=72227.67 ema_200=70941.04 macd=166.2632 poc=64325.0 val=63300.0 vah=69625.0
2026-08-20 22:48:55,766 - INFO - [bot-1787212102488-1594] Evaluating strategy on completed candle: 2026-08-20 17:10:00+00:00 at Close price: 72692.00
2026-08-20 22:48:55,827 - INFO - Confluence Evaluation | Regime: TRENDING (ADX=28.2) | Direction: LONG | BullScore: 100.0% | BearScore: 0.0% | Active: ['ema_9', 'ema_20', 'rsi', 'vwap', 'supertrend', 'atr']
2026-08-20 22:48:55,923 - INFO - Capping position size 0.870246 BTC to available cash equivalent 0.137567 BTC.
2026-08-20 22:48:55,987 - INFO - Created pending signal approval ID 67 for bot bot-1787212102488-1594 (LONG @ $72692.00, status: WAITING_APPROVAL)
2026-08-20 22:48:56,054 - INFO - [bot-1787212102488-1594] Signal LONG generated (ID: 67). Waiting for manual user approval.
2026-08-20 22:48:56,271 - INFO - Logged heartbeat status: OK
2026-08-20 22:48:56,271 - INFO - Job "LiveRunner.process_cycle (trigger: interval[0:05:00], next run at: 2026-08-20 22:53:55 IST)" executed successfully
2026-08-21 00:18:54,383 - WARNING - Run time of job "LiveRunner.process_cycle (trigger: interval[0:05:00], next run at: 2026-08-21 00:18:55 IST)" was missed by 0:04:59.078224
2026-08-21 00:18:55,328 - INFO - Running job "LiveRunner.process_cycle (trigger: interval[0:05:00], next run at: 2026-08-21 00:23:55 IST)" (scheduled at 2026-08-21 00:18:55.295096+05:30)
2026-08-21 00:18:55,369 - INFO - [bot-1787212102488-1594] Starting signal check cycle for BTC/USDT (5m)...
2026-08-21 00:18:55,430 - INFO - Fetching recent candles for BTC/USDT (5m) [Bot: bot-1787212102488-1594] via ProviderManager...
2026-08-21 00:19:05,499 - ERROR - Binance Spot Network Error: binance GET https://api.binance.com/api/v3/klines?interval=5m&limit=1000&symbol=BTCUSDT
--- Logging error ---
Traceback (most recent call last):
  File "/Users/ashishparadkar/Downloads/algo-code-main/.venv/lib/python3.9/site-packages/urllib3/connectionpool.py", line 534, in _make_request
    response = conn.getresponse()
  File "/Users/ashishparadkar/Downloads/algo-code-main/.venv/lib/python3.9/site-packages/urllib3/connection.py", line 571, in getresponse
    httplib_response = super().getresponse()
  File "/Library/Developer/CommandLineTools/Library/Frameworks/Python3.framework/Versions/3.9/lib/python3.9/http/client.py", line 1349, in getresponse
    response.begin()
  File "/Library/Developer/CommandLineTools/Library/Frameworks/Python3.framework/Versions/3.9/lib/python3.9/http/client.py", line 316, in begin
    version, status, reason = self._read_status()
  File "/Library/Developer/CommandLineTools/Library/Frameworks/Python3.framework/Versions/3.9/lib/python3.9/http/client.py", line 277, in _read_status
    line = str(self.fp.readline(_MAXLINE + 1), "iso-8859-1")
  File "/Library/Developer/CommandLineTools/Library/Frameworks/Python3.framework/Versions/3.9/lib/python3.9/socket.py", line 704, in readinto
    return self._sock.recv_into(b)
  File "/Library/Developer/CommandLineTools/Library/Frameworks/Python3.framework/Versions/3.9/lib/python3.9/ssl.py", line 1241, in recv_into
    return self.read(nbytes, buffer)
  File "/Library/Developer/CommandLineTools/Library/Frameworks/Python3.framework/Versions/3.9/lib/python3.9/ssl.py", line 1099, in read
    return self._sslobj.read(len, buffer)
socket.timeout: The read operation timed out

The above exception was the direct cause of the following exception:

Traceback (most recent call last):
  File "/Users/ashishparadkar/Downloads/algo-code-main/.venv/lib/python3.9/site-packages/requests/adapters.py", line 644, in send
    resp = conn.urlopen(
  File "/Users/ashishparadkar/Downloads/algo-code-main/.venv/lib/python3.9/site-packages/urllib3/connectionpool.py", line 841, in urlopen
    retries = retries.increment(
  File "/Users/ashishparadkar/Downloads/algo-code-main/.venv/lib/python3.9/site-packages/urllib3/util/retry.py", line 490, in increment
    raise reraise(type(error), error, _stacktrace)
  File "/Users/ashishparadkar/Downloads/algo-code-main/.venv/lib/python3.9/site-packages/urllib3/util/util.py", line 39, in reraise
    raise value
  File "/Users/ashishparadkar/Downloads/algo-code-main/.venv/lib/python3.9/site-packages/urllib3/connectionpool.py", line 787, in urlopen
    response = self._make_request(
  File "/Users/ashishparadkar/Downloads/algo-code-main/.venv/lib/python3.9/site-packages/urllib3/connectionpool.py", line 536, in _make_request
    self._raise_timeout(err=e, url=url, timeout_value=read_timeout)
  File "/Users/ashishparadkar/Downloads/algo-code-main/.venv/lib/python3.9/site-packages/urllib3/connectionpool.py", line 367, in _raise_timeout
    raise ReadTimeoutError(
urllib3.exceptions.ReadTimeoutError: HTTPSConnectionPool(host='api.binance.com', port=443): Read timed out. (read timeout=10.0)

During handling of the above exception, another exception occurred:

Traceback (most recent call last):
  File "/Users/ashishparadkar/Downloads/algo-code-main/.venv/lib/python3.9/site-packages/ccxt/base/exchange.py", line 665, in fetch
    response = self.session.request(
  File "/Users/ashishparadkar/Downloads/algo-code-main/.venv/lib/python3.9/site-packages/requests/sessions.py", line 589, in request
    resp = self.send(prep, **send_kwargs)
  File "/Users/ashishparadkar/Downloads/algo-code-main/.venv/lib/python3.9/site-packages/requests/sessions.py", line 703, in send
    r = adapter.send(request, **kwargs)
  File "/Users/ashishparadkar/Downloads/algo-code-main/.venv/lib/python3.9/site-packages/requests/adapters.py", line 690, in send
    raise ReadTimeout(e, request=request)
requests.exceptions.ReadTimeout: HTTPSConnectionPool(host='api.binance.com', port=443): Read timed out. (read timeout=10.0)

The above exception was the direct cause of the following exception:

Traceback (most recent call last):
  File "/Users/ashishparadkar/Downloads/algo-code-main/src/provider_manager.py", line 351, in fetch_ohlcv_safe
    df = adapter.fetch_ohlcv(instrument, timeframe, limit=limit)
  File "/Users/ashishparadkar/Downloads/algo-code-main/src/provider_manager.py", line 211, in fetch_ohlcv
    raise net_err
  File "/Users/ashishparadkar/Downloads/algo-code-main/src/provider_manager.py", line 183, in fetch_ohlcv
    raw_candles = self.exchange.fetch_ohlcv(
  File "/Users/ashishparadkar/Downloads/algo-code-main/.venv/lib/python3.9/site-packages/ccxt/binance.py", line 4759, in fetch_ohlcv
    response = self.publicGetKlines(self.extend(request, params))
  File "/Users/ashishparadkar/Downloads/algo-code-main/.venv/lib/python3.9/site-packages/ccxt/base/types.py", line 35, in unbound_method
    return _self.request(self.path, self.api, self.method, params, config=self.config)
  File "/Users/ashishparadkar/Downloads/algo-code-main/.venv/lib/python3.9/site-packages/ccxt/binance.py", line 11724, in request
    response = self.fetch2(path, api, method, params, headers, body, config)
  File "/Users/ashishparadkar/Downloads/algo-code-main/.venv/lib/python3.9/site-packages/ccxt/base/exchange.py", line 5566, in fetch2
    raise e
  File "/Users/ashishparadkar/Downloads/algo-code-main/.venv/lib/python3.9/site-packages/ccxt/base/exchange.py", line 5549, in fetch2
    response = self.fetch(request['url'], request['method'], request['headers'], request['body'])
  File "/Users/ashishparadkar/Downloads/algo-code-main/.venv/lib/python3.9/site-packages/ccxt/base/exchange.py", line 698, in fetch
    raise RequestTimeout(details) from e
ccxt.base.errors.RequestTimeout: binance GET https://api.binance.com/api/v3/klines?interval=5m&limit=1000&symbol=BTCUSDT

During handling of the above exception, another exception occurred:

Traceback (most recent call last):
  File "/Library/Developer/CommandLineTools/Library/Frameworks/Python3.framework/Versions/3.9/lib/python3.9/logging/__init__.py", line 1083, in emit
    msg = self.format(record)
  File "/Library/Developer/CommandLineTools/Library/Frameworks/Python3.framework/Versions/3.9/lib/python3.9/logging/__init__.py", line 927, in format
    return fmt.format(record)
  File "/Library/Developer/CommandLineTools/Library/Frameworks/Python3.framework/Versions/3.9/lib/python3.9/logging/__init__.py", line 663, in format
    record.message = record.getMessage()
  File "/Library/Developer/CommandLineTools/Library/Frameworks/Python3.framework/Versions/3.9/lib/python3.9/logging/__init__.py", line 367, in getMessage
    msg = msg % self.args
TypeError: must be real number, not RequestTimeout
Call stack:
  File "/Library/Developer/CommandLineTools/Library/Frameworks/Python3.framework/Versions/3.9/lib/python3.9/threading.py", line 930, in _bootstrap
    self._bootstrap_inner()
  File "/Library/Developer/CommandLineTools/Library/Frameworks/Python3.framework/Versions/3.9/lib/python3.9/threading.py", line 973, in _bootstrap_inner
    self.run()
  File "/Library/Developer/CommandLineTools/Library/Frameworks/Python3.framework/Versions/3.9/lib/python3.9/threading.py", line 910, in run
    self._target(*self._args, **self._kwargs)
  File "/Library/Developer/CommandLineTools/Library/Frameworks/Python3.framework/Versions/3.9/lib/python3.9/concurrent/futures/thread.py", line 77, in _worker
    work_item.run()
  File "/Library/Developer/CommandLineTools/Library/Frameworks/Python3.framework/Versions/3.9/lib/python3.9/concurrent/futures/thread.py", line 52, in run
    result = self.fn(*self.args, **self.kwargs)
  File "/Users/ashishparadkar/Downloads/algo-code-main/.venv/lib/python3.9/site-packages/apscheduler/executors/base.py", line 131, in run_job
    retval = job.func(*job.args, **job.kwargs)
  File "/Users/ashishparadkar/Downloads/algo-code-main/src/live_runner.py", line 199, in process_cycle
    df, _ = self.provider_manager.fetch_ohlcv_safe(self.symbol, self.timeframe, limit=1000)
  File "/Users/ashishparadkar/Downloads/algo-code-main/src/provider_manager.py", line 362, in fetch_ohlcv_safe
    logger.warning(
Message: 'Retryable network failure for %s (Attempt %d/%d). Backing off %.2fs: %s'
Arguments: ('BTC/USDT', 1, 3, RequestTimeout('binance GET https://api.binance.com/api/v3/klines?interval=5m&limit=1000&symbol=BTCUSDT'))
2026-08-21 00:19:08,463 - INFO - Indicators computed | close=72533.99 ema_9=72573.87 ema_20=72602.16 ema_50=72445.30 ema_200=71225.40 macd=8.6469 poc=64325.0 val=63300.0 vah=69700.0
2026-08-21 00:19:08,464 - INFO - [bot-1787212102488-1594] Evaluating strategy on completed candle: 2026-08-20 18:40:00+00:00 at Close price: 72501.42
2026-08-21 00:19:08,534 - INFO - Confluence Evaluation | Regime: TRENDING (ADX=27.9) | Direction: HOLD | BullScore: 44.1% | BearScore: 11.8% | Active: ['ema_9', 'ema_20', 'rsi', 'vwap', 'supertrend', 'atr']
2026-08-21 00:19:08,645 - INFO - Signal evaluated: HOLD. Reason/Details: Confluence score: 44% (HOLD)
2026-08-21 00:19:08,857 - INFO - Logged heartbeat status: OK
2026-08-21 00:19:08,858 - INFO - Job "LiveRunner.process_cycle (trigger: interval[0:05:00], next run at: 2026-08-21 00:23:55 IST)" executed successfully
2026-08-21 00:23:55,330 - INFO - Running job "LiveRunner.process_cycle (trigger: interval[0:05:00], next run at: 2026-08-21 00:28:55 IST)" (scheduled at 2026-08-21 00:23:55.295096+05:30)
2026-08-21 00:23:55,353 - INFO - [bot-1787212102488-1594] Starting signal check cycle for BTC/USDT (5m)...
2026-08-21 00:23:55,398 - INFO - Fetching recent candles for BTC/USDT (5m) [Bot: bot-1787212102488-1594] via ProviderManager...
2026-08-21 00:23:55,815 - INFO - Indicators computed | close=72522.00 ema_9=72563.50 ema_20=72594.53 ema_50=72448.30 ema_200=71238.30 macd=2.3722 poc=64325.0 val=63300.0 vah=69700.0
2026-08-21 00:23:55,817 - INFO - [bot-1787212102488-1594] Evaluating strategy on completed candle: 2026-08-20 18:45:00+00:00 at Close price: 72534.00
2026-08-21 00:23:55,875 - INFO - Confluence Evaluation | Regime: TRENDING (ADX=27.7) | Direction: HOLD | BullScore: 44.1% | BearScore: 11.8% | Active: ['ema_9', 'ema_20', 'rsi', 'vwap', 'supertrend', 'atr']
2026-08-21 00:23:55,959 - INFO - Signal evaluated: HOLD. Reason/Details: Confluence score: 44% (HOLD)
2026-08-21 00:23:56,136 - INFO - Logged heartbeat status: OK
2026-08-21 00:23:56,136 - INFO - Job "LiveRunner.process_cycle (trigger: interval[0:05:00], next run at: 2026-08-21 00:28:55 IST)" executed successfully
/Users/ashishparadkar/Downloads/algo-code-main/.venv/lib/python3.9/site-packages/urllib3/__init__.py:35: NotOpenSSLWarning: urllib3 v2 only supports OpenSSL 1.1.1+, currently the 'ssl' module is compiled with 'LibreSSL 2.8.3'. See: https://github.com/urllib3/urllib3/issues/3020
  warnings.warn(
2026-08-21 06:20:41,609 - INFO - Bot state startup reconciliation finished: 0 bot(s) reconciled to STOPPED.
2026-08-21 06:20:41,974 - INFO - Telegram notification service initialized successfully (Chat ID: 5657...)
2026-08-21 06:20:42,060 - INFO - Initializing scheduled trading bot live runner for bot-1787212102488-1594...
2026-08-21 06:20:42,257 - INFO - SQLite database tables verified/created.
2026-08-21 06:20:42,541 - INFO - Initializing CCXT Binance in TESTNET mode.
2026-08-21 06:20:57,161 - INFO - [bot-1787212102488-1594] Pre-flight instrument resolved: BTC/USDT (SPOT via binance_spot)
2026-08-21 06:20:57,561 - INFO - [bot-1787212102488-1594] Starting signal check cycle for BTC/USDT (5m)...
2026-08-21 06:20:57,747 - INFO - Fetching recent candles for BTC/USDT (5m) [Bot: bot-1787212102488-1594] via ProviderManager...
2026-08-21 06:22:02,393 - INFO - Indicators computed | close=73768.01 ema_9=73637.37 ema_20=73420.37 ema_50=73101.03 ema_200=72113.98 macd=240.9138 poc=64325.0 val=63575.0 vah=71275.0
2026-08-21 06:22:02,425 - INFO - [bot-1787212102488-1594] Evaluating strategy on completed candle: 2026-08-21 00:45:00+00:00 at Close price: 73761.56
2026-08-21 06:22:02,942 - INFO - Confluence Evaluation | Regime: TRENDING (ADX=53.5) | Direction: LONG | BullScore: 100.0% | BearScore: 0.0% | Active: ['ema_9', 'ema_20', 'rsi', 'vwap', 'supertrend', 'atr']
2026-08-21 06:22:03,563 - INFO - Capping position size 0.657376 BTC to available cash equivalent 0.135572 BTC.
2026-08-21 06:22:03,584 - INFO - Created pending signal approval ID 87 for bot bot-1787212102488-1594 (LONG @ $73761.56, status: WAITING_APPROVAL)
2026-08-21 06:22:04,081 - INFO - [bot-1787212102488-1594] Signal LONG generated (ID: 87). Waiting for manual user approval.
2026-08-21 06:22:04,574 - INFO - Logged heartbeat status: OK
2026-08-21 06:22:04,601 - INFO - Adding job tentatively -- it will be properly scheduled when the scheduler starts
2026-08-21 06:22:04,601 - INFO - Bot bot-1787212102488-1594 scheduled to check every 5 minutes.
2026-08-21 06:22:04,606 - INFO - Added job "LiveRunner.process_cycle" to job store "default"
2026-08-21 06:22:04,607 - INFO - Scheduler started
2026-08-21 06:27:04,782 - INFO - Running job "LiveRunner.process_cycle (trigger: interval[0:05:00], next run at: 2026-08-21 06:32:04 IST)" (scheduled at 2026-08-21 06:27:04.593417+05:30)
2026-08-21 06:27:04,860 - INFO - [bot-1787212102488-1594] Starting signal check cycle for BTC/USDT (5m)...
2026-08-21 06:27:04,924 - INFO - Fetching recent candles for BTC/USDT (5m) [Bot: bot-1787212102488-1594] via ProviderManager...
2026-08-21 06:27:05,710 - INFO - Indicators computed | close=73642.01 ema_9=73621.98 ema_20=73432.69 ema_50=73118.40 ema_200=72128.18 macd=222.3505 poc=64325.0 val=63575.0 vah=71300.0
2026-08-21 06:27:05,711 - INFO - [bot-1787212102488-1594] Evaluating strategy on completed candle: 2026-08-21 00:50:00+00:00 at Close price: 73666.00
2026-08-21 06:27:05,768 - INFO - Confluence Evaluation | Regime: TRENDING (ADX=53.5) | Direction: HOLD | BullScore: 55.9% | BearScore: 44.1% | Active: ['ema_9', 'ema_20', 'rsi', 'vwap', 'supertrend', 'atr']
2026-08-21 06:27:05,857 - INFO - Signal evaluated: HOLD. Reason/Details: Confluence score: 56% (HOLD)
2026-08-21 06:27:06,040 - INFO - Logged heartbeat status: OK
2026-08-21 06:27:06,040 - INFO - Job "LiveRunner.process_cycle (trigger: interval[0:05:00], next run at: 2026-08-21 06:32:04 IST)" executed successfully
2026-08-21 06:32:04,675 - INFO - Running job "LiveRunner.process_cycle (trigger: interval[0:05:00], next run at: 2026-08-21 06:37:04 IST)" (scheduled at 2026-08-21 06:32:04.593417+05:30)
2026-08-21 06:32:04,701 - INFO - [bot-1787212102488-1594] Starting signal check cycle for BTC/USDT (5m)...
2026-08-21 06:32:04,745 - INFO - Fetching recent candles for BTC/USDT (5m) [Bot: bot-1787212102488-1594] via ProviderManager...
2026-08-21 06:32:05,338 - INFO - Indicators computed | close=73793.51 ema_9=73666.84 ema_20=73472.74 ema_50=73147.37 ema_200=72145.40 macd=227.7994 poc=64325.0 val=63575.0 vah=71300.0
2026-08-21 06:32:05,340 - INFO - [bot-1787212102488-1594] Evaluating strategy on completed candle: 2026-08-21 00:55:00+00:00 at Close price: 73708.02
2026-08-21 06:32:05,415 - INFO - Confluence Evaluation | Regime: TRENDING (ADX=53.7) | Direction: LONG | BullScore: 100.0% | BearScore: 0.0% | Active: ['ema_9', 'ema_20', 'rsi', 'vwap', 'supertrend', 'atr']
2026-08-21 06:32:05,527 - INFO - Capping position size 0.797766 BTC to available cash equivalent 0.135670 BTC.
2026-08-21 06:32:05,537 - INFO - [bot-1787212102488-1594] Signal LONG active pending approval already exists (ID: 87).
2026-08-21 06:32:05,725 - INFO - Logged heartbeat status: OK
2026-08-21 06:32:05,725 - INFO - Job "LiveRunner.process_cycle (trigger: interval[0:05:00], next run at: 2026-08-21 06:37:04 IST)" executed successfully
2026-08-21 06:37:04,614 - INFO - Running job "LiveRunner.process_cycle (trigger: interval[0:05:00], next run at: 2026-08-21 06:42:04 IST)" (scheduled at 2026-08-21 06:37:04.593417+05:30)
2026-08-21 06:37:04,630 - INFO - [bot-1787212102488-1594] Starting signal check cycle for BTC/USDT (5m)...
2026-08-21 06:37:04,678 - INFO - Fetching recent candles for BTC/USDT (5m) [Bot: bot-1787212102488-1594] via ProviderManager...
2026-08-21 06:37:05,156 - INFO - Indicators computed | close=73884.01 ema_9=73717.72 ema_20=73515.92 ema_50=73178.01 ema_200=72163.16 macd=235.4301 poc=64325.0 val=63575.0 vah=71325.0
2026-08-21 06:37:05,158 - INFO - [bot-1787212102488-1594] Evaluating strategy on completed candle: 2026-08-21 01:00:00+00:00 at Close price: 73840.01
2026-08-21 06:37:05,231 - INFO - Confluence Evaluation | Regime: TRENDING (ADX=55.5) | Direction: LONG | BullScore: 100.0% | BearScore: 0.0% | Active: ['ema_9', 'ema_20', 'rsi', 'vwap', 'supertrend', 'atr']
2026-08-21 06:37:05,334 - INFO - Capping position size 0.522616 BTC to available cash equivalent 0.135428 BTC.
2026-08-21 06:37:05,341 - INFO - [bot-1787212102488-1594] Signal LONG active pending approval already exists (ID: 87).
2026-08-21 06:37:05,540 - INFO - Logged heartbeat status: OK
2026-08-21 06:37:05,540 - INFO - Job "LiveRunner.process_cycle (trigger: interval[0:05:00], next run at: 2026-08-21 06:42:04 IST)" executed successfully
2026-08-21 06:42:04,619 - INFO - Running job "LiveRunner.process_cycle (trigger: interval[0:05:00], next run at: 2026-08-21 06:47:04 IST)" (scheduled at 2026-08-21 06:42:04.593417+05:30)
2026-08-21 06:42:04,642 - INFO - [bot-1787212102488-1594] Starting signal check cycle for BTC/USDT (5m)...
2026-08-21 06:42:04,695 - INFO - Fetching recent candles for BTC/USDT (5m) [Bot: bot-1787212102488-1594] via ProviderManager...
2026-08-21 06:42:05,958 - INFO - Indicators computed | close=73966.00 ema_9=73774.71 ema_20=73562.74 ema_50=73210.64 ema_200=72181.55 macd=245.1845 poc=64325.0 val=63575.0 vah=71325.0
2026-08-21 06:42:05,963 - INFO - [bot-1787212102488-1594] Evaluating strategy on completed candle: 2026-08-21 01:05:00+00:00 at Close price: 73929.87
2026-08-21 06:42:06,033 - INFO - Confluence Evaluation | Regime: TRENDING (ADX=57.3) | Direction: LONG | BullScore: 100.0% | BearScore: 0.0% | Active: ['ema_9', 'ema_20', 'rsi', 'vwap', 'supertrend', 'atr']
2026-08-21 06:42:06,143 - INFO - Capping position size 0.481672 BTC to available cash equivalent 0.135263 BTC.
2026-08-21 06:42:06,203 - INFO - [bot-1787212102488-1594] Signal LONG active pending approval already exists (ID: 87).
2026-08-21 06:42:06,399 - INFO - Logged heartbeat status: OK
2026-08-21 06:42:06,400 - INFO - Job "LiveRunner.process_cycle (trigger: interval[0:05:00], next run at: 2026-08-21 06:47:04 IST)" executed successfully
2026-08-21 06:47:04,646 - INFO - Running job "LiveRunner.process_cycle (trigger: interval[0:05:00], next run at: 2026-08-21 06:52:04 IST)" (scheduled at 2026-08-21 06:47:04.593417+05:30)
2026-08-21 06:47:04,692 - INFO - [bot-1787212102488-1594] Starting signal check cycle for BTC/USDT (5m)...
2026-08-21 06:47:04,741 - INFO - Fetching recent candles for BTC/USDT (5m) [Bot: bot-1787212102488-1594] via ProviderManager...
2026-08-21 06:47:05,327 - INFO - Indicators computed | close=74188.76 ema_9=73861.44 ema_20=73624.47 ema_50=73249.92 ema_200=72201.76 macd=266.4455 poc=64325.0 val=63575.0 vah=71350.0
2026-08-21 06:47:05,328 - INFO - [bot-1787212102488-1594] Evaluating strategy on completed candle: 2026-08-21 01:10:00+00:00 at Close price: 73990.50
2026-08-21 06:47:05,419 - INFO - Confluence Evaluation | Regime: TRENDING (ADX=59.3) | Direction: LONG | BullScore: 100.0% | BearScore: 0.0% | Active: ['ema_9', 'ema_20', 'rsi', 'vwap', 'supertrend', 'atr']
2026-08-21 06:47:05,532 - INFO - Capping position size 0.420301 BTC to available cash equivalent 0.135152 BTC.
2026-08-21 06:47:05,593 - INFO - [bot-1787212102488-1594] Signal LONG active pending approval already exists (ID: 87).
2026-08-21 06:47:05,940 - INFO - Logged heartbeat status: OK
2026-08-21 06:47:05,941 - INFO - Job "LiveRunner.process_cycle (trigger: interval[0:05:00], next run at: 2026-08-21 06:52:04 IST)" executed successfully
2026-08-21 06:52:04,609 - INFO - Running job "LiveRunner.process_cycle (trigger: interval[0:05:00], next run at: 2026-08-21 06:57:04 IST)" (scheduled at 2026-08-21 06:52:04.593417+05:30)
2026-08-21 06:52:04,650 - INFO - [bot-1787212102488-1594] Starting signal check cycle for BTC/USDT (5m)...
2026-08-21 06:52:04,865 - INFO - Fetching recent candles for BTC/USDT (5m) [Bot: bot-1787212102488-1594] via ProviderManager...
2026-08-21 06:52:05,301 - INFO - Indicators computed | close=74378.48 ema_9=74040.23 ema_20=73736.88 ema_50=73311.93 ema_200=72228.06 macd=322.6886 poc=64325.0 val=63575.0 vah=71425.0
2026-08-21 06:52:05,302 - INFO - [bot-1787212102488-1594] Evaluating strategy on completed candle: 2026-08-21 01:15:00+00:00 at Close price: 74659.92
2026-08-21 06:52:05,372 - INFO - Confluence Evaluation | Regime: TRENDING (ADX=60.9) | Direction: LONG | BullScore: 100.0% | BearScore: 0.0% | Active: ['ema_9', 'ema_20', 'rsi', 'vwap', 'supertrend', 'atr']
2026-08-21 06:52:05,538 - INFO - Capping position size 0.174631 BTC to available cash equivalent 0.133941 BTC.
2026-08-21 06:52:05,599 - INFO - Created pending signal approval ID 117 for bot bot-1787212102488-1594 (LONG @ $74659.92, status: WAITING_APPROVAL)
2026-08-21 06:52:05,696 - INFO - [bot-1787212102488-1594] Signal LONG generated (ID: 117). Waiting for manual user approval.
2026-08-21 06:52:05,901 - INFO - Logged heartbeat status: OK
2026-08-21 06:52:05,902 - INFO - Job "LiveRunner.process_cycle (trigger: interval[0:05:00], next run at: 2026-08-21 06:57:04 IST)" executed successfully
2026-08-21 06:57:04,619 - INFO - Running job "LiveRunner.process_cycle (trigger: interval[0:05:00], next run at: 2026-08-21 07:02:04 IST)" (scheduled at 2026-08-21 06:57:04.593417+05:30)
2026-08-21 06:57:04,630 - INFO - [bot-1787212102488-1594] Starting signal check cycle for BTC/USDT (5m)...
2026-08-21 06:57:04,672 - INFO - Fetching recent candles for BTC/USDT (5m) [Bot: bot-1787212102488-1594] via ProviderManager...
2026-08-21 06:57:05,130 - INFO - Indicators computed | close=74539.09 ema_9=74159.70 ema_20=73823.89 ema_50=73364.69 ema_200=72252.27 macd=354.0237 poc=64325.0 val=63575.0 vah=71450.0
2026-08-21 06:57:05,131 - INFO - [bot-1787212102488-1594] Evaluating strategy on completed candle: 2026-08-21 01:20:00+00:00 at Close price: 74501.59
2026-08-21 06:57:05,189 - INFO - Confluence Evaluation | Regime: TRENDING (ADX=62.1) | Direction: HOLD | BullScore: 55.9% | BearScore: 44.1% | Active: ['ema_9', 'ema_20', 'rsi', 'vwap', 'supertrend', 'atr']
2026-08-21 06:57:05,286 - INFO - Signal evaluated: HOLD. Reason/Details: Confluence score: 56% (HOLD)
2026-08-21 06:57:05,490 - INFO - Logged heartbeat status: OK
2026-08-21 06:57:05,491 - INFO - Job "LiveRunner.process_cycle (trigger: interval[0:05:00], next run at: 2026-08-21 07:02:04 IST)" executed successfully
2026-08-21 07:02:04,610 - INFO - Running job "LiveRunner.process_cycle (trigger: interval[0:05:00], next run at: 2026-08-21 07:07:04 IST)" (scheduled at 2026-08-21 07:02:04.593417+05:30)
2026-08-21 07:02:04,622 - INFO - [bot-1787212102488-1594] Starting signal check cycle for BTC/USDT (5m)...
2026-08-21 07:02:04,668 - INFO - Fetching recent candles for BTC/USDT (5m) [Bot: bot-1787212102488-1594] via ProviderManager...
2026-08-21 07:02:05,058 - INFO - Indicators computed | close=74793.88 ema_9=74316.57 ema_20=73932.44 ema_50=73427.81 ema_200=72279.41 macd=398.7296 poc=64325.0 val=63575.0 vah=71475.0
2026-08-21 07:02:05,059 - INFO - [bot-1787212102488-1594] Evaluating strategy on completed candle: 2026-08-21 01:25:00+00:00 at Close price: 74726.77
2026-08-21 07:02:05,122 - INFO - Confluence Evaluation | Regime: TRENDING (ADX=62.4) | Direction: LONG | BullScore: 100.0% | BearScore: 0.0% | Active: ['ema_9', 'ema_20', 'rsi', 'vwap', 'supertrend', 'atr']
2026-08-21 07:02:05,212 - INFO - Capping position size 0.201495 BTC to available cash equivalent 0.133821 BTC.
2026-08-21 07:02:05,270 - INFO - [bot-1787212102488-1594] Signal LONG active pending approval already exists (ID: 117).
2026-08-21 07:02:05,465 - INFO - Logged heartbeat status: OK
2026-08-21 07:02:05,465 - INFO - Job "LiveRunner.process_cycle (trigger: interval[0:05:00], next run at: 2026-08-21 07:07:04 IST)" executed successfully
/Users/ashishparadkar/Downloads/algo-code-main/.venv/lib/python3.9/site-packages/urllib3/__init__.py:35: NotOpenSSLWarning: urllib3 v2 only supports OpenSSL 1.1.1+, currently the 'ssl' module is compiled with 'LibreSSL 2.8.3'. See: https://github.com/urllib3/urllib3/issues/3020
  warnings.warn(
2026-08-21 12:13:17,717 - INFO - Bot state startup reconciliation finished: 0 bot(s) reconciled to STOPPED.
2026-08-21 12:13:18,126 - INFO - Telegram notification service initialized successfully (Chat ID: 5657...)
2026-08-21 12:13:18,141 - INFO - Initializing scheduled trading bot live runner for bot-1787212102488-1594...
2026-08-21 12:13:18,435 - INFO - SQLite database tables verified/created.
2026-08-21 12:13:18,970 - INFO - Initializing CCXT Binance in TESTNET mode.
2026-08-21 12:13:38,919 - INFO - [bot-1787212102488-1594] Pre-flight instrument resolved: BTC/USDT (SPOT via binance_spot)
2026-08-21 12:13:38,961 - INFO - [bot-1787212102488-1594] Starting signal check cycle for BTC/USDT (5m)...
2026-08-21 12:13:38,975 - INFO - Fetching recent candles for BTC/USDT (5m) [Bot: bot-1787212102488-1594] via ProviderManager...
2026-08-21 12:14:52,431 - INFO - Indicators computed | close=75449.24 ema_9=75446.88 ema_20=75328.01 ema_50=75000.47 ema_200=73540.38 macd=150.4880 poc=64275.0 val=64025.0 vah=71850.0
2026-08-21 12:14:52,449 - INFO - [bot-1787212102488-1594] Evaluating strategy on completed candle: 2026-08-21 06:35:00+00:00 at Close price: 75704.08
2026-08-21 12:14:53,775 - INFO - Confluence Evaluation | Regime: TRENDING (ADX=26.3) | Direction: LONG | BullScore: 100.0% | BearScore: 0.0% | Active: ['ema_9', 'ema_20', 'rsi', 'vwap', 'supertrend', 'atr']
2026-08-21 12:14:54,304 - INFO - Capping position size 0.296217 BTC to available cash equivalent 0.132093 BTC.
2026-08-21 12:14:54,812 - INFO - Created pending signal approval ID 147 for bot bot-1787212102488-1594 (LONG @ $75704.08, status: WAITING_APPROVAL)
2026-08-21 12:14:55,608 - INFO - [bot-1787212102488-1594] Signal LONG generated (ID: 147). Waiting for manual user approval.
2026-08-21 12:14:56,094 - INFO - Logged heartbeat status: OK
2026-08-21 12:14:57,023 - INFO - Adding job tentatively -- it will be properly scheduled when the scheduler starts
2026-08-21 12:14:57,023 - INFO - Bot bot-1787212102488-1594 scheduled to check every 5 minutes.
2026-08-21 12:14:57,042 - INFO - Added job "LiveRunner.process_cycle" to job store "default"
2026-08-21 12:14:57,043 - INFO - Scheduler started
2026-08-21 12:19:57,270 - INFO - Running job "LiveRunner.process_cycle (trigger: interval[0:05:00], next run at: 2026-08-21 12:24:57 IST)" (scheduled at 2026-08-21 12:19:57.015414+05:30)
2026-08-21 12:19:57,443 - INFO - [bot-1787212102488-1594] Starting signal check cycle for BTC/USDT (5m)...
2026-08-21 12:19:57,522 - INFO - Fetching recent candles for BTC/USDT (5m) [Bot: bot-1787212102488-1594] via ProviderManager...
2026-08-21 12:19:58,483 - INFO - Indicators computed | close=75512.00 ema_9=75451.22 ema_20=75340.85 ema_50=75018.49 ema_200=73559.46 macd=143.7970 poc=64275.0 val=64025.0 vah=71850.0
2026-08-21 12:19:58,485 - INFO - [bot-1787212102488-1594] Evaluating strategy on completed candle: 2026-08-21 06:40:00+00:00 at Close price: 75394.97
2026-08-21 12:19:58,576 - INFO - Confluence Evaluation | Regime: TRENDING (ADX=26.8) | Direction: HOLD | BullScore: 55.9% | BearScore: 44.1% | Active: ['ema_9', 'ema_20', 'rsi', 'vwap', 'supertrend', 'atr']
2026-08-21 12:19:58,681 - INFO - Signal evaluated: HOLD. Reason/Details: Confluence score: 56% (HOLD)
2026-08-21 12:19:58,923 - INFO - Logged heartbeat status: OK
2026-08-21 12:19:58,923 - INFO - Job "LiveRunner.process_cycle (trigger: interval[0:05:00], next run at: 2026-08-21 12:24:57 IST)" executed successfully
2026-08-21 12:24:57,034 - INFO - Running job "LiveRunner.process_cycle (trigger: interval[0:05:00], next run at: 2026-08-21 12:29:57 IST)" (scheduled at 2026-08-21 12:24:57.015414+05:30)
2026-08-21 12:24:57,048 - INFO - [bot-1787212102488-1594] Starting signal check cycle for BTC/USDT (5m)...
2026-08-21 12:24:57,085 - INFO - Fetching recent candles for BTC/USDT (5m) [Bot: bot-1787212102488-1594] via ProviderManager...
2026-08-21 12:24:58,212 - INFO - Indicators computed | close=75558.00 ema_9=75473.26 ema_20=75361.90 ema_50=75039.81 ema_200=73579.39 macd=144.2409 poc=64275.0 val=64025.0 vah=71875.0
2026-08-21 12:24:58,214 - INFO - [bot-1787212102488-1594] Evaluating strategy on completed candle: 2026-08-21 06:45:00+00:00 at Close price: 75516.28
2026-08-21 12:24:58,280 - INFO - Confluence Evaluation | Regime: TRENDING (ADX=25.9) | Direction: LONG | BullScore: 100.0% | BearScore: 0.0% | Active: ['ema_9', 'ema_20', 'rsi', 'vwap', 'supertrend', 'atr']
2026-08-21 12:24:58,390 - INFO - Capping position size 0.508569 BTC to available cash equivalent 0.132422 BTC.
2026-08-21 12:24:58,483 - INFO - [bot-1787212102488-1594] Signal LONG active pending approval already exists (ID: 147).
2026-08-21 12:24:58,690 - INFO - Logged heartbeat status: OK
2026-08-21 12:24:58,691 - INFO - Job "LiveRunner.process_cycle (trigger: interval[0:05:00], next run at: 2026-08-21 12:29:57 IST)" executed successfully
2026-08-21 12:29:57,029 - INFO - Running job "LiveRunner.process_cycle (trigger: interval[0:05:00], next run at: 2026-08-21 12:34:57 IST)" (scheduled at 2026-08-21 12:29:57.015414+05:30)
2026-08-21 12:29:57,088 - INFO - [bot-1787212102488-1594] Starting signal check cycle for BTC/USDT (5m)...
2026-08-21 12:29:57,135 - INFO - Fetching recent candles for BTC/USDT (5m) [Bot: bot-1787212102488-1594] via ProviderManager...
2026-08-21 12:29:57,833 - INFO - Indicators computed | close=75646.21 ema_9=75505.61 ema_20=75387.77 ema_50=75063.06 ema_200=73599.81 macd=148.8520 poc=64275.0 val=64025.0 vah=71875.0
2026-08-21 12:29:57,841 - INFO - [bot-1787212102488-1594] Evaluating strategy on completed candle: 2026-08-21 06:50:00+00:00 at Close price: 75544.00
2026-08-21 12:29:57,910 - INFO - Confluence Evaluation | Regime: TRENDING (ADX=25.1) | Direction: LONG | BullScore: 100.0% | BearScore: 0.0% | Active: ['ema_9', 'ema_20', 'rsi', 'vwap', 'supertrend', 'atr']
2026-08-21 12:29:58,032 - INFO - Capping position size 0.626370 BTC to available cash equivalent 0.132373 BTC.
2026-08-21 12:29:58,079 - INFO - [bot-1787212102488-1594] Signal LONG active pending approval already exists (ID: 147).
2026-08-21 12:29:58,289 - INFO - Logged heartbeat status: OK
2026-08-21 12:29:58,289 - INFO - Job "LiveRunner.process_cycle (trigger: interval[0:05:00], next run at: 2026-08-21 12:34:57 IST)" executed successfully
2026-08-21 12:34:57,056 - INFO - Running job "LiveRunner.process_cycle (trigger: interval[0:05:00], next run at: 2026-08-21 12:39:57 IST)" (scheduled at 2026-08-21 12:34:57.015414+05:30)
2026-08-21 12:34:57,095 - INFO - [bot-1787212102488-1594] Starting signal check cycle for BTC/USDT (5m)...
2026-08-21 12:34:57,140 - INFO - Fetching recent candles for BTC/USDT (5m) [Bot: bot-1787212102488-1594] via ProviderManager...
2026-08-21 12:34:57,633 - INFO - Indicators computed | close=75733.61 ema_9=75551.21 ema_20=75420.71 ema_50=75089.36 ema_200=73621.05 macd=158.6153 poc=64275.0 val=64025.0 vah=71875.0
2026-08-21 12:34:57,635 - INFO - [bot-1787212102488-1594] Evaluating strategy on completed candle: 2026-08-21 06:55:00+00:00 at Close price: 75646.21
2026-08-21 12:34:57,662 - INFO - Confluence Evaluation | Regime: RANGING (ADX=24.8) | Direction: LONG | BullScore: 100.0% | BearScore: 0.0% | Active: ['ema_9', 'ema_20', 'rsi', 'vwap', 'supertrend', 'atr']
2026-08-21 12:34:57,728 - INFO - Capping position size 0.474485 BTC to available cash equivalent 0.132194 BTC.
2026-08-21 12:34:57,778 - INFO - [bot-1787212102488-1594] Signal LONG active pending approval already exists (ID: 147).
2026-08-21 12:34:57,963 - INFO - Logged heartbeat status: OK
2026-08-21 12:34:57,964 - INFO - Job "LiveRunner.process_cycle (trigger: interval[0:05:00], next run at: 2026-08-21 12:39:57 IST)" executed successfully
2026-08-21 12:39:57,030 - INFO - Running job "LiveRunner.process_cycle (trigger: interval[0:05:00], next run at: 2026-08-21 12:44:57 IST)" (scheduled at 2026-08-21 12:39:57.015414+05:30)
2026-08-21 12:39:57,092 - INFO - [bot-1787212102488-1594] Starting signal check cycle for BTC/USDT (5m)...
2026-08-21 12:39:57,156 - INFO - Fetching recent candles for BTC/USDT (5m) [Bot: bot-1787212102488-1594] via ProviderManager...
2026-08-21 12:39:57,835 - INFO - Indicators computed | close=75879.00 ema_9=75616.77 ema_20=75464.36 ema_50=75120.32 ema_200=73643.51 macd=176.0552 poc=64275.0 val=64025.0 vah=71875.0
2026-08-21 12:39:57,841 - INFO - [bot-1787212102488-1594] Evaluating strategy on completed candle: 2026-08-21 07:00:00+00:00 at Close price: 75733.61
2026-08-21 12:39:57,943 - INFO - Confluence Evaluation | Regime: RANGING (ADX=23.7) | Direction: LONG | BullScore: 100.0% | BearScore: 0.0% | Active: ['ema_9', 'ema_20', 'rsi', 'vwap', 'supertrend', 'atr']
2026-08-21 12:39:58,028 - INFO - Capping position size 0.392997 BTC to available cash equivalent 0.132042 BTC.
2026-08-21 12:39:58,081 - INFO - [bot-1787212102488-1594] Signal LONG active pending approval already exists (ID: 147).
2026-08-21 12:39:58,274 - INFO - Logged heartbeat status: OK
2026-08-21 12:39:58,274 - INFO - Job "LiveRunner.process_cycle (trigger: interval[0:05:00], next run at: 2026-08-21 12:44:57 IST)" executed successfully
2026-08-21 12:44:57,031 - INFO - Running job "LiveRunner.process_cycle (trigger: interval[0:05:00], next run at: 2026-08-21 12:49:57 IST)" (scheduled at 2026-08-21 12:44:57.015414+05:30)
2026-08-21 12:44:57,038 - INFO - [bot-1787212102488-1594] Starting signal check cycle for BTC/USDT (5m)...
2026-08-21 12:44:57,121 - INFO - Fetching recent candles for BTC/USDT (5m) [Bot: bot-1787212102488-1594] via ProviderManager...
2026-08-21 12:44:57,602 - INFO - Indicators computed | close=75949.99 ema_9=75681.70 ema_20=75509.68 ema_50=75152.46 ema_200=73666.36 macd=192.7153 poc=64275.0 val=64025.0 vah=71875.0
2026-08-21 12:44:57,603 - INFO - [bot-1787212102488-1594] Evaluating strategy on completed candle: 2026-08-21 07:05:00+00:00 at Close price: 75868.28
2026-08-21 12:44:57,657 - INFO - Confluence Evaluation | Regime: RANGING (ADX=22.5) | Direction: LONG | BullScore: 100.0% | BearScore: 0.0% | Active: ['ema_9', 'ema_20', 'rsi', 'vwap', 'supertrend', 'atr']
2026-08-21 12:44:57,716 - INFO - Capping position size 0.310762 BTC to available cash equivalent 0.131807 BTC.
2026-08-21 12:44:57,823 - INFO - Created pending signal approval ID 164 for bot bot-1787212102488-1594 (LONG @ $75868.28, status: WAITING_APPROVAL)
2026-08-21 12:44:57,945 - INFO - [bot-1787212102488-1594] Signal LONG generated (ID: 164). Waiting for manual user approval.
2026-08-21 12:44:58,175 - INFO - Logged heartbeat status: OK
2026-08-21 12:44:58,175 - INFO - Job "LiveRunner.process_cycle (trigger: interval[0:05:00], next run at: 2026-08-21 12:49:57 IST)" executed successfully
2026-08-21 12:49:57,061 - INFO - Running job "LiveRunner.process_cycle (trigger: interval[0:05:00], next run at: 2026-08-21 12:54:57 IST)" (scheduled at 2026-08-21 12:49:57.015414+05:30)
2026-08-21 12:49:57,115 - INFO - [bot-1787212102488-1594] Starting signal check cycle for BTC/USDT (5m)...
2026-08-21 12:49:57,161 - INFO - Fetching recent candles for BTC/USDT (5m) [Bot: bot-1787212102488-1594] via ProviderManager...
2026-08-21 12:49:57,763 - INFO - Indicators computed | close=76483.43 ema_9=75845.24 ema_20=75604.15 ema_50=75205.40 ema_200=73694.58 macd=248.0274 poc=64275.0 val=64025.0 vah=71900.0
2026-08-21 12:49:57,766 - INFO - [bot-1787212102488-1594] Evaluating strategy on completed candle: 2026-08-21 07:10:00+00:00 at Close price: 75969.99
2026-08-21 12:49:57,835 - INFO - Confluence Evaluation | Regime: RANGING (ADX=21.9) | Direction: LONG | BullScore: 100.0% | BearScore: 0.0% | Active: ['ema_9', 'ema_20', 'rsi', 'vwap', 'supertrend', 'atr']
2026-08-21 12:49:57,867 - INFO - Capping position size 0.320287 BTC to available cash equivalent 0.131631 BTC.
2026-08-21 12:49:57,950 - INFO - [bot-1787212102488-1594] Signal LONG active pending approval already exists (ID: 164).
2026-08-21 12:49:58,186 - INFO - Logged heartbeat status: OK
2026-08-21 12:49:58,186 - INFO - Job "LiveRunner.process_cycle (trigger: interval[0:05:00], next run at: 2026-08-21 12:54:57 IST)" executed successfully
2026-08-21 12:54:57,032 - INFO - Running job "LiveRunner.process_cycle (trigger: interval[0:05:00], next run at: 2026-08-21 12:59:57 IST)" (scheduled at 2026-08-21 12:54:57.015414+05:30)
2026-08-21 12:54:57,088 - INFO - [bot-1787212102488-1594] Starting signal check cycle for BTC/USDT (5m)...
2026-08-21 12:54:57,106 - INFO - Fetching recent candles for BTC/USDT (5m) [Bot: bot-1787212102488-1594] via ProviderManager...
2026-08-21 12:54:57,586 - INFO - Indicators computed | close=76282.15 ema_9=75932.79 ema_20=75668.81 ema_50=75247.67 ema_200=73720.34 macd=271.2947 poc=64275.0 val=64025.0 vah=71900.0
2026-08-21 12:54:57,589 - INFO - [bot-1787212102488-1594] Evaluating strategy on completed candle: 2026-08-21 07:15:00+00:00 at Close price: 76484.48
2026-08-21 12:54:57,694 - INFO - Confluence Evaluation | Regime: RANGING (ADX=23.2) | Direction: LONG | BullScore: 100.0% | BearScore: 0.0% | Active: ['ema_9', 'ema_20', 'rsi', 'vwap', 'supertrend', 'atr']
2026-08-21 12:54:57,790 - INFO - Capping position size 0.195309 BTC to available cash equivalent 0.130745 BTC.
2026-08-21 12:54:57,832 - INFO - [bot-1787212102488-1594] Signal LONG active pending approval already exists (ID: 164).
2026-08-21 12:54:57,999 - INFO - Logged heartbeat status: OK
2026-08-21 12:54:57,999 - INFO - Job "LiveRunner.process_cycle (trigger: interval[0:05:00], next run at: 2026-08-21 12:59:57 IST)" executed successfully
2026-08-21 12:59:57,046 - INFO - Running job "LiveRunner.process_cycle (trigger: interval[0:05:00], next run at: 2026-08-21 13:04:57 IST)" (scheduled at 2026-08-21 12:59:57.015414+05:30)
2026-08-21 12:59:57,108 - INFO - [bot-1787212102488-1594] Starting signal check cycle for BTC/USDT (5m)...
2026-08-21 12:59:57,161 - INFO - Fetching recent candles for BTC/USDT (5m) [Bot: bot-1787212102488-1594] via ProviderManager...
2026-08-21 12:59:57,626 - INFO - Indicators computed | close=76404.54 ema_9=76022.61 ema_20=75736.44 ema_50=75291.97 ema_200=73746.77 macd=294.3864 poc=64275.0 val=64025.0 vah=71900.0
2026-08-21 12:59:57,627 - INFO - [bot-1787212102488-1594] Evaluating strategy on completed candle: 2026-08-21 07:20:00+00:00 at Close price: 76253.84
2026-08-21 12:59:57,678 - INFO - Confluence Evaluation | Regime: TRENDING (ADX=25.2) | Direction: HOLD | BullScore: 55.9% | BearScore: 44.1% | Active: ['ema_9', 'ema_20', 'rsi', 'vwap', 'supertrend', 'atr']
2026-08-21 12:59:57,714 - INFO - Signal evaluated: HOLD. Reason/Details: Confluence score: 56% (HOLD)
2026-08-21 12:59:57,771 - INFO - Logged heartbeat status: OK
2026-08-21 12:59:57,771 - INFO - Job "LiveRunner.process_cycle (trigger: interval[0:05:00], next run at: 2026-08-21 13:04:57 IST)" executed successfully
2026-08-21 13:04:57,110 - INFO - Running job "LiveRunner.process_cycle (trigger: interval[0:05:00], next run at: 2026-08-21 13:09:57 IST)" (scheduled at 2026-08-21 13:04:57.015414+05:30)
2026-08-21 13:04:57,281 - INFO - [bot-1787212102488-1594] Starting signal check cycle for BTC/USDT (5m)...
2026-08-21 13:04:57,310 - INFO - Fetching recent candles for BTC/USDT (5m) [Bot: bot-1787212102488-1594] via ProviderManager...
2026-08-21 13:04:58,920 - INFO - Indicators computed | close=76384.61 ema_9=76095.95 ema_20=75798.67 ema_50=75335.04 ema_200=73773.08 macd=309.6626 poc=64275.0 val=64025.0 vah=71925.0
2026-08-21 13:04:58,935 - INFO - [bot-1787212102488-1594] Evaluating strategy on completed candle: 2026-08-21 07:25:00+00:00 at Close price: 76410.38
2026-08-21 13:04:59,201 - INFO - Confluence Evaluation | Regime: TRENDING (ADX=27.7) | Direction: LONG | BullScore: 100.0% | BearScore: 0.0% | Active: ['ema_9', 'ema_20', 'rsi', 'vwap', 'supertrend', 'atr']
2026-08-21 13:04:59,288 - INFO - Capping position size 0.240376 BTC to available cash equivalent 0.130872 BTC.
2026-08-21 13:04:59,436 - INFO - [bot-1787212102488-1594] Signal LONG active pending approval already exists (ID: 164).
2026-08-21 13:04:59,650 - INFO - Logged heartbeat status: OK
2026-08-21 13:04:59,651 - INFO - Job "LiveRunner.process_cycle (trigger: interval[0:05:00], next run at: 2026-08-21 13:09:57 IST)" executed successfully
2026-08-21 13:09:57,030 - INFO - Running job "LiveRunner.process_cycle (trigger: interval[0:05:00], next run at: 2026-08-21 13:14:57 IST)" (scheduled at 2026-08-21 13:09:57.015414+05:30)
2026-08-21 13:09:57,072 - INFO - [bot-1787212102488-1594] Starting signal check cycle for BTC/USDT (5m)...
2026-08-21 13:09:57,137 - INFO - Fetching recent candles for BTC/USDT (5m) [Bot: bot-1787212102488-1594] via ProviderManager...
2026-08-21 13:09:57,679 - INFO - Indicators computed | close=76504.00 ema_9=76177.56 ema_20=75865.85 ema_50=75380.88 ema_200=73800.25 macd=327.2612 poc=64325.0 val=64025.0 vah=71925.0
2026-08-21 13:09:57,681 - INFO - [bot-1787212102488-1594] Evaluating strategy on completed candle: 2026-08-21 07:30:00+00:00 at Close price: 76384.61
2026-08-21 13:09:57,756 - INFO - Confluence Evaluation | Regime: TRENDING (ADX=33.2) | Direction: HOLD | BullScore: 55.9% | BearScore: 44.1% | Active: ['ema_9', 'ema_20', 'rsi', 'vwap', 'supertrend', 'atr']
2026-08-21 13:09:57,855 - INFO - Signal evaluated: HOLD. Reason/Details: Confluence score: 56% (HOLD)
2026-08-21 13:09:57,920 - INFO - Logged heartbeat status: OK
2026-08-21 13:09:57,920 - INFO - Job "LiveRunner.process_cycle (trigger: interval[0:05:00], next run at: 2026-08-21 13:14:57 IST)" executed successfully
2026-08-21 13:14:57,029 - INFO - Running job "LiveRunner.process_cycle (trigger: interval[0:05:00], next run at: 2026-08-21 13:19:57 IST)" (scheduled at 2026-08-21 13:14:57.015414+05:30)
2026-08-21 13:14:57,041 - INFO - [bot-1787212102488-1594] Starting signal check cycle for BTC/USDT (5m)...
2026-08-21 13:14:57,068 - INFO - Fetching recent candles for BTC/USDT (5m) [Bot: bot-1787212102488-1594] via ProviderManager...
2026-08-21 13:14:57,929 - INFO - Indicators computed | close=76619.09 ema_9=76268.99 ema_20=75939.27 ema_50=75430.17 ema_200=73828.49 macd=347.7036 poc=64325.0 val=64025.0 vah=71950.0
2026-08-21 13:14:57,940 - INFO - [bot-1787212102488-1594] Evaluating strategy on completed candle: 2026-08-21 07:35:00+00:00 at Close price: 76523.53
2026-08-21 13:14:58,027 - INFO - Confluence Evaluation | Regime: TRENDING (ADX=38.7) | Direction: LONG | BullScore: 100.0% | BearScore: 0.0% | Active: ['ema_9', 'ema_20', 'rsi', 'vwap', 'supertrend', 'atr']
2026-08-21 13:14:58,073 - INFO - Capping position size 0.299549 BTC to available cash equivalent 0.130679 BTC.
2026-08-21 13:14:58,097 - INFO - Created pending signal approval ID 191 for bot bot-1787212102488-1594 (LONG @ $76523.53, status: WAITING_APPROVAL)
2026-08-21 13:14:58,238 - INFO - [bot-1787212102488-1594] Signal LONG generated (ID: 191). Waiting for manual user approval.
2026-08-21 13:14:58,573 - INFO - Logged heartbeat status: OK
2026-08-21 13:14:58,574 - INFO - Job "LiveRunner.process_cycle (trigger: interval[0:05:00], next run at: 2026-08-21 13:19:57 IST)" executed successfully
2026-08-21 13:19:57,067 - INFO - Running job "LiveRunner.process_cycle (trigger: interval[0:05:00], next run at: 2026-08-21 13:24:57 IST)" (scheduled at 2026-08-21 13:19:57.015414+05:30)
2026-08-21 13:19:57,122 - INFO - [bot-1787212102488-1594] Starting signal check cycle for BTC/USDT (5m)...
2026-08-21 13:19:57,166 - INFO - Fetching recent candles for BTC/USDT (5m) [Bot: bot-1787212102488-1594] via ProviderManager...
2026-08-21 13:20:07,208 - ERROR - Binance Spot Network Error: binance GET https://api.binance.com/api/v3/klines?interval=5m&limit=1000&symbol=BTCUSDT
--- Logging error ---
Traceback (most recent call last):
  File "/Users/ashishparadkar/Downloads/algo-code-main/.venv/lib/python3.9/site-packages/urllib3/connectionpool.py", line 534, in _make_request
    response = conn.getresponse()
  File "/Users/ashishparadkar/Downloads/algo-code-main/.venv/lib/python3.9/site-packages/urllib3/connection.py", line 571, in getresponse
    httplib_response = super().getresponse()
  File "/Library/Developer/CommandLineTools/Library/Frameworks/Python3.framework/Versions/3.9/lib/python3.9/http/client.py", line 1349, in getresponse
    response.begin()
  File "/Library/Developer/CommandLineTools/Library/Frameworks/Python3.framework/Versions/3.9/lib/python3.9/http/client.py", line 316, in begin
    version, status, reason = self._read_status()
  File "/Library/Developer/CommandLineTools/Library/Frameworks/Python3.framework/Versions/3.9/lib/python3.9/http/client.py", line 277, in _read_status
    line = str(self.fp.readline(_MAXLINE + 1), "iso-8859-1")
  File "/Library/Developer/CommandLineTools/Library/Frameworks/Python3.framework/Versions/3.9/lib/python3.9/socket.py", line 704, in readinto
    return self._sock.recv_into(b)
  File "/Library/Developer/CommandLineTools/Library/Frameworks/Python3.framework/Versions/3.9/lib/python3.9/ssl.py", line 1241, in recv_into
    return self.read(nbytes, buffer)
  File "/Library/Developer/CommandLineTools/Library/Frameworks/Python3.framework/Versions/3.9/lib/python3.9/ssl.py", line 1099, in read
    return self._sslobj.read(len, buffer)
socket.timeout: The read operation timed out

The above exception was the direct cause of the following exception:

Traceback (most recent call last):
  File "/Users/ashishparadkar/Downloads/algo-code-main/.venv/lib/python3.9/site-packages/requests/adapters.py", line 644, in send
    resp = conn.urlopen(
  File "/Users/ashishparadkar/Downloads/algo-code-main/.venv/lib/python3.9/site-packages/urllib3/connectionpool.py", line 841, in urlopen
    retries = retries.increment(
  File "/Users/ashishparadkar/Downloads/algo-code-main/.venv/lib/python3.9/site-packages/urllib3/util/retry.py", line 490, in increment
    raise reraise(type(error), error, _stacktrace)
  File "/Users/ashishparadkar/Downloads/algo-code-main/.venv/lib/python3.9/site-packages/urllib3/util/util.py", line 39, in reraise
    raise value
  File "/Users/ashishparadkar/Downloads/algo-code-main/.venv/lib/python3.9/site-packages/urllib3/connectionpool.py", line 787, in urlopen
    response = self._make_request(
  File "/Users/ashishparadkar/Downloads/algo-code-main/.venv/lib/python3.9/site-packages/urllib3/connectionpool.py", line 536, in _make_request
    self._raise_timeout(err=e, url=url, timeout_value=read_timeout)
  File "/Users/ashishparadkar/Downloads/algo-code-main/.venv/lib/python3.9/site-packages/urllib3/connectionpool.py", line 367, in _raise_timeout
    raise ReadTimeoutError(
urllib3.exceptions.ReadTimeoutError: HTTPSConnectionPool(host='api.binance.com', port=443): Read timed out. (read timeout=10.0)

During handling of the above exception, another exception occurred:

Traceback (most recent call last):
  File "/Users/ashishparadkar/Downloads/algo-code-main/.venv/lib/python3.9/site-packages/ccxt/base/exchange.py", line 665, in fetch
    response = self.session.request(
  File "/Users/ashishparadkar/Downloads/algo-code-main/.venv/lib/python3.9/site-packages/requests/sessions.py", line 589, in request
    resp = self.send(prep, **send_kwargs)
  File "/Users/ashishparadkar/Downloads/algo-code-main/.venv/lib/python3.9/site-packages/requests/sessions.py", line 703, in send
    r = adapter.send(request, **kwargs)
  File "/Users/ashishparadkar/Downloads/algo-code-main/.venv/lib/python3.9/site-packages/requests/adapters.py", line 690, in send
    raise ReadTimeout(e, request=request)
requests.exceptions.ReadTimeout: HTTPSConnectionPool(host='api.binance.com', port=443): Read timed out. (read timeout=10.0)

The above exception was the direct cause of the following exception:

Traceback (most recent call last):
  File "/Users/ashishparadkar/Downloads/algo-code-main/src/provider_manager.py", line 351, in fetch_ohlcv_safe
    df = adapter.fetch_ohlcv(instrument, timeframe, limit=limit)
  File "/Users/ashishparadkar/Downloads/algo-code-main/src/provider_manager.py", line 211, in fetch_ohlcv
    raise net_err
  File "/Users/ashishparadkar/Downloads/algo-code-main/src/provider_manager.py", line 183, in fetch_ohlcv
    raw_candles = self.exchange.fetch_ohlcv(
  File "/Users/ashishparadkar/Downloads/algo-code-main/.venv/lib/python3.9/site-packages/ccxt/binance.py", line 4759, in fetch_ohlcv
    response = self.publicGetKlines(self.extend(request, params))
  File "/Users/ashishparadkar/Downloads/algo-code-main/.venv/lib/python3.9/site-packages/ccxt/base/types.py", line 35, in unbound_method
    return _self.request(self.path, self.api, self.method, params, config=self.config)
  File "/Users/ashishparadkar/Downloads/algo-code-main/.venv/lib/python3.9/site-packages/ccxt/binance.py", line 11724, in request
    response = self.fetch2(path, api, method, params, headers, body, config)
  File "/Users/ashishparadkar/Downloads/algo-code-main/.venv/lib/python3.9/site-packages/ccxt/base/exchange.py", line 5566, in fetch2
    raise e
  File "/Users/ashishparadkar/Downloads/algo-code-main/.venv/lib/python3.9/site-packages/ccxt/base/exchange.py", line 5549, in fetch2
    response = self.fetch(request['url'], request['method'], request['headers'], request['body'])
  File "/Users/ashishparadkar/Downloads/algo-code-main/.venv/lib/python3.9/site-packages/ccxt/base/exchange.py", line 698, in fetch
    raise RequestTimeout(details) from e
ccxt.base.errors.RequestTimeout: binance GET https://api.binance.com/api/v3/klines?interval=5m&limit=1000&symbol=BTCUSDT

During handling of the above exception, another exception occurred:

Traceback (most recent call last):
  File "/Library/Developer/CommandLineTools/Library/Frameworks/Python3.framework/Versions/3.9/lib/python3.9/logging/__init__.py", line 1083, in emit
    msg = self.format(record)
  File "/Library/Developer/CommandLineTools/Library/Frameworks/Python3.framework/Versions/3.9/lib/python3.9/logging/__init__.py", line 927, in format
    return fmt.format(record)
  File "/Library/Developer/CommandLineTools/Library/Frameworks/Python3.framework/Versions/3.9/lib/python3.9/logging/__init__.py", line 663, in format
    record.message = record.getMessage()
  File "/Library/Developer/CommandLineTools/Library/Frameworks/Python3.framework/Versions/3.9/lib/python3.9/logging/__init__.py", line 367, in getMessage
    msg = msg % self.args
TypeError: must be real number, not RequestTimeout
Call stack:
  File "/Library/Developer/CommandLineTools/Library/Frameworks/Python3.framework/Versions/3.9/lib/python3.9/threading.py", line 930, in _bootstrap
    self._bootstrap_inner()
  File "/Library/Developer/CommandLineTools/Library/Frameworks/Python3.framework/Versions/3.9/lib/python3.9/threading.py", line 973, in _bootstrap_inner
    self.run()
  File "/Library/Developer/CommandLineTools/Library/Frameworks/Python3.framework/Versions/3.9/lib/python3.9/threading.py", line 910, in run
    self._target(*self._args, **self._kwargs)
  File "/Library/Developer/CommandLineTools/Library/Frameworks/Python3.framework/Versions/3.9/lib/python3.9/concurrent/futures/thread.py", line 77, in _worker
    work_item.run()
  File "/Library/Developer/CommandLineTools/Library/Frameworks/Python3.framework/Versions/3.9/lib/python3.9/concurrent/futures/thread.py", line 52, in run
    result = self.fn(*self.args, **self.kwargs)
  File "/Users/ashishparadkar/Downloads/algo-code-main/.venv/lib/python3.9/site-packages/apscheduler/executors/base.py", line 131, in run_job
    retval = job.func(*job.args, **job.kwargs)
  File "/Users/ashishparadkar/Downloads/algo-code-main/src/live_runner.py", line 199, in process_cycle
    df, _ = self.provider_manager.fetch_ohlcv_safe(self.symbol, self.timeframe, limit=1000)
  File "/Users/ashishparadkar/Downloads/algo-code-main/src/provider_manager.py", line 362, in fetch_ohlcv_safe
    logger.warning(
Message: 'Retryable network failure for %s (Attempt %d/%d). Backing off %.2fs: %s'
Arguments: ('BTC/USDT', 1, 3, RequestTimeout('binance GET https://api.binance.com/api/v3/klines?interval=5m&limit=1000&symbol=BTCUSDT'))
2026-08-21 13:20:09,131 - ERROR - Binance Spot Network Error: binance GET https://api.binance.com/api/v3/klines?interval=5m&limit=1000&symbol=BTCUSDT
--- Logging error ---
Traceback (most recent call last):
  File "/Users/ashishparadkar/Downloads/algo-code-main/.venv/lib/python3.9/site-packages/urllib3/connection.py", line 204, in _new_conn
    sock = connection.create_connection(
  File "/Users/ashishparadkar/Downloads/algo-code-main/.venv/lib/python3.9/site-packages/urllib3/util/connection.py", line 60, in create_connection
    for res in socket.getaddrinfo(host, port, family, socket.SOCK_STREAM):
  File "/Library/Developer/CommandLineTools/Library/Frameworks/Python3.framework/Versions/3.9/lib/python3.9/socket.py", line 953, in getaddrinfo
    for res in _socket.getaddrinfo(host, port, family, type, proto, flags):
socket.gaierror: [Errno 8] nodename nor servname provided, or not known

The above exception was the direct cause of the following exception:

Traceback (most recent call last):
  File "/Users/ashishparadkar/Downloads/algo-code-main/.venv/lib/python3.9/site-packages/urllib3/connectionpool.py", line 787, in urlopen
    response = self._make_request(
  File "/Users/ashishparadkar/Downloads/algo-code-main/.venv/lib/python3.9/site-packages/urllib3/connectionpool.py", line 488, in _make_request
    raise new_e
  File "/Users/ashishparadkar/Downloads/algo-code-main/.venv/lib/python3.9/site-packages/urllib3/connectionpool.py", line 464, in _make_request
    self._validate_conn(conn)
  File "/Users/ashishparadkar/Downloads/algo-code-main/.venv/lib/python3.9/site-packages/urllib3/connectionpool.py", line 1093, in _validate_conn
    conn.connect()
  File "/Users/ashishparadkar/Downloads/algo-code-main/.venv/lib/python3.9/site-packages/urllib3/connection.py", line 759, in connect
    self.sock = sock = self._new_conn()
  File "/Users/ashishparadkar/Downloads/algo-code-main/.venv/lib/python3.9/site-packages/urllib3/connection.py", line 211, in _new_conn
    raise NameResolutionError(self.host, self, e) from e
urllib3.exceptions.NameResolutionError: HTTPSConnection(host='api.binance.com', port=443): Failed to resolve 'api.binance.com' ([Errno 8] nodename nor servname provided, or not known)

The above exception was the direct cause of the following exception:

Traceback (most recent call last):
  File "/Users/ashishparadkar/Downloads/algo-code-main/.venv/lib/python3.9/site-packages/requests/adapters.py", line 644, in send
    resp = conn.urlopen(
  File "/Users/ashishparadkar/Downloads/algo-code-main/.venv/lib/python3.9/site-packages/urllib3/connectionpool.py", line 841, in urlopen
    retries = retries.increment(
  File "/Users/ashishparadkar/Downloads/algo-code-main/.venv/lib/python3.9/site-packages/urllib3/util/retry.py", line 535, in increment
    raise MaxRetryError(_pool, url, reason) from reason  # type: ignore[arg-type]
urllib3.exceptions.MaxRetryError: HTTPSConnectionPool(host='api.binance.com', port=443): Max retries exceeded with url: /api/v3/klines?interval=5m&limit=1000&symbol=BTCUSDT (Caused by NameResolutionError("HTTPSConnection(host='api.binance.com', port=443): Failed to resolve 'api.binance.com' ([Errno 8] nodename nor servname provided, or not known)"))

During handling of the above exception, another exception occurred:

Traceback (most recent call last):
  File "/Users/ashishparadkar/Downloads/algo-code-main/.venv/lib/python3.9/site-packages/ccxt/base/exchange.py", line 665, in fetch
    response = self.session.request(
  File "/Users/ashishparadkar/Downloads/algo-code-main/.venv/lib/python3.9/site-packages/requests/sessions.py", line 589, in request
    resp = self.send(prep, **send_kwargs)
  File "/Users/ashishparadkar/Downloads/algo-code-main/.venv/lib/python3.9/site-packages/requests/sessions.py", line 703, in send
    r = adapter.send(request, **kwargs)
  File "/Users/ashishparadkar/Downloads/algo-code-main/.venv/lib/python3.9/site-packages/requests/adapters.py", line 677, in send
    raise ConnectionError(e, request=request)
requests.exceptions.ConnectionError: HTTPSConnectionPool(host='api.binance.com', port=443): Max retries exceeded with url: /api/v3/klines?interval=5m&limit=1000&symbol=BTCUSDT (Caused by NameResolutionError("HTTPSConnection(host='api.binance.com', port=443): Failed to resolve 'api.binance.com' ([Errno 8] nodename nor servname provided, or not known)"))

The above exception was the direct cause of the following exception:

Traceback (most recent call last):
  File "/Users/ashishparadkar/Downloads/algo-code-main/src/provider_manager.py", line 351, in fetch_ohlcv_safe
    df = adapter.fetch_ohlcv(instrument, timeframe, limit=limit)
  File "/Users/ashishparadkar/Downloads/algo-code-main/src/provider_manager.py", line 211, in fetch_ohlcv
    raise net_err
  File "/Users/ashishparadkar/Downloads/algo-code-main/src/provider_manager.py", line 183, in fetch_ohlcv
    raw_candles = self.exchange.fetch_ohlcv(
  File "/Users/ashishparadkar/Downloads/algo-code-main/.venv/lib/python3.9/site-packages/ccxt/binance.py", line 4759, in fetch_ohlcv
    response = self.publicGetKlines(self.extend(request, params))
  File "/Users/ashishparadkar/Downloads/algo-code-main/.venv/lib/python3.9/site-packages/ccxt/base/types.py", line 35, in unbound_method
    return _self.request(self.path, self.api, self.method, params, config=self.config)
  File "/Users/ashishparadkar/Downloads/algo-code-main/.venv/lib/python3.9/site-packages/ccxt/binance.py", line 11724, in request
    response = self.fetch2(path, api, method, params, headers, body, config)
  File "/Users/ashishparadkar/Downloads/algo-code-main/.venv/lib/python3.9/site-packages/ccxt/base/exchange.py", line 5566, in fetch2
    raise e
  File "/Users/ashishparadkar/Downloads/algo-code-main/.venv/lib/python3.9/site-packages/ccxt/base/exchange.py", line 5549, in fetch2
    response = self.fetch(request['url'], request['method'], request['headers'], request['body'])
  File "/Users/ashishparadkar/Downloads/algo-code-main/.venv/lib/python3.9/site-packages/ccxt/base/exchange.py", line 721, in fetch
    raise NetworkError(details) from e
ccxt.base.errors.NetworkError: binance GET https://api.binance.com/api/v3/klines?interval=5m&limit=1000&symbol=BTCUSDT

During handling of the above exception, another exception occurred:

Traceback (most recent call last):
  File "/Library/Developer/CommandLineTools/Library/Frameworks/Python3.framework/Versions/3.9/lib/python3.9/logging/__init__.py", line 1083, in emit
    msg = self.format(record)
  File "/Library/Developer/CommandLineTools/Library/Frameworks/Python3.framework/Versions/3.9/lib/python3.9/logging/__init__.py", line 927, in format
    return fmt.format(record)
  File "/Library/Developer/CommandLineTools/Library/Frameworks/Python3.framework/Versions/3.9/lib/python3.9/logging/__init__.py", line 663, in format
    record.message = record.getMessage()
  File "/Library/Developer/CommandLineTools/Library/Frameworks/Python3.framework/Versions/3.9/lib/python3.9/logging/__init__.py", line 367, in getMessage
    msg = msg % self.args
TypeError: must be real number, not NetworkError
Call stack:
  File "/Library/Developer/CommandLineTools/Library/Frameworks/Python3.framework/Versions/3.9/lib/python3.9/threading.py", line 930, in _bootstrap
    self._bootstrap_inner()
  File "/Library/Developer/CommandLineTools/Library/Frameworks/Python3.framework/Versions/3.9/lib/python3.9/threading.py", line 973, in _bootstrap_inner
    self.run()
  File "/Library/Developer/CommandLineTools/Library/Frameworks/Python3.framework/Versions/3.9/lib/python3.9/threading.py", line 910, in run
    self._target(*self._args, **self._kwargs)
  File "/Library/Developer/CommandLineTools/Library/Frameworks/Python3.framework/Versions/3.9/lib/python3.9/concurrent/futures/thread.py", line 77, in _worker
    work_item.run()
  File "/Library/Developer/CommandLineTools/Library/Frameworks/Python3.framework/Versions/3.9/lib/python3.9/concurrent/futures/thread.py", line 52, in run
    result = self.fn(*self.args, **self.kwargs)
  File "/Users/ashishparadkar/Downloads/algo-code-main/.venv/lib/python3.9/site-packages/apscheduler/executors/base.py", line 131, in run_job
    retval = job.func(*job.args, **job.kwargs)
  File "/Users/ashishparadkar/Downloads/algo-code-main/src/live_runner.py", line 199, in process_cycle
    df, _ = self.provider_manager.fetch_ohlcv_safe(self.symbol, self.timeframe, limit=1000)
  File "/Users/ashishparadkar/Downloads/algo-code-main/src/provider_manager.py", line 362, in fetch_ohlcv_safe
    logger.warning(
Message: 'Retryable network failure for %s (Attempt %d/%d). Backing off %.2fs: %s'
Arguments: ('BTC/USDT', 2, 3, NetworkError('binance GET https://api.binance.com/api/v3/klines?interval=5m&limit=1000&symbol=BTCUSDT'))
2026-08-21 13:20:11,255 - ERROR - Binance Spot Network Error: binance GET https://api.binance.com/api/v3/klines?interval=5m&limit=1000&symbol=BTCUSDT
2026-08-21 13:20:11,256 - ERROR - System Error in runner execution cycle: binance GET https://api.binance.com/api/v3/klines?interval=5m&limit=1000&symbol=BTCUSDT
Traceback (most recent call last):
  File "/Users/ashishparadkar/Downloads/algo-code-main/.venv/lib/python3.9/site-packages/urllib3/connection.py", line 204, in _new_conn
    sock = connection.create_connection(
  File "/Users/ashishparadkar/Downloads/algo-code-main/.venv/lib/python3.9/site-packages/urllib3/util/connection.py", line 60, in create_connection
    for res in socket.getaddrinfo(host, port, family, socket.SOCK_STREAM):
  File "/Library/Developer/CommandLineTools/Library/Frameworks/Python3.framework/Versions/3.9/lib/python3.9/socket.py", line 953, in getaddrinfo
    for res in _socket.getaddrinfo(host, port, family, type, proto, flags):
socket.gaierror: [Errno 8] nodename nor servname provided, or not known

The above exception was the direct cause of the following exception:

Traceback (most recent call last):
  File "/Users/ashishparadkar/Downloads/algo-code-main/.venv/lib/python3.9/site-packages/urllib3/connectionpool.py", line 787, in urlopen
    response = self._make_request(
  File "/Users/ashishparadkar/Downloads/algo-code-main/.venv/lib/python3.9/site-packages/urllib3/connectionpool.py", line 488, in _make_request
    raise new_e
  File "/Users/ashishparadkar/Downloads/algo-code-main/.venv/lib/python3.9/site-packages/urllib3/connectionpool.py", line 464, in _make_request
    self._validate_conn(conn)
  File "/Users/ashishparadkar/Downloads/algo-code-main/.venv/lib/python3.9/site-packages/urllib3/connectionpool.py", line 1093, in _validate_conn
    conn.connect()
  File "/Users/ashishparadkar/Downloads/algo-code-main/.venv/lib/python3.9/site-packages/urllib3/connection.py", line 759, in connect
    self.sock = sock = self._new_conn()
  File "/Users/ashishparadkar/Downloads/algo-code-main/.venv/lib/python3.9/site-packages/urllib3/connection.py", line 211, in _new_conn
    raise NameResolutionError(self.host, self, e) from e
urllib3.exceptions.NameResolutionError: HTTPSConnection(host='api.binance.com', port=443): Failed to resolve 'api.binance.com' ([Errno 8] nodename nor servname provided, or not known)

The above exception was the direct cause of the following exception:

Traceback (most recent call last):
  File "/Users/ashishparadkar/Downloads/algo-code-main/.venv/lib/python3.9/site-packages/requests/adapters.py", line 644, in send
    resp = conn.urlopen(
  File "/Users/ashishparadkar/Downloads/algo-code-main/.venv/lib/python3.9/site-packages/urllib3/connectionpool.py", line 841, in urlopen
    retries = retries.increment(
  File "/Users/ashishparadkar/Downloads/algo-code-main/.venv/lib/python3.9/site-packages/urllib3/util/retry.py", line 535, in increment
    raise MaxRetryError(_pool, url, reason) from reason  # type: ignore[arg-type]
urllib3.exceptions.MaxRetryError: HTTPSConnectionPool(host='api.binance.com', port=443): Max retries exceeded with url: /api/v3/klines?interval=5m&limit=1000&symbol=BTCUSDT (Caused by NameResolutionError("HTTPSConnection(host='api.binance.com', port=443): Failed to resolve 'api.binance.com' ([Errno 8] nodename nor servname provided, or not known)"))

During handling of the above exception, another exception occurred:

Traceback (most recent call last):
  File "/Users/ashishparadkar/Downloads/algo-code-main/.venv/lib/python3.9/site-packages/ccxt/base/exchange.py", line 665, in fetch
    response = self.session.request(
  File "/Users/ashishparadkar/Downloads/algo-code-main/.venv/lib/python3.9/site-packages/requests/sessions.py", line 589, in request
    resp = self.send(prep, **send_kwargs)
  File "/Users/ashishparadkar/Downloads/algo-code-main/.venv/lib/python3.9/site-packages/requests/sessions.py", line 703, in send
    r = adapter.send(request, **kwargs)
  File "/Users/ashishparadkar/Downloads/algo-code-main/.venv/lib/python3.9/site-packages/requests/adapters.py", line 677, in send
    raise ConnectionError(e, request=request)
requests.exceptions.ConnectionError: HTTPSConnectionPool(host='api.binance.com', port=443): Max retries exceeded with url: /api/v3/klines?interval=5m&limit=1000&symbol=BTCUSDT (Caused by NameResolutionError("HTTPSConnection(host='api.binance.com', port=443): Failed to resolve 'api.binance.com' ([Errno 8] nodename nor servname provided, or not known)"))

The above exception was the direct cause of the following exception:

Traceback (most recent call last):
  File "/Users/ashishparadkar/Downloads/algo-code-main/src/live_runner.py", line 199, in process_cycle
    df, _ = self.provider_manager.fetch_ohlcv_safe(self.symbol, self.timeframe, limit=1000)
  File "/Users/ashishparadkar/Downloads/algo-code-main/src/provider_manager.py", line 359, in fetch_ohlcv_safe
    raise retryable_err
  File "/Users/ashishparadkar/Downloads/algo-code-main/src/provider_manager.py", line 351, in fetch_ohlcv_safe
    df = adapter.fetch_ohlcv(instrument, timeframe, limit=limit)
  File "/Users/ashishparadkar/Downloads/algo-code-main/src/provider_manager.py", line 211, in fetch_ohlcv
    raise net_err
  File "/Users/ashishparadkar/Downloads/algo-code-main/src/provider_manager.py", line 183, in fetch_ohlcv
    raw_candles = self.exchange.fetch_ohlcv(
  File "/Users/ashishparadkar/Downloads/algo-code-main/.venv/lib/python3.9/site-packages/ccxt/binance.py", line 4759, in fetch_ohlcv
    response = self.publicGetKlines(self.extend(request, params))
  File "/Users/ashishparadkar/Downloads/algo-code-main/.venv/lib/python3.9/site-packages/ccxt/base/types.py", line 35, in unbound_method
    return _self.request(self.path, self.api, self.method, params, config=self.config)
  File "/Users/ashishparadkar/Downloads/algo-code-main/.venv/lib/python3.9/site-packages/ccxt/binance.py", line 11724, in request
    response = self.fetch2(path, api, method, params, headers, body, config)
  File "/Users/ashishparadkar/Downloads/algo-code-main/.venv/lib/python3.9/site-packages/ccxt/base/exchange.py", line 5566, in fetch2
    raise e
  File "/Users/ashishparadkar/Downloads/algo-code-main/.venv/lib/python3.9/site-packages/ccxt/base/exchange.py", line 5549, in fetch2
    response = self.fetch(request['url'], request['method'], request['headers'], request['body'])
  File "/Users/ashishparadkar/Downloads/algo-code-main/.venv/lib/python3.9/site-packages/ccxt/base/exchange.py", line 721, in fetch
    raise NetworkError(details) from e
ccxt.base.errors.NetworkError: binance GET https://api.binance.com/api/v3/klines?interval=5m&limit=1000&symbol=BTCUSDT
2026-08-21 13:20:11,336 - WARNING - [bot-1787212102488-1594] Marked bot as non-retryable configuration error to prevent infinite error storm.
2026-08-21 13:20:11,460 - WARNING - Telegram alert [GENERAL] failed (Connection Error: HTTPSConnectionPool(host='api.telegram.org', port=443): Max retries exceeded with url: /bot8865086302:AAHhh3VL9czoQRSnw8Hf9iyDEwGJnqQTtqc/sendMessage (Caused by NameResolutionError("HTTPSConnection(host='api.telegram.org', port=443): Failed to resolve 'api.telegram.org' ([Errno 8] nodename nor servname provided, or not known)"))). Re-queueing retry 1/3 in 1.0s
2026-08-21 13:20:11,580 - INFO - Logged heartbeat status: ERROR
2026-08-21 13:20:11,581 - INFO - Job "LiveRunner.process_cycle (trigger: interval[0:05:00], next run at: 2026-08-21 13:24:57 IST)" executed successfully
2026-08-21 13:20:12,467 - WARNING - Telegram alert [GENERAL] failed (Connection Error: HTTPSConnectionPool(host='api.telegram.org', port=443): Max retries exceeded with url: /bot8865086302:AAHhh3VL9czoQRSnw8Hf9iyDEwGJnqQTtqc/sendMessage (Caused by NameResolutionError("HTTPSConnection(host='api.telegram.org', port=443): Failed to resolve 'api.telegram.org' ([Errno 8] nodename nor servname provided, or not known)"))). Re-queueing retry 2/3 in 2.0s
2026-08-21 13:20:13,478 - WARNING - Telegram alert [GENERAL] failed (Connection Error: HTTPSConnectionPool(host='api.telegram.org', port=443): Max retries exceeded with url: /bot8865086302:AAHhh3VL9czoQRSnw8Hf9iyDEwGJnqQTtqc/sendMessage (Caused by NameResolutionError("HTTPSConnection(host='api.telegram.org', port=443): Failed to resolve 'api.telegram.org' ([Errno 8] nodename nor servname provided, or not known)"))). Re-queueing retry 3/3 in 4.0s
2026-08-21 13:20:14,487 - ERROR - Telegram alert [GENERAL] failed permanently after 3 retries: Connection Error: HTTPSConnectionPool(host='api.telegram.org', port=443): Max retries exceeded with url: /bot8865086302:AAHhh3VL9czoQRSnw8Hf9iyDEwGJnqQTtqc/sendMessage (Caused by NameResolutionError("HTTPSConnection(host='api.telegram.org', port=443): Failed to resolve 'api.telegram.org' ([Errno 8] nodename nor servname provided, or not known)"))
2026-08-21 13:24:57,034 - INFO - Running job "LiveRunner.process_cycle (trigger: interval[0:05:00], next run at: 2026-08-21 13:29:57 IST)" (scheduled at 2026-08-21 13:24:57.015414+05:30)
2026-08-21 13:24:57,041 - ERROR - [bot-1787212102488-1594] Halting runner cycle: Bot is configured with unexecutable instrument 'BTC/USDT'. Error: Fatal Non-Retryable Error: binance GET https://api.binance.com/api/v3/klines?interval=5m&limit=1000&symbol=BTCUSDT
2026-08-21 13:24:57,178 - INFO - Job "LiveRunner.process_cycle (trigger: interval[0:05:00], next run at: 2026-08-21 13:29:57 IST)" executed successfully
2026-08-21 13:29:57,025 - INFO - Running job "LiveRunner.process_cycle (trigger: interval[0:05:00], next run at: 2026-08-21 13:34:57 IST)" (scheduled at 2026-08-21 13:29:57.015414+05:30)
2026-08-21 13:29:57,028 - ERROR - [bot-1787212102488-1594] Halting runner cycle: Bot is configured with unexecutable instrument 'BTC/USDT'. Error: Fatal Non-Retryable Error: binance GET https://api.binance.com/api/v3/klines?interval=5m&limit=1000&symbol=BTCUSDT
2026-08-21 13:29:57,189 - INFO - Job "LiveRunner.process_cycle (trigger: interval[0:05:00], next run at: 2026-08-21 13:34:57 IST)" executed successfully
2026-08-21 13:34:57,072 - INFO - Running job "LiveRunner.process_cycle (trigger: interval[0:05:00], next run at: 2026-08-21 13:39:57 IST)" (scheduled at 2026-08-21 13:34:57.015414+05:30)
2026-08-21 13:34:57,080 - ERROR - [bot-1787212102488-1594] Halting runner cycle: Bot is configured with unexecutable instrument 'BTC/USDT'. Error: Fatal Non-Retryable Error: binance GET https://api.binance.com/api/v3/klines?interval=5m&limit=1000&symbol=BTCUSDT
2026-08-21 13:34:57,201 - INFO - Job "LiveRunner.process_cycle (trigger: interval[0:05:00], next run at: 2026-08-21 13:39:57 IST)" executed successfully
/Users/ashishparadkar/Downloads/algo-code-main/.venv/lib/python3.9/site-packages/urllib3/__init__.py:35: NotOpenSSLWarning: urllib3 v2 only supports OpenSSL 1.1.1+, currently the 'ssl' module is compiled with 'LibreSSL 2.8.3'. See: https://github.com/urllib3/urllib3/issues/3020
  warnings.warn(
2026-08-21 14:50:36,573 - INFO - Bot state startup reconciliation finished: 0 bot(s) reconciled to STOPPED.
2026-08-21 14:50:37,124 - INFO - Telegram notification service initialized successfully (Chat ID: 5657...)
2026-08-21 14:50:37,135 - INFO - Initializing scheduled trading bot live runner for bot-1787212102488-1594...
2026-08-21 14:50:37,639 - INFO - SQLite database tables verified/created.
2026-08-21 14:50:37,838 - INFO - Initializing CCXT Binance in TESTNET mode.
2026-08-21 14:50:54,398 - INFO - [bot-1787212102488-1594] Pre-flight instrument resolved: BTC/USDT (SPOT via binance_spot)
2026-08-21 14:50:54,498 - INFO - [bot-1787212102488-1594] Starting signal check cycle for BTC/USDT (5m)...
2026-08-21 14:50:54,509 - INFO - Fetching recent candles for BTC/USDT (5m) [Bot: bot-1787212102488-1594] via ProviderManager...
/Users/ashishparadkar/Downloads/algo-code-main/.venv/lib/python3.9/site-packages/urllib3/__init__.py:35: NotOpenSSLWarning: urllib3 v2 only supports OpenSSL 1.1.1+, currently the 'ssl' module is compiled with 'LibreSSL 2.8.3'. See: https://github.com/urllib3/urllib3/issues/3020
  warnings.warn(
2026-08-21 15:30:02,350 - INFO - Bot state startup reconciliation finished: 0 bot(s) reconciled to STOPPED.
2026-08-21 15:30:02,723 - INFO - Telegram notification service initialized successfully (Chat ID: 5657...)
2026-08-21 15:30:02,733 - INFO - Initializing scheduled trading bot live runner for bot-1787212102488-1594...
2026-08-21 15:30:03,004 - INFO - SQLite database tables verified/created.
2026-08-21 15:30:03,215 - INFO - Initializing CCXT Binance in TESTNET mode.
2026-08-21 15:30:14,880 - INFO - [bot-1787212102488-1594] Pre-flight instrument resolved: BTC/USDT (SPOT via binance_spot)
2026-08-21 15:30:14,949 - INFO - [bot-1787212102488-1594] Starting signal check cycle for BTC/USDT (5m)...
2026-08-21 15:30:15,227 - INFO - Fetching recent candles for BTC/USDT (5m) [Bot: bot-1787212102488-1594] via ProviderManager...
2026-08-21 15:31:23,845 - INFO - Indicators computed | close=77875.27 ema_9=77956.81 ema_20=77745.79 ema_50=76971.88 ema_200=74752.70 macd=334.7528 poc=64250.0 val=64025.0 vah=72475.0
2026-08-21 15:31:24,312 - INFO - [bot-1787212102488-1594] Evaluating strategy on completed candle: 2026-08-21 09:55:00+00:00 at Close price: 77910.71
2026-08-21 15:31:26,813 - INFO - Confluence Evaluation | Regime: TRENDING (ADX=33.1) | Direction: HOLD | BullScore: 44.1% | BearScore: 55.9% | Active: ['ema_9', 'ema_20', 'rsi', 'vwap', 'supertrend', 'atr']
2026-08-21 15:31:27,965 - INFO - Signal evaluated: HOLD. Reason/Details: Confluence score: 56% (HOLD)
2026-08-21 15:31:31,258 - INFO - Logged heartbeat status: OK
2026-08-21 15:31:32,307 - INFO - Adding job tentatively -- it will be properly scheduled when the scheduler starts
2026-08-21 15:31:32,310 - INFO - Bot bot-1787212102488-1594 scheduled to check every 5 minutes.
2026-08-21 15:31:32,323 - INFO - Added job "LiveRunner.process_cycle" to job store "default"
2026-08-21 15:31:32,324 - INFO - Scheduler started
/Users/ashishparadkar/Downloads/algo-code-main/.venv/lib/python3.9/site-packages/urllib3/__init__.py:35: NotOpenSSLWarning: urllib3 v2 only supports OpenSSL 1.1.1+, currently the 'ssl' module is compiled with 'LibreSSL 2.8.3'. See: https://github.com/urllib3/urllib3/issues/3020
  warnings.warn(
2026-08-21 18:13:14,126 - INFO - Bot state startup reconciliation finished: 0 bot(s) reconciled to STOPPED.
2026-08-21 18:13:14,505 - INFO - Telegram notification service initialized successfully (Chat ID: 5657...)
2026-08-21 18:13:14,514 - INFO - Initializing scheduled trading bot live runner for bot-1787212102488-1594...
2026-08-21 18:13:14,542 - INFO - SQLite database tables verified/created.
2026-08-21 18:13:14,925 - INFO - Initializing CCXT Binance in TESTNET mode.
2026-08-21 18:13:32,946 - INFO - [bot-1787212102488-1594] Pre-flight instrument resolved: BTC/USDT (SPOT via binance_spot)
2026-08-21 18:13:32,974 - INFO - [bot-1787212102488-1594] Starting signal check cycle for BTC/USDT (5m)...
2026-08-21 18:13:33,360 - INFO - Fetching recent candles for BTC/USDT (5m) [Bot: bot-1787212102488-1594] via ProviderManager...
2026-08-21 18:15:04,761 - INFO - Indicators computed | close=77424.00 ema_9=76996.30 ema_20=77076.59 ema_50=77128.97 ema_200=75448.39 macd=-135.1493 poc=64250.0 val=64025.0 vah=72775.0
2026-08-21 18:15:05,186 - INFO - [bot-1787212102488-1594] Evaluating strategy on completed candle: 2026-08-21 12:35:00+00:00 at Close price: 77230.98
2026-08-21 18:15:06,345 - INFO - Confluence Evaluation | Regime: TRENDING (ADX=60.3) | Direction: LONG | BullScore: 88.2% | BearScore: 11.8% | Active: ['ema_9', 'ema_20', 'rsi', 'vwap', 'supertrend', 'atr']
2026-08-21 18:15:07,022 - INFO - Capping position size 0.291210 BTC to available cash equivalent 0.129482 BTC.
2026-08-21 18:15:08,272 - INFO - Created pending signal approval ID 203 for bot bot-1787212102488-1594 (LONG @ $77230.98, status: WAITING_APPROVAL)
2026-08-21 18:15:09,288 - INFO - [bot-1787212102488-1594] Signal LONG generated (ID: 203). Waiting for manual user approval.
2026-08-21 18:15:12,724 - INFO - Logged heartbeat status: OK
2026-08-21 18:15:15,505 - INFO - Adding job tentatively -- it will be properly scheduled when the scheduler starts
2026-08-21 18:15:15,505 - INFO - Bot bot-1787212102488-1594 scheduled to check every 5 minutes.
2026-08-21 18:15:15,537 - INFO - Added job "LiveRunner.process_cycle" to job store "default"
2026-08-21 18:15:15,537 - INFO - Scheduler started
/Users/ashishparadkar/Downloads/algo-code-main/.venv/lib/python3.9/site-packages/urllib3/__init__.py:35: NotOpenSSLWarning: urllib3 v2 only supports OpenSSL 1.1.1+, currently the 'ssl' module is compiled with 'LibreSSL 2.8.3'. See: https://github.com/urllib3/urllib3/issues/3020
  warnings.warn(
2026-08-21 20:26:43,497 - INFO - Bot state startup reconciliation finished: 0 bot(s) reconciled to STOPPED.
2026-08-21 20:26:44,017 - INFO - Telegram notification service initialized successfully (Chat ID: 5657...)
2026-08-21 20:26:44,029 - INFO - Initializing scheduled trading bot live runner for bot-1787212102488-1594...
2026-08-21 20:26:44,534 - INFO - SQLite database tables verified/created.
2026-08-21 20:26:44,901 - INFO - Initializing CCXT Binance in TESTNET mode.
2026-08-21 20:27:02,553 - INFO - [bot-1787212102488-1594] Pre-flight instrument resolved: BTC/USDT (SPOT via binance_spot)
2026-08-21 20:27:02,616 - INFO - [bot-1787212102488-1594] Starting signal check cycle for BTC/USDT (5m)...
2026-08-21 20:27:02,883 - INFO - Fetching recent candles for BTC/USDT (5m) [Bot: bot-1787212102488-1594] via ProviderManager...
2026-08-21 20:28:42,156 - INFO - Indicators computed | close=77354.00 ema_9=77169.94 ema_20=77112.68 ema_50=77112.03 ema_200=75840.29 macd=29.9983 poc=64250.0 val=64025.0 vah=73700.0
2026-08-21 20:28:42,762 - INFO - [bot-1787212102488-1594] Evaluating strategy on completed candle: 2026-08-21 14:50:00+00:00 at Close price: 77307.08
2026-08-21 20:28:43,681 - INFO - Confluence Evaluation | Regime: RANGING (ADX=13.6) | Direction: HOLD | BullScore: 26.2% | BearScore: 73.8% | Active: ['ema_9', 'ema_20', 'rsi', 'vwap', 'supertrend', 'atr']
2026-08-21 20:28:44,676 - INFO - Signal evaluated: HOLD. Reason/Details: Confluence score: 74% (HOLD)
2026-08-21 20:28:46,598 - INFO - Logged heartbeat status: OK
2026-08-21 20:28:48,312 - INFO - Adding job tentatively -- it will be properly scheduled when the scheduler starts
2026-08-21 20:28:48,314 - INFO - Bot bot-1787212102488-1594 scheduled to check every 5 minutes.
2026-08-21 20:28:49,365 - INFO - Added job "LiveRunner.process_cycle" to job store "default"
2026-08-21 20:28:49,365 - INFO - Scheduler started
/Users/ashishparadkar/Downloads/algo-code-main/.venv/lib/python3.9/site-packages/urllib3/__init__.py:35: NotOpenSSLWarning: urllib3 v2 only supports OpenSSL 1.1.1+, currently the 'ssl' module is compiled with 'LibreSSL 2.8.3'. See: https://github.com/urllib3/urllib3/issues/3020
  warnings.warn(
2026-08-21 21:32:21,497 - INFO - Bot state startup reconciliation finished: 0 bot(s) reconciled to STOPPED.
2026-08-21 21:32:22,232 - INFO - Telegram notification service initialized successfully (Chat ID: 5657...)
2026-08-21 21:32:22,265 - INFO - Initializing scheduled trading bot live runner for bot-1787212102488-1594...
2026-08-21 21:32:22,665 - INFO - SQLite database tables verified/created.
2026-08-21 21:32:23,428 - INFO - Initializing CCXT Binance in TESTNET mode.
2026-08-21 21:32:53,329 - INFO - [bot-1787212102488-1594] Pre-flight instrument resolved: BTC/USDT (SPOT via binance_spot)
2026-08-21 21:32:53,733 - INFO - [bot-1787212102488-1594] Starting signal check cycle for BTC/USDT (5m)...
2026-08-21 21:32:53,747 - INFO - Fetching recent candles for BTC/USDT (5m) [Bot: bot-1787212102488-1594] via ProviderManager...
2026-08-21 21:37:14,489 - INFO - Indicators computed | close=77056.00 ema_9=77290.23 ema_20=77320.26 ema_50=77251.30 ema_200=76051.97 macd=10.5885 poc=64250.0 val=64025.0 vah=74300.0
2026-08-21 21:37:15,756 - INFO - [bot-1787212102488-1594] Evaluating strategy on completed candle: 2026-08-21 16:00:00+00:00 at Close price: 77088.00
2026-08-21 21:37:22,766 - INFO - Confluence Evaluation | Regime: TRENDING (ADX=29.5) | Direction: HOLD | BullScore: 0.0% | BearScore: 55.9% | Active: ['ema_9', 'ema_20', 'rsi', 'vwap', 'supertrend', 'atr']
2026-08-21 21:37:25,742 - INFO - Signal evaluated: HOLD. Reason/Details: Confluence score: 56% (HOLD)
2026-08-21 21:37:30,419 - INFO - Logged heartbeat status: OK
2026-08-21 21:37:37,390 - INFO - Adding job tentatively -- it will be properly scheduled when the scheduler starts
2026-08-21 21:37:37,414 - INFO - Bot bot-1787212102488-1594 scheduled to check every 5 minutes.
2026-08-21 21:37:39,338 - INFO - Added job "LiveRunner.process_cycle" to job store "default"
2026-08-21 21:37:39,357 - INFO - Scheduler started
2026-08-21 21:42:44,509 - WARNING - Run time of job "LiveRunner.process_cycle (trigger: interval[0:05:00], next run at: 2026-08-21 21:42:36 IST)" was missed by 0:00:07.758854
2026-08-21 21:47:38,264 - WARNING - Run time of job "LiveRunner.process_cycle (trigger: interval[0:05:00], next run at: 2026-08-21 21:52:36 IST)" was missed by 0:00:01.372367
2026-08-21 21:52:39,329 - WARNING - Run time of job "LiveRunner.process_cycle (trigger: interval[0:05:00], next run at: 2026-08-21 21:57:36 IST)" was missed by 0:00:02.152807
2026-08-21 21:57:38,464 - WARNING - Run time of job "LiveRunner.process_cycle (trigger: interval[0:05:00], next run at: 2026-08-21 22:02:36 IST)" was missed by 0:00:01.670570
2026-08-21 22:02:37,027 - INFO - Running job "LiveRunner.process_cycle (trigger: interval[0:05:00], next run at: 2026-08-21 22:07:36 IST)" (scheduled at 2026-08-21 22:02:36.730752+05:30)
2026-08-21 22:02:40,219 - INFO - [bot-1787212102488-1594] Starting signal check cycle for BTC/USDT (5m)...
2026-08-21 22:02:41,743 - INFO - Fetching recent candles for BTC/USDT (5m) [Bot: bot-1787212102488-1594] via ProviderManager...
2026-08-21 22:03:09,932 - INFO - Indicators computed | close=77324.09 ema_9=77236.84 ema_20=77265.03 ema_50=77235.37 ema_200=76105.76 macd=-14.7995 poc=69350.0 val=64025.0 vah=74450.0
2026-08-21 22:03:10,196 - INFO - [bot-1787212102488-1594] Evaluating strategy on completed candle: 2026-08-21 16:25:00+00:00 at Close price: 77383.87
2026-08-21 22:03:10,806 - INFO - Confluence Evaluation | Regime: TRENDING (ADX=39.1) | Direction: LONG | BullScore: 88.2% | BearScore: 11.8% | Active: ['ema_9', 'ema_20', 'rsi', 'vwap', 'supertrend', 'atr']
2026-08-21 22:03:11,591 - INFO - Capping position size 0.295928 BTC to available cash equivalent 0.129226 BTC.
2026-08-21 22:03:12,344 - INFO - Created pending signal approval ID 217 for bot bot-1787212102488-1594 (LONG @ $77383.87, status: WAITING_APPROVAL)
2026-08-21 22:03:13,292 - INFO - [bot-1787212102488-1594] Signal LONG generated (ID: 217). Waiting for manual user approval.
2026-08-21 22:03:14,731 - INFO - Logged heartbeat status: OK
2026-08-21 22:03:14,745 - INFO - Job "LiveRunner.process_cycle (trigger: interval[0:05:00], next run at: 2026-08-21 22:07:36 IST)" executed successfully
2026-08-21 22:07:36,854 - INFO - Running job "LiveRunner.process_cycle (trigger: interval[0:05:00], next run at: 2026-08-21 22:12:36 IST)" (scheduled at 2026-08-21 22:07:36.730752+05:30)
2026-08-21 22:07:36,865 - INFO - [bot-1787212102488-1594] Starting signal check cycle for BTC/USDT (5m)...
2026-08-21 22:07:36,923 - INFO - Fetching recent candles for BTC/USDT (5m) [Bot: bot-1787212102488-1594] via ProviderManager...
2026-08-21 22:07:38,325 - INFO - Indicators computed | close=77252.01 ema_9=77242.12 ema_20=77265.00 ema_50=77236.55 ema_200=76117.30 macd=-12.6144 poc=69350.0 val=64025.0 vah=74475.0
2026-08-21 22:07:38,326 - INFO - [bot-1787212102488-1594] Evaluating strategy on completed candle: 2026-08-21 16:30:00+00:00 at Close price: 77338.12
2026-08-21 22:07:38,402 - INFO - Confluence Evaluation | Regime: TRENDING (ADX=39.7) | Direction: HOLD | BullScore: 44.1% | BearScore: 55.9% | Active: ['ema_9', 'ema_20', 'rsi', 'vwap', 'supertrend', 'atr']
2026-08-21 22:07:38,519 - INFO - Signal evaluated: HOLD. Reason/Details: Confluence score: 56% (HOLD)
2026-08-21 22:07:38,739 - INFO - Logged heartbeat status: OK
2026-08-21 22:07:38,739 - INFO - Job "LiveRunner.process_cycle (trigger: interval[0:05:00], next run at: 2026-08-21 22:12:36 IST)" executed successfully
2026-08-21 22:12:36,779 - INFO - Running job "LiveRunner.process_cycle (trigger: interval[0:05:00], next run at: 2026-08-21 22:17:36 IST)" (scheduled at 2026-08-21 22:12:36.730752+05:30)
2026-08-21 22:12:36,820 - INFO - [bot-1787212102488-1594] Starting signal check cycle for BTC/USDT (5m)...
2026-08-21 22:12:36,834 - INFO - Fetching recent candles for BTC/USDT (5m) [Bot: bot-1787212102488-1594] via ProviderManager...
2026-08-21 22:12:37,482 - INFO - Indicators computed | close=77294.29 ema_9=77262.84 ema_20=77273.32 ema_50=77241.24 ema_200=76129.65 macd=-4.3044 poc=69350.0 val=64025.0 vah=74475.0
2026-08-21 22:12:37,483 - INFO - [bot-1787212102488-1594] Evaluating strategy on completed candle: 2026-08-21 16:35:00+00:00 at Close price: 77316.28
2026-08-21 22:12:37,551 - INFO - Confluence Evaluation | Regime: TRENDING (ADX=39.7) | Direction: HOLD | BullScore: 44.1% | BearScore: 55.9% | Active: ['ema_9', 'ema_20', 'rsi', 'vwap', 'supertrend', 'atr']
2026-08-21 22:12:37,650 - INFO - Signal evaluated: HOLD. Reason/Details: Confluence score: 56% (HOLD)
2026-08-21 22:12:37,866 - INFO - Logged heartbeat status: OK
2026-08-21 22:12:37,866 - INFO - Job "LiveRunner.process_cycle (trigger: interval[0:05:00], next run at: 2026-08-21 22:17:36 IST)" executed successfully
2026-08-21 22:17:36,786 - INFO - Running job "LiveRunner.process_cycle (trigger: interval[0:05:00], next run at: 2026-08-21 22:22:36 IST)" (scheduled at 2026-08-21 22:17:36.730752+05:30)
2026-08-21 22:17:36,834 - INFO - [bot-1787212102488-1594] Starting signal check cycle for BTC/USDT (5m)...
2026-08-21 22:17:36,866 - INFO - Fetching recent candles for BTC/USDT (5m) [Bot: bot-1787212102488-1594] via ProviderManager...
2026-08-21 22:17:37,828 - INFO - Indicators computed | close=77398.58 ema_9=77300.83 ema_20=77291.09 ema_50=77249.96 ema_200=76142.94 macd=10.7307 poc=69350.0 val=64025.0 vah=74500.0
2026-08-21 22:17:37,834 - INFO - [bot-1787212102488-1594] Evaluating strategy on completed candle: 2026-08-21 16:40:00+00:00 at Close price: 77362.04
2026-08-21 22:17:37,962 - INFO - Confluence Evaluation | Regime: TRENDING (ADX=40.2) | Direction: LONG | BullScore: 88.2% | BearScore: 11.8% | Active: ['ema_9', 'ema_20', 'rsi', 'vwap', 'supertrend', 'atr']
2026-08-21 22:17:38,137 - INFO - Capping position size 0.527565 BTC to available cash equivalent 0.129262 BTC.
2026-08-21 22:17:38,197 - INFO - [bot-1787212102488-1594] Signal LONG active pending approval already exists (ID: 217).
2026-08-21 22:17:38,454 - INFO - Logged heartbeat status: OK
2026-08-21 22:17:38,455 - INFO - Job "LiveRunner.process_cycle (trigger: interval[0:05:00], next run at: 2026-08-21 22:22:36 IST)" executed successfully
2026-08-21 22:22:36,774 - INFO - Running job "LiveRunner.process_cycle (trigger: interval[0:05:00], next run at: 2026-08-21 22:27:36 IST)" (scheduled at 2026-08-21 22:22:36.730752+05:30)
2026-08-21 22:22:36,828 - INFO - [bot-1787212102488-1594] Starting signal check cycle for BTC/USDT (5m)...
2026-08-21 22:22:36,886 - INFO - Fetching recent candles for BTC/USDT (5m) [Bot: bot-1787212102488-1594] via ProviderManager...
2026-08-21 22:22:37,612 - INFO - Indicators computed | close=77453.99 ema_9=77352.52 ema_20=77317.95 ema_50=77262.92 ema_200=76157.28 macd=30.6798 poc=69350.0 val=64025.0 vah=74525.0
2026-08-21 22:22:37,616 - INFO - [bot-1787212102488-1594] Evaluating strategy on completed candle: 2026-08-21 16:45:00+00:00 at Close price: 77530.19
2026-08-21 22:22:37,779 - INFO - LONG signal blocked | Location blocked (Close 77530.19 outside Value Area [62744.50 - 76015.50], VAL=64025.00, VAH=74525.00) | context={'close': 77530.19, 'ema_9': 77327.14786556269, 'ema_20': 77303.62543003306, 'ema_50': 77255.12450110391, 'ema_200': 76144.25262187838, 'macd_line': 21.229475276821177, 'macd_signal': 6.32280964717363, 'macd_hist': 14.906665629647547, 'poc': np.float64(69350.0), 'val': np.float64(64025.0), 'vah': np.float64(74525.0)}
2026-08-21 22:22:37,790 - INFO - Confluence Evaluation | Regime: TRENDING (ADX=39.6) | Direction: LONG | BullScore: 88.2% | BearScore: 11.8% | Active: ['ema_9', 'ema_20', 'rsi', 'vwap', 'supertrend', 'atr']
2026-08-21 22:22:38,002 - INFO - Signal evaluated: HOLD. Reason/Details: Confluence score: 88% (LONG) meets 75% threshold
2026-08-21 22:22:38,295 - INFO - Logged heartbeat status: OK
2026-08-21 22:22:38,296 - INFO - Job "LiveRunner.process_cycle (trigger: interval[0:05:00], next run at: 2026-08-21 22:27:36 IST)" executed successfully
2026-08-21 22:27:36,746 - INFO - Running job "LiveRunner.process_cycle (trigger: interval[0:05:00], next run at: 2026-08-21 22:32:36 IST)" (scheduled at 2026-08-21 22:27:36.730752+05:30)
2026-08-21 22:27:36,752 - INFO - [bot-1787212102488-1594] Starting signal check cycle for BTC/USDT (5m)...
2026-08-21 22:27:36,771 - INFO - Fetching recent candles for BTC/USDT (5m) [Bot: bot-1787212102488-1594] via ProviderManager...
2026-08-21 22:27:37,201 - INFO - Indicators computed | close=77502.00 ema_9=77384.97 ema_20=77336.85 ema_50=77272.90 ema_200=76170.82 macd=42.5501 poc=69350.0 val=64025.0 vah=74550.0
2026-08-21 22:27:37,204 - INFO - [bot-1787212102488-1594] Evaluating strategy on completed candle: 2026-08-21 16:50:00+00:00 at Close price: 77470.00
2026-08-21 22:27:37,267 - INFO - Confluence Evaluation | Regime: TRENDING (ADX=39.0) | Direction: HOLD | BullScore: 44.1% | BearScore: 55.9% | Active: ['ema_9', 'ema_20', 'rsi', 'vwap', 'supertrend', 'atr']
2026-08-21 22:27:37,375 - INFO - Signal evaluated: HOLD. Reason/Details: Confluence score: 56% (HOLD)
2026-08-21 22:27:37,636 - INFO - Logged heartbeat status: OK
2026-08-21 22:27:37,637 - INFO - Job "LiveRunner.process_cycle (trigger: interval[0:05:00], next run at: 2026-08-21 22:32:36 IST)" executed successfully
2026-08-21 22:32:36,783 - INFO - Running job "LiveRunner.process_cycle (trigger: interval[0:05:00], next run at: 2026-08-21 22:37:36 IST)" (scheduled at 2026-08-21 22:32:36.730752+05:30)
2026-08-21 22:32:37,060 - INFO - [bot-1787212102488-1594] Starting signal check cycle for BTC/USDT (5m)...
2026-08-21 22:32:37,193 - INFO - Fetching recent candles for BTC/USDT (5m) [Bot: bot-1787212102488-1594] via ProviderManager...
2026-08-21 22:32:39,893 - INFO - Indicators computed | close=77616.00 ema_9=77428.62 ema_20=77362.06 ema_50=77285.75 ema_200=76185.05 macd=58.4739 poc=69350.0 val=64025.0 vah=74550.0
2026-08-21 22:32:39,898 - INFO - [bot-1787212102488-1594] Evaluating strategy on completed candle: 2026-08-21 16:55:00+00:00 at Close price: 77486.01
2026-08-21 22:32:40,297 - INFO - Confluence Evaluation | Regime: TRENDING (ADX=37.1) | Direction: LONG | BullScore: 100.0% | BearScore: 0.0% | Active: ['ema_9', 'ema_20', 'rsi', 'vwap', 'supertrend', 'atr']
2026-08-21 22:32:40,512 - INFO - Capping position size 0.618009 BTC to available cash equivalent 0.129056 BTC.
2026-08-21 22:32:40,530 - INFO - [bot-1787212102488-1594] Signal LONG active pending approval already exists (ID: 217).
2026-08-21 22:32:40,971 - INFO - Logged heartbeat status: OK
2026-08-21 22:32:40,973 - INFO - Job "LiveRunner.process_cycle (trigger: interval[0:05:00], next run at: 2026-08-21 22:37:36 IST)" executed successfully
2026-08-21 22:37:36,829 - INFO - Running job "LiveRunner.process_cycle (trigger: interval[0:05:00], next run at: 2026-08-21 22:42:36 IST)" (scheduled at 2026-08-21 22:37:36.730752+05:30)
2026-08-21 22:37:36,845 - INFO - [bot-1787212102488-1594] Starting signal check cycle for BTC/USDT (5m)...
2026-08-21 22:37:36,936 - INFO - Fetching recent candles for BTC/USDT (5m) [Bot: bot-1787212102488-1594] via ProviderManager...
2026-08-21 22:37:37,412 - INFO - Indicators computed | close=77671.95 ema_9=77462.25 ema_20=77383.48 ema_50=77297.36 ema_200=76198.91 macd=69.9566 poc=69350.0 val=64025.0 vah=74575.0
2026-08-21 22:37:37,413 - INFO - [bot-1787212102488-1594] Evaluating strategy on completed candle: 2026-08-21 17:00:00+00:00 at Close price: 77522.00
2026-08-21 22:37:37,493 - INFO - Confluence Evaluation | Regime: TRENDING (ADX=34.7) | Direction: LONG | BullScore: 100.0% | BearScore: 0.0% | Active: ['ema_9', 'ema_20', 'rsi', 'vwap', 'supertrend', 'atr']
2026-08-21 22:37:37,590 - INFO - Capping position size 0.614874 BTC to available cash equivalent 0.128996 BTC.
2026-08-21 22:37:37,657 - INFO - Created pending signal approval ID 263 for bot bot-1787212102488-1594 (LONG @ $77522.00, status: WAITING_APPROVAL)
2026-08-21 22:37:37,728 - INFO - [bot-1787212102488-1594] Signal LONG generated (ID: 263). Waiting for manual user approval.
2026-08-21 22:37:37,954 - INFO - Logged heartbeat status: OK
2026-08-21 22:37:37,955 - INFO - Job "LiveRunner.process_cycle (trigger: interval[0:05:00], next run at: 2026-08-21 22:42:36 IST)" executed successfully
/Users/ashishparadkar/Downloads/algo-code-main/.venv/lib/python3.9/site-packages/urllib3/__init__.py:35: NotOpenSSLWarning: urllib3 v2 only supports OpenSSL 1.1.1+, currently the 'ssl' module is compiled with 'LibreSSL 2.8.3'. See: https://github.com/urllib3/urllib3/issues/3020
  warnings.warn(
2026-08-21 22:44:31,380 - INFO - Bot state startup reconciliation finished: 0 bot(s) reconciled to STOPPED.
2026-08-21 22:44:31,938 - INFO - Telegram notification service initialized successfully (Chat ID: 5657...)
2026-08-21 22:44:31,946 - INFO - Initializing scheduled trading bot live runner for bot-1787212102488-1594...
2026-08-21 22:44:31,992 - INFO - SQLite database tables verified/created.
2026-08-21 22:44:32,603 - INFO - Initializing CCXT Binance in TESTNET mode.
2026-08-21 22:44:54,325 - INFO - [bot-1787212102488-1594] Pre-flight instrument resolved: BTC/USDT (SPOT via binance_spot)
2026-08-21 22:44:55,731 - INFO - [bot-1787212102488-1594] Starting signal check cycle for BTC/USDT (5m)...
2026-08-21 22:44:55,741 - INFO - Fetching recent candles for BTC/USDT (5m) [Bot: bot-1787212102488-1594] via ProviderManager...
