/Users/ashishparadkar/Downloads/algo-code-main/.venv/lib/python3.9/site-packages/urllib3/__init__.py:35: NotOpenSSLWarning: urllib3 v2 only supports OpenSSL 1.1.1+, currently the 'ssl' module is compiled with 'LibreSSL 2.8.3'. See: https://github.com/urllib3/urllib3/issues/3020
  warnings.warn(
2026-08-20 22:17:44,196 - INFO - Bot state startup reconciliation finished: 0 bot(s) reconciled to STOPPED.
2026-08-20 22:17:45,089 - INFO - Telegram notification service initialized successfully (Chat ID: 5657...)
2026-08-20 22:17:45,385 - INFO - Initializing scheduled trading bot live runner for bot-1787212338599-8597...
2026-08-20 22:17:45,811 - INFO - SQLite database tables verified/created.
2026-08-20 22:17:47,170 - INFO - Initializing CCXT Binance in TESTNET mode.
2026-08-20 22:18:20,458 - INFO - [bot-1787212338599-8597] Pre-flight instrument resolved: BTC/USDT (SPOT via binance_spot)
2026-08-20 22:18:21,786 - INFO - [bot-1787212338599-8597] Starting signal check cycle for BTC/USDT (5m)...
2026-08-20 22:18:22,383 - INFO - Fetching recent candles for BTC/USDT (5m) [Bot: bot-1787212338599-8597] via ProviderManager...
2026-08-20 22:19:38,018 - INFO - Indicators computed | close=72573.99 ema_9=72458.92 ema_20=72336.56 ema_50=72096.08 ema_200=70831.43 macd=147.5666 poc=64325.0 val=63300.0 vah=69600.0
2026-08-20 22:19:38,061 - INFO - [bot-1787212338599-8597] Evaluating strategy on completed candle: 2026-08-20 16:40:00+00:00 at Close price: 72630.89
2026-08-20 22:19:39,144 - INFO - Confluence Evaluation | Regime: TRENDING (ADX=34.9) | Direction: LONG | BullScore: 100.0% | BearScore: 0.0% | Active: ['ema_9', 'ema_20', 'rsi', 'vwap', 'supertrend', 'atr']
2026-08-20 22:19:39,655 - INFO - Capping position size 0.474631 BTC to available cash equivalent 0.137682 BTC.
2026-08-20 22:19:40,112 - INFO - Created pending signal approval ID 47 for bot bot-1787212338599-8597 (LONG @ $72630.89, status: WAITING_APPROVAL)
2026-08-20 22:19:40,585 - INFO - [bot-1787212338599-8597] Signal LONG generated (ID: 47). Waiting for manual user approval.
2026-08-20 22:19:41,480 - INFO - Logged heartbeat status: OK
2026-08-20 22:19:41,546 - INFO - Adding job tentatively -- it will be properly scheduled when the scheduler starts
2026-08-20 22:19:41,546 - INFO - Bot bot-1787212338599-8597 scheduled to check every 5 minutes.
2026-08-20 22:19:41,550 - INFO - Added job "LiveRunner.process_cycle" to job store "default"
2026-08-20 22:19:41,550 - INFO - Scheduler started
2026-08-20 22:24:41,681 - INFO - Running job "LiveRunner.process_cycle (trigger: interval[0:05:00], next run at: 2026-08-20 22:29:41 IST)" (scheduled at 2026-08-20 22:24:41.544580+05:30)
2026-08-20 22:24:41,736 - INFO - [bot-1787212338599-8597] Starting signal check cycle for BTC/USDT (5m)...
2026-08-20 22:24:41,794 - INFO - Fetching recent candles for BTC/USDT (5m) [Bot: bot-1787212338599-8597] via ProviderManager...
2026-08-20 22:24:43,859 - INFO - Indicators computed | close=72667.99 ema_9=72499.77 ema_20=72367.61 ema_50=72118.29 ema_200=70849.65 macd=155.6253 poc=64325.0 val=63300.0 vah=69600.0
2026-08-20 22:24:43,861 - INFO - [bot-1787212338599-8597] Evaluating strategy on completed candle: 2026-08-20 16:45:00+00:00 at Close price: 72568.00
2026-08-20 22:24:43,992 - INFO - Confluence Evaluation | Regime: TRENDING (ADX=34.0) | Direction: HOLD | BullScore: 55.9% | BearScore: 44.1% | Active: ['ema_9', 'ema_20', 'rsi', 'vwap', 'supertrend', 'atr']
2026-08-20 22:24:44,169 - INFO - Signal evaluated: HOLD. Reason/Details: Confluence score: 56% (HOLD)
2026-08-20 22:24:44,431 - INFO - Logged heartbeat status: OK
2026-08-20 22:24:44,441 - INFO - Job "LiveRunner.process_cycle (trigger: interval[0:05:00], next run at: 2026-08-20 22:29:41 IST)" executed successfully
2026-08-20 22:29:41,565 - INFO - Running job "LiveRunner.process_cycle (trigger: interval[0:05:00], next run at: 2026-08-20 22:34:41 IST)" (scheduled at 2026-08-20 22:29:41.544580+05:30)
2026-08-20 22:29:41,595 - INFO - [bot-1787212338599-8597] Starting signal check cycle for BTC/USDT (5m)...
2026-08-20 22:29:41,649 - INFO - Fetching recent candles for BTC/USDT (5m) [Bot: bot-1787212338599-8597] via ProviderManager...
2026-08-20 22:29:42,393 - INFO - Indicators computed | close=72869.74 ema_9=72570.89 ema_20=72413.88 ema_50=72147.08 ema_200=70869.57 macd=175.5254 poc=64325.0 val=63300.0 vah=69625.0
2026-08-20 22:29:42,399 - INFO - [bot-1787212338599-8597] Evaluating strategy on completed candle: 2026-08-20 16:50:00+00:00 at Close price: 72649.99
2026-08-20 22:29:42,478 - INFO - Confluence Evaluation | Regime: TRENDING (ADX=33.2) | Direction: LONG | BullScore: 100.0% | BearScore: 0.0% | Active: ['ema_9', 'ema_20', 'rsi', 'vwap', 'supertrend', 'atr']
2026-08-20 22:29:42,593 - INFO - Capping position size 0.456340 BTC to available cash equivalent 0.137646 BTC.
2026-08-20 22:29:42,654 - INFO - [bot-1787212338599-8597] Signal LONG active pending approval already exists (ID: 47).
2026-08-20 22:29:42,770 - INFO - Logged heartbeat status: OK
2026-08-20 22:29:42,770 - INFO - Job "LiveRunner.process_cycle (trigger: interval[0:05:00], next run at: 2026-08-20 22:34:41 IST)" executed successfully
2026-08-20 22:34:41,594 - INFO - Running job "LiveRunner.process_cycle (trigger: interval[0:05:00], next run at: 2026-08-20 22:39:41 IST)" (scheduled at 2026-08-20 22:34:41.544580+05:30)
2026-08-20 22:34:41,650 - INFO - [bot-1787212338599-8597] Starting signal check cycle for BTC/USDT (5m)...
2026-08-20 22:34:41,694 - INFO - Fetching recent candles for BTC/USDT (5m) [Bot: bot-1787212338599-8597] via ProviderManager...
2026-08-20 22:34:42,157 - INFO - Indicators computed | close=72774.01 ema_9=72606.30 ema_20=72445.37 ema_50=72170.43 ema_200=70888.20 macd=180.5975 poc=64325.0 val=63300.0 vah=69625.0
2026-08-20 22:34:42,161 - INFO - [bot-1787212338599-8597] Evaluating strategy on completed candle: 2026-08-20 16:55:00+00:00 at Close price: 72837.15
2026-08-20 22:34:42,222 - INFO - Confluence Evaluation | Regime: TRENDING (ADX=33.1) | Direction: LONG | BullScore: 100.0% | BearScore: 0.0% | Active: ['ema_9', 'ema_20', 'rsi', 'vwap', 'supertrend', 'atr']
2026-08-20 22:34:42,320 - INFO - Capping position size 0.328165 BTC to available cash equivalent 0.137293 BTC.
2026-08-20 22:34:42,328 - INFO - [bot-1787212338599-8597] Signal LONG active pending approval already exists (ID: 47).
2026-08-20 22:34:42,516 - INFO - Logged heartbeat status: OK
2026-08-20 22:34:42,517 - INFO - Job "LiveRunner.process_cycle (trigger: interval[0:05:00], next run at: 2026-08-20 22:39:41 IST)" executed successfully
2026-08-20 22:39:41,590 - INFO - Running job "LiveRunner.process_cycle (trigger: interval[0:05:00], next run at: 2026-08-20 22:44:41 IST)" (scheduled at 2026-08-20 22:39:41.544580+05:30)
2026-08-20 22:39:41,596 - INFO - [bot-1787212338599-8597] Starting signal check cycle for BTC/USDT (5m)...
2026-08-20 22:39:41,642 - INFO - Fetching recent candles for BTC/USDT (5m) [Bot: bot-1787212338599-8597] via ProviderManager...
2026-08-20 22:39:42,131 - INFO - Indicators computed | close=72650.00 ema_9=72613.77 ema_20=72464.18 ema_50=72188.94 ema_200=70905.65 macd=174.1710 poc=64325.0 val=63300.0 vah=69625.0
2026-08-20 22:39:42,132 - INFO - [bot-1787212338599-8597] Evaluating strategy on completed candle: 2026-08-20 17:00:00+00:00 at Close price: 72766.11
2026-08-20 22:39:42,200 - INFO - Confluence Evaluation | Regime: TRENDING (ADX=31.9) | Direction: HOLD | BullScore: 55.9% | BearScore: 44.1% | Active: ['ema_9', 'ema_20', 'rsi', 'vwap', 'supertrend', 'atr']
2026-08-20 22:39:42,288 - INFO - Signal evaluated: HOLD. Reason/Details: Confluence score: 56% (HOLD)
2026-08-20 22:39:43,510 - INFO - Logged heartbeat status: OK
2026-08-20 22:39:43,511 - INFO - Job "LiveRunner.process_cycle (trigger: interval[0:05:00], next run at: 2026-08-20 22:44:41 IST)" executed successfully
2026-08-20 22:44:41,556 - INFO - Running job "LiveRunner.process_cycle (trigger: interval[0:05:00], next run at: 2026-08-20 22:49:41 IST)" (scheduled at 2026-08-20 22:44:41.544580+05:30)
2026-08-20 22:44:41,564 - INFO - [bot-1787212338599-8597] Starting signal check cycle for BTC/USDT (5m)...
2026-08-20 22:44:41,611 - INFO - Fetching recent candles for BTC/USDT (5m) [Bot: bot-1787212338599-8597] via ProviderManager...
2026-08-20 22:44:42,077 - INFO - Indicators computed | close=72679.84 ema_9=72629.23 ema_20=72485.92 ema_50=72208.72 ema_200=70923.44 macd=170.8876 poc=64325.0 val=63300.0 vah=69625.0
2026-08-20 22:44:42,078 - INFO - [bot-1787212338599-8597] Evaluating strategy on completed candle: 2026-08-20 17:05:00+00:00 at Close price: 72664.00
2026-08-20 22:44:42,145 - INFO - Confluence Evaluation | Regime: TRENDING (ADX=29.5) | Direction: HOLD | BullScore: 55.9% | BearScore: 44.1% | Active: ['ema_9', 'ema_20', 'rsi', 'vwap', 'supertrend', 'atr']
2026-08-20 22:44:42,255 - INFO - Signal evaluated: HOLD. Reason/Details: Confluence score: 56% (HOLD)
2026-08-20 22:44:42,487 - INFO - Logged heartbeat status: OK
2026-08-20 22:44:42,489 - INFO - Job "LiveRunner.process_cycle (trigger: interval[0:05:00], next run at: 2026-08-20 22:49:41 IST)" executed successfully
2026-08-20 22:49:41,556 - INFO - Running job "LiveRunner.process_cycle (trigger: interval[0:05:00], next run at: 2026-08-20 22:54:41 IST)" (scheduled at 2026-08-20 22:49:41.544580+05:30)
2026-08-20 22:49:41,566 - INFO - [bot-1787212338599-8597] Starting signal check cycle for BTC/USDT (5m)...
2026-08-20 22:49:41,614 - INFO - Fetching recent candles for BTC/USDT (5m) [Bot: bot-1787212338599-8597] via ProviderManager...
2026-08-20 22:49:42,019 - INFO - Indicators computed | close=72671.14 ema_9=72639.56 ema_20=72504.61 ema_50=72227.31 ema_200=70940.95 macd=165.5476 poc=64325.0 val=63300.0 vah=69625.0
2026-08-20 22:49:42,020 - INFO - [bot-1787212338599-8597] Evaluating strategy on completed candle: 2026-08-20 17:10:00+00:00 at Close price: 72692.00
2026-08-20 22:49:42,093 - INFO - Confluence Evaluation | Regime: TRENDING (ADX=28.2) | Direction: LONG | BullScore: 100.0% | BearScore: 0.0% | Active: ['ema_9', 'ema_20', 'rsi', 'vwap', 'supertrend', 'atr']
2026-08-20 22:49:42,204 - INFO - Capping position size 0.870246 BTC to available cash equivalent 0.137567 BTC.
2026-08-20 22:49:42,315 - INFO - Created pending signal approval ID 73 for bot bot-1787212338599-8597 (LONG @ $72692.00, status: WAITING_APPROVAL)
2026-08-20 22:49:42,398 - INFO - [bot-1787212338599-8597] Signal LONG generated (ID: 73). Waiting for manual user approval.
2026-08-20 22:49:42,617 - INFO - Logged heartbeat status: OK
2026-08-20 22:49:42,618 - INFO - Job "LiveRunner.process_cycle (trigger: interval[0:05:00], next run at: 2026-08-20 22:54:41 IST)" executed successfully
2026-08-21 00:19:40,652 - WARNING - Run time of job "LiveRunner.process_cycle (trigger: interval[0:05:00], next run at: 2026-08-21 00:19:41 IST)" was missed by 0:04:59.082294
2026-08-21 00:19:41,549 - INFO - Running job "LiveRunner.process_cycle (trigger: interval[0:05:00], next run at: 2026-08-21 00:24:41 IST)" (scheduled at 2026-08-21 00:19:41.544580+05:30)
2026-08-21 00:19:41,586 - INFO - [bot-1787212338599-8597] Starting signal check cycle for BTC/USDT (5m)...
2026-08-21 00:19:41,634 - INFO - Fetching recent candles for BTC/USDT (5m) [Bot: bot-1787212338599-8597] via ProviderManager...
2026-08-21 00:19:51,741 - ERROR - Binance Spot Network Error: binance GET https://api.binance.com/api/v3/klines?interval=5m&limit=1000&symbol=BTCUSDT
--- Logging error ---
Traceback (most recent call last):
  File "/Users/ashishparadkar/Downloads/algo-code-main/.venv/lib/python3.9/site-packages/urllib3/connectionpool.py", line 534, in _make_request
    response = conn.getresponse()
  File "/Users/ashishparadkar/Downloads/algo-code-main/.venv/lib/python3.9/site-packages/urllib3/connection.py", line 571, in getresponse
    httplib_response = super().getresponse()
  File "/Library/Developer/CommandLineTools/Library/Frameworks/Python3.framework/Versions/3.9/lib/python3.9/http/client.py", line 1349, in getresponse
    response.begin()
  File "/Library/Developer/CommandLineTools/Library/Frameworks/Python3.framework/Versions/3.9/lib/python3.9/http/client.py", line 316, in begin
    version, status, reason = self._read_status()
  File "/Library/Developer/CommandLineTools/Library/Frameworks/Python3.framework/Versions/3.9/lib/python3.9/http/client.py", line 277, in _read_status
    line = str(self.fp.readline(_MAXLINE + 1), "iso-8859-1")
  File "/Library/Developer/CommandLineTools/Library/Frameworks/Python3.framework/Versions/3.9/lib/python3.9/socket.py", line 704, in readinto
    return self._sock.recv_into(b)
  File "/Library/Developer/CommandLineTools/Library/Frameworks/Python3.framework/Versions/3.9/lib/python3.9/ssl.py", line 1241, in recv_into
    return self.read(nbytes, buffer)
  File "/Library/Developer/CommandLineTools/Library/Frameworks/Python3.framework/Versions/3.9/lib/python3.9/ssl.py", line 1099, in read
    return self._sslobj.read(len, buffer)
socket.timeout: The read operation timed out

The above exception was the direct cause of the following exception:

Traceback (most recent call last):
  File "/Users/ashishparadkar/Downloads/algo-code-main/.venv/lib/python3.9/site-packages/requests/adapters.py", line 644, in send
    resp = conn.urlopen(
  File "/Users/ashishparadkar/Downloads/algo-code-main/.venv/lib/python3.9/site-packages/urllib3/connectionpool.py", line 841, in urlopen
    retries = retries.increment(
  File "/Users/ashishparadkar/Downloads/algo-code-main/.venv/lib/python3.9/site-packages/urllib3/util/retry.py", line 490, in increment
    raise reraise(type(error), error, _stacktrace)
  File "/Users/ashishparadkar/Downloads/algo-code-main/.venv/lib/python3.9/site-packages/urllib3/util/util.py", line 39, in reraise
    raise value
  File "/Users/ashishparadkar/Downloads/algo-code-main/.venv/lib/python3.9/site-packages/urllib3/connectionpool.py", line 787, in urlopen
    response = self._make_request(
  File "/Users/ashishparadkar/Downloads/algo-code-main/.venv/lib/python3.9/site-packages/urllib3/connectionpool.py", line 536, in _make_request
    self._raise_timeout(err=e, url=url, timeout_value=read_timeout)
  File "/Users/ashishparadkar/Downloads/algo-code-main/.venv/lib/python3.9/site-packages/urllib3/connectionpool.py", line 367, in _raise_timeout
    raise ReadTimeoutError(
urllib3.exceptions.ReadTimeoutError: HTTPSConnectionPool(host='api.binance.com', port=443): Read timed out. (read timeout=10.0)

During handling of the above exception, another exception occurred:

Traceback (most recent call last):
  File "/Users/ashishparadkar/Downloads/algo-code-main/.venv/lib/python3.9/site-packages/ccxt/base/exchange.py", line 665, in fetch
    response = self.session.request(
  File "/Users/ashishparadkar/Downloads/algo-code-main/.venv/lib/python3.9/site-packages/requests/sessions.py", line 589, in request
    resp = self.send(prep, **send_kwargs)
  File "/Users/ashishparadkar/Downloads/algo-code-main/.venv/lib/python3.9/site-packages/requests/sessions.py", line 703, in send
    r = adapter.send(request, **kwargs)
  File "/Users/ashishparadkar/Downloads/algo-code-main/.venv/lib/python3.9/site-packages/requests/adapters.py", line 690, in send
    raise ReadTimeout(e, request=request)
requests.exceptions.ReadTimeout: HTTPSConnectionPool(host='api.binance.com', port=443): Read timed out. (read timeout=10.0)

The above exception was the direct cause of the following exception:

Traceback (most recent call last):
  File "/Users/ashishparadkar/Downloads/algo-code-main/src/provider_manager.py", line 351, in fetch_ohlcv_safe
    df = adapter.fetch_ohlcv(instrument, timeframe, limit=limit)
  File "/Users/ashishparadkar/Downloads/algo-code-main/src/provider_manager.py", line 211, in fetch_ohlcv
    raise net_err
  File "/Users/ashishparadkar/Downloads/algo-code-main/src/provider_manager.py", line 183, in fetch_ohlcv
    raw_candles = self.exchange.fetch_ohlcv(
  File "/Users/ashishparadkar/Downloads/algo-code-main/.venv/lib/python3.9/site-packages/ccxt/binance.py", line 4759, in fetch_ohlcv
    response = self.publicGetKlines(self.extend(request, params))
  File "/Users/ashishparadkar/Downloads/algo-code-main/.venv/lib/python3.9/site-packages/ccxt/base/types.py", line 35, in unbound_method
    return _self.request(self.path, self.api, self.method, params, config=self.config)
  File "/Users/ashishparadkar/Downloads/algo-code-main/.venv/lib/python3.9/site-packages/ccxt/binance.py", line 11724, in request
    response = self.fetch2(path, api, method, params, headers, body, config)
  File "/Users/ashishparadkar/Downloads/algo-code-main/.venv/lib/python3.9/site-packages/ccxt/base/exchange.py", line 5566, in fetch2
    raise e
  File "/Users/ashishparadkar/Downloads/algo-code-main/.venv/lib/python3.9/site-packages/ccxt/base/exchange.py", line 5549, in fetch2
    response = self.fetch(request['url'], request['method'], request['headers'], request['body'])
  File "/Users/ashishparadkar/Downloads/algo-code-main/.venv/lib/python3.9/site-packages/ccxt/base/exchange.py", line 698, in fetch
    raise RequestTimeout(details) from e
ccxt.base.errors.RequestTimeout: binance GET https://api.binance.com/api/v3/klines?interval=5m&limit=1000&symbol=BTCUSDT

During handling of the above exception, another exception occurred:

Traceback (most recent call last):
  File "/Library/Developer/CommandLineTools/Library/Frameworks/Python3.framework/Versions/3.9/lib/python3.9/logging/__init__.py", line 1083, in emit
    msg = self.format(record)
  File "/Library/Developer/CommandLineTools/Library/Frameworks/Python3.framework/Versions/3.9/lib/python3.9/logging/__init__.py", line 927, in format
    return fmt.format(record)
  File "/Library/Developer/CommandLineTools/Library/Frameworks/Python3.framework/Versions/3.9/lib/python3.9/logging/__init__.py", line 663, in format
    record.message = record.getMessage()
  File "/Library/Developer/CommandLineTools/Library/Frameworks/Python3.framework/Versions/3.9/lib/python3.9/logging/__init__.py", line 367, in getMessage
    msg = msg % self.args
TypeError: must be real number, not RequestTimeout
Call stack:
  File "/Library/Developer/CommandLineTools/Library/Frameworks/Python3.framework/Versions/3.9/lib/python3.9/threading.py", line 930, in _bootstrap
    self._bootstrap_inner()
  File "/Library/Developer/CommandLineTools/Library/Frameworks/Python3.framework/Versions/3.9/lib/python3.9/threading.py", line 973, in _bootstrap_inner
    self.run()
  File "/Library/Developer/CommandLineTools/Library/Frameworks/Python3.framework/Versions/3.9/lib/python3.9/threading.py", line 910, in run
    self._target(*self._args, **self._kwargs)
  File "/Library/Developer/CommandLineTools/Library/Frameworks/Python3.framework/Versions/3.9/lib/python3.9/concurrent/futures/thread.py", line 77, in _worker
    work_item.run()
  File "/Library/Developer/CommandLineTools/Library/Frameworks/Python3.framework/Versions/3.9/lib/python3.9/concurrent/futures/thread.py", line 52, in run
    result = self.fn(*self.args, **self.kwargs)
  File "/Users/ashishparadkar/Downloads/algo-code-main/.venv/lib/python3.9/site-packages/apscheduler/executors/base.py", line 131, in run_job
    retval = job.func(*job.args, **job.kwargs)
  File "/Users/ashishparadkar/Downloads/algo-code-main/src/live_runner.py", line 199, in process_cycle
    df, _ = self.provider_manager.fetch_ohlcv_safe(self.symbol, self.timeframe, limit=1000)
  File "/Users/ashishparadkar/Downloads/algo-code-main/src/provider_manager.py", line 362, in fetch_ohlcv_safe
    logger.warning(
Message: 'Retryable network failure for %s (Attempt %d/%d). Backing off %.2fs: %s'
Arguments: ('BTC/USDT', 1, 3, RequestTimeout('binance GET https://api.binance.com/api/v3/klines?interval=5m&limit=1000&symbol=BTCUSDT'))
2026-08-21 00:19:54,184 - INFO - Indicators computed | close=72531.70 ema_9=72573.41 ema_20=72601.95 ema_50=72445.21 ema_200=71225.37 macd=8.4642 poc=64325.0 val=63300.0 vah=69700.0
2026-08-21 00:19:54,187 - INFO - [bot-1787212338599-8597] Evaluating strategy on completed candle: 2026-08-20 18:40:00+00:00 at Close price: 72501.42
2026-08-21 00:19:54,279 - INFO - Confluence Evaluation | Regime: TRENDING (ADX=27.9) | Direction: HOLD | BullScore: 44.1% | BearScore: 11.8% | Active: ['ema_9', 'ema_20', 'rsi', 'vwap', 'supertrend', 'atr']
2026-08-21 00:19:54,384 - INFO - Signal evaluated: HOLD. Reason/Details: Confluence score: 44% (HOLD)
2026-08-21 00:19:54,585 - INFO - Logged heartbeat status: OK
2026-08-21 00:19:54,585 - INFO - Job "LiveRunner.process_cycle (trigger: interval[0:05:00], next run at: 2026-08-21 00:24:41 IST)" executed successfully
2026-08-21 00:24:41,629 - INFO - Running job "LiveRunner.process_cycle (trigger: interval[0:05:00], next run at: 2026-08-21 00:29:41 IST)" (scheduled at 2026-08-21 00:24:41.544580+05:30)
2026-08-21 00:24:41,651 - INFO - [bot-1787212338599-8597] Starting signal check cycle for BTC/USDT (5m)...
2026-08-21 00:24:41,712 - INFO - Fetching recent candles for BTC/USDT (5m) [Bot: bot-1787212338599-8597] via ProviderManager...
2026-08-21 00:24:42,381 - INFO - Indicators computed | close=72468.00 ema_9=72552.70 ema_20=72589.39 ema_50=72446.19 ema_200=71237.76 macd=-1.9355 poc=64325.0 val=63300.0 vah=69700.0
2026-08-21 00:24:42,383 - INFO - [bot-1787212338599-8597] Evaluating strategy on completed candle: 2026-08-20 18:45:00+00:00 at Close price: 72534.00
2026-08-21 00:24:42,480 - INFO - Confluence Evaluation | Regime: TRENDING (ADX=27.7) | Direction: HOLD | BullScore: 44.1% | BearScore: 11.8% | Active: ['ema_9', 'ema_20', 'rsi', 'vwap', 'supertrend', 'atr']
2026-08-21 00:24:42,630 - INFO - Signal evaluated: HOLD. Reason/Details: Confluence score: 44% (HOLD)
2026-08-21 00:24:42,856 - INFO - Logged heartbeat status: OK
2026-08-21 00:24:42,857 - INFO - Job "LiveRunner.process_cycle (trigger: interval[0:05:00], next run at: 2026-08-21 00:29:41 IST)" executed successfully
/Users/ashishparadkar/Downloads/algo-code-main/.venv/lib/python3.9/site-packages/urllib3/__init__.py:35: NotOpenSSLWarning: urllib3 v2 only supports OpenSSL 1.1.1+, currently the 'ssl' module is compiled with 'LibreSSL 2.8.3'. See: https://github.com/urllib3/urllib3/issues/3020
  warnings.warn(
2026-08-21 06:21:17,247 - INFO - Bot state startup reconciliation finished: 0 bot(s) reconciled to STOPPED.
2026-08-21 06:21:18,345 - INFO - Telegram notification service initialized successfully (Chat ID: 5657...)
2026-08-21 06:21:18,362 - INFO - Initializing scheduled trading bot live runner for bot-1787212338599-8597...
2026-08-21 06:21:18,857 - INFO - SQLite database tables verified/created.
2026-08-21 06:21:19,365 - INFO - Initializing CCXT Binance in TESTNET mode.
2026-08-21 06:21:47,190 - INFO - [bot-1787212338599-8597] Pre-flight instrument resolved: BTC/USDT (SPOT via binance_spot)
2026-08-21 06:21:47,305 - INFO - [bot-1787212338599-8597] Starting signal check cycle for BTC/USDT (5m)...
2026-08-21 06:21:47,887 - INFO - Fetching recent candles for BTC/USDT (5m) [Bot: bot-1787212338599-8597] via ProviderManager...
2026-08-21 06:23:07,396 - INFO - Indicators computed | close=73796.01 ema_9=73642.97 ema_20=73423.04 ema_50=73102.13 ema_200=72114.26 macd=243.1474 poc=64325.0 val=63575.0 vah=71300.0
2026-08-21 06:23:07,404 - INFO - [bot-1787212338599-8597] Evaluating strategy on completed candle: 2026-08-21 00:45:00+00:00 at Close price: 73761.56
2026-08-21 06:23:07,705 - INFO - Confluence Evaluation | Regime: TRENDING (ADX=53.5) | Direction: LONG | BullScore: 100.0% | BearScore: 0.0% | Active: ['ema_9', 'ema_20', 'rsi', 'vwap', 'supertrend', 'atr']
2026-08-21 06:23:07,964 - INFO - Capping position size 0.657376 BTC to available cash equivalent 0.135572 BTC.
2026-08-21 06:23:08,184 - INFO - Created pending signal approval ID 103 for bot bot-1787212338599-8597 (LONG @ $73761.56, status: WAITING_APPROVAL)
2026-08-21 06:23:08,242 - INFO - [bot-1787212338599-8597] Signal LONG generated (ID: 103). Waiting for manual user approval.
2026-08-21 06:23:08,541 - INFO - Logged heartbeat status: OK
2026-08-21 06:23:08,563 - INFO - Adding job tentatively -- it will be properly scheduled when the scheduler starts
2026-08-21 06:23:08,563 - INFO - Bot bot-1787212338599-8597 scheduled to check every 5 minutes.
2026-08-21 06:23:08,566 - INFO - Added job "LiveRunner.process_cycle" to job store "default"
2026-08-21 06:23:08,567 - INFO - Scheduler started
2026-08-21 06:28:08,863 - INFO - Running job "LiveRunner.process_cycle (trigger: interval[0:05:00], next run at: 2026-08-21 06:28:08 IST)" (scheduled at 2026-08-21 06:28:08.561701+05:30)
2026-08-21 06:28:08,987 - INFO - [bot-1787212338599-8597] Starting signal check cycle for BTC/USDT (5m)...
2026-08-21 06:28:09,048 - INFO - Fetching recent candles for BTC/USDT (5m) [Bot: bot-1787212338599-8597] via ProviderManager...
2026-08-21 06:28:09,744 - INFO - Indicators computed | close=73698.00 ema_9=73633.17 ema_20=73438.02 ema_50=73120.60 ema_200=72128.73 macd=226.8169 poc=64325.0 val=63575.0 vah=71300.0
2026-08-21 06:28:09,746 - INFO - [bot-1787212338599-8597] Evaluating strategy on completed candle: 2026-08-21 00:50:00+00:00 at Close price: 73666.00
2026-08-21 06:28:09,803 - INFO - Confluence Evaluation | Regime: TRENDING (ADX=53.5) | Direction: HOLD | BullScore: 55.9% | BearScore: 44.1% | Active: ['ema_9', 'ema_20', 'rsi', 'vwap', 'supertrend', 'atr']
2026-08-21 06:28:09,883 - INFO - Signal evaluated: HOLD. Reason/Details: Confluence score: 56% (HOLD)
2026-08-21 06:28:10,064 - INFO - Logged heartbeat status: OK
2026-08-21 06:28:10,064 - INFO - Job "LiveRunner.process_cycle (trigger: interval[0:05:00], next run at: 2026-08-21 06:33:08 IST)" executed successfully
2026-08-21 06:33:08,660 - INFO - Running job "LiveRunner.process_cycle (trigger: interval[0:05:00], next run at: 2026-08-21 06:38:08 IST)" (scheduled at 2026-08-21 06:33:08.561701+05:30)
2026-08-21 06:33:08,698 - INFO - [bot-1787212338599-8597] Starting signal check cycle for BTC/USDT (5m)...
2026-08-21 06:33:08,745 - INFO - Fetching recent candles for BTC/USDT (5m) [Bot: bot-1787212338599-8597] via ProviderManager...
2026-08-21 06:33:09,799 - INFO - Indicators computed | close=73831.99 ema_9=73674.54 ema_20=73476.41 ema_50=73148.87 ema_200=72145.78 macd=230.8690 poc=64325.0 val=63575.0 vah=71300.0
2026-08-21 06:33:09,803 - INFO - [bot-1787212338599-8597] Evaluating strategy on completed candle: 2026-08-21 00:55:00+00:00 at Close price: 73708.02
2026-08-21 06:33:09,865 - INFO - Confluence Evaluation | Regime: TRENDING (ADX=53.7) | Direction: LONG | BullScore: 100.0% | BearScore: 0.0% | Active: ['ema_9', 'ema_20', 'rsi', 'vwap', 'supertrend', 'atr']
2026-08-21 06:33:09,954 - INFO - Capping position size 0.797766 BTC to available cash equivalent 0.135670 BTC.
2026-08-21 06:33:09,964 - INFO - [bot-1787212338599-8597] Signal LONG active pending approval already exists (ID: 103).
2026-08-21 06:33:10,173 - INFO - Logged heartbeat status: OK
2026-08-21 06:33:10,173 - INFO - Job "LiveRunner.process_cycle (trigger: interval[0:05:00], next run at: 2026-08-21 06:38:08 IST)" executed successfully
2026-08-21 06:38:08,654 - INFO - Running job "LiveRunner.process_cycle (trigger: interval[0:05:00], next run at: 2026-08-21 06:43:08 IST)" (scheduled at 2026-08-21 06:38:08.561701+05:30)
2026-08-21 06:38:08,689 - INFO - [bot-1787212338599-8597] Starting signal check cycle for BTC/USDT (5m)...
2026-08-21 06:38:08,772 - INFO - Fetching recent candles for BTC/USDT (5m) [Bot: bot-1787212338599-8597] via ProviderManager...
2026-08-21 06:38:09,283 - INFO - Indicators computed | close=73886.00 ema_9=73718.12 ema_20=73516.11 ema_50=73178.08 ema_200=72163.18 macd=235.5889 poc=64325.0 val=63575.0 vah=71325.0
2026-08-21 06:38:09,285 - INFO - [bot-1787212338599-8597] Evaluating strategy on completed candle: 2026-08-21 01:00:00+00:00 at Close price: 73840.01
2026-08-21 06:38:09,340 - INFO - Confluence Evaluation | Regime: TRENDING (ADX=55.5) | Direction: LONG | BullScore: 100.0% | BearScore: 0.0% | Active: ['ema_9', 'ema_20', 'rsi', 'vwap', 'supertrend', 'atr']
2026-08-21 06:38:09,426 - INFO - Capping position size 0.522616 BTC to available cash equivalent 0.135428 BTC.
2026-08-21 06:38:09,437 - INFO - [bot-1787212338599-8597] Signal LONG active pending approval already exists (ID: 103).
2026-08-21 06:38:09,613 - INFO - Logged heartbeat status: OK
2026-08-21 06:38:09,613 - INFO - Job "LiveRunner.process_cycle (trigger: interval[0:05:00], next run at: 2026-08-21 06:43:08 IST)" executed successfully
2026-08-21 06:43:08,593 - INFO - Running job "LiveRunner.process_cycle (trigger: interval[0:05:00], next run at: 2026-08-21 06:48:08 IST)" (scheduled at 2026-08-21 06:43:08.561701+05:30)
2026-08-21 06:43:08,628 - INFO - [bot-1787212338599-8597] Starting signal check cycle for BTC/USDT (5m)...
2026-08-21 06:43:08,695 - INFO - Fetching recent candles for BTC/USDT (5m) [Bot: bot-1787212338599-8597] via ProviderManager...
2026-08-21 06:43:09,939 - INFO - Indicators computed | close=73963.94 ema_9=73774.30 ema_20=73562.54 ema_50=73210.55 ema_200=72181.53 macd=245.0202 poc=64325.0 val=63575.0 vah=71325.0
2026-08-21 06:43:09,942 - INFO - [bot-1787212338599-8597] Evaluating strategy on completed candle: 2026-08-21 01:05:00+00:00 at Close price: 73929.87
2026-08-21 06:43:10,087 - INFO - Confluence Evaluation | Regime: TRENDING (ADX=57.3) | Direction: LONG | BullScore: 100.0% | BearScore: 0.0% | Active: ['ema_9', 'ema_20', 'rsi', 'vwap', 'supertrend', 'atr']
2026-08-21 06:43:10,254 - INFO - Capping position size 0.481672 BTC to available cash equivalent 0.135263 BTC.
2026-08-21 06:43:10,404 - INFO - [bot-1787212338599-8597] Signal LONG active pending approval already exists (ID: 103).
2026-08-21 06:43:10,646 - INFO - Logged heartbeat status: OK
2026-08-21 06:43:10,647 - INFO - Job "LiveRunner.process_cycle (trigger: interval[0:05:00], next run at: 2026-08-21 06:48:08 IST)" executed successfully
2026-08-21 06:48:08,612 - INFO - Running job "LiveRunner.process_cycle (trigger: interval[0:05:00], next run at: 2026-08-21 06:53:08 IST)" (scheduled at 2026-08-21 06:48:08.561701+05:30)
2026-08-21 06:48:08,757 - INFO - [bot-1787212338599-8597] Starting signal check cycle for BTC/USDT (5m)...
2026-08-21 06:48:08,815 - INFO - Fetching recent candles for BTC/USDT (5m) [Bot: bot-1787212338599-8597] via ProviderManager...
2026-08-21 06:48:09,567 - INFO - Indicators computed | close=74487.68 ema_9=73921.23 ema_20=73652.94 ema_50=73261.64 ema_200=72204.74 macd=290.2910 poc=64325.0 val=63575.0 vah=71350.0
2026-08-21 06:48:09,569 - INFO - [bot-1787212338599-8597] Evaluating strategy on completed candle: 2026-08-21 01:10:00+00:00 at Close price: 73990.50
2026-08-21 06:48:09,676 - INFO - Confluence Evaluation | Regime: TRENDING (ADX=59.3) | Direction: LONG | BullScore: 100.0% | BearScore: 0.0% | Active: ['ema_9', 'ema_20', 'rsi', 'vwap', 'supertrend', 'atr']
2026-08-21 06:48:09,779 - INFO - Capping position size 0.420301 BTC to available cash equivalent 0.135152 BTC.
2026-08-21 06:48:09,847 - INFO - [bot-1787212338599-8597] Signal LONG active pending approval already exists (ID: 103).
2026-08-21 06:48:10,044 - INFO - Logged heartbeat status: OK
2026-08-21 06:48:10,044 - INFO - Job "LiveRunner.process_cycle (trigger: interval[0:05:00], next run at: 2026-08-21 06:53:08 IST)" executed successfully
2026-08-21 06:53:08,588 - INFO - Running job "LiveRunner.process_cycle (trigger: interval[0:05:00], next run at: 2026-08-21 06:58:08 IST)" (scheduled at 2026-08-21 06:53:08.561701+05:30)
2026-08-21 06:53:08,605 - INFO - [bot-1787212338599-8597] Starting signal check cycle for BTC/USDT (5m)...
2026-08-21 06:53:08,627 - INFO - Fetching recent candles for BTC/USDT (5m) [Bot: bot-1787212338599-8597] via ProviderManager...
2026-08-21 06:53:09,035 - INFO - Indicators computed | close=74319.32 ema_9=74028.40 ema_20=73731.24 ema_50=73309.61 ema_200=72227.48 macd=317.9693 poc=64325.0 val=63575.0 vah=71425.0
2026-08-21 06:53:09,036 - INFO - [bot-1787212338599-8597] Evaluating strategy on completed candle: 2026-08-21 01:15:00+00:00 at Close price: 74659.92
2026-08-21 06:53:09,101 - INFO - Confluence Evaluation | Regime: TRENDING (ADX=60.9) | Direction: LONG | BullScore: 100.0% | BearScore: 0.0% | Active: ['ema_9', 'ema_20', 'rsi', 'vwap', 'supertrend', 'atr']
2026-08-21 06:53:09,194 - INFO - Capping position size 0.174631 BTC to available cash equivalent 0.133941 BTC.
2026-08-21 06:53:09,311 - INFO - Created pending signal approval ID 133 for bot bot-1787212338599-8597 (LONG @ $74659.92, status: WAITING_APPROVAL)
2026-08-21 06:53:09,398 - INFO - [bot-1787212338599-8597] Signal LONG generated (ID: 133). Waiting for manual user approval.
2026-08-21 06:53:09,556 - INFO - Logged heartbeat status: OK
2026-08-21 06:53:09,556 - INFO - Job "LiveRunner.process_cycle (trigger: interval[0:05:00], next run at: 2026-08-21 06:58:08 IST)" executed successfully
2026-08-21 06:58:08,590 - INFO - Running job "LiveRunner.process_cycle (trigger: interval[0:05:00], next run at: 2026-08-21 07:03:08 IST)" (scheduled at 2026-08-21 06:58:08.561701+05:30)
2026-08-21 06:58:08,632 - INFO - [bot-1787212338599-8597] Starting signal check cycle for BTC/USDT (5m)...
2026-08-21 06:58:08,666 - INFO - Fetching recent candles for BTC/USDT (5m) [Bot: bot-1787212338599-8597] via ProviderManager...
2026-08-21 06:58:09,071 - INFO - Indicators computed | close=74707.84 ema_9=74193.45 ema_20=73839.96 ema_50=73371.31 ema_200=72253.95 macd=367.4852 poc=64325.0 val=63575.0 vah=71450.0
2026-08-21 06:58:09,072 - INFO - [bot-1787212338599-8597] Evaluating strategy on completed candle: 2026-08-21 01:20:00+00:00 at Close price: 74501.59
2026-08-21 06:58:09,125 - INFO - Confluence Evaluation | Regime: TRENDING (ADX=62.1) | Direction: HOLD | BullScore: 55.9% | BearScore: 44.1% | Active: ['ema_9', 'ema_20', 'rsi', 'vwap', 'supertrend', 'atr']
2026-08-21 06:58:09,220 - INFO - Signal evaluated: HOLD. Reason/Details: Confluence score: 56% (HOLD)
2026-08-21 06:58:09,417 - INFO - Logged heartbeat status: OK
2026-08-21 06:58:09,417 - INFO - Job "LiveRunner.process_cycle (trigger: interval[0:05:00], next run at: 2026-08-21 07:03:08 IST)" executed successfully
2026-08-21 07:03:08,577 - INFO - Running job "LiveRunner.process_cycle (trigger: interval[0:05:00], next run at: 2026-08-21 07:08:08 IST)" (scheduled at 2026-08-21 07:03:08.561701+05:30)
2026-08-21 07:03:08,612 - INFO - [bot-1787212338599-8597] Starting signal check cycle for BTC/USDT (5m)...
2026-08-21 07:03:08,634 - INFO - Fetching recent candles for BTC/USDT (5m) [Bot: bot-1787212338599-8597] via ProviderManager...
2026-08-21 07:03:08,990 - INFO - Indicators computed | close=74956.01 ema_9=74348.99 ema_20=73947.88 ema_50=73434.16 ema_200=72281.03 macd=411.6630 poc=64325.0 val=63575.0 vah=71475.0
2026-08-21 07:03:08,991 - INFO - [bot-1787212338599-8597] Evaluating strategy on completed candle: 2026-08-21 01:25:00+00:00 at Close price: 74726.77
2026-08-21 07:03:09,052 - INFO - Confluence Evaluation | Regime: TRENDING (ADX=62.4) | Direction: LONG | BullScore: 100.0% | BearScore: 0.0% | Active: ['ema_9', 'ema_20', 'rsi', 'vwap', 'supertrend', 'atr']
2026-08-21 07:03:09,192 - INFO - Capping position size 0.201495 BTC to available cash equivalent 0.133821 BTC.
2026-08-21 07:03:09,245 - INFO - [bot-1787212338599-8597] Signal LONG active pending approval already exists (ID: 133).
2026-08-21 07:03:09,439 - INFO - Logged heartbeat status: OK
2026-08-21 07:03:09,439 - INFO - Job "LiveRunner.process_cycle (trigger: interval[0:05:00], next run at: 2026-08-21 07:08:08 IST)" executed successfully
/Users/ashishparadkar/Downloads/algo-code-main/.venv/lib/python3.9/site-packages/urllib3/__init__.py:35: NotOpenSSLWarning: urllib3 v2 only supports OpenSSL 1.1.1+, currently the 'ssl' module is compiled with 'LibreSSL 2.8.3'. See: https://github.com/urllib3/urllib3/issues/3020
  warnings.warn(
2026-08-21 12:13:53,294 - INFO - Bot state startup reconciliation finished: 0 bot(s) reconciled to STOPPED.
2026-08-21 12:13:53,999 - INFO - Telegram notification service initialized successfully (Chat ID: 5657...)
2026-08-21 12:13:54,353 - INFO - Initializing scheduled trading bot live runner for bot-1787212338599-8597...
2026-08-21 12:13:54,943 - INFO - SQLite database tables verified/created.
2026-08-21 12:13:56,077 - INFO - Initializing CCXT Binance in TESTNET mode.
2026-08-21 12:14:23,959 - INFO - [bot-1787212338599-8597] Pre-flight instrument resolved: BTC/USDT (SPOT via binance_spot)
2026-08-21 12:14:24,020 - INFO - [bot-1787212338599-8597] Starting signal check cycle for BTC/USDT (5m)...
2026-08-21 12:14:24,031 - INFO - Fetching recent candles for BTC/USDT (5m) [Bot: bot-1787212338599-8597] via ProviderManager...
2026-08-21 12:15:43,771 - INFO - Indicators computed | close=75348.69 ema_9=75418.56 ema_20=75325.30 ema_50=75012.08 ema_200=73557.83 macd=130.7694 poc=64275.0 val=64025.0 vah=71850.0
2026-08-21 12:15:43,788 - INFO - [bot-1787212338599-8597] Evaluating strategy on completed candle: 2026-08-21 06:40:00+00:00 at Close price: 75394.97
2026-08-21 12:15:44,316 - INFO - Confluence Evaluation | Regime: TRENDING (ADX=26.8) | Direction: HOLD | BullScore: 55.9% | BearScore: 44.1% | Active: ['ema_9', 'ema_20', 'rsi', 'vwap', 'supertrend', 'atr']
2026-08-21 12:15:44,512 - INFO - Signal evaluated: HOLD. Reason/Details: Confluence score: 56% (HOLD)
2026-08-21 12:15:45,036 - INFO - Logged heartbeat status: OK
2026-08-21 12:15:45,356 - INFO - Adding job tentatively -- it will be properly scheduled when the scheduler starts
2026-08-21 12:15:45,358 - INFO - Bot bot-1787212338599-8597 scheduled to check every 5 minutes.
2026-08-21 12:15:45,368 - INFO - Added job "LiveRunner.process_cycle" to job store "default"
2026-08-21 12:15:45,368 - INFO - Scheduler started
2026-08-21 12:20:45,616 - INFO - Running job "LiveRunner.process_cycle (trigger: interval[0:05:00], next run at: 2026-08-21 12:20:45 IST)" (scheduled at 2026-08-21 12:20:45.355541+05:30)
2026-08-21 12:20:45,721 - INFO - [bot-1787212338599-8597] Starting signal check cycle for BTC/USDT (5m)...
2026-08-21 12:20:45,796 - INFO - Fetching recent candles for BTC/USDT (5m) [Bot: bot-1787212338599-8597] via ProviderManager...
2026-08-21 12:20:46,873 - INFO - Indicators computed | close=75492.00 ema_9=75460.06 ema_20=75355.62 ema_50=75037.22 ema_200=73578.73 macd=138.9760 poc=64275.0 val=64025.0 vah=71850.0
2026-08-21 12:20:46,875 - INFO - [bot-1787212338599-8597] Evaluating strategy on completed candle: 2026-08-21 06:45:00+00:00 at Close price: 75516.28
2026-08-21 12:20:46,978 - INFO - Confluence Evaluation | Regime: TRENDING (ADX=25.9) | Direction: LONG | BullScore: 100.0% | BearScore: 0.0% | Active: ['ema_9', 'ema_20', 'rsi', 'vwap', 'supertrend', 'atr']
2026-08-21 12:20:47,079 - INFO - Capping position size 0.508569 BTC to available cash equivalent 0.132422 BTC.
2026-08-21 12:20:47,150 - INFO - Created pending signal approval ID 155 for bot bot-1787212338599-8597 (LONG @ $75516.28, status: WAITING_APPROVAL)
2026-08-21 12:20:47,230 - INFO - [bot-1787212338599-8597] Signal LONG generated (ID: 155). Waiting for manual user approval.
2026-08-21 12:20:47,435 - INFO - Logged heartbeat status: OK
2026-08-21 12:20:47,436 - INFO - Job "LiveRunner.process_cycle (trigger: interval[0:05:00], next run at: 2026-08-21 12:25:45 IST)" executed successfully
2026-08-21 12:25:45,372 - INFO - Running job "LiveRunner.process_cycle (trigger: interval[0:05:00], next run at: 2026-08-21 12:30:45 IST)" (scheduled at 2026-08-21 12:25:45.355541+05:30)
2026-08-21 12:25:45,394 - INFO - [bot-1787212338599-8597] Starting signal check cycle for BTC/USDT (5m)...
2026-08-21 12:25:45,458 - INFO - Fetching recent candles for BTC/USDT (5m) [Bot: bot-1787212338599-8597] via ProviderManager...
2026-08-21 12:25:46,751 - INFO - Indicators computed | close=75578.21 ema_9=75492.01 ema_20=75381.30 ema_50=75060.39 ema_200=73599.14 macd=143.4275 poc=64275.0 val=64025.0 vah=71875.0
2026-08-21 12:25:46,752 - INFO - [bot-1787212338599-8597] Evaluating strategy on completed candle: 2026-08-21 06:50:00+00:00 at Close price: 75544.00
2026-08-21 12:25:46,839 - INFO - Confluence Evaluation | Regime: TRENDING (ADX=25.1) | Direction: LONG | BullScore: 100.0% | BearScore: 0.0% | Active: ['ema_9', 'ema_20', 'rsi', 'vwap', 'supertrend', 'atr']
2026-08-21 12:25:46,956 - INFO - Capping position size 0.626370 BTC to available cash equivalent 0.132373 BTC.
2026-08-21 12:25:46,965 - INFO - [bot-1787212338599-8597] Signal LONG active pending approval already exists (ID: 155).
2026-08-21 12:25:47,162 - INFO - Logged heartbeat status: OK
2026-08-21 12:25:47,163 - INFO - Job "LiveRunner.process_cycle (trigger: interval[0:05:00], next run at: 2026-08-21 12:30:45 IST)" executed successfully
2026-08-21 12:30:45,368 - INFO - Running job "LiveRunner.process_cycle (trigger: interval[0:05:00], next run at: 2026-08-21 12:35:45 IST)" (scheduled at 2026-08-21 12:30:45.355541+05:30)
2026-08-21 12:30:45,395 - INFO - [bot-1787212338599-8597] Starting signal check cycle for BTC/USDT (5m)...
2026-08-21 12:30:45,454 - INFO - Fetching recent candles for BTC/USDT (5m) [Bot: bot-1787212338599-8597] via ProviderManager...
2026-08-21 12:30:46,093 - INFO - Indicators computed | close=75685.77 ema_9=75541.64 ema_20=75416.15 ema_50=75087.48 ema_200=73620.57 macd=154.7990 poc=64275.0 val=64025.0 vah=71875.0
2026-08-21 12:30:46,102 - INFO - [bot-1787212338599-8597] Evaluating strategy on completed candle: 2026-08-21 06:55:00+00:00 at Close price: 75646.21
2026-08-21 12:30:46,163 - INFO - Confluence Evaluation | Regime: RANGING (ADX=24.8) | Direction: LONG | BullScore: 100.0% | BearScore: 0.0% | Active: ['ema_9', 'ema_20', 'rsi', 'vwap', 'supertrend', 'atr']
2026-08-21 12:30:46,364 - INFO - Capping position size 0.474485 BTC to available cash equivalent 0.132194 BTC.
2026-08-21 12:30:46,410 - INFO - [bot-1787212338599-8597] Signal LONG active pending approval already exists (ID: 155).
2026-08-21 12:30:46,647 - INFO - Logged heartbeat status: OK
2026-08-21 12:30:46,648 - INFO - Job "LiveRunner.process_cycle (trigger: interval[0:05:00], next run at: 2026-08-21 12:35:45 IST)" executed successfully
2026-08-21 12:35:45,393 - INFO - Running job "LiveRunner.process_cycle (trigger: interval[0:05:00], next run at: 2026-08-21 12:40:45 IST)" (scheduled at 2026-08-21 12:35:45.355541+05:30)
2026-08-21 12:35:45,404 - INFO - [bot-1787212338599-8597] Starting signal check cycle for BTC/USDT (5m)...
2026-08-21 12:35:45,453 - INFO - Fetching recent candles for BTC/USDT (5m) [Bot: bot-1787212338599-8597] via ProviderManager...
2026-08-21 12:35:45,873 - INFO - Indicators computed | close=75728.01 ema_9=75586.57 ema_20=75449.98 ema_50=75114.40 ema_200=73642.01 macd=164.0104 poc=64275.0 val=64025.0 vah=71875.0
2026-08-21 12:35:45,874 - INFO - [bot-1787212338599-8597] Evaluating strategy on completed candle: 2026-08-21 07:00:00+00:00 at Close price: 75733.61
2026-08-21 12:35:45,979 - INFO - Confluence Evaluation | Regime: RANGING (ADX=23.7) | Direction: LONG | BullScore: 100.0% | BearScore: 0.0% | Active: ['ema_9', 'ema_20', 'rsi', 'vwap', 'supertrend', 'atr']
2026-08-21 12:35:46,079 - INFO - Capping position size 0.392997 BTC to available cash equivalent 0.132042 BTC.
2026-08-21 12:35:46,135 - INFO - [bot-1787212338599-8597] Signal LONG active pending approval already exists (ID: 155).
2026-08-21 12:35:46,335 - INFO - Logged heartbeat status: OK
2026-08-21 12:35:46,335 - INFO - Job "LiveRunner.process_cycle (trigger: interval[0:05:00], next run at: 2026-08-21 12:40:45 IST)" executed successfully
2026-08-21 12:40:45,363 - INFO - Running job "LiveRunner.process_cycle (trigger: interval[0:05:00], next run at: 2026-08-21 12:45:45 IST)" (scheduled at 2026-08-21 12:40:45.355541+05:30)
2026-08-21 12:40:45,368 - INFO - [bot-1787212338599-8597] Starting signal check cycle for BTC/USDT (5m)...
2026-08-21 12:40:45,418 - INFO - Fetching recent candles for BTC/USDT (5m) [Bot: bot-1787212338599-8597] via ProviderManager...
2026-08-21 12:40:45,938 - INFO - Indicators computed | close=75872.69 ema_9=75666.24 ema_20=75502.32 ema_50=75149.42 ema_200=73665.59 macd=186.5489 poc=64275.0 val=64025.0 vah=71875.0
2026-08-21 12:40:45,940 - INFO - [bot-1787212338599-8597] Evaluating strategy on completed candle: 2026-08-21 07:05:00+00:00 at Close price: 75868.28
2026-08-21 12:40:46,014 - INFO - Confluence Evaluation | Regime: RANGING (ADX=22.5) | Direction: LONG | BullScore: 100.0% | BearScore: 0.0% | Active: ['ema_9', 'ema_20', 'rsi', 'vwap', 'supertrend', 'atr']
2026-08-21 12:40:46,114 - INFO - Capping position size 0.310762 BTC to available cash equivalent 0.131807 BTC.
2026-08-21 12:40:46,164 - INFO - [bot-1787212338599-8597] Signal LONG active pending approval already exists (ID: 155).
2026-08-21 12:40:46,386 - INFO - Logged heartbeat status: OK
2026-08-21 12:40:46,387 - INFO - Job "LiveRunner.process_cycle (trigger: interval[0:05:00], next run at: 2026-08-21 12:45:45 IST)" executed successfully
2026-08-21 12:45:45,369 - INFO - Running job "LiveRunner.process_cycle (trigger: interval[0:05:00], next run at: 2026-08-21 12:50:45 IST)" (scheduled at 2026-08-21 12:45:45.355541+05:30)
2026-08-21 12:45:45,377 - INFO - [bot-1787212338599-8597] Starting signal check cycle for BTC/USDT (5m)...
2026-08-21 12:45:45,421 - INFO - Fetching recent candles for BTC/USDT (5m) [Bot: bot-1787212338599-8597] via ProviderManager...
2026-08-21 12:45:46,059 - INFO - Indicators computed | close=76358.16 ema_9=75820.19 ema_20=75592.21 ema_50=75200.49 ema_200=73693.34 macd=238.0343 poc=64275.0 val=64025.0 vah=71875.0
2026-08-21 12:45:46,060 - INFO - [bot-1787212338599-8597] Evaluating strategy on completed candle: 2026-08-21 07:10:00+00:00 at Close price: 75969.99
2026-08-21 12:45:46,123 - INFO - Confluence Evaluation | Regime: RANGING (ADX=21.9) | Direction: LONG | BullScore: 100.0% | BearScore: 0.0% | Active: ['ema_9', 'ema_20', 'rsi', 'vwap', 'supertrend', 'atr']
2026-08-21 12:45:46,214 - INFO - Capping position size 0.320287 BTC to available cash equivalent 0.131631 BTC.
2026-08-21 12:45:46,271 - INFO - [bot-1787212338599-8597] Signal LONG active pending approval already exists (ID: 155).
2026-08-21 12:45:46,439 - INFO - Logged heartbeat status: OK
2026-08-21 12:45:46,439 - INFO - Job "LiveRunner.process_cycle (trigger: interval[0:05:00], next run at: 2026-08-21 12:50:45 IST)" executed successfully
2026-08-21 12:50:45,412 - INFO - Running job "LiveRunner.process_cycle (trigger: interval[0:05:00], next run at: 2026-08-21 12:55:45 IST)" (scheduled at 2026-08-21 12:50:45.355541+05:30)
2026-08-21 12:50:45,425 - INFO - [bot-1787212338599-8597] Starting signal check cycle for BTC/USDT (5m)...
2026-08-21 12:50:45,476 - INFO - Fetching recent candles for BTC/USDT (5m) [Bot: bot-1787212338599-8597] via ProviderManager...
2026-08-21 12:50:45,941 - INFO - Indicators computed | close=76410.82 ema_9=75958.53 ema_20=75681.06 ema_50=75252.71 ema_200=73721.62 macd=281.5589 poc=64275.0 val=64025.0 vah=71900.0
2026-08-21 12:50:45,943 - INFO - [bot-1787212338599-8597] Evaluating strategy on completed candle: 2026-08-21 07:15:00+00:00 at Close price: 76484.48
2026-08-21 12:50:46,010 - INFO - Confluence Evaluation | Regime: RANGING (ADX=23.2) | Direction: LONG | BullScore: 100.0% | BearScore: 0.0% | Active: ['ema_9', 'ema_20', 'rsi', 'vwap', 'supertrend', 'atr']
2026-08-21 12:50:46,104 - INFO - Capping position size 0.195309 BTC to available cash equivalent 0.130745 BTC.
2026-08-21 12:50:46,120 - INFO - [bot-1787212338599-8597] Signal LONG active pending approval already exists (ID: 155).
2026-08-21 12:50:46,323 - INFO - Logged heartbeat status: OK
2026-08-21 12:50:46,323 - INFO - Job "LiveRunner.process_cycle (trigger: interval[0:05:00], next run at: 2026-08-21 12:55:45 IST)" executed successfully
2026-08-21 12:55:45,373 - INFO - Running job "LiveRunner.process_cycle (trigger: interval[0:05:00], next run at: 2026-08-21 13:00:45 IST)" (scheduled at 2026-08-21 12:55:45.355541+05:30)
2026-08-21 12:55:45,383 - INFO - [bot-1787212338599-8597] Starting signal check cycle for BTC/USDT (5m)...
2026-08-21 12:55:45,425 - INFO - Fetching recent candles for BTC/USDT (5m) [Bot: bot-1787212338599-8597] via ProviderManager...
2026-08-21 12:55:45,865 - INFO - Indicators computed | close=76361.78 ema_9=76014.06 ema_20=75732.37 ema_50=75290.29 ema_200=73746.35 macd=290.9753 poc=64275.0 val=64025.0 vah=71900.0
2026-08-21 12:55:45,867 - INFO - [bot-1787212338599-8597] Evaluating strategy on completed candle: 2026-08-21 07:20:00+00:00 at Close price: 76253.84
2026-08-21 12:55:45,929 - INFO - Confluence Evaluation | Regime: TRENDING (ADX=25.2) | Direction: HOLD | BullScore: 55.9% | BearScore: 44.1% | Active: ['ema_9', 'ema_20', 'rsi', 'vwap', 'supertrend', 'atr']
2026-08-21 12:55:46,022 - INFO - Signal evaluated: HOLD. Reason/Details: Confluence score: 56% (HOLD)
2026-08-21 12:55:46,242 - INFO - Logged heartbeat status: OK
2026-08-21 12:55:46,243 - INFO - Job "LiveRunner.process_cycle (trigger: interval[0:05:00], next run at: 2026-08-21 13:00:45 IST)" executed successfully
2026-08-21 13:00:45,381 - INFO - Running job "LiveRunner.process_cycle (trigger: interval[0:05:00], next run at: 2026-08-21 13:05:45 IST)" (scheduled at 2026-08-21 13:00:45.355541+05:30)
2026-08-21 13:00:45,403 - INFO - [bot-1787212338599-8597] Starting signal check cycle for BTC/USDT (5m)...
2026-08-21 13:00:45,422 - INFO - Fetching recent candles for BTC/USDT (5m) [Bot: bot-1787212338599-8597] via ProviderManager...
2026-08-21 13:00:46,045 - INFO - Indicators computed | close=76460.58 ema_9=76111.14 ema_20=75805.91 ema_50=75338.02 ema_200=73773.83 macd=315.7229 poc=64275.0 val=64025.0 vah=71925.0
2026-08-21 13:00:46,062 - INFO - [bot-1787212338599-8597] Evaluating strategy on completed candle: 2026-08-21 07:25:00+00:00 at Close price: 76410.38
2026-08-21 13:00:46,166 - INFO - Confluence Evaluation | Regime: TRENDING (ADX=27.7) | Direction: LONG | BullScore: 100.0% | BearScore: 0.0% | Active: ['ema_9', 'ema_20', 'rsi', 'vwap', 'supertrend', 'atr']
2026-08-21 13:00:46,281 - INFO - Capping position size 0.240376 BTC to available cash equivalent 0.130872 BTC.
2026-08-21 13:00:46,332 - INFO - Created pending signal approval ID 182 for bot bot-1787212338599-8597 (LONG @ $76410.38, status: WAITING_APPROVAL)
2026-08-21 13:00:46,386 - INFO - [bot-1787212338599-8597] Signal LONG generated (ID: 182). Waiting for manual user approval.
2026-08-21 13:00:46,601 - INFO - Logged heartbeat status: OK
2026-08-21 13:00:46,602 - INFO - Job "LiveRunner.process_cycle (trigger: interval[0:05:00], next run at: 2026-08-21 13:05:45 IST)" executed successfully
2026-08-21 13:05:45,418 - INFO - Running job "LiveRunner.process_cycle (trigger: interval[0:05:00], next run at: 2026-08-21 13:10:45 IST)" (scheduled at 2026-08-21 13:05:45.355541+05:30)
2026-08-21 13:05:45,453 - INFO - [bot-1787212338599-8597] Starting signal check cycle for BTC/USDT (5m)...
2026-08-21 13:05:45,510 - INFO - Fetching recent candles for BTC/USDT (5m) [Bot: bot-1787212338599-8597] via ProviderManager...
2026-08-21 13:05:46,093 - INFO - Indicators computed | close=76375.11 ema_9=76151.78 ema_20=75853.57 ema_50=75375.83 ema_200=73798.97 macd=316.9793 poc=64325.0 val=64025.0 vah=71925.0
2026-08-21 13:05:46,094 - INFO - [bot-1787212338599-8597] Evaluating strategy on completed candle: 2026-08-21 07:30:00+00:00 at Close price: 76384.61
2026-08-21 13:05:46,160 - INFO - Confluence Evaluation | Regime: TRENDING (ADX=33.2) | Direction: HOLD | BullScore: 55.9% | BearScore: 44.1% | Active: ['ema_9', 'ema_20', 'rsi', 'vwap', 'supertrend', 'atr']
2026-08-21 13:05:46,250 - INFO - Signal evaluated: HOLD. Reason/Details: Confluence score: 56% (HOLD)
2026-08-21 13:05:46,384 - INFO - Logged heartbeat status: OK
2026-08-21 13:05:46,385 - INFO - Job "LiveRunner.process_cycle (trigger: interval[0:05:00], next run at: 2026-08-21 13:10:45 IST)" executed successfully
2026-08-21 13:10:45,377 - INFO - Running job "LiveRunner.process_cycle (trigger: interval[0:05:00], next run at: 2026-08-21 13:15:45 IST)" (scheduled at 2026-08-21 13:10:45.355541+05:30)
2026-08-21 13:10:45,394 - INFO - [bot-1787212338599-8597] Starting signal check cycle for BTC/USDT (5m)...
2026-08-21 13:10:45,444 - INFO - Fetching recent candles for BTC/USDT (5m) [Bot: bot-1787212338599-8597] via ProviderManager...
2026-08-21 13:10:45,963 - INFO - Indicators computed | close=76552.35 ema_9=76255.64 ema_20=75932.91 ema_50=75427.56 ema_200=73827.83 macd=342.3796 poc=64325.0 val=64025.0 vah=71925.0
2026-08-21 13:10:45,964 - INFO - [bot-1787212338599-8597] Evaluating strategy on completed candle: 2026-08-21 07:35:00+00:00 at Close price: 76523.53
2026-08-21 13:10:46,031 - INFO - Confluence Evaluation | Regime: TRENDING (ADX=38.7) | Direction: LONG | BullScore: 100.0% | BearScore: 0.0% | Active: ['ema_9', 'ema_20', 'rsi', 'vwap', 'supertrend', 'atr']
2026-08-21 13:10:46,118 - INFO - Capping position size 0.299549 BTC to available cash equivalent 0.130679 BTC.
2026-08-21 13:10:46,126 - INFO - [bot-1787212338599-8597] Signal LONG active pending approval already exists (ID: 182).
2026-08-21 13:10:46,350 - INFO - Logged heartbeat status: OK
2026-08-21 13:10:46,351 - INFO - Job "LiveRunner.process_cycle (trigger: interval[0:05:00], next run at: 2026-08-21 13:15:45 IST)" executed successfully
2026-08-21 13:15:45,368 - INFO - Running job "LiveRunner.process_cycle (trigger: interval[0:05:00], next run at: 2026-08-21 13:20:45 IST)" (scheduled at 2026-08-21 13:15:45.355541+05:30)
2026-08-21 13:15:45,375 - INFO - [bot-1787212338599-8597] Starting signal check cycle for BTC/USDT (5m)...
2026-08-21 13:15:45,421 - INFO - Fetching recent candles for BTC/USDT (5m) [Bot: bot-1787212338599-8597] via ProviderManager...
2026-08-21 13:15:45,829 - INFO - Indicators computed | close=76542.00 ema_9=76319.88 ema_20=75994.67 ema_50=75472.90 ema_200=73855.26 macd=350.9581 poc=64325.0 val=64025.0 vah=71950.0
2026-08-21 13:15:45,830 - INFO - [bot-1787212338599-8597] Evaluating strategy on completed candle: 2026-08-21 07:40:00+00:00 at Close price: 76595.89
2026-08-21 13:15:45,887 - INFO - Confluence Evaluation | Regime: TRENDING (ADX=43.7) | Direction: LONG | BullScore: 100.0% | BearScore: 0.0% | Active: ['ema_9', 'ema_20', 'rsi', 'vwap', 'supertrend', 'atr']
2026-08-21 13:15:45,985 - INFO - Capping position size 0.477932 BTC to available cash equivalent 0.130555 BTC.
2026-08-21 13:15:45,993 - INFO - [bot-1787212338599-8597] Signal LONG active pending approval already exists (ID: 182).
2026-08-21 13:15:46,188 - INFO - Logged heartbeat status: OK
2026-08-21 13:15:46,188 - INFO - Job "LiveRunner.process_cycle (trigger: interval[0:05:00], next run at: 2026-08-21 13:20:45 IST)" executed successfully
2026-08-21 13:20:45,412 - INFO - Running job "LiveRunner.process_cycle (trigger: interval[0:05:00], next run at: 2026-08-21 13:25:45 IST)" (scheduled at 2026-08-21 13:20:45.355541+05:30)
2026-08-21 13:20:45,426 - INFO - [bot-1787212338599-8597] Starting signal check cycle for BTC/USDT (5m)...
2026-08-21 13:20:45,475 - INFO - Fetching recent candles for BTC/USDT (5m) [Bot: bot-1787212338599-8597] via ProviderManager...
2026-08-21 13:20:55,524 - ERROR - Binance Spot Network Error: binance GET https://api.binance.com/api/v3/klines?interval=5m&limit=1000&symbol=BTCUSDT
--- Logging error ---
Traceback (most recent call last):
  File "/Users/ashishparadkar/Downloads/algo-code-main/.venv/lib/python3.9/site-packages/urllib3/connectionpool.py", line 534, in _make_request
    response = conn.getresponse()
  File "/Users/ashishparadkar/Downloads/algo-code-main/.venv/lib/python3.9/site-packages/urllib3/connection.py", line 571, in getresponse
    httplib_response = super().getresponse()
  File "/Library/Developer/CommandLineTools/Library/Frameworks/Python3.framework/Versions/3.9/lib/python3.9/http/client.py", line 1349, in getresponse
    response.begin()
  File "/Library/Developer/CommandLineTools/Library/Frameworks/Python3.framework/Versions/3.9/lib/python3.9/http/client.py", line 316, in begin
    version, status, reason = self._read_status()
  File "/Library/Developer/CommandLineTools/Library/Frameworks/Python3.framework/Versions/3.9/lib/python3.9/http/client.py", line 277, in _read_status
    line = str(self.fp.readline(_MAXLINE + 1), "iso-8859-1")
  File "/Library/Developer/CommandLineTools/Library/Frameworks/Python3.framework/Versions/3.9/lib/python3.9/socket.py", line 704, in readinto
    return self._sock.recv_into(b)
  File "/Library/Developer/CommandLineTools/Library/Frameworks/Python3.framework/Versions/3.9/lib/python3.9/ssl.py", line 1241, in recv_into
    return self.read(nbytes, buffer)
  File "/Library/Developer/CommandLineTools/Library/Frameworks/Python3.framework/Versions/3.9/lib/python3.9/ssl.py", line 1099, in read
    return self._sslobj.read(len, buffer)
socket.timeout: The read operation timed out

The above exception was the direct cause of the following exception:

Traceback (most recent call last):
  File "/Users/ashishparadkar/Downloads/algo-code-main/.venv/lib/python3.9/site-packages/requests/adapters.py", line 644, in send
    resp = conn.urlopen(
  File "/Users/ashishparadkar/Downloads/algo-code-main/.venv/lib/python3.9/site-packages/urllib3/connectionpool.py", line 841, in urlopen
    retries = retries.increment(
  File "/Users/ashishparadkar/Downloads/algo-code-main/.venv/lib/python3.9/site-packages/urllib3/util/retry.py", line 490, in increment
    raise reraise(type(error), error, _stacktrace)
  File "/Users/ashishparadkar/Downloads/algo-code-main/.venv/lib/python3.9/site-packages/urllib3/util/util.py", line 39, in reraise
    raise value
  File "/Users/ashishparadkar/Downloads/algo-code-main/.venv/lib/python3.9/site-packages/urllib3/connectionpool.py", line 787, in urlopen
    response = self._make_request(
  File "/Users/ashishparadkar/Downloads/algo-code-main/.venv/lib/python3.9/site-packages/urllib3/connectionpool.py", line 536, in _make_request
    self._raise_timeout(err=e, url=url, timeout_value=read_timeout)
  File "/Users/ashishparadkar/Downloads/algo-code-main/.venv/lib/python3.9/site-packages/urllib3/connectionpool.py", line 367, in _raise_timeout
    raise ReadTimeoutError(
urllib3.exceptions.ReadTimeoutError: HTTPSConnectionPool(host='api.binance.com', port=443): Read timed out. (read timeout=10.0)

During handling of the above exception, another exception occurred:

Traceback (most recent call last):
  File "/Users/ashishparadkar/Downloads/algo-code-main/.venv/lib/python3.9/site-packages/ccxt/base/exchange.py", line 665, in fetch
    response = self.session.request(
  File "/Users/ashishparadkar/Downloads/algo-code-main/.venv/lib/python3.9/site-packages/requests/sessions.py", line 589, in request
    resp = self.send(prep, **send_kwargs)
  File "/Users/ashishparadkar/Downloads/algo-code-main/.venv/lib/python3.9/site-packages/requests/sessions.py", line 703, in send
    r = adapter.send(request, **kwargs)
  File "/Users/ashishparadkar/Downloads/algo-code-main/.venv/lib/python3.9/site-packages/requests/adapters.py", line 690, in send
    raise ReadTimeout(e, request=request)
requests.exceptions.ReadTimeout: HTTPSConnectionPool(host='api.binance.com', port=443): Read timed out. (read timeout=10.0)

The above exception was the direct cause of the following exception:

Traceback (most recent call last):
  File "/Users/ashishparadkar/Downloads/algo-code-main/src/provider_manager.py", line 351, in fetch_ohlcv_safe
    df = adapter.fetch_ohlcv(instrument, timeframe, limit=limit)
  File "/Users/ashishparadkar/Downloads/algo-code-main/src/provider_manager.py", line 211, in fetch_ohlcv
    raise net_err
  File "/Users/ashishparadkar/Downloads/algo-code-main/src/provider_manager.py", line 183, in fetch_ohlcv
    raw_candles = self.exchange.fetch_ohlcv(
  File "/Users/ashishparadkar/Downloads/algo-code-main/.venv/lib/python3.9/site-packages/ccxt/binance.py", line 4759, in fetch_ohlcv
    response = self.publicGetKlines(self.extend(request, params))
  File "/Users/ashishparadkar/Downloads/algo-code-main/.venv/lib/python3.9/site-packages/ccxt/base/types.py", line 35, in unbound_method
    return _self.request(self.path, self.api, self.method, params, config=self.config)
  File "/Users/ashishparadkar/Downloads/algo-code-main/.venv/lib/python3.9/site-packages/ccxt/binance.py", line 11724, in request
    response = self.fetch2(path, api, method, params, headers, body, config)
  File "/Users/ashishparadkar/Downloads/algo-code-main/.venv/lib/python3.9/site-packages/ccxt/base/exchange.py", line 5566, in fetch2
    raise e
  File "/Users/ashishparadkar/Downloads/algo-code-main/.venv/lib/python3.9/site-packages/ccxt/base/exchange.py", line 5549, in fetch2
    response = self.fetch(request['url'], request['method'], request['headers'], request['body'])
  File "/Users/ashishparadkar/Downloads/algo-code-main/.venv/lib/python3.9/site-packages/ccxt/base/exchange.py", line 698, in fetch
    raise RequestTimeout(details) from e
ccxt.base.errors.RequestTimeout: binance GET https://api.binance.com/api/v3/klines?interval=5m&limit=1000&symbol=BTCUSDT

During handling of the above exception, another exception occurred:

Traceback (most recent call last):
  File "/Library/Developer/CommandLineTools/Library/Frameworks/Python3.framework/Versions/3.9/lib/python3.9/logging/__init__.py", line 1083, in emit
    msg = self.format(record)
  File "/Library/Developer/CommandLineTools/Library/Frameworks/Python3.framework/Versions/3.9/lib/python3.9/logging/__init__.py", line 927, in format
    return fmt.format(record)
  File "/Library/Developer/CommandLineTools/Library/Frameworks/Python3.framework/Versions/3.9/lib/python3.9/logging/__init__.py", line 663, in format
    record.message = record.getMessage()
  File "/Library/Developer/CommandLineTools/Library/Frameworks/Python3.framework/Versions/3.9/lib/python3.9/logging/__init__.py", line 367, in getMessage
    msg = msg % self.args
TypeError: must be real number, not RequestTimeout
Call stack:
  File "/Library/Developer/CommandLineTools/Library/Frameworks/Python3.framework/Versions/3.9/lib/python3.9/threading.py", line 930, in _bootstrap
    self._bootstrap_inner()
  File "/Library/Developer/CommandLineTools/Library/Frameworks/Python3.framework/Versions/3.9/lib/python3.9/threading.py", line 973, in _bootstrap_inner
    self.run()
  File "/Library/Developer/CommandLineTools/Library/Frameworks/Python3.framework/Versions/3.9/lib/python3.9/threading.py", line 910, in run
    self._target(*self._args, **self._kwargs)
  File "/Library/Developer/CommandLineTools/Library/Frameworks/Python3.framework/Versions/3.9/lib/python3.9/concurrent/futures/thread.py", line 77, in _worker
    work_item.run()
  File "/Library/Developer/CommandLineTools/Library/Frameworks/Python3.framework/Versions/3.9/lib/python3.9/concurrent/futures/thread.py", line 52, in run
    result = self.fn(*self.args, **self.kwargs)
  File "/Users/ashishparadkar/Downloads/algo-code-main/.venv/lib/python3.9/site-packages/apscheduler/executors/base.py", line 131, in run_job
    retval = job.func(*job.args, **job.kwargs)
  File "/Users/ashishparadkar/Downloads/algo-code-main/src/live_runner.py", line 199, in process_cycle
    df, _ = self.provider_manager.fetch_ohlcv_safe(self.symbol, self.timeframe, limit=1000)
  File "/Users/ashishparadkar/Downloads/algo-code-main/src/provider_manager.py", line 362, in fetch_ohlcv_safe
    logger.warning(
Message: 'Retryable network failure for %s (Attempt %d/%d). Backing off %.2fs: %s'
Arguments: ('BTC/USDT', 1, 3, RequestTimeout('binance GET https://api.binance.com/api/v3/klines?interval=5m&limit=1000&symbol=BTCUSDT'))
2026-08-21 13:20:57,484 - ERROR - Binance Spot Network Error: binance GET https://api.binance.com/api/v3/klines?interval=5m&limit=1000&symbol=BTCUSDT
--- Logging error ---
Traceback (most recent call last):
  File "/Users/ashishparadkar/Downloads/algo-code-main/.venv/lib/python3.9/site-packages/urllib3/connection.py", line 204, in _new_conn
    sock = connection.create_connection(
  File "/Users/ashishparadkar/Downloads/algo-code-main/.venv/lib/python3.9/site-packages/urllib3/util/connection.py", line 60, in create_connection
    for res in socket.getaddrinfo(host, port, family, socket.SOCK_STREAM):
  File "/Library/Developer/CommandLineTools/Library/Frameworks/Python3.framework/Versions/3.9/lib/python3.9/socket.py", line 953, in getaddrinfo
    for res in _socket.getaddrinfo(host, port, family, type, proto, flags):
socket.gaierror: [Errno 8] nodename nor servname provided, or not known

The above exception was the direct cause of the following exception:

Traceback (most recent call last):
  File "/Users/ashishparadkar/Downloads/algo-code-main/.venv/lib/python3.9/site-packages/urllib3/connectionpool.py", line 787, in urlopen
    response = self._make_request(
  File "/Users/ashishparadkar/Downloads/algo-code-main/.venv/lib/python3.9/site-packages/urllib3/connectionpool.py", line 488, in _make_request
    raise new_e
  File "/Users/ashishparadkar/Downloads/algo-code-main/.venv/lib/python3.9/site-packages/urllib3/connectionpool.py", line 464, in _make_request
    self._validate_conn(conn)
  File "/Users/ashishparadkar/Downloads/algo-code-main/.venv/lib/python3.9/site-packages/urllib3/connectionpool.py", line 1093, in _validate_conn
    conn.connect()
  File "/Users/ashishparadkar/Downloads/algo-code-main/.venv/lib/python3.9/site-packages/urllib3/connection.py", line 759, in connect
    self.sock = sock = self._new_conn()
  File "/Users/ashishparadkar/Downloads/algo-code-main/.venv/lib/python3.9/site-packages/urllib3/connection.py", line 211, in _new_conn
    raise NameResolutionError(self.host, self, e) from e
urllib3.exceptions.NameResolutionError: HTTPSConnection(host='api.binance.com', port=443): Failed to resolve 'api.binance.com' ([Errno 8] nodename nor servname provided, or not known)

The above exception was the direct cause of the following exception:

Traceback (most recent call last):
  File "/Users/ashishparadkar/Downloads/algo-code-main/.venv/lib/python3.9/site-packages/requests/adapters.py", line 644, in send
    resp = conn.urlopen(
  File "/Users/ashishparadkar/Downloads/algo-code-main/.venv/lib/python3.9/site-packages/urllib3/connectionpool.py", line 841, in urlopen
    retries = retries.increment(
  File "/Users/ashishparadkar/Downloads/algo-code-main/.venv/lib/python3.9/site-packages/urllib3/util/retry.py", line 535, in increment
    raise MaxRetryError(_pool, url, reason) from reason  # type: ignore[arg-type]
urllib3.exceptions.MaxRetryError: HTTPSConnectionPool(host='api.binance.com', port=443): Max retries exceeded with url: /api/v3/klines?interval=5m&limit=1000&symbol=BTCUSDT (Caused by NameResolutionError("HTTPSConnection(host='api.binance.com', port=443): Failed to resolve 'api.binance.com' ([Errno 8] nodename nor servname provided, or not known)"))

During handling of the above exception, another exception occurred:

Traceback (most recent call last):
  File "/Users/ashishparadkar/Downloads/algo-code-main/.venv/lib/python3.9/site-packages/ccxt/base/exchange.py", line 665, in fetch
    response = self.session.request(
  File "/Users/ashishparadkar/Downloads/algo-code-main/.venv/lib/python3.9/site-packages/requests/sessions.py", line 589, in request
    resp = self.send(prep, **send_kwargs)
  File "/Users/ashishparadkar/Downloads/algo-code-main/.venv/lib/python3.9/site-packages/requests/sessions.py", line 703, in send
    r = adapter.send(request, **kwargs)
  File "/Users/ashishparadkar/Downloads/algo-code-main/.venv/lib/python3.9/site-packages/requests/adapters.py", line 677, in send
    raise ConnectionError(e, request=request)
requests.exceptions.ConnectionError: HTTPSConnectionPool(host='api.binance.com', port=443): Max retries exceeded with url: /api/v3/klines?interval=5m&limit=1000&symbol=BTCUSDT (Caused by NameResolutionError("HTTPSConnection(host='api.binance.com', port=443): Failed to resolve 'api.binance.com' ([Errno 8] nodename nor servname provided, or not known)"))

The above exception was the direct cause of the following exception:

Traceback (most recent call last):
  File "/Users/ashishparadkar/Downloads/algo-code-main/src/provider_manager.py", line 351, in fetch_ohlcv_safe
    df = adapter.fetch_ohlcv(instrument, timeframe, limit=limit)
  File "/Users/ashishparadkar/Downloads/algo-code-main/src/provider_manager.py", line 211, in fetch_ohlcv
    raise net_err
  File "/Users/ashishparadkar/Downloads/algo-code-main/src/provider_manager.py", line 183, in fetch_ohlcv
    raw_candles = self.exchange.fetch_ohlcv(
  File "/Users/ashishparadkar/Downloads/algo-code-main/.venv/lib/python3.9/site-packages/ccxt/binance.py", line 4759, in fetch_ohlcv
    response = self.publicGetKlines(self.extend(request, params))
  File "/Users/ashishparadkar/Downloads/algo-code-main/.venv/lib/python3.9/site-packages/ccxt/base/types.py", line 35, in unbound_method
    return _self.request(self.path, self.api, self.method, params, config=self.config)
  File "/Users/ashishparadkar/Downloads/algo-code-main/.venv/lib/python3.9/site-packages/ccxt/binance.py", line 11724, in request
    response = self.fetch2(path, api, method, params, headers, body, config)
  File "/Users/ashishparadkar/Downloads/algo-code-main/.venv/lib/python3.9/site-packages/ccxt/base/exchange.py", line 5566, in fetch2
    raise e
  File "/Users/ashishparadkar/Downloads/algo-code-main/.venv/lib/python3.9/site-packages/ccxt/base/exchange.py", line 5549, in fetch2
    response = self.fetch(request['url'], request['method'], request['headers'], request['body'])
  File "/Users/ashishparadkar/Downloads/algo-code-main/.venv/lib/python3.9/site-packages/ccxt/base/exchange.py", line 721, in fetch
    raise NetworkError(details) from e
ccxt.base.errors.NetworkError: binance GET https://api.binance.com/api/v3/klines?interval=5m&limit=1000&symbol=BTCUSDT

During handling of the above exception, another exception occurred:

Traceback (most recent call last):
  File "/Library/Developer/CommandLineTools/Library/Frameworks/Python3.framework/Versions/3.9/lib/python3.9/logging/__init__.py", line 1083, in emit
    msg = self.format(record)
  File "/Library/Developer/CommandLineTools/Library/Frameworks/Python3.framework/Versions/3.9/lib/python3.9/logging/__init__.py", line 927, in format
    return fmt.format(record)
  File "/Library/Developer/CommandLineTools/Library/Frameworks/Python3.framework/Versions/3.9/lib/python3.9/logging/__init__.py", line 663, in format
    record.message = record.getMessage()
  File "/Library/Developer/CommandLineTools/Library/Frameworks/Python3.framework/Versions/3.9/lib/python3.9/logging/__init__.py", line 367, in getMessage
    msg = msg % self.args
TypeError: must be real number, not NetworkError
Call stack:
  File "/Library/Developer/CommandLineTools/Library/Frameworks/Python3.framework/Versions/3.9/lib/python3.9/threading.py", line 930, in _bootstrap
    self._bootstrap_inner()
  File "/Library/Developer/CommandLineTools/Library/Frameworks/Python3.framework/Versions/3.9/lib/python3.9/threading.py", line 973, in _bootstrap_inner
    self.run()
  File "/Library/Developer/CommandLineTools/Library/Frameworks/Python3.framework/Versions/3.9/lib/python3.9/threading.py", line 910, in run
    self._target(*self._args, **self._kwargs)
  File "/Library/Developer/CommandLineTools/Library/Frameworks/Python3.framework/Versions/3.9/lib/python3.9/concurrent/futures/thread.py", line 77, in _worker
    work_item.run()
  File "/Library/Developer/CommandLineTools/Library/Frameworks/Python3.framework/Versions/3.9/lib/python3.9/concurrent/futures/thread.py", line 52, in run
    result = self.fn(*self.args, **self.kwargs)
  File "/Users/ashishparadkar/Downloads/algo-code-main/.venv/lib/python3.9/site-packages/apscheduler/executors/base.py", line 131, in run_job
    retval = job.func(*job.args, **job.kwargs)
  File "/Users/ashishparadkar/Downloads/algo-code-main/src/live_runner.py", line 199, in process_cycle
    df, _ = self.provider_manager.fetch_ohlcv_safe(self.symbol, self.timeframe, limit=1000)
  File "/Users/ashishparadkar/Downloads/algo-code-main/src/provider_manager.py", line 362, in fetch_ohlcv_safe
    logger.warning(
Message: 'Retryable network failure for %s (Attempt %d/%d). Backing off %.2fs: %s'
Arguments: ('BTC/USDT', 2, 3, NetworkError('binance GET https://api.binance.com/api/v3/klines?interval=5m&limit=1000&symbol=BTCUSDT'))
2026-08-21 13:20:59,716 - ERROR - Binance Spot Network Error: binance GET https://api.binance.com/api/v3/klines?interval=5m&limit=1000&symbol=BTCUSDT
2026-08-21 13:20:59,716 - ERROR - System Error in runner execution cycle: binance GET https://api.binance.com/api/v3/klines?interval=5m&limit=1000&symbol=BTCUSDT
Traceback (most recent call last):
  File "/Users/ashishparadkar/Downloads/algo-code-main/.venv/lib/python3.9/site-packages/urllib3/connection.py", line 204, in _new_conn
    sock = connection.create_connection(
  File "/Users/ashishparadkar/Downloads/algo-code-main/.venv/lib/python3.9/site-packages/urllib3/util/connection.py", line 60, in create_connection
    for res in socket.getaddrinfo(host, port, family, socket.SOCK_STREAM):
  File "/Library/Developer/CommandLineTools/Library/Frameworks/Python3.framework/Versions/3.9/lib/python3.9/socket.py", line 953, in getaddrinfo
    for res in _socket.getaddrinfo(host, port, family, type, proto, flags):
socket.gaierror: [Errno 8] nodename nor servname provided, or not known

The above exception was the direct cause of the following exception:

Traceback (most recent call last):
  File "/Users/ashishparadkar/Downloads/algo-code-main/.venv/lib/python3.9/site-packages/urllib3/connectionpool.py", line 787, in urlopen
    response = self._make_request(
  File "/Users/ashishparadkar/Downloads/algo-code-main/.venv/lib/python3.9/site-packages/urllib3/connectionpool.py", line 488, in _make_request
    raise new_e
  File "/Users/ashishparadkar/Downloads/algo-code-main/.venv/lib/python3.9/site-packages/urllib3/connectionpool.py", line 464, in _make_request
    self._validate_conn(conn)
  File "/Users/ashishparadkar/Downloads/algo-code-main/.venv/lib/python3.9/site-packages/urllib3/connectionpool.py", line 1093, in _validate_conn
    conn.connect()
  File "/Users/ashishparadkar/Downloads/algo-code-main/.venv/lib/python3.9/site-packages/urllib3/connection.py", line 759, in connect
    self.sock = sock = self._new_conn()
  File "/Users/ashishparadkar/Downloads/algo-code-main/.venv/lib/python3.9/site-packages/urllib3/connection.py", line 211, in _new_conn
    raise NameResolutionError(self.host, self, e) from e
urllib3.exceptions.NameResolutionError: HTTPSConnection(host='api.binance.com', port=443): Failed to resolve 'api.binance.com' ([Errno 8] nodename nor servname provided, or not known)

The above exception was the direct cause of the following exception:

Traceback (most recent call last):
  File "/Users/ashishparadkar/Downloads/algo-code-main/.venv/lib/python3.9/site-packages/requests/adapters.py", line 644, in send
    resp = conn.urlopen(
  File "/Users/ashishparadkar/Downloads/algo-code-main/.venv/lib/python3.9/site-packages/urllib3/connectionpool.py", line 841, in urlopen
    retries = retries.increment(
  File "/Users/ashishparadkar/Downloads/algo-code-main/.venv/lib/python3.9/site-packages/urllib3/util/retry.py", line 535, in increment
    raise MaxRetryError(_pool, url, reason) from reason  # type: ignore[arg-type]
urllib3.exceptions.MaxRetryError: HTTPSConnectionPool(host='api.binance.com', port=443): Max retries exceeded with url: /api/v3/klines?interval=5m&limit=1000&symbol=BTCUSDT (Caused by NameResolutionError("HTTPSConnection(host='api.binance.com', port=443): Failed to resolve 'api.binance.com' ([Errno 8] nodename nor servname provided, or not known)"))

During handling of the above exception, another exception occurred:

Traceback (most recent call last):
  File "/Users/ashishparadkar/Downloads/algo-code-main/.venv/lib/python3.9/site-packages/ccxt/base/exchange.py", line 665, in fetch
    response = self.session.request(
  File "/Users/ashishparadkar/Downloads/algo-code-main/.venv/lib/python3.9/site-packages/requests/sessions.py", line 589, in request
    resp = self.send(prep, **send_kwargs)
  File "/Users/ashishparadkar/Downloads/algo-code-main/.venv/lib/python3.9/site-packages/requests/sessions.py", line 703, in send
    r = adapter.send(request, **kwargs)
  File "/Users/ashishparadkar/Downloads/algo-code-main/.venv/lib/python3.9/site-packages/requests/adapters.py", line 677, in send
    raise ConnectionError(e, request=request)
requests.exceptions.ConnectionError: HTTPSConnectionPool(host='api.binance.com', port=443): Max retries exceeded with url: /api/v3/klines?interval=5m&limit=1000&symbol=BTCUSDT (Caused by NameResolutionError("HTTPSConnection(host='api.binance.com', port=443): Failed to resolve 'api.binance.com' ([Errno 8] nodename nor servname provided, or not known)"))

The above exception was the direct cause of the following exception:

Traceback (most recent call last):
  File "/Users/ashishparadkar/Downloads/algo-code-main/src/live_runner.py", line 199, in process_cycle
    df, _ = self.provider_manager.fetch_ohlcv_safe(self.symbol, self.timeframe, limit=1000)
  File "/Users/ashishparadkar/Downloads/algo-code-main/src/provider_manager.py", line 359, in fetch_ohlcv_safe
    raise retryable_err
  File "/Users/ashishparadkar/Downloads/algo-code-main/src/provider_manager.py", line 351, in fetch_ohlcv_safe
    df = adapter.fetch_ohlcv(instrument, timeframe, limit=limit)
  File "/Users/ashishparadkar/Downloads/algo-code-main/src/provider_manager.py", line 211, in fetch_ohlcv
    raise net_err
  File "/Users/ashishparadkar/Downloads/algo-code-main/src/provider_manager.py", line 183, in fetch_ohlcv
    raw_candles = self.exchange.fetch_ohlcv(
  File "/Users/ashishparadkar/Downloads/algo-code-main/.venv/lib/python3.9/site-packages/ccxt/binance.py", line 4759, in fetch_ohlcv
    response = self.publicGetKlines(self.extend(request, params))
  File "/Users/ashishparadkar/Downloads/algo-code-main/.venv/lib/python3.9/site-packages/ccxt/base/types.py", line 35, in unbound_method
    return _self.request(self.path, self.api, self.method, params, config=self.config)
  File "/Users/ashishparadkar/Downloads/algo-code-main/.venv/lib/python3.9/site-packages/ccxt/binance.py", line 11724, in request
    response = self.fetch2(path, api, method, params, headers, body, config)
  File "/Users/ashishparadkar/Downloads/algo-code-main/.venv/lib/python3.9/site-packages/ccxt/base/exchange.py", line 5566, in fetch2
    raise e
  File "/Users/ashishparadkar/Downloads/algo-code-main/.venv/lib/python3.9/site-packages/ccxt/base/exchange.py", line 5549, in fetch2
    response = self.fetch(request['url'], request['method'], request['headers'], request['body'])
  File "/Users/ashishparadkar/Downloads/algo-code-main/.venv/lib/python3.9/site-packages/ccxt/base/exchange.py", line 721, in fetch
    raise NetworkError(details) from e
ccxt.base.errors.NetworkError: binance GET https://api.binance.com/api/v3/klines?interval=5m&limit=1000&symbol=BTCUSDT
2026-08-21 13:20:59,789 - WARNING - [bot-1787212338599-8597] Marked bot as non-retryable configuration error to prevent infinite error storm.
2026-08-21 13:20:59,900 - WARNING - Telegram alert [GENERAL] failed (Connection Error: HTTPSConnectionPool(host='api.telegram.org', port=443): Max retries exceeded with url: /bot8865086302:AAHhh3VL9czoQRSnw8Hf9iyDEwGJnqQTtqc/sendMessage (Caused by NameResolutionError("HTTPSConnection(host='api.telegram.org', port=443): Failed to resolve 'api.telegram.org' ([Errno 8] nodename nor servname provided, or not known)"))). Re-queueing retry 1/3 in 1.0s
2026-08-21 13:21:00,077 - INFO - Logged heartbeat status: ERROR
2026-08-21 13:21:00,077 - INFO - Job "LiveRunner.process_cycle (trigger: interval[0:05:00], next run at: 2026-08-21 13:25:45 IST)" executed successfully
2026-08-21 13:21:00,906 - WARNING - Telegram alert [GENERAL] failed (Connection Error: HTTPSConnectionPool(host='api.telegram.org', port=443): Max retries exceeded with url: /bot8865086302:AAHhh3VL9czoQRSnw8Hf9iyDEwGJnqQTtqc/sendMessage (Caused by NameResolutionError("HTTPSConnection(host='api.telegram.org', port=443): Failed to resolve 'api.telegram.org' ([Errno 8] nodename nor servname provided, or not known)"))). Re-queueing retry 2/3 in 2.0s
2026-08-21 13:21:01,927 - WARNING - Telegram alert [GENERAL] failed (Connection Error: HTTPSConnectionPool(host='api.telegram.org', port=443): Max retries exceeded with url: /bot8865086302:AAHhh3VL9czoQRSnw8Hf9iyDEwGJnqQTtqc/sendMessage (Caused by NameResolutionError("HTTPSConnection(host='api.telegram.org', port=443): Failed to resolve 'api.telegram.org' ([Errno 8] nodename nor servname provided, or not known)"))). Re-queueing retry 3/3 in 4.0s
2026-08-21 13:21:02,937 - ERROR - Telegram alert [GENERAL] failed permanently after 3 retries: Connection Error: HTTPSConnectionPool(host='api.telegram.org', port=443): Max retries exceeded with url: /bot8865086302:AAHhh3VL9czoQRSnw8Hf9iyDEwGJnqQTtqc/sendMessage (Caused by NameResolutionError("HTTPSConnection(host='api.telegram.org', port=443): Failed to resolve 'api.telegram.org' ([Errno 8] nodename nor servname provided, or not known)"))
2026-08-21 13:25:45,370 - INFO - Running job "LiveRunner.process_cycle (trigger: interval[0:05:00], next run at: 2026-08-21 13:30:45 IST)" (scheduled at 2026-08-21 13:25:45.355541+05:30)
2026-08-21 13:25:45,373 - ERROR - [bot-1787212338599-8597] Halting runner cycle: Bot is configured with unexecutable instrument 'BTC/USDT'. Error: Fatal Non-Retryable Error: binance GET https://api.binance.com/api/v3/klines?interval=5m&limit=1000&symbol=BTCUSDT
2026-08-21 13:25:45,520 - INFO - Job "LiveRunner.process_cycle (trigger: interval[0:05:00], next run at: 2026-08-21 13:30:45 IST)" executed successfully
2026-08-21 13:30:45,369 - INFO - Running job "LiveRunner.process_cycle (trigger: interval[0:05:00], next run at: 2026-08-21 13:35:45 IST)" (scheduled at 2026-08-21 13:30:45.355541+05:30)
2026-08-21 13:30:45,370 - ERROR - [bot-1787212338599-8597] Halting runner cycle: Bot is configured with unexecutable instrument 'BTC/USDT'. Error: Fatal Non-Retryable Error: binance GET https://api.binance.com/api/v3/klines?interval=5m&limit=1000&symbol=BTCUSDT
2026-08-21 13:30:45,641 - INFO - Job "LiveRunner.process_cycle (trigger: interval[0:05:00], next run at: 2026-08-21 13:35:45 IST)" executed successfully
2026-08-21 13:35:45,416 - INFO - Running job "LiveRunner.process_cycle (trigger: interval[0:05:00], next run at: 2026-08-21 13:40:45 IST)" (scheduled at 2026-08-21 13:35:45.355541+05:30)
2026-08-21 13:35:45,430 - ERROR - [bot-1787212338599-8597] Halting runner cycle: Bot is configured with unexecutable instrument 'BTC/USDT'. Error: Fatal Non-Retryable Error: binance GET https://api.binance.com/api/v3/klines?interval=5m&limit=1000&symbol=BTCUSDT
2026-08-21 13:35:45,613 - INFO - Job "LiveRunner.process_cycle (trigger: interval[0:05:00], next run at: 2026-08-21 13:40:45 IST)" executed successfully
/Users/ashishparadkar/Downloads/algo-code-main/.venv/lib/python3.9/site-packages/urllib3/__init__.py:35: NotOpenSSLWarning: urllib3 v2 only supports OpenSSL 1.1.1+, currently the 'ssl' module is compiled with 'LibreSSL 2.8.3'. See: https://github.com/urllib3/urllib3/issues/3020
  warnings.warn(
2026-08-21 14:51:16,378 - INFO - Bot state startup reconciliation finished: 0 bot(s) reconciled to STOPPED.
2026-08-21 14:51:17,359 - INFO - Telegram notification service initialized successfully (Chat ID: 5657...)
2026-08-21 14:51:17,399 - INFO - Initializing scheduled trading bot live runner for bot-1787212338599-8597...
2026-08-21 14:51:18,145 - INFO - SQLite database tables verified/created.
2026-08-21 14:51:18,622 - INFO - Initializing CCXT Binance in TESTNET mode.
/Users/ashishparadkar/Downloads/algo-code-main/.venv/lib/python3.9/site-packages/urllib3/__init__.py:35: NotOpenSSLWarning: urllib3 v2 only supports OpenSSL 1.1.1+, currently the 'ssl' module is compiled with 'LibreSSL 2.8.3'. See: https://github.com/urllib3/urllib3/issues/3020
  warnings.warn(
2026-08-21 15:30:32,328 - INFO - Bot state startup reconciliation finished: 0 bot(s) reconciled to STOPPED.
2026-08-21 15:30:33,075 - INFO - Telegram notification service initialized successfully (Chat ID: 5657...)
2026-08-21 15:30:33,084 - INFO - Initializing scheduled trading bot live runner for bot-1787212338599-8597...
2026-08-21 15:30:33,722 - INFO - SQLite database tables verified/created.
2026-08-21 15:30:34,331 - INFO - Initializing CCXT Binance in TESTNET mode.
2026-08-21 15:31:05,418 - INFO - [bot-1787212338599-8597] Pre-flight instrument resolved: BTC/USDT (SPOT via binance_spot)
2026-08-21 15:31:06,283 - INFO - [bot-1787212338599-8597] Starting signal check cycle for BTC/USDT (5m)...
2026-08-21 15:31:06,301 - INFO - Fetching recent candles for BTC/USDT (5m) [Bot: bot-1787212338599-8597] via ProviderManager...
/Users/ashishparadkar/Downloads/algo-code-main/.venv/lib/python3.9/site-packages/urllib3/__init__.py:35: NotOpenSSLWarning: urllib3 v2 only supports OpenSSL 1.1.1+, currently the 'ssl' module is compiled with 'LibreSSL 2.8.3'. See: https://github.com/urllib3/urllib3/issues/3020
  warnings.warn(
2026-08-21 18:13:43,953 - INFO - Bot state startup reconciliation finished: 0 bot(s) reconciled to STOPPED.
2026-08-21 18:13:44,982 - INFO - Telegram notification service initialized successfully (Chat ID: 5657...)
2026-08-21 18:13:45,354 - INFO - Initializing scheduled trading bot live runner for bot-1787212338599-8597...
2026-08-21 18:13:45,388 - INFO - SQLite database tables verified/created.
2026-08-21 18:13:46,327 - INFO - Initializing CCXT Binance in TESTNET mode.
2026-08-21 18:14:15,995 - INFO - [bot-1787212338599-8597] Pre-flight instrument resolved: BTC/USDT (SPOT via binance_spot)
2026-08-21 18:14:16,058 - INFO - [bot-1787212338599-8597] Starting signal check cycle for BTC/USDT (5m)...
2026-08-21 18:14:16,073 - INFO - Fetching recent candles for BTC/USDT (5m) [Bot: bot-1787212338599-8597] via ProviderManager...
/Users/ashishparadkar/Downloads/algo-code-main/.venv/lib/python3.9/site-packages/urllib3/__init__.py:35: NotOpenSSLWarning: urllib3 v2 only supports OpenSSL 1.1.1+, currently the 'ssl' module is compiled with 'LibreSSL 2.8.3'. See: https://github.com/urllib3/urllib3/issues/3020
  warnings.warn(
2026-08-21 20:27:15,399 - INFO - Bot state startup reconciliation finished: 0 bot(s) reconciled to STOPPED.
2026-08-21 20:27:16,097 - INFO - Telegram notification service initialized successfully (Chat ID: 5657...)
2026-08-21 20:27:16,114 - INFO - Initializing scheduled trading bot live runner for bot-1787212338599-8597...
2026-08-21 20:27:16,718 - INFO - SQLite database tables verified/created.
2026-08-21 20:27:16,780 - INFO - Initializing CCXT Binance in TESTNET mode.
2026-08-21 20:27:48,083 - INFO - [bot-1787212338599-8597] Pre-flight instrument resolved: BTC/USDT (SPOT via binance_spot)
2026-08-21 20:27:49,675 - INFO - [bot-1787212338599-8597] Starting signal check cycle for BTC/USDT (5m)...
2026-08-21 20:27:49,710 - INFO - Fetching recent candles for BTC/USDT (5m) [Bot: bot-1787212338599-8597] via ProviderManager...
/Users/ashishparadkar/Downloads/algo-code-main/.venv/lib/python3.9/site-packages/urllib3/__init__.py:35: NotOpenSSLWarning: urllib3 v2 only supports OpenSSL 1.1.1+, currently the 'ssl' module is compiled with 'LibreSSL 2.8.3'. See: https://github.com/urllib3/urllib3/issues/3020
  warnings.warn(
2026-08-21 21:33:16,202 - INFO - Bot state startup reconciliation finished: 0 bot(s) reconciled to STOPPED.
2026-08-21 21:33:16,294 - INFO - Telegram notification service initialized successfully (Chat ID: 5657...)
2026-08-21 21:33:17,114 - INFO - Initializing scheduled trading bot live runner for bot-1787212338599-8597...
2026-08-21 21:33:17,799 - INFO - SQLite database tables verified/created.
2026-08-21 21:33:19,291 - INFO - Initializing CCXT Binance in TESTNET mode.
2026-08-21 21:34:12,155 - INFO - [bot-1787212338599-8597] Pre-flight instrument resolved: BTC/USDT (SPOT via binance_spot)
2026-08-21 21:34:13,774 - INFO - [bot-1787212338599-8597] Starting signal check cycle for BTC/USDT (5m)...
2026-08-21 21:34:13,782 - INFO - Fetching recent candles for BTC/USDT (5m) [Bot: bot-1787212338599-8597] via ProviderManager...
2026-08-21 21:44:36,219 - INFO - Indicators computed | close=77010.94 ema_9=77219.33 ema_20=77282.70 ema_50=77238.33 ema_200=76060.59 macd=-20.3962 poc=64250.0 val=64025.0 vah=74325.0
2026-08-21 21:44:39,291 - INFO - [bot-1787212338599-8597] Evaluating strategy on completed candle: 2026-08-21 16:05:00+00:00 at Close price: 76962.00
2026-08-21 21:44:59,334 - INFO - SHORT signal blocked | Trend blocked (Close 76962.00 >= EMA200 76051.04) | Momentum blocked (MACD 3.0900 >= 0) | Location blocked (Close 76962.00 outside Value Area [62744.50 - 75811.50], VAL=64025.00, VAH=74325.00) | context={'close': 76962.0, 'ema_9': 77271.42691582377, 'ema_20': 77311.30652203494, 'ema_50': 77247.61567582296, 'ema_200': 76051.03583941142, 'macd_line': 3.089965001359815, 'macd_signal': 72.7531430614222, 'macd_hist': -69.66317806006238, 'poc': np.float64(64250.0), 'val': np.float64(64025.0), 'vah': np.float64(74325.0)}
2026-08-21 21:45:01,277 - INFO - Confluence Evaluation | Regime: TRENDING (ADX=29.8) | Direction: HOLD | BullScore: 0.0% | BearScore: 55.9% | Active: ['ema_9', 'ema_20', 'rsi', 'vwap', 'supertrend', 'atr']
2026-08-21 21:45:04,239 - INFO - Signal evaluated: HOLD. Reason/Details: SHORT setup blocked: Trend blocked (Close 76962.00 >= EMA200 76051.04) | Momentum blocked (MACD 3.0900 >= 0) | Location blocked (Close 76962.00 outside Value Area [62744.50 - 75811.50], VAL=64025.00, VAH=74325.00)
2026-08-21 21:45:11,559 - INFO - Logged heartbeat status: OK
2026-08-21 21:45:20,281 - INFO - Adding job tentatively -- it will be properly scheduled when the scheduler starts
2026-08-21 21:45:20,304 - INFO - Bot bot-1787212338599-8597 scheduled to check every 5 minutes.
2026-08-21 21:45:22,888 - INFO - Added job "LiveRunner.process_cycle" to job store "default"
2026-08-21 21:45:22,890 - INFO - Scheduler started
2026-08-21 21:50:27,049 - WARNING - Run time of job "LiveRunner.process_cycle (trigger: interval[0:05:00], next run at: 2026-08-21 21:55:19 IST)" was missed by 0:00:07.118911
2026-08-21 21:55:24,325 - WARNING - Run time of job "LiveRunner.process_cycle (trigger: interval[0:05:00], next run at: 2026-08-21 22:00:19 IST)" was missed by 0:00:04.470803
2026-08-21 22:00:21,695 - WARNING - Run time of job "LiveRunner.process_cycle (trigger: interval[0:05:00], next run at: 2026-08-21 22:05:19 IST)" was missed by 0:00:02.188289
2026-08-21 22:05:19,500 - INFO - Running job "LiveRunner.process_cycle (trigger: interval[0:05:00], next run at: 2026-08-21 22:10:19 IST)" (scheduled at 2026-08-21 22:05:19.323077+05:30)
2026-08-21 22:05:20,819 - INFO - [bot-1787212338599-8597] Starting signal check cycle for BTC/USDT (5m)...
2026-08-21 22:05:21,474 - INFO - Fetching recent candles for BTC/USDT (5m) [Bot: bot-1787212338599-8597] via ProviderManager...
2026-08-21 22:05:30,229 - INFO - Indicators computed | close=77299.32 ema_9=77251.58 ema_20=77269.50 ema_50=77238.41 ema_200=76117.78 macd=-8.8404 poc=69350.0 val=64025.0 vah=74450.0
2026-08-21 22:05:30,315 - INFO - [bot-1787212338599-8597] Evaluating strategy on completed candle: 2026-08-21 16:30:00+00:00 at Close price: 77338.12
2026-08-21 22:05:30,740 - INFO - Confluence Evaluation | Regime: TRENDING (ADX=39.7) | Direction: HOLD | BullScore: 44.1% | BearScore: 55.9% | Active: ['ema_9', 'ema_20', 'rsi', 'vwap', 'supertrend', 'atr']
2026-08-21 22:05:31,126 - INFO - Signal evaluated: HOLD. Reason/Details: Confluence score: 56% (HOLD)
2026-08-21 22:05:31,535 - INFO - Logged heartbeat status: OK
2026-08-21 22:05:31,560 - INFO - Job "LiveRunner.process_cycle (trigger: interval[0:05:00], next run at: 2026-08-21 22:10:19 IST)" executed successfully
2026-08-21 22:10:19,474 - INFO - Running job "LiveRunner.process_cycle (trigger: interval[0:05:00], next run at: 2026-08-21 22:15:19 IST)" (scheduled at 2026-08-21 22:10:19.323077+05:30)
2026-08-21 22:10:19,542 - INFO - [bot-1787212338599-8597] Starting signal check cycle for BTC/USDT (5m)...
2026-08-21 22:10:19,585 - INFO - Fetching recent candles for BTC/USDT (5m) [Bot: bot-1787212338599-8597] via ProviderManager...
2026-08-21 22:10:21,019 - INFO - Indicators computed | close=77290.71 ema_9=77262.12 ema_20=77272.98 ema_50=77241.10 ema_200=76129.61 macd=-4.5900 poc=69350.0 val=64025.0 vah=74475.0
2026-08-21 22:10:21,021 - INFO - [bot-1787212338599-8597] Evaluating strategy on completed candle: 2026-08-21 16:35:00+00:00 at Close price: 77316.28
2026-08-21 22:10:21,110 - INFO - Confluence Evaluation | Regime: TRENDING (ADX=39.7) | Direction: HOLD | BullScore: 44.1% | BearScore: 55.9% | Active: ['ema_9', 'ema_20', 'rsi', 'vwap', 'supertrend', 'atr']
2026-08-21 22:10:21,200 - INFO - Signal evaluated: HOLD. Reason/Details: Confluence score: 56% (HOLD)
2026-08-21 22:10:21,418 - INFO - Logged heartbeat status: OK
2026-08-21 22:10:21,419 - INFO - Job "LiveRunner.process_cycle (trigger: interval[0:05:00], next run at: 2026-08-21 22:15:19 IST)" executed successfully
2026-08-21 22:15:19,391 - INFO - Running job "LiveRunner.process_cycle (trigger: interval[0:05:00], next run at: 2026-08-21 22:20:19 IST)" (scheduled at 2026-08-21 22:15:19.323077+05:30)
2026-08-21 22:15:19,556 - INFO - [bot-1787212338599-8597] Starting signal check cycle for BTC/USDT (5m)...
2026-08-21 22:15:19,620 - INFO - Fetching recent candles for BTC/USDT (5m) [Bot: bot-1787212338599-8597] via ProviderManager...
2026-08-21 22:15:20,553 - INFO - Indicators computed | close=77351.57 ema_9=77291.42 ema_20=77286.61 ema_50=77248.12 ema_200=76142.48 macd=6.9806 poc=69350.0 val=64025.0 vah=74500.0
2026-08-21 22:15:20,569 - INFO - [bot-1787212338599-8597] Evaluating strategy on completed candle: 2026-08-21 16:40:00+00:00 at Close price: 77362.04
2026-08-21 22:15:20,742 - INFO - Confluence Evaluation | Regime: TRENDING (ADX=40.2) | Direction: LONG | BullScore: 88.2% | BearScore: 11.8% | Active: ['ema_9', 'ema_20', 'rsi', 'vwap', 'supertrend', 'atr']
2026-08-21 22:15:20,866 - INFO - Capping position size 0.527565 BTC to available cash equivalent 0.129262 BTC.
2026-08-21 22:15:21,275 - INFO - Created pending signal approval ID 222 for bot bot-1787212338599-8597 (LONG @ $77362.04, status: WAITING_APPROVAL)
2026-08-21 22:15:21,451 - INFO - [bot-1787212338599-8597] Signal LONG generated (ID: 222). Waiting for manual user approval.
2026-08-21 22:15:21,683 - INFO - Logged heartbeat status: OK
2026-08-21 22:15:21,684 - INFO - Job "LiveRunner.process_cycle (trigger: interval[0:05:00], next run at: 2026-08-21 22:20:19 IST)" executed successfully
2026-08-21 22:20:19,391 - INFO - Running job "LiveRunner.process_cycle (trigger: interval[0:05:00], next run at: 2026-08-21 22:25:19 IST)" (scheduled at 2026-08-21 22:20:19.323077+05:30)
2026-08-21 22:20:19,514 - INFO - [bot-1787212338599-8597] Starting signal check cycle for BTC/USDT (5m)...
2026-08-21 22:20:19,567 - INFO - Fetching recent candles for BTC/USDT (5m) [Bot: bot-1787212338599-8597] via ProviderManager...
2026-08-21 22:20:20,167 - INFO - Indicators computed | close=77516.00 ema_9=77364.92 ema_20=77323.85 ema_50=77265.35 ema_200=76157.90 macd=35.6264 poc=69350.0 val=64025.0 vah=74525.0
2026-08-21 22:20:20,169 - INFO - [bot-1787212338599-8597] Evaluating strategy on completed candle: 2026-08-21 16:45:00+00:00 at Close price: 77530.19
2026-08-21 22:20:20,231 - INFO - LONG signal blocked | Location blocked (Close 77530.19 outside Value Area [62744.50 - 76015.50], VAL=64025.00, VAH=74525.00) | context={'close': 77530.19, 'ema_9': 77327.14786556269, 'ema_20': 77303.62543003306, 'ema_50': 77255.12450110391, 'ema_200': 76144.25262187838, 'macd_line': 21.229475276821177, 'macd_signal': 6.32280964717363, 'macd_hist': 14.906665629647547, 'poc': np.float64(69350.0), 'val': np.float64(64025.0), 'vah': np.float64(74525.0)}
2026-08-21 22:20:20,243 - INFO - Confluence Evaluation | Regime: TRENDING (ADX=39.6) | Direction: LONG | BullScore: 88.2% | BearScore: 11.8% | Active: ['ema_9', 'ema_20', 'rsi', 'vwap', 'supertrend', 'atr']
2026-08-21 22:20:20,312 - INFO - Signal evaluated: HOLD. Reason/Details: Confluence score: 88% (LONG) meets 75% threshold
2026-08-21 22:20:20,528 - INFO - Logged heartbeat status: OK
2026-08-21 22:20:20,532 - INFO - Job "LiveRunner.process_cycle (trigger: interval[0:05:00], next run at: 2026-08-21 22:25:19 IST)" executed successfully
2026-08-21 22:25:19,387 - INFO - Running job "LiveRunner.process_cycle (trigger: interval[0:05:00], next run at: 2026-08-21 22:30:19 IST)" (scheduled at 2026-08-21 22:25:19.323077+05:30)
2026-08-21 22:25:19,428 - INFO - [bot-1787212338599-8597] Starting signal check cycle for BTC/USDT (5m)...
2026-08-21 22:25:19,452 - INFO - Fetching recent candles for BTC/USDT (5m) [Bot: bot-1787212338599-8597] via ProviderManager...
2026-08-21 22:25:20,243 - INFO - Indicators computed | close=77466.12 ema_9=77377.80 ema_20=77333.44 ema_50=77271.49 ema_200=76170.47 macd=39.6879 poc=69350.0 val=64025.0 vah=74525.0
2026-08-21 22:25:20,246 - INFO - [bot-1787212338599-8597] Evaluating strategy on completed candle: 2026-08-21 16:50:00+00:00 at Close price: 77470.00
2026-08-21 22:25:20,382 - INFO - Confluence Evaluation | Regime: TRENDING (ADX=39.0) | Direction: HOLD | BullScore: 44.1% | BearScore: 55.9% | Active: ['ema_9', 'ema_20', 'rsi', 'vwap', 'supertrend', 'atr']
2026-08-21 22:25:20,497 - INFO - Signal evaluated: HOLD. Reason/Details: Confluence score: 56% (HOLD)
2026-08-21 22:25:20,745 - INFO - Logged heartbeat status: OK
2026-08-21 22:25:20,745 - INFO - Job "LiveRunner.process_cycle (trigger: interval[0:05:00], next run at: 2026-08-21 22:30:19 IST)" executed successfully
2026-08-21 22:30:19,418 - INFO - Running job "LiveRunner.process_cycle (trigger: interval[0:05:00], next run at: 2026-08-21 22:35:19 IST)" (scheduled at 2026-08-21 22:30:19.323077+05:30)
2026-08-21 22:30:19,501 - INFO - [bot-1787212338599-8597] Starting signal check cycle for BTC/USDT (5m)...
2026-08-21 22:30:19,531 - INFO - Fetching recent candles for BTC/USDT (5m) [Bot: bot-1787212338599-8597] via ProviderManager...
2026-08-21 22:30:20,397 - INFO - Indicators computed | close=77488.74 ema_9=77403.17 ema_20=77349.94 ema_50=77280.76 ema_200=76183.78 macd=48.3221 poc=69350.0 val=64025.0 vah=74550.0
2026-08-21 22:30:20,401 - INFO - [bot-1787212338599-8597] Evaluating strategy on completed candle: 2026-08-21 16:55:00+00:00 at Close price: 77486.01
2026-08-21 22:30:20,664 - INFO - Confluence Evaluation | Regime: TRENDING (ADX=37.1) | Direction: LONG | BullScore: 100.0% | BearScore: 0.0% | Active: ['ema_9', 'ema_20', 'rsi', 'vwap', 'supertrend', 'atr']
2026-08-21 22:30:20,779 - INFO - Capping position size 0.618009 BTC to available cash equivalent 0.129056 BTC.
2026-08-21 22:30:20,822 - INFO - [bot-1787212338599-8597] Signal LONG active pending approval already exists (ID: 222).
2026-08-21 22:30:21,074 - INFO - Logged heartbeat status: OK
2026-08-21 22:30:21,077 - INFO - Job "LiveRunner.process_cycle (trigger: interval[0:05:00], next run at: 2026-08-21 22:35:19 IST)" executed successfully
2026-08-21 22:35:19,343 - INFO - Running job "LiveRunner.process_cycle (trigger: interval[0:05:00], next run at: 2026-08-21 22:40:19 IST)" (scheduled at 2026-08-21 22:35:19.323077+05:30)
2026-08-21 22:35:19,369 - INFO - [bot-1787212338599-8597] Starting signal check cycle for BTC/USDT (5m)...
2026-08-21 22:35:19,397 - INFO - Fetching recent candles for BTC/USDT (5m) [Bot: bot-1787212338599-8597] via ProviderManager...
2026-08-21 22:35:20,410 - INFO - Indicators computed | close=77522.64 ema_9=77432.39 ema_20=77369.26 ema_50=77291.50 ema_200=76197.43 macd=58.0458 poc=69350.0 val=64025.0 vah=74575.0
2026-08-21 22:35:20,419 - INFO - [bot-1787212338599-8597] Evaluating strategy on completed candle: 2026-08-21 17:00:00+00:00 at Close price: 77522.00
2026-08-21 22:35:20,493 - INFO - Confluence Evaluation | Regime: TRENDING (ADX=34.7) | Direction: LONG | BullScore: 100.0% | BearScore: 0.0% | Active: ['ema_9', 'ema_20', 'rsi', 'vwap', 'supertrend', 'atr']
2026-08-21 22:35:20,559 - INFO - Capping position size 0.614874 BTC to available cash equivalent 0.128996 BTC.
2026-08-21 22:35:20,602 - INFO - [bot-1787212338599-8597] Signal LONG active pending approval already exists (ID: 222).
2026-08-21 22:35:20,756 - INFO - Logged heartbeat status: OK
2026-08-21 22:35:20,757 - INFO - Job "LiveRunner.process_cycle (trigger: interval[0:05:00], next run at: 2026-08-21 22:40:19 IST)" executed successfully
2026-08-21 22:40:19,441 - INFO - Running job "LiveRunner.process_cycle (trigger: interval[0:05:00], next run at: 2026-08-21 22:45:19 IST)" (scheduled at 2026-08-21 22:40:19.323077+05:30)
2026-08-21 22:40:19,489 - INFO - [bot-1787212338599-8597] Starting signal check cycle for BTC/USDT (5m)...
2026-08-21 22:40:19,542 - INFO - Fetching recent candles for BTC/USDT (5m) [Bot: bot-1787212338599-8597] via ProviderManager...
2026-08-21 22:40:20,067 - INFO - Indicators computed | close=77634.00 ema_9=77487.86 ema_20=77402.63 ema_50=77308.50 ema_200=76212.66 macd=77.6418 poc=69350.0 val=64025.0 vah=74575.0
2026-08-21 22:40:20,069 - INFO - [bot-1787212338599-8597] Evaluating strategy on completed candle: 2026-08-21 17:05:00+00:00 at Close price: 77617.37
2026-08-21 22:40:20,187 - INFO - Confluence Evaluation | Regime: TRENDING (ADX=35.6) | Direction: LONG | BullScore: 100.0% | BearScore: 0.0% | Active: ['ema_9', 'ema_20', 'rsi', 'vwap', 'supertrend', 'atr']
2026-08-21 22:40:20,301 - INFO - Capping position size 0.530941 BTC to available cash equivalent 0.128837 BTC.
2026-08-21 22:40:20,310 - INFO - [bot-1787212338599-8597] Signal LONG active pending approval already exists (ID: 222).
2026-08-21 22:40:20,495 - INFO - Logged heartbeat status: OK
2026-08-21 22:40:20,496 - INFO - Job "LiveRunner.process_cycle (trigger: interval[0:05:00], next run at: 2026-08-21 22:45:19 IST)" executed successfully
/Users/ashishparadkar/Downloads/algo-code-main/.venv/lib/python3.9/site-packages/urllib3/__init__.py:35: NotOpenSSLWarning: urllib3 v2 only supports OpenSSL 1.1.1+, currently the 'ssl' module is compiled with 'LibreSSL 2.8.3'. See: https://github.com/urllib3/urllib3/issues/3020
  warnings.warn(
2026-08-21 22:45:11,034 - INFO - Bot state startup reconciliation finished: 0 bot(s) reconciled to STOPPED.
2026-08-21 22:45:11,500 - INFO - Telegram notification service initialized successfully (Chat ID: 5657...)
2026-08-21 22:45:11,843 - INFO - Initializing scheduled trading bot live runner for bot-1787212338599-8597...
2026-08-21 22:45:12,471 - INFO - SQLite database tables verified/created.
2026-08-21 22:45:13,214 - INFO - Initializing CCXT Binance in TESTNET mode.
