/Users/ashishparadkar/Downloads/algo-code-main/.venv/lib/python3.9/site-packages/urllib3/__init__.py:35: NotOpenSSLWarning: urllib3 v2 only supports OpenSSL 1.1.1+, currently the 'ssl' module is compiled with 'LibreSSL 2.8.3'. See: https://github.com/urllib3/urllib3/issues/3020
  warnings.warn(
2026-08-20 22:17:42,411 - INFO - Bot state startup reconciliation finished: 0 bot(s) reconciled to STOPPED.
2026-08-20 22:17:43,569 - INFO - Telegram notification service initialized successfully (Chat ID: 5657...)
2026-08-20 22:17:43,582 - INFO - Initializing scheduled trading bot live runner for bot-1787212335368-3b15...
2026-08-20 22:17:43,617 - INFO - SQLite database tables verified/created.
2026-08-20 22:17:44,937 - INFO - Initializing CCXT Binance in TESTNET mode.
2026-08-20 22:18:18,658 - INFO - [bot-1787212335368-3b15] Pre-flight instrument resolved: BTC/USDT (SPOT via binance_spot)
2026-08-20 22:18:19,556 - INFO - [bot-1787212335368-3b15] Starting signal check cycle for BTC/USDT (5m)...
2026-08-20 22:18:20,001 - INFO - Fetching recent candles for BTC/USDT (5m) [Bot: bot-1787212335368-3b15] via ProviderManager...
2026-08-20 22:19:39,888 - INFO - Indicators computed | close=72573.98 ema_9=72458.91 ema_20=72336.56 ema_50=72096.08 ema_200=70831.43 macd=147.5658 poc=64325.0 val=63300.0 vah=69600.0
2026-08-20 22:19:40,329 - INFO - [bot-1787212335368-3b15] Evaluating strategy on completed candle: 2026-08-20 16:40:00+00:00 at Close price: 72630.89
2026-08-20 22:19:41,432 - INFO - Confluence Evaluation | Regime: TRENDING (ADX=34.9) | Direction: LONG | BullScore: 100.0% | BearScore: 0.0% | Active: ['ema_9', 'ema_20', 'rsi', 'vwap', 'supertrend', 'atr']
2026-08-20 22:19:42,225 - INFO - Capping position size 0.711946 BTC to available cash equivalent 0.206524 BTC.
2026-08-20 22:19:42,253 - INFO - Created pending signal approval ID 49 for bot bot-1787212335368-3b15 (LONG @ $72630.89, status: WAITING_APPROVAL)
2026-08-20 22:19:42,301 - INFO - [bot-1787212335368-3b15] Signal LONG generated (ID: 49). Waiting for manual user approval.
2026-08-20 22:19:43,153 - INFO - Logged heartbeat status: OK
2026-08-20 22:19:43,490 - INFO - Adding job tentatively -- it will be properly scheduled when the scheduler starts
2026-08-20 22:19:43,490 - INFO - Bot bot-1787212335368-3b15 scheduled to check every 5 minutes.
2026-08-20 22:19:43,529 - INFO - Added job "LiveRunner.process_cycle" to job store "default"
2026-08-20 22:19:43,530 - INFO - Scheduler started
2026-08-20 22:24:43,649 - INFO - Running job "LiveRunner.process_cycle (trigger: interval[0:05:00], next run at: 2026-08-20 22:29:43 IST)" (scheduled at 2026-08-20 22:24:43.489083+05:30)
2026-08-20 22:24:43,852 - INFO - [bot-1787212335368-3b15] Starting signal check cycle for BTC/USDT (5m)...
2026-08-20 22:24:43,901 - INFO - Fetching recent candles for BTC/USDT (5m) [Bot: bot-1787212335368-3b15] via ProviderManager...
2026-08-20 22:24:45,130 - INFO - Indicators computed | close=72667.99 ema_9=72499.77 ema_20=72367.61 ema_50=72118.29 ema_200=70849.65 macd=155.6253 poc=64325.0 val=63300.0 vah=69600.0
2026-08-20 22:24:45,131 - INFO - [bot-1787212335368-3b15] Evaluating strategy on completed candle: 2026-08-20 16:45:00+00:00 at Close price: 72568.00
2026-08-20 22:24:45,205 - INFO - Confluence Evaluation | Regime: TRENDING (ADX=34.0) | Direction: HOLD | BullScore: 55.9% | BearScore: 44.1% | Active: ['ema_9', 'ema_20', 'rsi', 'vwap', 'supertrend', 'atr']
2026-08-20 22:24:45,302 - INFO - Signal evaluated: HOLD. Reason/Details: Confluence score: 56% (HOLD)
2026-08-20 22:24:45,515 - INFO - Logged heartbeat status: OK
2026-08-20 22:24:45,516 - INFO - Job "LiveRunner.process_cycle (trigger: interval[0:05:00], next run at: 2026-08-20 22:29:43 IST)" executed successfully
2026-08-20 22:29:43,506 - INFO - Running job "LiveRunner.process_cycle (trigger: interval[0:05:00], next run at: 2026-08-20 22:34:43 IST)" (scheduled at 2026-08-20 22:29:43.489083+05:30)
2026-08-20 22:29:43,514 - INFO - [bot-1787212335368-3b15] Starting signal check cycle for BTC/USDT (5m)...
2026-08-20 22:29:43,538 - INFO - Fetching recent candles for BTC/USDT (5m) [Bot: bot-1787212335368-3b15] via ProviderManager...
2026-08-20 22:29:44,151 - INFO - Indicators computed | close=72854.01 ema_9=72567.74 ema_20=72412.38 ema_50=72146.46 ema_200=70869.41 macd=174.2705 poc=64325.0 val=63300.0 vah=69625.0
2026-08-20 22:29:44,153 - INFO - [bot-1787212335368-3b15] Evaluating strategy on completed candle: 2026-08-20 16:50:00+00:00 at Close price: 72649.99
2026-08-20 22:29:44,232 - INFO - Confluence Evaluation | Regime: TRENDING (ADX=33.2) | Direction: LONG | BullScore: 100.0% | BearScore: 0.0% | Active: ['ema_9', 'ema_20', 'rsi', 'vwap', 'supertrend', 'atr']
2026-08-20 22:29:44,349 - INFO - Capping position size 0.684510 BTC to available cash equivalent 0.206469 BTC.
2026-08-20 22:29:44,363 - INFO - [bot-1787212335368-3b15] Signal LONG active pending approval already exists (ID: 49).
2026-08-20 22:29:44,564 - INFO - Logged heartbeat status: OK
2026-08-20 22:29:44,564 - INFO - Job "LiveRunner.process_cycle (trigger: interval[0:05:00], next run at: 2026-08-20 22:34:43 IST)" executed successfully
2026-08-20 22:34:43,532 - INFO - Running job "LiveRunner.process_cycle (trigger: interval[0:05:00], next run at: 2026-08-20 22:39:43 IST)" (scheduled at 2026-08-20 22:34:43.489083+05:30)
2026-08-20 22:34:43,607 - INFO - [bot-1787212335368-3b15] Starting signal check cycle for BTC/USDT (5m)...
2026-08-20 22:34:43,659 - INFO - Fetching recent candles for BTC/USDT (5m) [Bot: bot-1787212335368-3b15] via ProviderManager...
2026-08-20 22:34:44,186 - INFO - Indicators computed | close=72773.95 ema_9=72606.28 ema_20=72445.36 ema_50=72170.43 ema_200=70888.20 macd=180.5927 poc=64325.0 val=63300.0 vah=69625.0
2026-08-20 22:34:44,188 - INFO - [bot-1787212335368-3b15] Evaluating strategy on completed candle: 2026-08-20 16:55:00+00:00 at Close price: 72837.15
2026-08-20 22:34:44,288 - INFO - Confluence Evaluation | Regime: TRENDING (ADX=33.1) | Direction: LONG | BullScore: 100.0% | BearScore: 0.0% | Active: ['ema_9', 'ema_20', 'rsi', 'vwap', 'supertrend', 'atr']
2026-08-20 22:34:44,426 - INFO - Capping position size 0.492247 BTC to available cash equivalent 0.205939 BTC.
2026-08-20 22:34:44,479 - INFO - [bot-1787212335368-3b15] Signal LONG active pending approval already exists (ID: 49).
2026-08-20 22:34:44,684 - INFO - Logged heartbeat status: OK
2026-08-20 22:34:44,685 - INFO - Job "LiveRunner.process_cycle (trigger: interval[0:05:00], next run at: 2026-08-20 22:39:43 IST)" executed successfully
2026-08-20 22:39:43,534 - INFO - Running job "LiveRunner.process_cycle (trigger: interval[0:05:00], next run at: 2026-08-20 22:44:43 IST)" (scheduled at 2026-08-20 22:39:43.489083+05:30)
2026-08-20 22:39:43,546 - INFO - [bot-1787212335368-3b15] Starting signal check cycle for BTC/USDT (5m)...
2026-08-20 22:39:43,588 - INFO - Fetching recent candles for BTC/USDT (5m) [Bot: bot-1787212335368-3b15] via ProviderManager...
2026-08-20 22:39:44,147 - INFO - Indicators computed | close=72644.00 ema_9=72612.57 ema_20=72463.61 ema_50=72188.71 ema_200=70905.59 macd=173.6924 poc=64325.0 val=63300.0 vah=69625.0
2026-08-20 22:39:44,163 - INFO - [bot-1787212335368-3b15] Evaluating strategy on completed candle: 2026-08-20 17:00:00+00:00 at Close price: 72766.11
2026-08-20 22:39:44,328 - INFO - Confluence Evaluation | Regime: TRENDING (ADX=31.9) | Direction: HOLD | BullScore: 55.9% | BearScore: 44.1% | Active: ['ema_9', 'ema_20', 'rsi', 'vwap', 'supertrend', 'atr']
2026-08-20 22:39:44,401 - INFO - Signal evaluated: HOLD. Reason/Details: Confluence score: 56% (HOLD)
2026-08-20 22:39:44,492 - INFO - Logged heartbeat status: OK
2026-08-20 22:39:44,493 - INFO - Job "LiveRunner.process_cycle (trigger: interval[0:05:00], next run at: 2026-08-20 22:44:43 IST)" executed successfully
2026-08-20 22:44:43,503 - INFO - Running job "LiveRunner.process_cycle (trigger: interval[0:05:00], next run at: 2026-08-20 22:49:43 IST)" (scheduled at 2026-08-20 22:44:43.489083+05:30)
2026-08-20 22:44:43,512 - INFO - [bot-1787212335368-3b15] Starting signal check cycle for BTC/USDT (5m)...
2026-08-20 22:44:43,559 - INFO - Fetching recent candles for BTC/USDT (5m) [Bot: bot-1787212335368-3b15] via ProviderManager...
2026-08-20 22:44:44,008 - INFO - Indicators computed | close=72679.83 ema_9=72629.22 ema_20=72485.92 ema_50=72208.72 ema_200=70923.44 macd=170.8868 poc=64325.0 val=63300.0 vah=69625.0
2026-08-20 22:44:44,009 - INFO - [bot-1787212335368-3b15] Evaluating strategy on completed candle: 2026-08-20 17:05:00+00:00 at Close price: 72664.00
2026-08-20 22:44:44,075 - INFO - Confluence Evaluation | Regime: TRENDING (ADX=29.5) | Direction: HOLD | BullScore: 55.9% | BearScore: 44.1% | Active: ['ema_9', 'ema_20', 'rsi', 'vwap', 'supertrend', 'atr']
2026-08-20 22:44:44,203 - INFO - Signal evaluated: HOLD. Reason/Details: Confluence score: 56% (HOLD)
2026-08-20 22:44:44,422 - INFO - Logged heartbeat status: OK
2026-08-20 22:44:44,423 - INFO - Job "LiveRunner.process_cycle (trigger: interval[0:05:00], next run at: 2026-08-20 22:49:43 IST)" executed successfully
2026-08-20 22:49:43,504 - INFO - Running job "LiveRunner.process_cycle (trigger: interval[0:05:00], next run at: 2026-08-20 22:54:43 IST)" (scheduled at 2026-08-20 22:49:43.489083+05:30)
2026-08-20 22:49:43,556 - INFO - [bot-1787212335368-3b15] Starting signal check cycle for BTC/USDT (5m)...
2026-08-20 22:49:43,607 - INFO - Fetching recent candles for BTC/USDT (5m) [Bot: bot-1787212335368-3b15] via ProviderManager...
2026-08-20 22:49:44,100 - INFO - Indicators computed | close=72664.50 ema_9=72638.23 ema_20=72503.98 ema_50=72227.05 ema_200=70940.89 macd=165.0179 poc=64325.0 val=63300.0 vah=69625.0
2026-08-20 22:49:44,101 - INFO - [bot-1787212335368-3b15] Evaluating strategy on completed candle: 2026-08-20 17:10:00+00:00 at Close price: 72692.00
2026-08-20 22:49:44,169 - INFO - Confluence Evaluation | Regime: TRENDING (ADX=28.2) | Direction: LONG | BullScore: 100.0% | BearScore: 0.0% | Active: ['ema_9', 'ema_20', 'rsi', 'vwap', 'supertrend', 'atr']
2026-08-20 22:49:44,275 - INFO - Capping position size 1.305369 BTC to available cash equivalent 0.206350 BTC.
2026-08-20 22:49:44,340 - INFO - Created pending signal approval ID 74 for bot bot-1787212335368-3b15 (LONG @ $72692.00, status: WAITING_APPROVAL)
2026-08-20 22:49:44,423 - INFO - [bot-1787212335368-3b15] Signal LONG generated (ID: 74). Waiting for manual user approval.
2026-08-20 22:49:44,626 - INFO - Logged heartbeat status: OK
2026-08-20 22:49:44,627 - INFO - Job "LiveRunner.process_cycle (trigger: interval[0:05:00], next run at: 2026-08-20 22:54:43 IST)" executed successfully
2026-08-21 00:19:42,543 - WARNING - Run time of job "LiveRunner.process_cycle (trigger: interval[0:05:00], next run at: 2026-08-21 00:19:43 IST)" was missed by 0:04:59.053827
2026-08-21 00:19:43,495 - INFO - Running job "LiveRunner.process_cycle (trigger: interval[0:05:00], next run at: 2026-08-21 00:24:43 IST)" (scheduled at 2026-08-21 00:19:43.489083+05:30)
2026-08-21 00:19:43,537 - INFO - [bot-1787212335368-3b15] Starting signal check cycle for BTC/USDT (5m)...
2026-08-21 00:19:43,585 - INFO - Fetching recent candles for BTC/USDT (5m) [Bot: bot-1787212335368-3b15] via ProviderManager...
2026-08-21 00:19:53,636 - ERROR - Binance Spot Network Error: binance GET https://api.binance.com/api/v3/klines?interval=5m&limit=1000&symbol=BTCUSDT
--- Logging error ---
Traceback (most recent call last):
  File "/Users/ashishparadkar/Downloads/algo-code-main/.venv/lib/python3.9/site-packages/urllib3/connectionpool.py", line 534, in _make_request
    response = conn.getresponse()
  File "/Users/ashishparadkar/Downloads/algo-code-main/.venv/lib/python3.9/site-packages/urllib3/connection.py", line 571, in getresponse
    httplib_response = super().getresponse()
  File "/Library/Developer/CommandLineTools/Library/Frameworks/Python3.framework/Versions/3.9/lib/python3.9/http/client.py", line 1349, in getresponse
    response.begin()
  File "/Library/Developer/CommandLineTools/Library/Frameworks/Python3.framework/Versions/3.9/lib/python3.9/http/client.py", line 316, in begin
    version, status, reason = self._read_status()
  File "/Library/Developer/CommandLineTools/Library/Frameworks/Python3.framework/Versions/3.9/lib/python3.9/http/client.py", line 277, in _read_status
    line = str(self.fp.readline(_MAXLINE + 1), "iso-8859-1")
  File "/Library/Developer/CommandLineTools/Library/Frameworks/Python3.framework/Versions/3.9/lib/python3.9/socket.py", line 704, in readinto
    return self._sock.recv_into(b)
  File "/Library/Developer/CommandLineTools/Library/Frameworks/Python3.framework/Versions/3.9/lib/python3.9/ssl.py", line 1241, in recv_into
    return self.read(nbytes, buffer)
  File "/Library/Developer/CommandLineTools/Library/Frameworks/Python3.framework/Versions/3.9/lib/python3.9/ssl.py", line 1099, in read
    return self._sslobj.read(len, buffer)
socket.timeout: The read operation timed out

The above exception was the direct cause of the following exception:

Traceback (most recent call last):
  File "/Users/ashishparadkar/Downloads/algo-code-main/.venv/lib/python3.9/site-packages/requests/adapters.py", line 644, in send
    resp = conn.urlopen(
  File "/Users/ashishparadkar/Downloads/algo-code-main/.venv/lib/python3.9/site-packages/urllib3/connectionpool.py", line 841, in urlopen
    retries = retries.increment(
  File "/Users/ashishparadkar/Downloads/algo-code-main/.venv/lib/python3.9/site-packages/urllib3/util/retry.py", line 490, in increment
    raise reraise(type(error), error, _stacktrace)
  File "/Users/ashishparadkar/Downloads/algo-code-main/.venv/lib/python3.9/site-packages/urllib3/util/util.py", line 39, in reraise
    raise value
  File "/Users/ashishparadkar/Downloads/algo-code-main/.venv/lib/python3.9/site-packages/urllib3/connectionpool.py", line 787, in urlopen
    response = self._make_request(
  File "/Users/ashishparadkar/Downloads/algo-code-main/.venv/lib/python3.9/site-packages/urllib3/connectionpool.py", line 536, in _make_request
    self._raise_timeout(err=e, url=url, timeout_value=read_timeout)
  File "/Users/ashishparadkar/Downloads/algo-code-main/.venv/lib/python3.9/site-packages/urllib3/connectionpool.py", line 367, in _raise_timeout
    raise ReadTimeoutError(
urllib3.exceptions.ReadTimeoutError: HTTPSConnectionPool(host='api.binance.com', port=443): Read timed out. (read timeout=10.0)

During handling of the above exception, another exception occurred:

Traceback (most recent call last):
  File "/Users/ashishparadkar/Downloads/algo-code-main/.venv/lib/python3.9/site-packages/ccxt/base/exchange.py", line 665, in fetch
    response = self.session.request(
  File "/Users/ashishparadkar/Downloads/algo-code-main/.venv/lib/python3.9/site-packages/requests/sessions.py", line 589, in request
    resp = self.send(prep, **send_kwargs)
  File "/Users/ashishparadkar/Downloads/algo-code-main/.venv/lib/python3.9/site-packages/requests/sessions.py", line 703, in send
    r = adapter.send(request, **kwargs)
  File "/Users/ashishparadkar/Downloads/algo-code-main/.venv/lib/python3.9/site-packages/requests/adapters.py", line 690, in send
    raise ReadTimeout(e, request=request)
requests.exceptions.ReadTimeout: HTTPSConnectionPool(host='api.binance.com', port=443): Read timed out. (read timeout=10.0)

The above exception was the direct cause of the following exception:

Traceback (most recent call last):
  File "/Users/ashishparadkar/Downloads/algo-code-main/src/provider_manager.py", line 351, in fetch_ohlcv_safe
    df = adapter.fetch_ohlcv(instrument, timeframe, limit=limit)
  File "/Users/ashishparadkar/Downloads/algo-code-main/src/provider_manager.py", line 211, in fetch_ohlcv
    raise net_err
  File "/Users/ashishparadkar/Downloads/algo-code-main/src/provider_manager.py", line 183, in fetch_ohlcv
    raw_candles = self.exchange.fetch_ohlcv(
  File "/Users/ashishparadkar/Downloads/algo-code-main/.venv/lib/python3.9/site-packages/ccxt/binance.py", line 4759, in fetch_ohlcv
    response = self.publicGetKlines(self.extend(request, params))
  File "/Users/ashishparadkar/Downloads/algo-code-main/.venv/lib/python3.9/site-packages/ccxt/base/types.py", line 35, in unbound_method
    return _self.request(self.path, self.api, self.method, params, config=self.config)
  File "/Users/ashishparadkar/Downloads/algo-code-main/.venv/lib/python3.9/site-packages/ccxt/binance.py", line 11724, in request
    response = self.fetch2(path, api, method, params, headers, body, config)
  File "/Users/ashishparadkar/Downloads/algo-code-main/.venv/lib/python3.9/site-packages/ccxt/base/exchange.py", line 5566, in fetch2
    raise e
  File "/Users/ashishparadkar/Downloads/algo-code-main/.venv/lib/python3.9/site-packages/ccxt/base/exchange.py", line 5549, in fetch2
    response = self.fetch(request['url'], request['method'], request['headers'], request['body'])
  File "/Users/ashishparadkar/Downloads/algo-code-main/.venv/lib/python3.9/site-packages/ccxt/base/exchange.py", line 698, in fetch
    raise RequestTimeout(details) from e
ccxt.base.errors.RequestTimeout: binance GET https://api.binance.com/api/v3/klines?interval=5m&limit=1000&symbol=BTCUSDT

During handling of the above exception, another exception occurred:

Traceback (most recent call last):
  File "/Library/Developer/CommandLineTools/Library/Frameworks/Python3.framework/Versions/3.9/lib/python3.9/logging/__init__.py", line 1083, in emit
    msg = self.format(record)
  File "/Library/Developer/CommandLineTools/Library/Frameworks/Python3.framework/Versions/3.9/lib/python3.9/logging/__init__.py", line 927, in format
    return fmt.format(record)
  File "/Library/Developer/CommandLineTools/Library/Frameworks/Python3.framework/Versions/3.9/lib/python3.9/logging/__init__.py", line 663, in format
    record.message = record.getMessage()
  File "/Library/Developer/CommandLineTools/Library/Frameworks/Python3.framework/Versions/3.9/lib/python3.9/logging/__init__.py", line 367, in getMessage
    msg = msg % self.args
TypeError: must be real number, not RequestTimeout
Call stack:
  File "/Library/Developer/CommandLineTools/Library/Frameworks/Python3.framework/Versions/3.9/lib/python3.9/threading.py", line 930, in _bootstrap
    self._bootstrap_inner()
  File "/Library/Developer/CommandLineTools/Library/Frameworks/Python3.framework/Versions/3.9/lib/python3.9/threading.py", line 973, in _bootstrap_inner
    self.run()
  File "/Library/Developer/CommandLineTools/Library/Frameworks/Python3.framework/Versions/3.9/lib/python3.9/threading.py", line 910, in run
    self._target(*self._args, **self._kwargs)
  File "/Library/Developer/CommandLineTools/Library/Frameworks/Python3.framework/Versions/3.9/lib/python3.9/concurrent/futures/thread.py", line 77, in _worker
    work_item.run()
  File "/Library/Developer/CommandLineTools/Library/Frameworks/Python3.framework/Versions/3.9/lib/python3.9/concurrent/futures/thread.py", line 52, in run
    result = self.fn(*self.args, **self.kwargs)
  File "/Users/ashishparadkar/Downloads/algo-code-main/.venv/lib/python3.9/site-packages/apscheduler/executors/base.py", line 131, in run_job
    retval = job.func(*job.args, **job.kwargs)
  File "/Users/ashishparadkar/Downloads/algo-code-main/src/live_runner.py", line 199, in process_cycle
    df, _ = self.provider_manager.fetch_ohlcv_safe(self.symbol, self.timeframe, limit=1000)
  File "/Users/ashishparadkar/Downloads/algo-code-main/src/provider_manager.py", line 362, in fetch_ohlcv_safe
    logger.warning(
Message: 'Retryable network failure for %s (Attempt %d/%d). Backing off %.2fs: %s'
Arguments: ('BTC/USDT', 1, 3, RequestTimeout('binance GET https://api.binance.com/api/v3/klines?interval=5m&limit=1000&symbol=BTCUSDT'))
2026-08-21 00:19:56,577 - INFO - Indicators computed | close=72534.00 ema_9=72573.87 ema_20=72602.17 ema_50=72445.30 ema_200=71225.40 macd=8.6477 poc=64325.0 val=63300.0 vah=69700.0
2026-08-21 00:19:56,583 - INFO - [bot-1787212335368-3b15] Evaluating strategy on completed candle: 2026-08-20 18:40:00+00:00 at Close price: 72501.42
2026-08-21 00:19:56,666 - INFO - Confluence Evaluation | Regime: TRENDING (ADX=27.9) | Direction: HOLD | BullScore: 44.1% | BearScore: 11.8% | Active: ['ema_9', 'ema_20', 'rsi', 'vwap', 'supertrend', 'atr']
2026-08-21 00:19:56,803 - INFO - Signal evaluated: HOLD. Reason/Details: Confluence score: 44% (HOLD)
2026-08-21 00:19:57,186 - INFO - Logged heartbeat status: OK
2026-08-21 00:19:57,187 - INFO - Job "LiveRunner.process_cycle (trigger: interval[0:05:00], next run at: 2026-08-21 00:24:43 IST)" executed successfully
2026-08-21 00:24:43,512 - INFO - Running job "LiveRunner.process_cycle (trigger: interval[0:05:00], next run at: 2026-08-21 00:29:43 IST)" (scheduled at 2026-08-21 00:24:43.489083+05:30)
2026-08-21 00:24:43,534 - INFO - [bot-1787212335368-3b15] Starting signal check cycle for BTC/USDT (5m)...
2026-08-21 00:24:43,545 - INFO - Fetching recent candles for BTC/USDT (5m) [Bot: bot-1787212335368-3b15] via ProviderManager...
2026-08-21 00:24:44,061 - INFO - Indicators computed | close=72473.64 ema_9=72553.82 ema_20=72589.92 ema_50=72446.41 ema_200=71237.82 macd=-1.4856 poc=64325.0 val=63300.0 vah=69700.0
2026-08-21 00:24:44,062 - INFO - [bot-1787212335368-3b15] Evaluating strategy on completed candle: 2026-08-20 18:45:00+00:00 at Close price: 72534.00
2026-08-21 00:24:44,109 - INFO - Confluence Evaluation | Regime: TRENDING (ADX=27.7) | Direction: HOLD | BullScore: 44.1% | BearScore: 11.8% | Active: ['ema_9', 'ema_20', 'rsi', 'vwap', 'supertrend', 'atr']
2026-08-21 00:24:44,183 - INFO - Signal evaluated: HOLD. Reason/Details: Confluence score: 44% (HOLD)
2026-08-21 00:24:44,266 - INFO - Logged heartbeat status: OK
2026-08-21 00:24:44,267 - INFO - Job "LiveRunner.process_cycle (trigger: interval[0:05:00], next run at: 2026-08-21 00:29:43 IST)" executed successfully
/Users/ashishparadkar/Downloads/algo-code-main/.venv/lib/python3.9/site-packages/urllib3/__init__.py:35: NotOpenSSLWarning: urllib3 v2 only supports OpenSSL 1.1.1+, currently the 'ssl' module is compiled with 'LibreSSL 2.8.3'. See: https://github.com/urllib3/urllib3/issues/3020
  warnings.warn(
2026-08-21 06:21:12,812 - INFO - Bot state startup reconciliation finished: 0 bot(s) reconciled to STOPPED.
2026-08-21 06:21:13,450 - INFO - Telegram notification service initialized successfully (Chat ID: 5657...)
2026-08-21 06:21:13,482 - INFO - Initializing scheduled trading bot live runner for bot-1787212335368-3b15...
2026-08-21 06:21:13,947 - INFO - SQLite database tables verified/created.
2026-08-21 06:21:14,517 - INFO - Initializing CCXT Binance in TESTNET mode.
2026-08-21 06:21:40,908 - INFO - [bot-1787212335368-3b15] Pre-flight instrument resolved: BTC/USDT (SPOT via binance_spot)
2026-08-21 06:21:41,547 - INFO - [bot-1787212335368-3b15] Starting signal check cycle for BTC/USDT (5m)...
2026-08-21 06:21:41,571 - INFO - Fetching recent candles for BTC/USDT (5m) [Bot: bot-1787212335368-3b15] via ProviderManager...
2026-08-21 06:22:59,580 - INFO - Indicators computed | close=73807.99 ema_9=73645.37 ema_20=73424.18 ema_50=73102.60 ema_200=72114.37 macd=244.1030 poc=64325.0 val=63575.0 vah=71300.0
2026-08-21 06:22:59,589 - INFO - [bot-1787212335368-3b15] Evaluating strategy on completed candle: 2026-08-21 00:45:00+00:00 at Close price: 73761.56
2026-08-21 06:22:59,909 - INFO - Confluence Evaluation | Regime: TRENDING (ADX=53.5) | Direction: LONG | BullScore: 100.0% | BearScore: 0.0% | Active: ['ema_9', 'ema_20', 'rsi', 'vwap', 'supertrend', 'atr']
2026-08-21 06:23:00,380 - INFO - Capping position size 0.986064 BTC to available cash equivalent 0.203358 BTC.
2026-08-21 06:23:00,410 - INFO - Created pending signal approval ID 99 for bot bot-1787212335368-3b15 (LONG @ $73761.56, status: WAITING_APPROVAL)
2026-08-21 06:23:00,442 - INFO - [bot-1787212335368-3b15] Signal LONG generated (ID: 99). Waiting for manual user approval.
2026-08-21 06:23:01,079 - INFO - Logged heartbeat status: OK
2026-08-21 06:23:01,409 - INFO - Adding job tentatively -- it will be properly scheduled when the scheduler starts
2026-08-21 06:23:01,410 - INFO - Bot bot-1787212335368-3b15 scheduled to check every 5 minutes.
2026-08-21 06:23:01,425 - INFO - Added job "LiveRunner.process_cycle" to job store "default"
2026-08-21 06:23:01,425 - INFO - Scheduler started
2026-08-21 06:28:01,584 - INFO - Running job "LiveRunner.process_cycle (trigger: interval[0:05:00], next run at: 2026-08-21 06:33:01 IST)" (scheduled at 2026-08-21 06:28:01.396862+05:30)
2026-08-21 06:28:01,662 - INFO - [bot-1787212335368-3b15] Starting signal check cycle for BTC/USDT (5m)...
2026-08-21 06:28:01,731 - INFO - Fetching recent candles for BTC/USDT (5m) [Bot: bot-1787212335368-3b15] via ProviderManager...
2026-08-21 06:28:02,477 - INFO - Indicators computed | close=73675.99 ema_9=73628.77 ema_20=73435.93 ema_50=73119.74 ema_200=72128.52 macd=225.0612 poc=64325.0 val=63575.0 vah=71300.0
2026-08-21 06:28:02,478 - INFO - [bot-1787212335368-3b15] Evaluating strategy on completed candle: 2026-08-21 00:50:00+00:00 at Close price: 73666.00
2026-08-21 06:28:02,546 - INFO - Confluence Evaluation | Regime: TRENDING (ADX=53.5) | Direction: HOLD | BullScore: 55.9% | BearScore: 44.1% | Active: ['ema_9', 'ema_20', 'rsi', 'vwap', 'supertrend', 'atr']
2026-08-21 06:28:02,642 - INFO - Signal evaluated: HOLD. Reason/Details: Confluence score: 56% (HOLD)
2026-08-21 06:28:02,828 - INFO - Logged heartbeat status: OK
2026-08-21 06:28:02,828 - INFO - Job "LiveRunner.process_cycle (trigger: interval[0:05:00], next run at: 2026-08-21 06:33:01 IST)" executed successfully
2026-08-21 06:33:01,493 - INFO - Running job "LiveRunner.process_cycle (trigger: interval[0:05:00], next run at: 2026-08-21 06:38:01 IST)" (scheduled at 2026-08-21 06:33:01.396862+05:30)
2026-08-21 06:33:01,511 - INFO - [bot-1787212335368-3b15] Starting signal check cycle for BTC/USDT (5m)...
2026-08-21 06:33:01,559 - INFO - Fetching recent candles for BTC/USDT (5m) [Bot: bot-1787212335368-3b15] via ProviderManager...
2026-08-21 06:33:02,286 - INFO - Indicators computed | close=73829.19 ema_9=73673.98 ema_20=73476.14 ema_50=73148.76 ema_200=72145.75 macd=230.6456 poc=64325.0 val=63575.0 vah=71300.0
2026-08-21 06:33:02,287 - INFO - [bot-1787212335368-3b15] Evaluating strategy on completed candle: 2026-08-21 00:55:00+00:00 at Close price: 73708.02
2026-08-21 06:33:02,353 - INFO - Confluence Evaluation | Regime: TRENDING (ADX=53.7) | Direction: LONG | BullScore: 100.0% | BearScore: 0.0% | Active: ['ema_9', 'ema_20', 'rsi', 'vwap', 'supertrend', 'atr']
2026-08-21 06:33:02,456 - INFO - Capping position size 1.196649 BTC to available cash equivalent 0.203506 BTC.
2026-08-21 06:33:02,467 - INFO - [bot-1787212335368-3b15] Signal LONG active pending approval already exists (ID: 99).
2026-08-21 06:33:02,685 - INFO - Logged heartbeat status: OK
2026-08-21 06:33:02,685 - INFO - Job "LiveRunner.process_cycle (trigger: interval[0:05:00], next run at: 2026-08-21 06:38:01 IST)" executed successfully
2026-08-21 06:38:01,410 - INFO - Running job "LiveRunner.process_cycle (trigger: interval[0:05:00], next run at: 2026-08-21 06:43:01 IST)" (scheduled at 2026-08-21 06:38:01.396862+05:30)
2026-08-21 06:38:01,419 - INFO - [bot-1787212335368-3b15] Starting signal check cycle for BTC/USDT (5m)...
2026-08-21 06:38:01,470 - INFO - Fetching recent candles for BTC/USDT (5m) [Bot: bot-1787212335368-3b15] via ProviderManager...
2026-08-21 06:38:02,653 - INFO - Indicators computed | close=73879.79 ema_9=73716.87 ema_20=73515.52 ema_50=73177.84 ema_200=72163.12 macd=235.0935 poc=64325.0 val=63575.0 vah=71325.0
2026-08-21 06:38:02,654 - INFO - [bot-1787212335368-3b15] Evaluating strategy on completed candle: 2026-08-21 01:00:00+00:00 at Close price: 73840.01
2026-08-21 06:38:02,716 - INFO - Confluence Evaluation | Regime: TRENDING (ADX=55.5) | Direction: LONG | BullScore: 100.0% | BearScore: 0.0% | Active: ['ema_9', 'ema_20', 'rsi', 'vwap', 'supertrend', 'atr']
2026-08-21 06:38:02,805 - INFO - Capping position size 0.783924 BTC to available cash equivalent 0.203142 BTC.
2026-08-21 06:38:02,864 - INFO - [bot-1787212335368-3b15] Signal LONG active pending approval already exists (ID: 99).
2026-08-21 06:38:03,046 - INFO - Logged heartbeat status: OK
2026-08-21 06:38:03,047 - INFO - Job "LiveRunner.process_cycle (trigger: interval[0:05:00], next run at: 2026-08-21 06:43:01 IST)" executed successfully
2026-08-21 06:43:01,514 - INFO - Running job "LiveRunner.process_cycle (trigger: interval[0:05:00], next run at: 2026-08-21 06:48:01 IST)" (scheduled at 2026-08-21 06:43:01.396862+05:30)
2026-08-21 06:43:01,548 - INFO - [bot-1787212335368-3b15] Starting signal check cycle for BTC/USDT (5m)...
2026-08-21 06:43:01,606 - INFO - Fetching recent candles for BTC/USDT (5m) [Bot: bot-1787212335368-3b15] via ProviderManager...
2026-08-21 06:43:02,484 - INFO - Indicators computed | close=73930.84 ema_9=73767.68 ema_20=73559.39 ema_50=73209.26 ema_200=72181.20 macd=242.3797 poc=64325.0 val=63575.0 vah=71325.0
2026-08-21 06:43:02,486 - INFO - [bot-1787212335368-3b15] Evaluating strategy on completed candle: 2026-08-21 01:05:00+00:00 at Close price: 73929.87
2026-08-21 06:43:02,820 - INFO - Confluence Evaluation | Regime: TRENDING (ADX=57.3) | Direction: LONG | BullScore: 100.0% | BearScore: 0.0% | Active: ['ema_9', 'ema_20', 'rsi', 'vwap', 'supertrend', 'atr']
2026-08-21 06:43:03,239 - INFO - Capping position size 0.722509 BTC to available cash equivalent 0.202895 BTC.
2026-08-21 06:43:03,420 - INFO - [bot-1787212335368-3b15] Signal LONG active pending approval already exists (ID: 99).
2026-08-21 06:43:03,956 - INFO - Logged heartbeat status: OK
2026-08-21 06:43:03,956 - INFO - Job "LiveRunner.process_cycle (trigger: interval[0:05:00], next run at: 2026-08-21 06:48:01 IST)" executed successfully
2026-08-21 06:48:01,461 - INFO - Running job "LiveRunner.process_cycle (trigger: interval[0:05:00], next run at: 2026-08-21 06:53:01 IST)" (scheduled at 2026-08-21 06:48:01.396862+05:30)
2026-08-21 06:48:01,512 - INFO - [bot-1787212335368-3b15] Starting signal check cycle for BTC/USDT (5m)...
2026-08-21 06:48:01,570 - INFO - Fetching recent candles for BTC/USDT (5m) [Bot: bot-1787212335368-3b15] via ProviderManager...
2026-08-21 06:48:02,532 - INFO - Indicators computed | close=74405.49 ema_9=73904.79 ema_20=73645.11 ema_50=73258.42 ema_200=72203.92 macd=283.7345 poc=64325.0 val=63575.0 vah=71350.0
2026-08-21 06:48:02,536 - INFO - [bot-1787212335368-3b15] Evaluating strategy on completed candle: 2026-08-21 01:10:00+00:00 at Close price: 73990.50
2026-08-21 06:48:02,747 - INFO - Confluence Evaluation | Regime: TRENDING (ADX=59.3) | Direction: LONG | BullScore: 100.0% | BearScore: 0.0% | Active: ['ema_9', 'ema_20', 'rsi', 'vwap', 'supertrend', 'atr']
2026-08-21 06:48:02,865 - INFO - Capping position size 0.630451 BTC to available cash equivalent 0.202729 BTC.
2026-08-21 06:48:02,898 - INFO - [bot-1787212335368-3b15] Signal LONG active pending approval already exists (ID: 99).
2026-08-21 06:48:02,965 - INFO - Logged heartbeat status: OK
2026-08-21 06:48:02,965 - INFO - Job "LiveRunner.process_cycle (trigger: interval[0:05:00], next run at: 2026-08-21 06:53:01 IST)" executed successfully
2026-08-21 06:53:01,411 - INFO - Running job "LiveRunner.process_cycle (trigger: interval[0:05:00], next run at: 2026-08-21 06:58:01 IST)" (scheduled at 2026-08-21 06:53:01.396862+05:30)
2026-08-21 06:53:01,420 - INFO - [bot-1787212335368-3b15] Starting signal check cycle for BTC/USDT (5m)...
2026-08-21 06:53:01,466 - INFO - Fetching recent candles for BTC/USDT (5m) [Bot: bot-1787212335368-3b15] via ProviderManager...
2026-08-21 06:53:01,848 - INFO - Indicators computed | close=74274.53 ema_9=74019.44 ema_20=73726.98 ema_50=73307.85 ema_200=72227.03 macd=314.3963 poc=64325.0 val=63575.0 vah=71425.0
2026-08-21 06:53:01,849 - INFO - [bot-1787212335368-3b15] Evaluating strategy on completed candle: 2026-08-21 01:15:00+00:00 at Close price: 74659.92
2026-08-21 06:53:01,931 - INFO - Confluence Evaluation | Regime: TRENDING (ADX=60.9) | Direction: LONG | BullScore: 100.0% | BearScore: 0.0% | Active: ['ema_9', 'ema_20', 'rsi', 'vwap', 'supertrend', 'atr']
2026-08-21 06:53:01,956 - INFO - Capping position size 0.261947 BTC to available cash equivalent 0.200911 BTC.
2026-08-21 06:53:02,053 - INFO - Created pending signal approval ID 129 for bot bot-1787212335368-3b15 (LONG @ $74659.92, status: WAITING_APPROVAL)
2026-08-21 06:53:02,127 - INFO - [bot-1787212335368-3b15] Signal LONG generated (ID: 129). Waiting for manual user approval.
2026-08-21 06:53:02,313 - INFO - Logged heartbeat status: OK
2026-08-21 06:53:02,314 - INFO - Job "LiveRunner.process_cycle (trigger: interval[0:05:00], next run at: 2026-08-21 06:58:01 IST)" executed successfully
2026-08-21 06:58:01,416 - INFO - Running job "LiveRunner.process_cycle (trigger: interval[0:05:00], next run at: 2026-08-21 07:03:01 IST)" (scheduled at 2026-08-21 06:58:01.396862+05:30)
2026-08-21 06:58:01,426 - INFO - [bot-1787212335368-3b15] Starting signal check cycle for BTC/USDT (5m)...
2026-08-21 06:58:01,478 - INFO - Fetching recent candles for BTC/USDT (5m) [Bot: bot-1787212335368-3b15] via ProviderManager...
2026-08-21 06:58:01,910 - INFO - Indicators computed | close=74735.95 ema_9=74199.08 ema_20=73842.64 ema_50=73372.41 ema_200=72254.23 macd=369.7276 poc=64325.0 val=63575.0 vah=71450.0
2026-08-21 06:58:01,911 - INFO - [bot-1787212335368-3b15] Evaluating strategy on completed candle: 2026-08-21 01:20:00+00:00 at Close price: 74501.59
2026-08-21 06:58:01,971 - INFO - Confluence Evaluation | Regime: TRENDING (ADX=62.1) | Direction: HOLD | BullScore: 55.9% | BearScore: 44.1% | Active: ['ema_9', 'ema_20', 'rsi', 'vwap', 'supertrend', 'atr']
2026-08-21 06:58:02,056 - INFO - Signal evaluated: HOLD. Reason/Details: Confluence score: 56% (HOLD)
2026-08-21 06:58:02,274 - INFO - Logged heartbeat status: OK
2026-08-21 06:58:02,275 - INFO - Job "LiveRunner.process_cycle (trigger: interval[0:05:00], next run at: 2026-08-21 07:03:01 IST)" executed successfully
2026-08-21 07:03:01,412 - INFO - Running job "LiveRunner.process_cycle (trigger: interval[0:05:00], next run at: 2026-08-21 07:08:01 IST)" (scheduled at 2026-08-21 07:03:01.396862+05:30)
2026-08-21 07:03:01,417 - INFO - [bot-1787212335368-3b15] Starting signal check cycle for BTC/USDT (5m)...
2026-08-21 07:03:01,459 - INFO - Fetching recent candles for BTC/USDT (5m) [Bot: bot-1787212335368-3b15] via ProviderManager...
2026-08-21 07:03:01,823 - INFO - Indicators computed | close=74959.19 ema_9=74349.63 ema_20=73948.18 ema_50=73434.29 ema_200=72281.06 macd=411.9167 poc=64325.0 val=63575.0 vah=71475.0
2026-08-21 07:03:01,824 - INFO - [bot-1787212335368-3b15] Evaluating strategy on completed candle: 2026-08-21 01:25:00+00:00 at Close price: 74726.77
2026-08-21 07:03:01,878 - INFO - Confluence Evaluation | Regime: TRENDING (ADX=62.4) | Direction: LONG | BullScore: 100.0% | BearScore: 0.0% | Active: ['ema_9', 'ema_20', 'rsi', 'vwap', 'supertrend', 'atr']
2026-08-21 07:03:01,960 - INFO - Capping position size 0.302243 BTC to available cash equivalent 0.200731 BTC.
2026-08-21 07:03:02,011 - INFO - [bot-1787212335368-3b15] Signal LONG active pending approval already exists (ID: 129).
2026-08-21 07:03:02,172 - INFO - Logged heartbeat status: OK
2026-08-21 07:03:02,172 - INFO - Job "LiveRunner.process_cycle (trigger: interval[0:05:00], next run at: 2026-08-21 07:08:01 IST)" executed successfully
/Users/ashishparadkar/Downloads/algo-code-main/.venv/lib/python3.9/site-packages/urllib3/__init__.py:35: NotOpenSSLWarning: urllib3 v2 only supports OpenSSL 1.1.1+, currently the 'ssl' module is compiled with 'LibreSSL 2.8.3'. See: https://github.com/urllib3/urllib3/issues/3020
  warnings.warn(
2026-08-21 12:13:51,270 - INFO - Bot state startup reconciliation finished: 0 bot(s) reconciled to STOPPED.
2026-08-21 12:13:52,280 - INFO - Telegram notification service initialized successfully (Chat ID: 5657...)
2026-08-21 12:13:52,328 - INFO - Initializing scheduled trading bot live runner for bot-1787212335368-3b15...
2026-08-21 12:13:52,840 - INFO - SQLite database tables verified/created.
2026-08-21 12:13:53,582 - INFO - Initializing CCXT Binance in TESTNET mode.
2026-08-21 12:14:23,688 - INFO - [bot-1787212335368-3b15] Pre-flight instrument resolved: BTC/USDT (SPOT via binance_spot)
2026-08-21 12:14:24,268 - INFO - [bot-1787212335368-3b15] Starting signal check cycle for BTC/USDT (5m)...
2026-08-21 12:14:24,687 - INFO - Fetching recent candles for BTC/USDT (5m) [Bot: bot-1787212335368-3b15] via ProviderManager...
2026-08-21 12:15:45,270 - INFO - Indicators computed | close=75338.00 ema_9=75416.42 ema_20=75324.28 ema_50=75011.67 ema_200=73557.73 macd=129.9166 poc=64275.0 val=64025.0 vah=71850.0
2026-08-21 12:15:45,305 - INFO - [bot-1787212335368-3b15] Evaluating strategy on completed candle: 2026-08-21 06:40:00+00:00 at Close price: 75394.97
2026-08-21 12:15:46,160 - INFO - Confluence Evaluation | Regime: TRENDING (ADX=26.8) | Direction: HOLD | BullScore: 55.9% | BearScore: 44.1% | Active: ['ema_9', 'ema_20', 'rsi', 'vwap', 'supertrend', 'atr']
2026-08-21 12:15:46,506 - INFO - Signal evaluated: HOLD. Reason/Details: Confluence score: 56% (HOLD)
2026-08-21 12:15:47,135 - INFO - Logged heartbeat status: OK
2026-08-21 12:15:47,163 - INFO - Adding job tentatively -- it will be properly scheduled when the scheduler starts
2026-08-21 12:15:47,164 - INFO - Bot bot-1787212335368-3b15 scheduled to check every 5 minutes.
2026-08-21 12:15:47,169 - INFO - Added job "LiveRunner.process_cycle" to job store "default"
2026-08-21 12:15:47,169 - INFO - Scheduler started
2026-08-21 12:20:47,435 - INFO - Running job "LiveRunner.process_cycle (trigger: interval[0:05:00], next run at: 2026-08-21 12:20:47 IST)" (scheduled at 2026-08-21 12:20:47.162394+05:30)
2026-08-21 12:20:47,572 - INFO - [bot-1787212335368-3b15] Starting signal check cycle for BTC/USDT (5m)...
2026-08-21 12:20:47,655 - INFO - Fetching recent candles for BTC/USDT (5m) [Bot: bot-1787212335368-3b15] via ProviderManager...
2026-08-21 12:20:48,656 - INFO - Indicators computed | close=75492.01 ema_9=75460.06 ema_20=75355.62 ema_50=75037.22 ema_200=73578.73 macd=138.9768 poc=64275.0 val=64025.0 vah=71850.0
2026-08-21 12:20:48,661 - INFO - [bot-1787212335368-3b15] Evaluating strategy on completed candle: 2026-08-21 06:45:00+00:00 at Close price: 75516.28
2026-08-21 12:20:48,717 - INFO - Confluence Evaluation | Regime: TRENDING (ADX=25.9) | Direction: LONG | BullScore: 100.0% | BearScore: 0.0% | Active: ['ema_9', 'ema_20', 'rsi', 'vwap', 'supertrend', 'atr']
2026-08-21 12:20:48,771 - INFO - Capping position size 0.762854 BTC to available cash equivalent 0.198633 BTC.
2026-08-21 12:20:48,845 - INFO - Created pending signal approval ID 156 for bot bot-1787212335368-3b15 (LONG @ $75516.28, status: WAITING_APPROVAL)
2026-08-21 12:20:48,930 - INFO - [bot-1787212335368-3b15] Signal LONG generated (ID: 156). Waiting for manual user approval.
2026-08-21 12:20:49,116 - INFO - Logged heartbeat status: OK
2026-08-21 12:20:49,116 - INFO - Job "LiveRunner.process_cycle (trigger: interval[0:05:00], next run at: 2026-08-21 12:25:47 IST)" executed successfully
2026-08-21 12:25:47,177 - INFO - Running job "LiveRunner.process_cycle (trigger: interval[0:05:00], next run at: 2026-08-21 12:30:47 IST)" (scheduled at 2026-08-21 12:25:47.162394+05:30)
2026-08-21 12:25:47,189 - INFO - [bot-1787212335368-3b15] Starting signal check cycle for BTC/USDT (5m)...
2026-08-21 12:25:47,236 - INFO - Fetching recent candles for BTC/USDT (5m) [Bot: bot-1787212335368-3b15] via ProviderManager...
2026-08-21 12:25:48,537 - INFO - Indicators computed | close=75581.43 ema_9=75492.65 ema_20=75381.60 ema_50=75060.52 ema_200=73599.17 macd=143.6843 poc=64275.0 val=64025.0 vah=71875.0
2026-08-21 12:25:48,538 - INFO - [bot-1787212335368-3b15] Evaluating strategy on completed candle: 2026-08-21 06:50:00+00:00 at Close price: 75544.00
2026-08-21 12:25:48,604 - INFO - Confluence Evaluation | Regime: TRENDING (ADX=25.1) | Direction: LONG | BullScore: 100.0% | BearScore: 0.0% | Active: ['ema_9', 'ema_20', 'rsi', 'vwap', 'supertrend', 'atr']
2026-08-21 12:25:48,706 - INFO - Capping position size 0.939555 BTC to available cash equivalent 0.198560 BTC.
2026-08-21 12:25:48,760 - INFO - [bot-1787212335368-3b15] Signal LONG active pending approval already exists (ID: 156).
2026-08-21 12:25:48,971 - INFO - Logged heartbeat status: OK
2026-08-21 12:25:48,971 - INFO - Job "LiveRunner.process_cycle (trigger: interval[0:05:00], next run at: 2026-08-21 12:30:47 IST)" executed successfully
2026-08-21 12:30:47,237 - INFO - Running job "LiveRunner.process_cycle (trigger: interval[0:05:00], next run at: 2026-08-21 12:35:47 IST)" (scheduled at 2026-08-21 12:30:47.162394+05:30)
2026-08-21 12:30:47,252 - INFO - [bot-1787212335368-3b15] Starting signal check cycle for BTC/USDT (5m)...
2026-08-21 12:30:47,295 - INFO - Fetching recent candles for BTC/USDT (5m) [Bot: bot-1787212335368-3b15] via ProviderManager...
2026-08-21 12:30:47,822 - INFO - Indicators computed | close=75685.79 ema_9=75541.65 ema_20=75416.16 ema_50=75087.48 ema_200=73620.57 macd=154.8006 poc=64275.0 val=64025.0 vah=71875.0
2026-08-21 12:30:47,829 - INFO - [bot-1787212335368-3b15] Evaluating strategy on completed candle: 2026-08-21 06:55:00+00:00 at Close price: 75646.21
2026-08-21 12:30:47,918 - INFO - Confluence Evaluation | Regime: RANGING (ADX=24.8) | Direction: LONG | BullScore: 100.0% | BearScore: 0.0% | Active: ['ema_9', 'ema_20', 'rsi', 'vwap', 'supertrend', 'atr']
2026-08-21 12:30:48,008 - INFO - Capping position size 0.711727 BTC to available cash equivalent 0.198291 BTC.
2026-08-21 12:30:48,073 - INFO - [bot-1787212335368-3b15] Signal LONG active pending approval already exists (ID: 156).
2026-08-21 12:30:48,334 - INFO - Logged heartbeat status: OK
2026-08-21 12:30:48,334 - INFO - Job "LiveRunner.process_cycle (trigger: interval[0:05:00], next run at: 2026-08-21 12:35:47 IST)" executed successfully
2026-08-21 12:35:47,199 - INFO - Running job "LiveRunner.process_cycle (trigger: interval[0:05:00], next run at: 2026-08-21 12:40:47 IST)" (scheduled at 2026-08-21 12:35:47.162394+05:30)
2026-08-21 12:35:47,207 - INFO - [bot-1787212335368-3b15] Starting signal check cycle for BTC/USDT (5m)...
2026-08-21 12:35:47,254 - INFO - Fetching recent candles for BTC/USDT (5m) [Bot: bot-1787212335368-3b15] via ProviderManager...
2026-08-21 12:35:47,752 - INFO - Indicators computed | close=75724.01 ema_9=75585.77 ema_20=75449.60 ema_50=75114.24 ema_200=73641.97 macd=163.6913 poc=64275.0 val=64025.0 vah=71875.0
2026-08-21 12:35:47,753 - INFO - [bot-1787212335368-3b15] Evaluating strategy on completed candle: 2026-08-21 07:00:00+00:00 at Close price: 75733.61
2026-08-21 12:35:47,812 - INFO - Confluence Evaluation | Regime: RANGING (ADX=23.7) | Direction: LONG | BullScore: 100.0% | BearScore: 0.0% | Active: ['ema_9', 'ema_20', 'rsi', 'vwap', 'supertrend', 'atr']
2026-08-21 12:35:47,908 - INFO - Capping position size 0.589495 BTC to available cash equivalent 0.198063 BTC.
2026-08-21 12:35:47,969 - INFO - [bot-1787212335368-3b15] Signal LONG active pending approval already exists (ID: 156).
2026-08-21 12:35:48,180 - INFO - Logged heartbeat status: OK
2026-08-21 12:35:48,180 - INFO - Job "LiveRunner.process_cycle (trigger: interval[0:05:00], next run at: 2026-08-21 12:40:47 IST)" executed successfully
2026-08-21 12:40:47,176 - INFO - Running job "LiveRunner.process_cycle (trigger: interval[0:05:00], next run at: 2026-08-21 12:45:47 IST)" (scheduled at 2026-08-21 12:40:47.162394+05:30)
2026-08-21 12:40:47,181 - INFO - [bot-1787212335368-3b15] Starting signal check cycle for BTC/USDT (5m)...
2026-08-21 12:40:47,224 - INFO - Fetching recent candles for BTC/USDT (5m) [Bot: bot-1787212335368-3b15] via ProviderManager...
2026-08-21 12:40:47,649 - INFO - Indicators computed | close=75879.34 ema_9=75667.57 ema_20=75502.96 ema_50=75149.68 ema_200=73665.65 macd=187.0794 poc=64275.0 val=64025.0 vah=71875.0
2026-08-21 12:40:47,650 - INFO - [bot-1787212335368-3b15] Evaluating strategy on completed candle: 2026-08-21 07:05:00+00:00 at Close price: 75868.28
2026-08-21 12:40:47,715 - INFO - Confluence Evaluation | Regime: RANGING (ADX=22.5) | Direction: LONG | BullScore: 100.0% | BearScore: 0.0% | Active: ['ema_9', 'ema_20', 'rsi', 'vwap', 'supertrend', 'atr']
2026-08-21 12:40:47,804 - INFO - Capping position size 0.466143 BTC to available cash equivalent 0.197711 BTC.
2026-08-21 12:40:47,857 - INFO - [bot-1787212335368-3b15] Signal LONG active pending approval already exists (ID: 156).
2026-08-21 12:40:48,067 - INFO - Logged heartbeat status: OK
2026-08-21 12:40:48,067 - INFO - Job "LiveRunner.process_cycle (trigger: interval[0:05:00], next run at: 2026-08-21 12:45:47 IST)" executed successfully
2026-08-21 12:45:47,172 - INFO - Running job "LiveRunner.process_cycle (trigger: interval[0:05:00], next run at: 2026-08-21 12:50:47 IST)" (scheduled at 2026-08-21 12:45:47.162394+05:30)
2026-08-21 12:45:47,177 - INFO - [bot-1787212335368-3b15] Starting signal check cycle for BTC/USDT (5m)...
2026-08-21 12:45:47,215 - INFO - Fetching recent candles for BTC/USDT (5m) [Bot: bot-1787212335368-3b15] via ProviderManager...
2026-08-21 12:45:47,600 - INFO - Indicators computed | close=76314.48 ema_9=75811.45 ema_20=75588.05 ema_50=75198.78 ema_200=73692.90 macd=234.5499 poc=64275.0 val=64025.0 vah=71875.0
2026-08-21 12:45:47,601 - INFO - [bot-1787212335368-3b15] Evaluating strategy on completed candle: 2026-08-21 07:10:00+00:00 at Close price: 75969.99
2026-08-21 12:45:47,667 - INFO - Confluence Evaluation | Regime: RANGING (ADX=21.9) | Direction: LONG | BullScore: 100.0% | BearScore: 0.0% | Active: ['ema_9', 'ema_20', 'rsi', 'vwap', 'supertrend', 'atr']
2026-08-21 12:45:47,751 - INFO - Capping position size 0.480430 BTC to available cash equivalent 0.197446 BTC.
2026-08-21 12:45:47,809 - INFO - [bot-1787212335368-3b15] Signal LONG active pending approval already exists (ID: 156).
2026-08-21 12:45:48,016 - INFO - Logged heartbeat status: OK
2026-08-21 12:45:48,017 - INFO - Job "LiveRunner.process_cycle (trigger: interval[0:05:00], next run at: 2026-08-21 12:50:47 IST)" executed successfully
2026-08-21 12:50:47,220 - INFO - Running job "LiveRunner.process_cycle (trigger: interval[0:05:00], next run at: 2026-08-21 12:55:47 IST)" (scheduled at 2026-08-21 12:50:47.162394+05:30)
2026-08-21 12:50:47,230 - INFO - [bot-1787212335368-3b15] Starting signal check cycle for BTC/USDT (5m)...
2026-08-21 12:50:47,275 - INFO - Fetching recent candles for BTC/USDT (5m) [Bot: bot-1787212335368-3b15] via ProviderManager...
2026-08-21 12:50:47,801 - INFO - Indicators computed | close=76410.83 ema_9=75958.53 ema_20=75681.06 ema_50=75252.71 ema_200=73721.62 macd=281.5597 poc=64275.0 val=64025.0 vah=71900.0
2026-08-21 12:50:47,803 - INFO - [bot-1787212335368-3b15] Evaluating strategy on completed candle: 2026-08-21 07:15:00+00:00 at Close price: 76484.48
2026-08-21 12:50:47,876 - INFO - Confluence Evaluation | Regime: RANGING (ADX=23.2) | Direction: LONG | BullScore: 100.0% | BearScore: 0.0% | Active: ['ema_9', 'ema_20', 'rsi', 'vwap', 'supertrend', 'atr']
2026-08-21 12:50:47,981 - INFO - Capping position size 0.292963 BTC to available cash equivalent 0.196118 BTC.
2026-08-21 12:50:48,037 - INFO - [bot-1787212335368-3b15] Signal LONG active pending approval already exists (ID: 156).
2026-08-21 12:50:48,411 - INFO - Logged heartbeat status: OK
2026-08-21 12:50:48,412 - INFO - Job "LiveRunner.process_cycle (trigger: interval[0:05:00], next run at: 2026-08-21 12:55:47 IST)" executed successfully
2026-08-21 12:55:47,182 - INFO - Running job "LiveRunner.process_cycle (trigger: interval[0:05:00], next run at: 2026-08-21 13:00:47 IST)" (scheduled at 2026-08-21 12:55:47.162394+05:30)
2026-08-21 12:55:47,192 - INFO - [bot-1787212335368-3b15] Starting signal check cycle for BTC/USDT (5m)...
2026-08-21 12:55:47,236 - INFO - Fetching recent candles for BTC/USDT (5m) [Bot: bot-1787212335368-3b15] via ProviderManager...
2026-08-21 12:55:47,677 - INFO - Indicators computed | close=76361.72 ema_9=76014.05 ema_20=75732.36 ema_50=75290.29 ema_200=73746.35 macd=290.9705 poc=64275.0 val=64025.0 vah=71900.0
2026-08-21 12:55:47,678 - INFO - [bot-1787212335368-3b15] Evaluating strategy on completed candle: 2026-08-21 07:20:00+00:00 at Close price: 76253.84
2026-08-21 12:55:47,745 - INFO - Confluence Evaluation | Regime: TRENDING (ADX=25.2) | Direction: HOLD | BullScore: 55.9% | BearScore: 44.1% | Active: ['ema_9', 'ema_20', 'rsi', 'vwap', 'supertrend', 'atr']
2026-08-21 12:55:47,846 - INFO - Signal evaluated: HOLD. Reason/Details: Confluence score: 56% (HOLD)
2026-08-21 12:55:48,263 - INFO - Logged heartbeat status: OK
2026-08-21 12:55:48,264 - INFO - Job "LiveRunner.process_cycle (trigger: interval[0:05:00], next run at: 2026-08-21 13:00:47 IST)" executed successfully
2026-08-21 13:00:47,183 - INFO - Running job "LiveRunner.process_cycle (trigger: interval[0:05:00], next run at: 2026-08-21 13:05:47 IST)" (scheduled at 2026-08-21 13:00:47.162394+05:30)
2026-08-21 13:00:47,213 - INFO - [bot-1787212335368-3b15] Starting signal check cycle for BTC/USDT (5m)...
2026-08-21 13:00:47,263 - INFO - Fetching recent candles for BTC/USDT (5m) [Bot: bot-1787212335368-3b15] via ProviderManager...
2026-08-21 13:00:47,800 - INFO - Indicators computed | close=76464.00 ema_9=76111.82 ema_20=75806.23 ema_50=75338.15 ema_200=73773.87 macd=315.9957 poc=64275.0 val=64025.0 vah=71925.0
2026-08-21 13:00:47,803 - INFO - [bot-1787212335368-3b15] Evaluating strategy on completed candle: 2026-08-21 07:25:00+00:00 at Close price: 76410.38
2026-08-21 13:00:47,879 - INFO - Confluence Evaluation | Regime: TRENDING (ADX=27.7) | Direction: LONG | BullScore: 100.0% | BearScore: 0.0% | Active: ['ema_9', 'ema_20', 'rsi', 'vwap', 'supertrend', 'atr']
2026-08-21 13:00:47,966 - INFO - Capping position size 0.360564 BTC to available cash equivalent 0.196308 BTC.
2026-08-21 13:00:48,085 - INFO - Created pending signal approval ID 183 for bot bot-1787212335368-3b15 (LONG @ $76410.38, status: WAITING_APPROVAL)
2026-08-21 13:00:48,202 - INFO - [bot-1787212335368-3b15] Signal LONG generated (ID: 183). Waiting for manual user approval.
2026-08-21 13:00:48,401 - INFO - Logged heartbeat status: OK
2026-08-21 13:00:48,401 - INFO - Job "LiveRunner.process_cycle (trigger: interval[0:05:00], next run at: 2026-08-21 13:05:47 IST)" executed successfully
2026-08-21 13:05:47,242 - INFO - Running job "LiveRunner.process_cycle (trigger: interval[0:05:00], next run at: 2026-08-21 13:10:47 IST)" (scheduled at 2026-08-21 13:05:47.162394+05:30)
2026-08-21 13:05:47,281 - INFO - [bot-1787212335368-3b15] Starting signal check cycle for BTC/USDT (5m)...
2026-08-21 13:05:47,329 - INFO - Fetching recent candles for BTC/USDT (5m) [Bot: bot-1787212335368-3b15] via ProviderManager...
2026-08-21 13:05:47,800 - INFO - Indicators computed | close=76393.78 ema_9=76155.51 ema_20=75855.35 ema_50=75376.56 ema_200=73799.15 macd=318.4687 poc=64325.0 val=64025.0 vah=71925.0
2026-08-21 13:05:47,801 - INFO - [bot-1787212335368-3b15] Evaluating strategy on completed candle: 2026-08-21 07:30:00+00:00 at Close price: 76384.61
2026-08-21 13:05:47,863 - INFO - Confluence Evaluation | Regime: TRENDING (ADX=33.2) | Direction: HOLD | BullScore: 55.9% | BearScore: 44.1% | Active: ['ema_9', 'ema_20', 'rsi', 'vwap', 'supertrend', 'atr']
2026-08-21 13:05:47,955 - INFO - Signal evaluated: HOLD. Reason/Details: Confluence score: 56% (HOLD)
2026-08-21 13:05:48,093 - INFO - Logged heartbeat status: OK
2026-08-21 13:05:48,093 - INFO - Job "LiveRunner.process_cycle (trigger: interval[0:05:00], next run at: 2026-08-21 13:10:47 IST)" executed successfully
2026-08-21 13:10:47,194 - INFO - Running job "LiveRunner.process_cycle (trigger: interval[0:05:00], next run at: 2026-08-21 13:15:47 IST)" (scheduled at 2026-08-21 13:10:47.162394+05:30)
2026-08-21 13:10:47,205 - INFO - [bot-1787212335368-3b15] Starting signal check cycle for BTC/USDT (5m)...
2026-08-21 13:10:47,249 - INFO - Fetching recent candles for BTC/USDT (5m) [Bot: bot-1787212335368-3b15] via ProviderManager...
2026-08-21 13:10:47,789 - INFO - Indicators computed | close=76546.54 ema_9=76254.48 ema_20=75932.36 ema_50=75427.33 ema_200=73827.77 macd=341.9161 poc=64325.0 val=64025.0 vah=71925.0
2026-08-21 13:10:47,790 - INFO - [bot-1787212335368-3b15] Evaluating strategy on completed candle: 2026-08-21 07:35:00+00:00 at Close price: 76523.53
2026-08-21 13:10:47,856 - INFO - Confluence Evaluation | Regime: TRENDING (ADX=38.7) | Direction: LONG | BullScore: 100.0% | BearScore: 0.0% | Active: ['ema_9', 'ema_20', 'rsi', 'vwap', 'supertrend', 'atr']
2026-08-21 13:10:47,995 - INFO - Capping position size 0.449324 BTC to available cash equivalent 0.196018 BTC.
2026-08-21 13:10:48,002 - INFO - [bot-1787212335368-3b15] Signal LONG active pending approval already exists (ID: 183).
2026-08-21 13:10:48,232 - INFO - Logged heartbeat status: OK
2026-08-21 13:10:48,232 - INFO - Job "LiveRunner.process_cycle (trigger: interval[0:05:00], next run at: 2026-08-21 13:15:47 IST)" executed successfully
2026-08-21 13:15:47,172 - INFO - Running job "LiveRunner.process_cycle (trigger: interval[0:05:00], next run at: 2026-08-21 13:20:47 IST)" (scheduled at 2026-08-21 13:15:47.162394+05:30)
2026-08-21 13:15:47,177 - INFO - [bot-1787212335368-3b15] Starting signal check cycle for BTC/USDT (5m)...
2026-08-21 13:15:47,224 - INFO - Fetching recent candles for BTC/USDT (5m) [Bot: bot-1787212335368-3b15] via ProviderManager...
2026-08-21 13:15:47,636 - INFO - Indicators computed | close=76530.84 ema_9=76317.65 ema_20=75993.61 ema_50=75472.46 ema_200=73855.15 macd=350.0679 poc=64325.0 val=64025.0 vah=71950.0
2026-08-21 13:15:47,637 - INFO - [bot-1787212335368-3b15] Evaluating strategy on completed candle: 2026-08-21 07:40:00+00:00 at Close price: 76595.89
2026-08-21 13:15:47,704 - INFO - Confluence Evaluation | Regime: TRENDING (ADX=43.7) | Direction: LONG | BullScore: 100.0% | BearScore: 0.0% | Active: ['ema_9', 'ema_20', 'rsi', 'vwap', 'supertrend', 'atr']
2026-08-21 13:15:47,807 - INFO - Capping position size 0.716897 BTC to available cash equivalent 0.195833 BTC.
2026-08-21 13:15:47,815 - INFO - [bot-1787212335368-3b15] Signal LONG active pending approval already exists (ID: 183).
2026-08-21 13:15:48,018 - INFO - Logged heartbeat status: OK
2026-08-21 13:15:48,018 - INFO - Job "LiveRunner.process_cycle (trigger: interval[0:05:00], next run at: 2026-08-21 13:20:47 IST)" executed successfully
2026-08-21 13:20:47,216 - INFO - Running job "LiveRunner.process_cycle (trigger: interval[0:05:00], next run at: 2026-08-21 13:25:47 IST)" (scheduled at 2026-08-21 13:20:47.162394+05:30)
2026-08-21 13:20:47,229 - INFO - [bot-1787212335368-3b15] Starting signal check cycle for BTC/USDT (5m)...
2026-08-21 13:20:47,273 - INFO - Fetching recent candles for BTC/USDT (5m) [Bot: bot-1787212335368-3b15] via ProviderManager...
2026-08-21 13:20:57,314 - ERROR - Binance Spot Network Error: binance GET https://api.binance.com/api/v3/klines?interval=5m&limit=1000&symbol=BTCUSDT
--- Logging error ---
Traceback (most recent call last):
  File "/Users/ashishparadkar/Downloads/algo-code-main/.venv/lib/python3.9/site-packages/urllib3/connectionpool.py", line 534, in _make_request
    response = conn.getresponse()
  File "/Users/ashishparadkar/Downloads/algo-code-main/.venv/lib/python3.9/site-packages/urllib3/connection.py", line 571, in getresponse
    httplib_response = super().getresponse()
  File "/Library/Developer/CommandLineTools/Library/Frameworks/Python3.framework/Versions/3.9/lib/python3.9/http/client.py", line 1349, in getresponse
    response.begin()
  File "/Library/Developer/CommandLineTools/Library/Frameworks/Python3.framework/Versions/3.9/lib/python3.9/http/client.py", line 316, in begin
    version, status, reason = self._read_status()
  File "/Library/Developer/CommandLineTools/Library/Frameworks/Python3.framework/Versions/3.9/lib/python3.9/http/client.py", line 277, in _read_status
    line = str(self.fp.readline(_MAXLINE + 1), "iso-8859-1")
  File "/Library/Developer/CommandLineTools/Library/Frameworks/Python3.framework/Versions/3.9/lib/python3.9/socket.py", line 704, in readinto
    return self._sock.recv_into(b)
  File "/Library/Developer/CommandLineTools/Library/Frameworks/Python3.framework/Versions/3.9/lib/python3.9/ssl.py", line 1241, in recv_into
    return self.read(nbytes, buffer)
  File "/Library/Developer/CommandLineTools/Library/Frameworks/Python3.framework/Versions/3.9/lib/python3.9/ssl.py", line 1099, in read
    return self._sslobj.read(len, buffer)
socket.timeout: The read operation timed out

The above exception was the direct cause of the following exception:

Traceback (most recent call last):
  File "/Users/ashishparadkar/Downloads/algo-code-main/.venv/lib/python3.9/site-packages/requests/adapters.py", line 644, in send
    resp = conn.urlopen(
  File "/Users/ashishparadkar/Downloads/algo-code-main/.venv/lib/python3.9/site-packages/urllib3/connectionpool.py", line 841, in urlopen
    retries = retries.increment(
  File "/Users/ashishparadkar/Downloads/algo-code-main/.venv/lib/python3.9/site-packages/urllib3/util/retry.py", line 490, in increment
    raise reraise(type(error), error, _stacktrace)
  File "/Users/ashishparadkar/Downloads/algo-code-main/.venv/lib/python3.9/site-packages/urllib3/util/util.py", line 39, in reraise
    raise value
  File "/Users/ashishparadkar/Downloads/algo-code-main/.venv/lib/python3.9/site-packages/urllib3/connectionpool.py", line 787, in urlopen
    response = self._make_request(
  File "/Users/ashishparadkar/Downloads/algo-code-main/.venv/lib/python3.9/site-packages/urllib3/connectionpool.py", line 536, in _make_request
    self._raise_timeout(err=e, url=url, timeout_value=read_timeout)
  File "/Users/ashishparadkar/Downloads/algo-code-main/.venv/lib/python3.9/site-packages/urllib3/connectionpool.py", line 367, in _raise_timeout
    raise ReadTimeoutError(
urllib3.exceptions.ReadTimeoutError: HTTPSConnectionPool(host='api.binance.com', port=443): Read timed out. (read timeout=10.0)

During handling of the above exception, another exception occurred:

Traceback (most recent call last):
  File "/Users/ashishparadkar/Downloads/algo-code-main/.venv/lib/python3.9/site-packages/ccxt/base/exchange.py", line 665, in fetch
    response = self.session.request(
  File "/Users/ashishparadkar/Downloads/algo-code-main/.venv/lib/python3.9/site-packages/requests/sessions.py", line 589, in request
    resp = self.send(prep, **send_kwargs)
  File "/Users/ashishparadkar/Downloads/algo-code-main/.venv/lib/python3.9/site-packages/requests/sessions.py", line 703, in send
    r = adapter.send(request, **kwargs)
  File "/Users/ashishparadkar/Downloads/algo-code-main/.venv/lib/python3.9/site-packages/requests/adapters.py", line 690, in send
    raise ReadTimeout(e, request=request)
requests.exceptions.ReadTimeout: HTTPSConnectionPool(host='api.binance.com', port=443): Read timed out. (read timeout=10.0)

The above exception was the direct cause of the following exception:

Traceback (most recent call last):
  File "/Users/ashishparadkar/Downloads/algo-code-main/src/provider_manager.py", line 351, in fetch_ohlcv_safe
    df = adapter.fetch_ohlcv(instrument, timeframe, limit=limit)
  File "/Users/ashishparadkar/Downloads/algo-code-main/src/provider_manager.py", line 211, in fetch_ohlcv
    raise net_err
  File "/Users/ashishparadkar/Downloads/algo-code-main/src/provider_manager.py", line 183, in fetch_ohlcv
    raw_candles = self.exchange.fetch_ohlcv(
  File "/Users/ashishparadkar/Downloads/algo-code-main/.venv/lib/python3.9/site-packages/ccxt/binance.py", line 4759, in fetch_ohlcv
    response = self.publicGetKlines(self.extend(request, params))
  File "/Users/ashishparadkar/Downloads/algo-code-main/.venv/lib/python3.9/site-packages/ccxt/base/types.py", line 35, in unbound_method
    return _self.request(self.path, self.api, self.method, params, config=self.config)
  File "/Users/ashishparadkar/Downloads/algo-code-main/.venv/lib/python3.9/site-packages/ccxt/binance.py", line 11724, in request
    response = self.fetch2(path, api, method, params, headers, body, config)
  File "/Users/ashishparadkar/Downloads/algo-code-main/.venv/lib/python3.9/site-packages/ccxt/base/exchange.py", line 5566, in fetch2
    raise e
  File "/Users/ashishparadkar/Downloads/algo-code-main/.venv/lib/python3.9/site-packages/ccxt/base/exchange.py", line 5549, in fetch2
    response = self.fetch(request['url'], request['method'], request['headers'], request['body'])
  File "/Users/ashishparadkar/Downloads/algo-code-main/.venv/lib/python3.9/site-packages/ccxt/base/exchange.py", line 698, in fetch
    raise RequestTimeout(details) from e
ccxt.base.errors.RequestTimeout: binance GET https://api.binance.com/api/v3/klines?interval=5m&limit=1000&symbol=BTCUSDT

During handling of the above exception, another exception occurred:

Traceback (most recent call last):
  File "/Library/Developer/CommandLineTools/Library/Frameworks/Python3.framework/Versions/3.9/lib/python3.9/logging/__init__.py", line 1083, in emit
    msg = self.format(record)
  File "/Library/Developer/CommandLineTools/Library/Frameworks/Python3.framework/Versions/3.9/lib/python3.9/logging/__init__.py", line 927, in format
    return fmt.format(record)
  File "/Library/Developer/CommandLineTools/Library/Frameworks/Python3.framework/Versions/3.9/lib/python3.9/logging/__init__.py", line 663, in format
    record.message = record.getMessage()
  File "/Library/Developer/CommandLineTools/Library/Frameworks/Python3.framework/Versions/3.9/lib/python3.9/logging/__init__.py", line 367, in getMessage
    msg = msg % self.args
TypeError: must be real number, not RequestTimeout
Call stack:
  File "/Library/Developer/CommandLineTools/Library/Frameworks/Python3.framework/Versions/3.9/lib/python3.9/threading.py", line 930, in _bootstrap
    self._bootstrap_inner()
  File "/Library/Developer/CommandLineTools/Library/Frameworks/Python3.framework/Versions/3.9/lib/python3.9/threading.py", line 973, in _bootstrap_inner
    self.run()
  File "/Library/Developer/CommandLineTools/Library/Frameworks/Python3.framework/Versions/3.9/lib/python3.9/threading.py", line 910, in run
    self._target(*self._args, **self._kwargs)
  File "/Library/Developer/CommandLineTools/Library/Frameworks/Python3.framework/Versions/3.9/lib/python3.9/concurrent/futures/thread.py", line 77, in _worker
    work_item.run()
  File "/Library/Developer/CommandLineTools/Library/Frameworks/Python3.framework/Versions/3.9/lib/python3.9/concurrent/futures/thread.py", line 52, in run
    result = self.fn(*self.args, **self.kwargs)
  File "/Users/ashishparadkar/Downloads/algo-code-main/.venv/lib/python3.9/site-packages/apscheduler/executors/base.py", line 131, in run_job
    retval = job.func(*job.args, **job.kwargs)
  File "/Users/ashishparadkar/Downloads/algo-code-main/src/live_runner.py", line 199, in process_cycle
    df, _ = self.provider_manager.fetch_ohlcv_safe(self.symbol, self.timeframe, limit=1000)
  File "/Users/ashishparadkar/Downloads/algo-code-main/src/provider_manager.py", line 362, in fetch_ohlcv_safe
    logger.warning(
Message: 'Retryable network failure for %s (Attempt %d/%d). Backing off %.2fs: %s'
Arguments: ('BTC/USDT', 1, 3, RequestTimeout('binance GET https://api.binance.com/api/v3/klines?interval=5m&limit=1000&symbol=BTCUSDT'))
2026-08-21 13:20:58,987 - ERROR - Binance Spot Network Error: binance GET https://api.binance.com/api/v3/klines?interval=5m&limit=1000&symbol=BTCUSDT
--- Logging error ---
Traceback (most recent call last):
  File "/Users/ashishparadkar/Downloads/algo-code-main/.venv/lib/python3.9/site-packages/urllib3/connection.py", line 204, in _new_conn
    sock = connection.create_connection(
  File "/Users/ashishparadkar/Downloads/algo-code-main/.venv/lib/python3.9/site-packages/urllib3/util/connection.py", line 60, in create_connection
    for res in socket.getaddrinfo(host, port, family, socket.SOCK_STREAM):
  File "/Library/Developer/CommandLineTools/Library/Frameworks/Python3.framework/Versions/3.9/lib/python3.9/socket.py", line 953, in getaddrinfo
    for res in _socket.getaddrinfo(host, port, family, type, proto, flags):
socket.gaierror: [Errno 8] nodename nor servname provided, or not known

The above exception was the direct cause of the following exception:

Traceback (most recent call last):
  File "/Users/ashishparadkar/Downloads/algo-code-main/.venv/lib/python3.9/site-packages/urllib3/connectionpool.py", line 787, in urlopen
    response = self._make_request(
  File "/Users/ashishparadkar/Downloads/algo-code-main/.venv/lib/python3.9/site-packages/urllib3/connectionpool.py", line 488, in _make_request
    raise new_e
  File "/Users/ashishparadkar/Downloads/algo-code-main/.venv/lib/python3.9/site-packages/urllib3/connectionpool.py", line 464, in _make_request
    self._validate_conn(conn)
  File "/Users/ashishparadkar/Downloads/algo-code-main/.venv/lib/python3.9/site-packages/urllib3/connectionpool.py", line 1093, in _validate_conn
    conn.connect()
  File "/Users/ashishparadkar/Downloads/algo-code-main/.venv/lib/python3.9/site-packages/urllib3/connection.py", line 759, in connect
    self.sock = sock = self._new_conn()
  File "/Users/ashishparadkar/Downloads/algo-code-main/.venv/lib/python3.9/site-packages/urllib3/connection.py", line 211, in _new_conn
    raise NameResolutionError(self.host, self, e) from e
urllib3.exceptions.NameResolutionError: HTTPSConnection(host='api.binance.com', port=443): Failed to resolve 'api.binance.com' ([Errno 8] nodename nor servname provided, or not known)

The above exception was the direct cause of the following exception:

Traceback (most recent call last):
  File "/Users/ashishparadkar/Downloads/algo-code-main/.venv/lib/python3.9/site-packages/requests/adapters.py", line 644, in send
    resp = conn.urlopen(
  File "/Users/ashishparadkar/Downloads/algo-code-main/.venv/lib/python3.9/site-packages/urllib3/connectionpool.py", line 841, in urlopen
    retries = retries.increment(
  File "/Users/ashishparadkar/Downloads/algo-code-main/.venv/lib/python3.9/site-packages/urllib3/util/retry.py", line 535, in increment
    raise MaxRetryError(_pool, url, reason) from reason  # type: ignore[arg-type]
urllib3.exceptions.MaxRetryError: HTTPSConnectionPool(host='api.binance.com', port=443): Max retries exceeded with url: /api/v3/klines?interval=5m&limit=1000&symbol=BTCUSDT (Caused by NameResolutionError("HTTPSConnection(host='api.binance.com', port=443): Failed to resolve 'api.binance.com' ([Errno 8] nodename nor servname provided, or not known)"))

During handling of the above exception, another exception occurred:

Traceback (most recent call last):
  File "/Users/ashishparadkar/Downloads/algo-code-main/.venv/lib/python3.9/site-packages/ccxt/base/exchange.py", line 665, in fetch
    response = self.session.request(
  File "/Users/ashishparadkar/Downloads/algo-code-main/.venv/lib/python3.9/site-packages/requests/sessions.py", line 589, in request
    resp = self.send(prep, **send_kwargs)
  File "/Users/ashishparadkar/Downloads/algo-code-main/.venv/lib/python3.9/site-packages/requests/sessions.py", line 703, in send
    r = adapter.send(request, **kwargs)
  File "/Users/ashishparadkar/Downloads/algo-code-main/.venv/lib/python3.9/site-packages/requests/adapters.py", line 677, in send
    raise ConnectionError(e, request=request)
requests.exceptions.ConnectionError: HTTPSConnectionPool(host='api.binance.com', port=443): Max retries exceeded with url: /api/v3/klines?interval=5m&limit=1000&symbol=BTCUSDT (Caused by NameResolutionError("HTTPSConnection(host='api.binance.com', port=443): Failed to resolve 'api.binance.com' ([Errno 8] nodename nor servname provided, or not known)"))

The above exception was the direct cause of the following exception:

Traceback (most recent call last):
  File "/Users/ashishparadkar/Downloads/algo-code-main/src/provider_manager.py", line 351, in fetch_ohlcv_safe
    df = adapter.fetch_ohlcv(instrument, timeframe, limit=limit)
  File "/Users/ashishparadkar/Downloads/algo-code-main/src/provider_manager.py", line 211, in fetch_ohlcv
    raise net_err
  File "/Users/ashishparadkar/Downloads/algo-code-main/src/provider_manager.py", line 183, in fetch_ohlcv
    raw_candles = self.exchange.fetch_ohlcv(
  File "/Users/ashishparadkar/Downloads/algo-code-main/.venv/lib/python3.9/site-packages/ccxt/binance.py", line 4759, in fetch_ohlcv
    response = self.publicGetKlines(self.extend(request, params))
  File "/Users/ashishparadkar/Downloads/algo-code-main/.venv/lib/python3.9/site-packages/ccxt/base/types.py", line 35, in unbound_method
    return _self.request(self.path, self.api, self.method, params, config=self.config)
  File "/Users/ashishparadkar/Downloads/algo-code-main/.venv/lib/python3.9/site-packages/ccxt/binance.py", line 11724, in request
    response = self.fetch2(path, api, method, params, headers, body, config)
  File "/Users/ashishparadkar/Downloads/algo-code-main/.venv/lib/python3.9/site-packages/ccxt/base/exchange.py", line 5566, in fetch2
    raise e
  File "/Users/ashishparadkar/Downloads/algo-code-main/.venv/lib/python3.9/site-packages/ccxt/base/exchange.py", line 5549, in fetch2
    response = self.fetch(request['url'], request['method'], request['headers'], request['body'])
  File "/Users/ashishparadkar/Downloads/algo-code-main/.venv/lib/python3.9/site-packages/ccxt/base/exchange.py", line 721, in fetch
    raise NetworkError(details) from e
ccxt.base.errors.NetworkError: binance GET https://api.binance.com/api/v3/klines?interval=5m&limit=1000&symbol=BTCUSDT

During handling of the above exception, another exception occurred:

Traceback (most recent call last):
  File "/Library/Developer/CommandLineTools/Library/Frameworks/Python3.framework/Versions/3.9/lib/python3.9/logging/__init__.py", line 1083, in emit
    msg = self.format(record)
  File "/Library/Developer/CommandLineTools/Library/Frameworks/Python3.framework/Versions/3.9/lib/python3.9/logging/__init__.py", line 927, in format
    return fmt.format(record)
  File "/Library/Developer/CommandLineTools/Library/Frameworks/Python3.framework/Versions/3.9/lib/python3.9/logging/__init__.py", line 663, in format
    record.message = record.getMessage()
  File "/Library/Developer/CommandLineTools/Library/Frameworks/Python3.framework/Versions/3.9/lib/python3.9/logging/__init__.py", line 367, in getMessage
    msg = msg % self.args
TypeError: must be real number, not NetworkError
Call stack:
  File "/Library/Developer/CommandLineTools/Library/Frameworks/Python3.framework/Versions/3.9/lib/python3.9/threading.py", line 930, in _bootstrap
    self._bootstrap_inner()
  File "/Library/Developer/CommandLineTools/Library/Frameworks/Python3.framework/Versions/3.9/lib/python3.9/threading.py", line 973, in _bootstrap_inner
    self.run()
  File "/Library/Developer/CommandLineTools/Library/Frameworks/Python3.framework/Versions/3.9/lib/python3.9/threading.py", line 910, in run
    self._target(*self._args, **self._kwargs)
  File "/Library/Developer/CommandLineTools/Library/Frameworks/Python3.framework/Versions/3.9/lib/python3.9/concurrent/futures/thread.py", line 77, in _worker
    work_item.run()
  File "/Library/Developer/CommandLineTools/Library/Frameworks/Python3.framework/Versions/3.9/lib/python3.9/concurrent/futures/thread.py", line 52, in run
    result = self.fn(*self.args, **self.kwargs)
  File "/Users/ashishparadkar/Downloads/algo-code-main/.venv/lib/python3.9/site-packages/apscheduler/executors/base.py", line 131, in run_job
    retval = job.func(*job.args, **job.kwargs)
  File "/Users/ashishparadkar/Downloads/algo-code-main/src/live_runner.py", line 199, in process_cycle
    df, _ = self.provider_manager.fetch_ohlcv_safe(self.symbol, self.timeframe, limit=1000)
  File "/Users/ashishparadkar/Downloads/algo-code-main/src/provider_manager.py", line 362, in fetch_ohlcv_safe
    logger.warning(
Message: 'Retryable network failure for %s (Attempt %d/%d). Backing off %.2fs: %s'
Arguments: ('BTC/USDT', 2, 3, NetworkError('binance GET https://api.binance.com/api/v3/klines?interval=5m&limit=1000&symbol=BTCUSDT'))
2026-08-21 13:21:01,264 - ERROR - Binance Spot Network Error: binance GET https://api.binance.com/api/v3/klines?interval=5m&limit=1000&symbol=BTCUSDT
2026-08-21 13:21:01,264 - ERROR - System Error in runner execution cycle: binance GET https://api.binance.com/api/v3/klines?interval=5m&limit=1000&symbol=BTCUSDT
Traceback (most recent call last):
  File "/Users/ashishparadkar/Downloads/algo-code-main/.venv/lib/python3.9/site-packages/urllib3/connection.py", line 204, in _new_conn
    sock = connection.create_connection(
  File "/Users/ashishparadkar/Downloads/algo-code-main/.venv/lib/python3.9/site-packages/urllib3/util/connection.py", line 60, in create_connection
    for res in socket.getaddrinfo(host, port, family, socket.SOCK_STREAM):
  File "/Library/Developer/CommandLineTools/Library/Frameworks/Python3.framework/Versions/3.9/lib/python3.9/socket.py", line 953, in getaddrinfo
    for res in _socket.getaddrinfo(host, port, family, type, proto, flags):
socket.gaierror: [Errno 8] nodename nor servname provided, or not known

The above exception was the direct cause of the following exception:

Traceback (most recent call last):
  File "/Users/ashishparadkar/Downloads/algo-code-main/.venv/lib/python3.9/site-packages/urllib3/connectionpool.py", line 787, in urlopen
    response = self._make_request(
  File "/Users/ashishparadkar/Downloads/algo-code-main/.venv/lib/python3.9/site-packages/urllib3/connectionpool.py", line 488, in _make_request
    raise new_e
  File "/Users/ashishparadkar/Downloads/algo-code-main/.venv/lib/python3.9/site-packages/urllib3/connectionpool.py", line 464, in _make_request
    self._validate_conn(conn)
  File "/Users/ashishparadkar/Downloads/algo-code-main/.venv/lib/python3.9/site-packages/urllib3/connectionpool.py", line 1093, in _validate_conn
    conn.connect()
  File "/Users/ashishparadkar/Downloads/algo-code-main/.venv/lib/python3.9/site-packages/urllib3/connection.py", line 759, in connect
    self.sock = sock = self._new_conn()
  File "/Users/ashishparadkar/Downloads/algo-code-main/.venv/lib/python3.9/site-packages/urllib3/connection.py", line 211, in _new_conn
    raise NameResolutionError(self.host, self, e) from e
urllib3.exceptions.NameResolutionError: HTTPSConnection(host='api.binance.com', port=443): Failed to resolve 'api.binance.com' ([Errno 8] nodename nor servname provided, or not known)

The above exception was the direct cause of the following exception:

Traceback (most recent call last):
  File "/Users/ashishparadkar/Downloads/algo-code-main/.venv/lib/python3.9/site-packages/requests/adapters.py", line 644, in send
    resp = conn.urlopen(
  File "/Users/ashishparadkar/Downloads/algo-code-main/.venv/lib/python3.9/site-packages/urllib3/connectionpool.py", line 841, in urlopen
    retries = retries.increment(
  File "/Users/ashishparadkar/Downloads/algo-code-main/.venv/lib/python3.9/site-packages/urllib3/util/retry.py", line 535, in increment
    raise MaxRetryError(_pool, url, reason) from reason  # type: ignore[arg-type]
urllib3.exceptions.MaxRetryError: HTTPSConnectionPool(host='api.binance.com', port=443): Max retries exceeded with url: /api/v3/klines?interval=5m&limit=1000&symbol=BTCUSDT (Caused by NameResolutionError("HTTPSConnection(host='api.binance.com', port=443): Failed to resolve 'api.binance.com' ([Errno 8] nodename nor servname provided, or not known)"))

During handling of the above exception, another exception occurred:

Traceback (most recent call last):
  File "/Users/ashishparadkar/Downloads/algo-code-main/.venv/lib/python3.9/site-packages/ccxt/base/exchange.py", line 665, in fetch
    response = self.session.request(
  File "/Users/ashishparadkar/Downloads/algo-code-main/.venv/lib/python3.9/site-packages/requests/sessions.py", line 589, in request
    resp = self.send(prep, **send_kwargs)
  File "/Users/ashishparadkar/Downloads/algo-code-main/.venv/lib/python3.9/site-packages/requests/sessions.py", line 703, in send
    r = adapter.send(request, **kwargs)
  File "/Users/ashishparadkar/Downloads/algo-code-main/.venv/lib/python3.9/site-packages/requests/adapters.py", line 677, in send
    raise ConnectionError(e, request=request)
requests.exceptions.ConnectionError: HTTPSConnectionPool(host='api.binance.com', port=443): Max retries exceeded with url: /api/v3/klines?interval=5m&limit=1000&symbol=BTCUSDT (Caused by NameResolutionError("HTTPSConnection(host='api.binance.com', port=443): Failed to resolve 'api.binance.com' ([Errno 8] nodename nor servname provided, or not known)"))

The above exception was the direct cause of the following exception:

Traceback (most recent call last):
  File "/Users/ashishparadkar/Downloads/algo-code-main/src/live_runner.py", line 199, in process_cycle
    df, _ = self.provider_manager.fetch_ohlcv_safe(self.symbol, self.timeframe, limit=1000)
  File "/Users/ashishparadkar/Downloads/algo-code-main/src/provider_manager.py", line 359, in fetch_ohlcv_safe
    raise retryable_err
  File "/Users/ashishparadkar/Downloads/algo-code-main/src/provider_manager.py", line 351, in fetch_ohlcv_safe
    df = adapter.fetch_ohlcv(instrument, timeframe, limit=limit)
  File "/Users/ashishparadkar/Downloads/algo-code-main/src/provider_manager.py", line 211, in fetch_ohlcv
    raise net_err
  File "/Users/ashishparadkar/Downloads/algo-code-main/src/provider_manager.py", line 183, in fetch_ohlcv
    raw_candles = self.exchange.fetch_ohlcv(
  File "/Users/ashishparadkar/Downloads/algo-code-main/.venv/lib/python3.9/site-packages/ccxt/binance.py", line 4759, in fetch_ohlcv
    response = self.publicGetKlines(self.extend(request, params))
  File "/Users/ashishparadkar/Downloads/algo-code-main/.venv/lib/python3.9/site-packages/ccxt/base/types.py", line 35, in unbound_method
    return _self.request(self.path, self.api, self.method, params, config=self.config)
  File "/Users/ashishparadkar/Downloads/algo-code-main/.venv/lib/python3.9/site-packages/ccxt/binance.py", line 11724, in request
    response = self.fetch2(path, api, method, params, headers, body, config)
  File "/Users/ashishparadkar/Downloads/algo-code-main/.venv/lib/python3.9/site-packages/ccxt/base/exchange.py", line 5566, in fetch2
    raise e
  File "/Users/ashishparadkar/Downloads/algo-code-main/.venv/lib/python3.9/site-packages/ccxt/base/exchange.py", line 5549, in fetch2
    response = self.fetch(request['url'], request['method'], request['headers'], request['body'])
  File "/Users/ashishparadkar/Downloads/algo-code-main/.venv/lib/python3.9/site-packages/ccxt/base/exchange.py", line 721, in fetch
    raise NetworkError(details) from e
ccxt.base.errors.NetworkError: binance GET https://api.binance.com/api/v3/klines?interval=5m&limit=1000&symbol=BTCUSDT
2026-08-21 13:21:01,324 - WARNING - [bot-1787212335368-3b15] Marked bot as non-retryable configuration error to prevent infinite error storm.
2026-08-21 13:21:01,437 - WARNING - Telegram alert [GENERAL] failed (Connection Error: HTTPSConnectionPool(host='api.telegram.org', port=443): Max retries exceeded with url: /bot8865086302:AAHhh3VL9czoQRSnw8Hf9iyDEwGJnqQTtqc/sendMessage (Caused by NameResolutionError("HTTPSConnection(host='api.telegram.org', port=443): Failed to resolve 'api.telegram.org' ([Errno 8] nodename nor servname provided, or not known)"))). Re-queueing retry 1/3 in 1.0s
2026-08-21 13:21:01,612 - INFO - Logged heartbeat status: ERROR
2026-08-21 13:21:01,612 - INFO - Job "LiveRunner.process_cycle (trigger: interval[0:05:00], next run at: 2026-08-21 13:25:47 IST)" executed successfully
2026-08-21 13:21:02,445 - WARNING - Telegram alert [GENERAL] failed (Connection Error: HTTPSConnectionPool(host='api.telegram.org', port=443): Max retries exceeded with url: /bot8865086302:AAHhh3VL9czoQRSnw8Hf9iyDEwGJnqQTtqc/sendMessage (Caused by NameResolutionError("HTTPSConnection(host='api.telegram.org', port=443): Failed to resolve 'api.telegram.org' ([Errno 8] nodename nor servname provided, or not known)"))). Re-queueing retry 2/3 in 2.0s
2026-08-21 13:21:03,464 - WARNING - Telegram alert [GENERAL] failed (Connection Error: HTTPSConnectionPool(host='api.telegram.org', port=443): Max retries exceeded with url: /bot8865086302:AAHhh3VL9czoQRSnw8Hf9iyDEwGJnqQTtqc/sendMessage (Caused by NameResolutionError("HTTPSConnection(host='api.telegram.org', port=443): Failed to resolve 'api.telegram.org' ([Errno 8] nodename nor servname provided, or not known)"))). Re-queueing retry 3/3 in 4.0s
2026-08-21 13:21:04,471 - ERROR - Telegram alert [GENERAL] failed permanently after 3 retries: Connection Error: HTTPSConnectionPool(host='api.telegram.org', port=443): Max retries exceeded with url: /bot8865086302:AAHhh3VL9czoQRSnw8Hf9iyDEwGJnqQTtqc/sendMessage (Caused by NameResolutionError("HTTPSConnection(host='api.telegram.org', port=443): Failed to resolve 'api.telegram.org' ([Errno 8] nodename nor servname provided, or not known)"))
2026-08-21 13:25:47,176 - INFO - Running job "LiveRunner.process_cycle (trigger: interval[0:05:00], next run at: 2026-08-21 13:30:47 IST)" (scheduled at 2026-08-21 13:25:47.162394+05:30)
2026-08-21 13:25:47,180 - ERROR - [bot-1787212335368-3b15] Halting runner cycle: Bot is configured with unexecutable instrument 'BTC/USDT'. Error: Fatal Non-Retryable Error: binance GET https://api.binance.com/api/v3/klines?interval=5m&limit=1000&symbol=BTCUSDT
2026-08-21 13:25:47,379 - INFO - Job "LiveRunner.process_cycle (trigger: interval[0:05:00], next run at: 2026-08-21 13:30:47 IST)" executed successfully
2026-08-21 13:30:47,177 - INFO - Running job "LiveRunner.process_cycle (trigger: interval[0:05:00], next run at: 2026-08-21 13:35:47 IST)" (scheduled at 2026-08-21 13:30:47.162394+05:30)
2026-08-21 13:30:47,182 - ERROR - [bot-1787212335368-3b15] Halting runner cycle: Bot is configured with unexecutable instrument 'BTC/USDT'. Error: Fatal Non-Retryable Error: binance GET https://api.binance.com/api/v3/klines?interval=5m&limit=1000&symbol=BTCUSDT
2026-08-21 13:30:47,436 - INFO - Job "LiveRunner.process_cycle (trigger: interval[0:05:00], next run at: 2026-08-21 13:35:47 IST)" executed successfully
2026-08-21 13:35:47,230 - INFO - Running job "LiveRunner.process_cycle (trigger: interval[0:05:00], next run at: 2026-08-21 13:40:47 IST)" (scheduled at 2026-08-21 13:35:47.162394+05:30)
2026-08-21 13:35:47,237 - ERROR - [bot-1787212335368-3b15] Halting runner cycle: Bot is configured with unexecutable instrument 'BTC/USDT'. Error: Fatal Non-Retryable Error: binance GET https://api.binance.com/api/v3/klines?interval=5m&limit=1000&symbol=BTCUSDT
2026-08-21 13:35:47,412 - INFO - Job "LiveRunner.process_cycle (trigger: interval[0:05:00], next run at: 2026-08-21 13:40:47 IST)" executed successfully
/Users/ashishparadkar/Downloads/algo-code-main/.venv/lib/python3.9/site-packages/urllib3/__init__.py:35: NotOpenSSLWarning: urllib3 v2 only supports OpenSSL 1.1.1+, currently the 'ssl' module is compiled with 'LibreSSL 2.8.3'. See: https://github.com/urllib3/urllib3/issues/3020
  warnings.warn(
2026-08-21 14:51:10,597 - INFO - Bot state startup reconciliation finished: 0 bot(s) reconciled to STOPPED.
2026-08-21 14:51:11,497 - INFO - Telegram notification service initialized successfully (Chat ID: 5657...)
2026-08-21 14:51:11,509 - INFO - Initializing scheduled trading bot live runner for bot-1787212335368-3b15...
2026-08-21 14:51:11,990 - INFO - SQLite database tables verified/created.
2026-08-21 14:51:12,643 - INFO - Initializing CCXT Binance in TESTNET mode.
/Users/ashishparadkar/Downloads/algo-code-main/.venv/lib/python3.9/site-packages/urllib3/__init__.py:35: NotOpenSSLWarning: urllib3 v2 only supports OpenSSL 1.1.1+, currently the 'ssl' module is compiled with 'LibreSSL 2.8.3'. See: https://github.com/urllib3/urllib3/issues/3020
  warnings.warn(
2026-08-21 15:30:31,783 - INFO - Bot state startup reconciliation finished: 0 bot(s) reconciled to STOPPED.
2026-08-21 15:30:32,432 - INFO - Telegram notification service initialized successfully (Chat ID: 5657...)
2026-08-21 15:30:32,445 - INFO - Initializing scheduled trading bot live runner for bot-1787212335368-3b15...
2026-08-21 15:30:32,777 - INFO - SQLite database tables verified/created.
2026-08-21 15:30:33,297 - INFO - Initializing CCXT Binance in TESTNET mode.
2026-08-21 15:31:02,718 - INFO - [bot-1787212335368-3b15] Pre-flight instrument resolved: BTC/USDT (SPOT via binance_spot)
2026-08-21 15:31:04,171 - INFO - [bot-1787212335368-3b15] Starting signal check cycle for BTC/USDT (5m)...
2026-08-21 15:31:04,594 - INFO - Fetching recent candles for BTC/USDT (5m) [Bot: bot-1787212335368-3b15] via ProviderManager...
/Users/ashishparadkar/Downloads/algo-code-main/.venv/lib/python3.9/site-packages/urllib3/__init__.py:35: NotOpenSSLWarning: urllib3 v2 only supports OpenSSL 1.1.1+, currently the 'ssl' module is compiled with 'LibreSSL 2.8.3'. See: https://github.com/urllib3/urllib3/issues/3020
  warnings.warn(
2026-08-21 18:13:43,062 - INFO - Bot state startup reconciliation finished: 0 bot(s) reconciled to STOPPED.
2026-08-21 18:13:44,189 - INFO - Telegram notification service initialized successfully (Chat ID: 5657...)
2026-08-21 18:13:44,201 - INFO - Initializing scheduled trading bot live runner for bot-1787212335368-3b15...
2026-08-21 18:13:44,793 - INFO - SQLite database tables verified/created.
2026-08-21 18:13:45,532 - INFO - Initializing CCXT Binance in TESTNET mode.
2026-08-21 18:14:16,878 - INFO - [bot-1787212335368-3b15] Pre-flight instrument resolved: BTC/USDT (SPOT via binance_spot)
2026-08-21 18:14:17,609 - INFO - [bot-1787212335368-3b15] Starting signal check cycle for BTC/USDT (5m)...
2026-08-21 18:14:17,970 - INFO - Fetching recent candles for BTC/USDT (5m) [Bot: bot-1787212335368-3b15] via ProviderManager...
/Users/ashishparadkar/Downloads/algo-code-main/.venv/lib/python3.9/site-packages/urllib3/__init__.py:35: NotOpenSSLWarning: urllib3 v2 only supports OpenSSL 1.1.1+, currently the 'ssl' module is compiled with 'LibreSSL 2.8.3'. See: https://github.com/urllib3/urllib3/issues/3020
  warnings.warn(
2026-08-21 20:27:16,266 - INFO - Bot state startup reconciliation finished: 0 bot(s) reconciled to STOPPED.
2026-08-21 20:27:17,090 - INFO - Telegram notification service initialized successfully (Chat ID: 5657...)
2026-08-21 20:27:17,472 - INFO - Initializing scheduled trading bot live runner for bot-1787212335368-3b15...
2026-08-21 20:27:17,741 - INFO - SQLite database tables verified/created.
2026-08-21 20:27:18,298 - INFO - Initializing CCXT Binance in TESTNET mode.
2026-08-21 20:27:52,095 - INFO - [bot-1787212335368-3b15] Pre-flight instrument resolved: BTC/USDT (SPOT via binance_spot)
2026-08-21 20:27:53,703 - INFO - [bot-1787212335368-3b15] Starting signal check cycle for BTC/USDT (5m)...
2026-08-21 20:27:54,652 - INFO - Fetching recent candles for BTC/USDT (5m) [Bot: bot-1787212335368-3b15] via ProviderManager...
/Users/ashishparadkar/Downloads/algo-code-main/.venv/lib/python3.9/site-packages/urllib3/__init__.py:35: NotOpenSSLWarning: urllib3 v2 only supports OpenSSL 1.1.1+, currently the 'ssl' module is compiled with 'LibreSSL 2.8.3'. See: https://github.com/urllib3/urllib3/issues/3020
  warnings.warn(
2026-08-21 21:33:13,321 - INFO - Bot state startup reconciliation finished: 0 bot(s) reconciled to STOPPED.
2026-08-21 21:33:15,605 - INFO - Telegram notification service initialized successfully (Chat ID: 5657...)
2026-08-21 21:33:15,966 - INFO - Initializing scheduled trading bot live runner for bot-1787212335368-3b15...
2026-08-21 21:33:16,633 - INFO - SQLite database tables verified/created.
2026-08-21 21:33:17,521 - INFO - Initializing CCXT Binance in TESTNET mode.
2026-08-21 21:34:04,205 - INFO - [bot-1787212335368-3b15] Pre-flight instrument resolved: BTC/USDT (SPOT via binance_spot)
2026-08-21 21:34:05,818 - INFO - [bot-1787212335368-3b15] Starting signal check cycle for BTC/USDT (5m)...
2026-08-21 21:34:05,837 - INFO - Fetching recent candles for BTC/USDT (5m) [Bot: bot-1787212335368-3b15] via ProviderManager...
2026-08-21 21:44:34,578 - INFO - Indicators computed | close=77012.00 ema_9=77219.54 ema_20=77282.80 ema_50=77238.38 ema_200=76060.60 macd=-20.3116 poc=64250.0 val=64025.0 vah=74325.0
2026-08-21 21:44:35,754 - INFO - [bot-1787212335368-3b15] Evaluating strategy on completed candle: 2026-08-21 16:05:00+00:00 at Close price: 76962.00
2026-08-21 21:44:53,802 - ERROR - Error logging bot activity for bot-1787212335368-3b15: database is locked
2026-08-21 21:44:58,940 - INFO - SHORT signal blocked | Trend blocked (Close 76962.00 >= EMA200 76051.04) | Momentum blocked (MACD 3.0900 >= 0) | Location blocked (Close 76962.00 outside Value Area [62744.50 - 75811.50], VAL=64025.00, VAH=74325.00) | context={'close': 76962.0, 'ema_9': 77271.42691582377, 'ema_20': 77311.30652203494, 'ema_50': 77247.61567582296, 'ema_200': 76051.03583941142, 'macd_line': 3.089965001359815, 'macd_signal': 72.7531430614222, 'macd_hist': -69.66317806006238, 'poc': np.float64(64250.0), 'val': np.float64(64025.0), 'vah': np.float64(74325.0)}
2026-08-21 21:45:00,241 - INFO - Confluence Evaluation | Regime: TRENDING (ADX=29.8) | Direction: HOLD | BullScore: 0.0% | BearScore: 55.9% | Active: ['ema_9', 'ema_20', 'rsi', 'vwap', 'supertrend', 'atr']
2026-08-21 21:45:02,402 - INFO - Signal evaluated: HOLD. Reason/Details: SHORT setup blocked: Trend blocked (Close 76962.00 >= EMA200 76051.04) | Momentum blocked (MACD 3.0900 >= 0) | Location blocked (Close 76962.00 outside Value Area [62744.50 - 75811.50], VAL=64025.00, VAH=74325.00)
2026-08-21 21:45:09,019 - INFO - Logged heartbeat status: OK
2026-08-21 21:45:20,551 - INFO - Adding job tentatively -- it will be properly scheduled when the scheduler starts
2026-08-21 21:45:20,820 - INFO - Bot bot-1787212335368-3b15 scheduled to check every 5 minutes.
2026-08-21 21:45:22,939 - INFO - Added job "LiveRunner.process_cycle" to job store "default"
2026-08-21 21:45:23,004 - INFO - Scheduler started
2026-08-21 21:50:26,655 - WARNING - Run time of job "LiveRunner.process_cycle (trigger: interval[0:05:00], next run at: 2026-08-21 21:55:19 IST)" was missed by 0:00:06.837603
2026-08-21 21:55:23,490 - WARNING - Run time of job "LiveRunner.process_cycle (trigger: interval[0:05:00], next run at: 2026-08-21 22:00:19 IST)" was missed by 0:00:03.541797
2026-08-21 22:00:21,448 - WARNING - Run time of job "LiveRunner.process_cycle (trigger: interval[0:05:00], next run at: 2026-08-21 22:05:19 IST)" was missed by 0:00:01.775173
2026-08-21 22:05:19,391 - INFO - Running job "LiveRunner.process_cycle (trigger: interval[0:05:00], next run at: 2026-08-21 22:10:19 IST)" (scheduled at 2026-08-21 22:05:19.337384+05:30)
2026-08-21 22:05:20,740 - INFO - [bot-1787212335368-3b15] Starting signal check cycle for BTC/USDT (5m)...
2026-08-21 22:05:21,372 - INFO - Fetching recent candles for BTC/USDT (5m) [Bot: bot-1787212335368-3b15] via ProviderManager...
2026-08-21 22:05:29,544 - INFO - Indicators computed | close=77299.32 ema_9=77251.58 ema_20=77269.50 ema_50=77238.41 ema_200=76117.78 macd=-8.8404 poc=69350.0 val=64025.0 vah=74450.0
2026-08-21 22:05:29,559 - INFO - [bot-1787212335368-3b15] Evaluating strategy on completed candle: 2026-08-21 16:30:00+00:00 at Close price: 77338.12
2026-08-21 22:05:30,079 - INFO - Confluence Evaluation | Regime: TRENDING (ADX=39.7) | Direction: HOLD | BullScore: 44.1% | BearScore: 55.9% | Active: ['ema_9', 'ema_20', 'rsi', 'vwap', 'supertrend', 'atr']
2026-08-21 22:05:30,442 - INFO - Signal evaluated: HOLD. Reason/Details: Confluence score: 56% (HOLD)
2026-08-21 22:05:31,193 - INFO - Logged heartbeat status: OK
2026-08-21 22:05:31,199 - INFO - Job "LiveRunner.process_cycle (trigger: interval[0:05:00], next run at: 2026-08-21 22:10:19 IST)" executed successfully
2026-08-21 22:10:19,488 - INFO - Running job "LiveRunner.process_cycle (trigger: interval[0:05:00], next run at: 2026-08-21 22:15:19 IST)" (scheduled at 2026-08-21 22:10:19.337384+05:30)
2026-08-21 22:10:19,534 - INFO - [bot-1787212335368-3b15] Starting signal check cycle for BTC/USDT (5m)...
2026-08-21 22:10:19,559 - INFO - Fetching recent candles for BTC/USDT (5m) [Bot: bot-1787212335368-3b15] via ProviderManager...
2026-08-21 22:10:20,972 - INFO - Indicators computed | close=77290.71 ema_9=77262.12 ema_20=77272.98 ema_50=77241.10 ema_200=76129.61 macd=-4.5900 poc=69350.0 val=64025.0 vah=74475.0
2026-08-21 22:10:20,976 - INFO - [bot-1787212335368-3b15] Evaluating strategy on completed candle: 2026-08-21 16:35:00+00:00 at Close price: 77316.28
2026-08-21 22:10:21,091 - INFO - Confluence Evaluation | Regime: TRENDING (ADX=39.7) | Direction: HOLD | BullScore: 44.1% | BearScore: 55.9% | Active: ['ema_9', 'ema_20', 'rsi', 'vwap', 'supertrend', 'atr']
2026-08-21 22:10:21,183 - INFO - Signal evaluated: HOLD. Reason/Details: Confluence score: 56% (HOLD)
2026-08-21 22:10:21,301 - INFO - Logged heartbeat status: OK
2026-08-21 22:10:21,301 - INFO - Job "LiveRunner.process_cycle (trigger: interval[0:05:00], next run at: 2026-08-21 22:15:19 IST)" executed successfully
2026-08-21 22:15:19,399 - INFO - Running job "LiveRunner.process_cycle (trigger: interval[0:05:00], next run at: 2026-08-21 22:20:19 IST)" (scheduled at 2026-08-21 22:15:19.337384+05:30)
2026-08-21 22:15:19,544 - INFO - [bot-1787212335368-3b15] Starting signal check cycle for BTC/USDT (5m)...
2026-08-21 22:15:19,575 - INFO - Fetching recent candles for BTC/USDT (5m) [Bot: bot-1787212335368-3b15] via ProviderManager...
2026-08-21 22:15:20,485 - INFO - Indicators computed | close=77351.57 ema_9=77291.42 ema_20=77286.61 ema_50=77248.12 ema_200=76142.48 macd=6.9806 poc=69350.0 val=64025.0 vah=74500.0
2026-08-21 22:15:20,488 - INFO - [bot-1787212335368-3b15] Evaluating strategy on completed candle: 2026-08-21 16:40:00+00:00 at Close price: 77362.04
2026-08-21 22:15:20,654 - INFO - Confluence Evaluation | Regime: TRENDING (ADX=40.2) | Direction: LONG | BullScore: 88.2% | BearScore: 11.8% | Active: ['ema_9', 'ema_20', 'rsi', 'vwap', 'supertrend', 'atr']
2026-08-21 22:15:20,803 - INFO - Capping position size 0.791348 BTC to available cash equivalent 0.193894 BTC.
2026-08-21 22:15:21,272 - INFO - Created pending signal approval ID 221 for bot bot-1787212335368-3b15 (LONG @ $77362.04, status: WAITING_APPROVAL)
2026-08-21 22:15:21,454 - INFO - [bot-1787212335368-3b15] Signal LONG generated (ID: 221). Waiting for manual user approval.
2026-08-21 22:15:21,583 - INFO - Logged heartbeat status: OK
2026-08-21 22:15:21,583 - INFO - Job "LiveRunner.process_cycle (trigger: interval[0:05:00], next run at: 2026-08-21 22:20:19 IST)" executed successfully
2026-08-21 22:20:19,449 - INFO - Running job "LiveRunner.process_cycle (trigger: interval[0:05:00], next run at: 2026-08-21 22:25:19 IST)" (scheduled at 2026-08-21 22:20:19.337384+05:30)
2026-08-21 22:20:19,540 - INFO - [bot-1787212335368-3b15] Starting signal check cycle for BTC/USDT (5m)...
2026-08-21 22:20:19,633 - INFO - Fetching recent candles for BTC/USDT (5m) [Bot: bot-1787212335368-3b15] via ProviderManager...
2026-08-21 22:20:20,265 - INFO - Indicators computed | close=77516.00 ema_9=77364.92 ema_20=77323.85 ema_50=77265.35 ema_200=76157.90 macd=35.6264 poc=69350.0 val=64025.0 vah=74525.0
2026-08-21 22:20:20,266 - INFO - [bot-1787212335368-3b15] Evaluating strategy on completed candle: 2026-08-21 16:45:00+00:00 at Close price: 77530.19
2026-08-21 22:20:20,373 - INFO - LONG signal blocked | Location blocked (Close 77530.19 outside Value Area [62744.50 - 76015.50], VAL=64025.00, VAH=74525.00) | context={'close': 77530.19, 'ema_9': 77327.14786556269, 'ema_20': 77303.62543003306, 'ema_50': 77255.12450110391, 'ema_200': 76144.25262187838, 'macd_line': 21.229475276821177, 'macd_signal': 6.32280964717363, 'macd_hist': 14.906665629647547, 'poc': np.float64(69350.0), 'val': np.float64(64025.0), 'vah': np.float64(74525.0)}
2026-08-21 22:20:20,388 - INFO - Confluence Evaluation | Regime: TRENDING (ADX=39.6) | Direction: LONG | BullScore: 88.2% | BearScore: 11.8% | Active: ['ema_9', 'ema_20', 'rsi', 'vwap', 'supertrend', 'atr']
2026-08-21 22:20:20,460 - INFO - Signal evaluated: HOLD. Reason/Details: Confluence score: 88% (LONG) meets 75% threshold
2026-08-21 22:20:20,658 - INFO - Logged heartbeat status: OK
2026-08-21 22:20:20,659 - INFO - Job "LiveRunner.process_cycle (trigger: interval[0:05:00], next run at: 2026-08-21 22:25:19 IST)" executed successfully
2026-08-21 22:25:19,389 - INFO - Running job "LiveRunner.process_cycle (trigger: interval[0:05:00], next run at: 2026-08-21 22:30:19 IST)" (scheduled at 2026-08-21 22:25:19.337384+05:30)
2026-08-21 22:25:19,429 - INFO - [bot-1787212335368-3b15] Starting signal check cycle for BTC/USDT (5m)...
2026-08-21 22:25:19,489 - INFO - Fetching recent candles for BTC/USDT (5m) [Bot: bot-1787212335368-3b15] via ProviderManager...
2026-08-21 22:25:20,198 - INFO - Indicators computed | close=77466.12 ema_9=77377.80 ema_20=77333.44 ema_50=77271.49 ema_200=76170.47 macd=39.6879 poc=69350.0 val=64025.0 vah=74525.0
2026-08-21 22:25:20,201 - INFO - [bot-1787212335368-3b15] Evaluating strategy on completed candle: 2026-08-21 16:50:00+00:00 at Close price: 77470.00
2026-08-21 22:25:20,323 - INFO - Confluence Evaluation | Regime: TRENDING (ADX=39.0) | Direction: HOLD | BullScore: 44.1% | BearScore: 55.9% | Active: ['ema_9', 'ema_20', 'rsi', 'vwap', 'supertrend', 'atr']
2026-08-21 22:25:20,425 - INFO - Signal evaluated: HOLD. Reason/Details: Confluence score: 56% (HOLD)
2026-08-21 22:25:20,588 - INFO - Logged heartbeat status: OK
2026-08-21 22:25:20,589 - INFO - Job "LiveRunner.process_cycle (trigger: interval[0:05:00], next run at: 2026-08-21 22:30:19 IST)" executed successfully
2026-08-21 22:30:19,422 - INFO - Running job "LiveRunner.process_cycle (trigger: interval[0:05:00], next run at: 2026-08-21 22:35:19 IST)" (scheduled at 2026-08-21 22:30:19.337384+05:30)
2026-08-21 22:30:19,506 - INFO - [bot-1787212335368-3b15] Starting signal check cycle for BTC/USDT (5m)...
2026-08-21 22:30:19,564 - INFO - Fetching recent candles for BTC/USDT (5m) [Bot: bot-1787212335368-3b15] via ProviderManager...
2026-08-21 22:30:20,331 - INFO - Indicators computed | close=77488.74 ema_9=77403.17 ema_20=77349.94 ema_50=77280.76 ema_200=76183.78 macd=48.3221 poc=69350.0 val=64025.0 vah=74550.0
2026-08-21 22:30:20,340 - INFO - [bot-1787212335368-3b15] Evaluating strategy on completed candle: 2026-08-21 16:55:00+00:00 at Close price: 77486.01
2026-08-21 22:30:20,637 - INFO - Confluence Evaluation | Regime: TRENDING (ADX=37.1) | Direction: LONG | BullScore: 100.0% | BearScore: 0.0% | Active: ['ema_9', 'ema_20', 'rsi', 'vwap', 'supertrend', 'atr']
2026-08-21 22:30:20,714 - INFO - Capping position size 0.927013 BTC to available cash equivalent 0.193583 BTC.
2026-08-21 22:30:20,797 - INFO - [bot-1787212335368-3b15] Signal LONG active pending approval already exists (ID: 221).
2026-08-21 22:30:20,964 - INFO - Logged heartbeat status: OK
2026-08-21 22:30:20,964 - INFO - Job "LiveRunner.process_cycle (trigger: interval[0:05:00], next run at: 2026-08-21 22:35:19 IST)" executed successfully
2026-08-21 22:35:19,354 - INFO - Running job "LiveRunner.process_cycle (trigger: interval[0:05:00], next run at: 2026-08-21 22:40:19 IST)" (scheduled at 2026-08-21 22:35:19.337384+05:30)
2026-08-21 22:35:19,375 - INFO - [bot-1787212335368-3b15] Starting signal check cycle for BTC/USDT (5m)...
2026-08-21 22:35:19,435 - INFO - Fetching recent candles for BTC/USDT (5m) [Bot: bot-1787212335368-3b15] via ProviderManager...
2026-08-21 22:35:20,402 - INFO - Indicators computed | close=77522.64 ema_9=77432.39 ema_20=77369.26 ema_50=77291.50 ema_200=76197.43 macd=58.0458 poc=69350.0 val=64025.0 vah=74575.0
2026-08-21 22:35:20,407 - INFO - [bot-1787212335368-3b15] Evaluating strategy on completed candle: 2026-08-21 17:00:00+00:00 at Close price: 77522.00
2026-08-21 22:35:20,457 - INFO - Confluence Evaluation | Regime: TRENDING (ADX=34.7) | Direction: LONG | BullScore: 100.0% | BearScore: 0.0% | Active: ['ema_9', 'ema_20', 'rsi', 'vwap', 'supertrend', 'atr']
2026-08-21 22:35:20,533 - INFO - Capping position size 0.922311 BTC to available cash equivalent 0.193493 BTC.
2026-08-21 22:35:20,625 - INFO - [bot-1787212335368-3b15] Signal LONG active pending approval already exists (ID: 221).
2026-08-21 22:35:20,814 - INFO - Logged heartbeat status: OK
2026-08-21 22:35:20,815 - INFO - Job "LiveRunner.process_cycle (trigger: interval[0:05:00], next run at: 2026-08-21 22:40:19 IST)" executed successfully
2026-08-21 22:40:19,459 - INFO - Running job "LiveRunner.process_cycle (trigger: interval[0:05:00], next run at: 2026-08-21 22:45:19 IST)" (scheduled at 2026-08-21 22:40:19.337384+05:30)
2026-08-21 22:40:19,490 - INFO - [bot-1787212335368-3b15] Starting signal check cycle for BTC/USDT (5m)...
2026-08-21 22:40:19,510 - INFO - Fetching recent candles for BTC/USDT (5m) [Bot: bot-1787212335368-3b15] via ProviderManager...
2026-08-21 22:40:20,049 - INFO - Indicators computed | close=77634.00 ema_9=77487.86 ema_20=77402.63 ema_50=77308.50 ema_200=76212.66 macd=77.6418 poc=69350.0 val=64025.0 vah=74575.0
2026-08-21 22:40:20,051 - INFO - [bot-1787212335368-3b15] Evaluating strategy on completed candle: 2026-08-21 17:05:00+00:00 at Close price: 77617.37
2026-08-21 22:40:20,125 - INFO - Confluence Evaluation | Regime: TRENDING (ADX=35.6) | Direction: LONG | BullScore: 100.0% | BearScore: 0.0% | Active: ['ema_9', 'ema_20', 'rsi', 'vwap', 'supertrend', 'atr']
2026-08-21 22:40:20,245 - INFO - Capping position size 0.796411 BTC to available cash equivalent 0.193256 BTC.
2026-08-21 22:40:20,305 - INFO - [bot-1787212335368-3b15] Signal LONG active pending approval already exists (ID: 221).
2026-08-21 22:40:20,401 - INFO - Logged heartbeat status: OK
2026-08-21 22:40:20,406 - INFO - Job "LiveRunner.process_cycle (trigger: interval[0:05:00], next run at: 2026-08-21 22:45:19 IST)" executed successfully
/Users/ashishparadkar/Downloads/algo-code-main/.venv/lib/python3.9/site-packages/urllib3/__init__.py:35: NotOpenSSLWarning: urllib3 v2 only supports OpenSSL 1.1.1+, currently the 'ssl' module is compiled with 'LibreSSL 2.8.3'. See: https://github.com/urllib3/urllib3/issues/3020
  warnings.warn(
2026-08-21 22:45:09,662 - INFO - Bot state startup reconciliation finished: 0 bot(s) reconciled to STOPPED.
2026-08-21 22:45:10,847 - INFO - Telegram notification service initialized successfully (Chat ID: 5657...)
2026-08-21 22:45:11,080 - INFO - Initializing scheduled trading bot live runner for bot-1787212335368-3b15...
2026-08-21 22:45:11,591 - INFO - SQLite database tables verified/created.
2026-08-21 22:45:12,180 - INFO - Initializing CCXT Binance in TESTNET mode.
