/Users/ashishparadkar/Downloads/algo-code-main/.venv/lib/python3.9/site-packages/urllib3/__init__.py:35: NotOpenSSLWarning: urllib3 v2 only supports OpenSSL 1.1.1+, currently the 'ssl' module is compiled with 'LibreSSL 2.8.3'. See: https://github.com/urllib3/urllib3/issues/3020
  warnings.warn(
2026-08-20 22:18:22,443 - INFO - Bot state startup reconciliation finished: 0 bot(s) reconciled to STOPPED.
2026-08-20 22:18:24,076 - INFO - Telegram notification service initialized successfully (Chat ID: 5657...)
2026-08-20 22:18:24,518 - INFO - Initializing scheduled trading bot live runner for bot-1787212530234-9364...
2026-08-20 22:18:25,141 - INFO - SQLite database tables verified/created.
2026-08-20 22:18:26,241 - INFO - Initializing CCXT Binance in TESTNET mode.
2026-08-20 22:18:57,142 - INFO - [bot-1787212530234-9364] Pre-flight instrument resolved: ETH/USDT (SPOT via binance_spot)
2026-08-20 22:18:57,214 - INFO - [bot-1787212530234-9364] Starting signal check cycle for ETH/USDT (5m)...
2026-08-20 22:18:57,229 - INFO - Fetching recent candles for ETH/USDT (5m) [Bot: bot-1787212530234-9364] via ProviderManager...
2026-08-20 22:19:56,994 - INFO - Indicators computed | close=2341.68 ema_9=2331.00 ema_20=2319.92 ema_50=2304.26 ema_200=2258.17 macd=12.2056 poc=1900.0 val=1875.0 vah=2250.0
2026-08-20 22:19:57,002 - INFO - [bot-1787212530234-9364] Evaluating strategy on completed candle: 2026-08-20 16:40:00+00:00 at Close price: 2348.94
2026-08-20 22:19:57,194 - INFO - Confluence Evaluation | Regime: TRENDING (ADX=59.9) | Direction: LONG | BullScore: 82.6% | BearScore: 17.4% | Active: ['ema', 'macd', 'rsi', 'vp']
2026-08-20 22:19:57,398 - INFO - Capping position size 11.947431 BTC to available cash equivalent 8.514479 BTC.
2026-08-20 22:19:57,452 - INFO - Created pending signal approval ID 56 for bot bot-1787212530234-9364 (LONG @ $2348.94, status: WAITING_APPROVAL)
2026-08-20 22:19:57,495 - INFO - [bot-1787212530234-9364] Signal LONG generated (ID: 56). Waiting for manual user approval.
2026-08-20 22:19:57,632 - INFO - Logged heartbeat status: OK
2026-08-20 22:19:57,657 - INFO - Adding job tentatively -- it will be properly scheduled when the scheduler starts
2026-08-20 22:19:57,662 - INFO - Bot bot-1787212530234-9364 scheduled to check every 5 minutes.
2026-08-20 22:19:57,666 - INFO - Added job "LiveRunner.process_cycle" to job store "default"
2026-08-20 22:19:57,666 - INFO - Scheduler started
2026-08-20 22:24:57,838 - INFO - Running job "LiveRunner.process_cycle (trigger: interval[0:05:00], next run at: 2026-08-20 22:29:57 IST)" (scheduled at 2026-08-20 22:24:57.656862+05:30)
2026-08-20 22:24:57,925 - INFO - [bot-1787212530234-9364] Starting signal check cycle for ETH/USDT (5m)...
2026-08-20 22:24:57,969 - INFO - Fetching recent candles for ETH/USDT (5m) [Bot: bot-1787212530234-9364] via ProviderManager...
2026-08-20 22:24:59,759 - INFO - Indicators computed | close=2341.16 ema_9=2333.21 ema_20=2322.04 ema_50=2305.75 ema_200=2259.01 macd=12.4503 poc=1900.0 val=1875.0 vah=2250.0
2026-08-20 22:24:59,765 - INFO - [bot-1787212530234-9364] Evaluating strategy on completed candle: 2026-08-20 16:45:00+00:00 at Close price: 2342.79
2026-08-20 22:24:59,844 - INFO - Confluence Evaluation | Regime: TRENDING (ADX=61.0) | Direction: LONG | BullScore: 82.6% | BearScore: 17.4% | Active: ['ema', 'macd', 'rsi', 'vp']
2026-08-20 22:24:59,889 - INFO - Capping position size 15.100038 BTC to available cash equivalent 8.536830 BTC.
2026-08-20 22:24:59,898 - INFO - [bot-1787212530234-9364] Signal LONG active pending approval already exists (ID: 56).
2026-08-20 22:25:00,244 - INFO - Logged heartbeat status: OK
2026-08-20 22:25:00,245 - INFO - Job "LiveRunner.process_cycle (trigger: interval[0:05:00], next run at: 2026-08-20 22:29:57 IST)" executed successfully
2026-08-20 22:29:57,669 - INFO - Running job "LiveRunner.process_cycle (trigger: interval[0:05:00], next run at: 2026-08-20 22:34:57 IST)" (scheduled at 2026-08-20 22:29:57.656862+05:30)
2026-08-20 22:29:57,678 - INFO - [bot-1787212530234-9364] Starting signal check cycle for ETH/USDT (5m)...
2026-08-20 22:29:57,684 - INFO - Fetching recent candles for ETH/USDT (5m) [Bot: bot-1787212530234-9364] via ProviderManager...
2026-08-20 22:29:58,133 - INFO - Indicators computed | close=2344.51 ema_9=2335.47 ema_20=2324.18 ema_50=2307.27 ema_200=2259.86 macd=12.6986 poc=1900.0 val=1875.0 vah=2250.0
2026-08-20 22:29:58,134 - INFO - [bot-1787212530234-9364] Evaluating strategy on completed candle: 2026-08-20 16:50:00+00:00 at Close price: 2341.17
2026-08-20 22:29:58,203 - INFO - Confluence Evaluation | Regime: TRENDING (ADX=61.9) | Direction: LONG | BullScore: 82.6% | BearScore: 17.4% | Active: ['ema', 'macd', 'rsi', 'vp']
2026-08-20 22:29:58,308 - INFO - Capping position size 17.323517 BTC to available cash equivalent 8.542737 BTC.
2026-08-20 22:29:58,350 - INFO - [bot-1787212530234-9364] Signal LONG active pending approval already exists (ID: 56).
2026-08-20 22:29:58,535 - INFO - Logged heartbeat status: OK
2026-08-20 22:29:58,536 - INFO - Job "LiveRunner.process_cycle (trigger: interval[0:05:00], next run at: 2026-08-20 22:34:57 IST)" executed successfully
2026-08-20 22:34:57,675 - INFO - Running job "LiveRunner.process_cycle (trigger: interval[0:05:00], next run at: 2026-08-20 22:39:57 IST)" (scheduled at 2026-08-20 22:34:57.656862+05:30)
2026-08-20 22:34:57,690 - INFO - [bot-1787212530234-9364] Starting signal check cycle for ETH/USDT (5m)...
2026-08-20 22:34:57,703 - INFO - Fetching recent candles for ETH/USDT (5m) [Bot: bot-1787212530234-9364] via ProviderManager...
2026-08-20 22:34:58,182 - INFO - Indicators computed | close=2340.01 ema_9=2336.38 ema_20=2325.68 ema_50=2308.56 ema_200=2260.66 macd=12.3870 poc=1900.0 val=1875.0 vah=2250.0
2026-08-20 22:34:58,183 - INFO - [bot-1787212530234-9364] Evaluating strategy on completed candle: 2026-08-20 16:55:00+00:00 at Close price: 2344.48
2026-08-20 22:34:58,247 - INFO - Confluence Evaluation | Regime: TRENDING (ADX=61.7) | Direction: LONG | BullScore: 82.6% | BearScore: 17.4% | Active: ['ema', 'macd', 'rsi', 'vp']
2026-08-20 22:34:58,277 - INFO - Capping position size 18.214936 BTC to available cash equivalent 8.530676 BTC.
2026-08-20 22:34:58,326 - INFO - [bot-1787212530234-9364] Signal LONG active pending approval already exists (ID: 56).
2026-08-20 22:34:58,436 - INFO - Logged heartbeat status: OK
2026-08-20 22:34:58,437 - INFO - Job "LiveRunner.process_cycle (trigger: interval[0:05:00], next run at: 2026-08-20 22:39:57 IST)" executed successfully
2026-08-20 22:39:57,704 - INFO - Running job "LiveRunner.process_cycle (trigger: interval[0:05:00], next run at: 2026-08-20 22:44:57 IST)" (scheduled at 2026-08-20 22:39:57.656862+05:30)
2026-08-20 22:39:57,738 - INFO - [bot-1787212530234-9364] Starting signal check cycle for ETH/USDT (5m)...
2026-08-20 22:39:57,761 - INFO - Fetching recent candles for ETH/USDT (5m) [Bot: bot-1787212530234-9364] via ProviderManager...
2026-08-20 22:39:58,309 - INFO - Indicators computed | close=2339.06 ema_9=2336.80 ema_20=2326.90 ema_50=2309.72 ema_200=2261.43 macd=11.8835 poc=1900.0 val=1875.0 vah=2250.0
2026-08-20 22:39:58,314 - INFO - [bot-1787212530234-9364] Evaluating strategy on completed candle: 2026-08-20 17:00:00+00:00 at Close price: 2339.29
2026-08-20 22:39:58,386 - INFO - Confluence Evaluation | Regime: TRENDING (ADX=59.6) | Direction: LONG | BullScore: 82.6% | BearScore: 17.4% | Active: ['ema', 'macd', 'rsi', 'vp']
2026-08-20 22:39:58,501 - INFO - Capping position size 32.786885 BTC to available cash equivalent 8.549603 BTC.
2026-08-20 22:39:58,570 - INFO - [bot-1787212530234-9364] Signal LONG active pending approval already exists (ID: 56).
2026-08-20 22:39:58,799 - INFO - Logged heartbeat status: OK
2026-08-20 22:39:58,799 - INFO - Job "LiveRunner.process_cycle (trigger: interval[0:05:00], next run at: 2026-08-20 22:44:57 IST)" executed successfully
2026-08-20 22:44:57,670 - INFO - Running job "LiveRunner.process_cycle (trigger: interval[0:05:00], next run at: 2026-08-20 22:49:57 IST)" (scheduled at 2026-08-20 22:44:57.656862+05:30)
2026-08-20 22:44:57,712 - INFO - [bot-1787212530234-9364] Starting signal check cycle for ETH/USDT (5m)...
2026-08-20 22:44:57,747 - INFO - Fetching recent candles for ETH/USDT (5m) [Bot: bot-1787212530234-9364] via ProviderManager...
2026-08-20 22:44:58,237 - INFO - Indicators computed | close=2337.46 ema_9=2336.98 ema_20=2327.93 ema_50=2310.82 ema_200=2262.19 macd=11.2906 poc=1900.0 val=1875.0 vah=2250.0
2026-08-20 22:44:58,240 - INFO - [bot-1787212530234-9364] Evaluating strategy on completed candle: 2026-08-20 17:05:00+00:00 at Close price: 2339.38
2026-08-20 22:44:58,326 - INFO - Confluence Evaluation | Regime: TRENDING (ADX=56.4) | Direction: LONG | BullScore: 82.6% | BearScore: 17.4% | Active: ['ema', 'macd', 'rsi', 'vp']
2026-08-20 22:44:58,424 - INFO - Capping position size 63.593005 BTC to available cash equivalent 8.549274 BTC.
2026-08-20 22:44:58,452 - INFO - [bot-1787212530234-9364] Signal LONG active pending approval already exists (ID: 56).
2026-08-20 22:44:58,605 - INFO - Logged heartbeat status: OK
2026-08-20 22:44:58,607 - INFO - Job "LiveRunner.process_cycle (trigger: interval[0:05:00], next run at: 2026-08-20 22:49:57 IST)" executed successfully
2026-08-20 22:49:57,668 - INFO - Running job "LiveRunner.process_cycle (trigger: interval[0:05:00], next run at: 2026-08-20 22:54:57 IST)" (scheduled at 2026-08-20 22:49:57.656862+05:30)
2026-08-20 22:49:57,676 - INFO - [bot-1787212530234-9364] Starting signal check cycle for ETH/USDT (5m)...
2026-08-20 22:49:57,684 - INFO - Fetching recent candles for ETH/USDT (5m) [Bot: bot-1787212530234-9364] via ProviderManager...
2026-08-20 22:49:58,142 - INFO - Indicators computed | close=2338.89 ema_9=2337.41 ema_20=2329.00 ema_50=2311.94 ema_200=2262.96 macd=10.8081 poc=1900.0 val=1875.0 vah=2250.0
2026-08-20 22:49:58,143 - INFO - [bot-1787212530234-9364] Evaluating strategy on completed candle: 2026-08-20 17:10:00+00:00 at Close price: 2337.73
2026-08-20 22:49:58,206 - INFO - Confluence Evaluation | Regime: TRENDING (ADX=54.7) | Direction: HOLD | BullScore: 50.0% | BearScore: 17.4% | Active: ['ema', 'macd', 'rsi', 'vp']
2026-08-20 22:49:58,297 - INFO - Signal evaluated: HOLD. Reason/Details: Confluence score: 50% (HOLD)
2026-08-20 22:49:58,425 - INFO - Logged heartbeat status: OK
2026-08-20 22:49:58,425 - INFO - Job "LiveRunner.process_cycle (trigger: interval[0:05:00], next run at: 2026-08-20 22:54:57 IST)" executed successfully
2026-08-21 00:19:56,720 - WARNING - Run time of job "LiveRunner.process_cycle (trigger: interval[0:05:00], next run at: 2026-08-21 00:19:57 IST)" was missed by 0:04:59.059747
2026-08-21 00:19:57,662 - INFO - Running job "LiveRunner.process_cycle (trigger: interval[0:05:00], next run at: 2026-08-21 00:24:57 IST)" (scheduled at 2026-08-21 00:19:57.656862+05:30)
2026-08-21 00:19:57,703 - INFO - [bot-1787212530234-9364] Starting signal check cycle for ETH/USDT (5m)...
2026-08-21 00:19:57,778 - INFO - Fetching recent candles for ETH/USDT (5m) [Bot: bot-1787212530234-9364] via ProviderManager...
2026-08-21 00:20:07,914 - ERROR - Binance Spot Network Error: binance GET https://api.binance.com/api/v3/klines?interval=5m&limit=1000&symbol=ETHUSDT
--- Logging error ---
Traceback (most recent call last):
  File "/Users/ashishparadkar/Downloads/algo-code-main/.venv/lib/python3.9/site-packages/urllib3/connectionpool.py", line 534, in _make_request
    response = conn.getresponse()
  File "/Users/ashishparadkar/Downloads/algo-code-main/.venv/lib/python3.9/site-packages/urllib3/connection.py", line 571, in getresponse
    httplib_response = super().getresponse()
  File "/Library/Developer/CommandLineTools/Library/Frameworks/Python3.framework/Versions/3.9/lib/python3.9/http/client.py", line 1349, in getresponse
    response.begin()
  File "/Library/Developer/CommandLineTools/Library/Frameworks/Python3.framework/Versions/3.9/lib/python3.9/http/client.py", line 316, in begin
    version, status, reason = self._read_status()
  File "/Library/Developer/CommandLineTools/Library/Frameworks/Python3.framework/Versions/3.9/lib/python3.9/http/client.py", line 277, in _read_status
    line = str(self.fp.readline(_MAXLINE + 1), "iso-8859-1")
  File "/Library/Developer/CommandLineTools/Library/Frameworks/Python3.framework/Versions/3.9/lib/python3.9/socket.py", line 704, in readinto
    return self._sock.recv_into(b)
  File "/Library/Developer/CommandLineTools/Library/Frameworks/Python3.framework/Versions/3.9/lib/python3.9/ssl.py", line 1241, in recv_into
    return self.read(nbytes, buffer)
  File "/Library/Developer/CommandLineTools/Library/Frameworks/Python3.framework/Versions/3.9/lib/python3.9/ssl.py", line 1099, in read
    return self._sslobj.read(len, buffer)
socket.timeout: The read operation timed out

The above exception was the direct cause of the following exception:

Traceback (most recent call last):
  File "/Users/ashishparadkar/Downloads/algo-code-main/.venv/lib/python3.9/site-packages/requests/adapters.py", line 644, in send
    resp = conn.urlopen(
  File "/Users/ashishparadkar/Downloads/algo-code-main/.venv/lib/python3.9/site-packages/urllib3/connectionpool.py", line 841, in urlopen
    retries = retries.increment(
  File "/Users/ashishparadkar/Downloads/algo-code-main/.venv/lib/python3.9/site-packages/urllib3/util/retry.py", line 490, in increment
    raise reraise(type(error), error, _stacktrace)
  File "/Users/ashishparadkar/Downloads/algo-code-main/.venv/lib/python3.9/site-packages/urllib3/util/util.py", line 39, in reraise
    raise value
  File "/Users/ashishparadkar/Downloads/algo-code-main/.venv/lib/python3.9/site-packages/urllib3/connectionpool.py", line 787, in urlopen
    response = self._make_request(
  File "/Users/ashishparadkar/Downloads/algo-code-main/.venv/lib/python3.9/site-packages/urllib3/connectionpool.py", line 536, in _make_request
    self._raise_timeout(err=e, url=url, timeout_value=read_timeout)
  File "/Users/ashishparadkar/Downloads/algo-code-main/.venv/lib/python3.9/site-packages/urllib3/connectionpool.py", line 367, in _raise_timeout
    raise ReadTimeoutError(
urllib3.exceptions.ReadTimeoutError: HTTPSConnectionPool(host='api.binance.com', port=443): Read timed out. (read timeout=10.0)

During handling of the above exception, another exception occurred:

Traceback (most recent call last):
  File "/Users/ashishparadkar/Downloads/algo-code-main/.venv/lib/python3.9/site-packages/ccxt/base/exchange.py", line 665, in fetch
    response = self.session.request(
  File "/Users/ashishparadkar/Downloads/algo-code-main/.venv/lib/python3.9/site-packages/requests/sessions.py", line 589, in request
    resp = self.send(prep, **send_kwargs)
  File "/Users/ashishparadkar/Downloads/algo-code-main/.venv/lib/python3.9/site-packages/requests/sessions.py", line 703, in send
    r = adapter.send(request, **kwargs)
  File "/Users/ashishparadkar/Downloads/algo-code-main/.venv/lib/python3.9/site-packages/requests/adapters.py", line 690, in send
    raise ReadTimeout(e, request=request)
requests.exceptions.ReadTimeout: HTTPSConnectionPool(host='api.binance.com', port=443): Read timed out. (read timeout=10.0)

The above exception was the direct cause of the following exception:

Traceback (most recent call last):
  File "/Users/ashishparadkar/Downloads/algo-code-main/src/provider_manager.py", line 351, in fetch_ohlcv_safe
    df = adapter.fetch_ohlcv(instrument, timeframe, limit=limit)
  File "/Users/ashishparadkar/Downloads/algo-code-main/src/provider_manager.py", line 211, in fetch_ohlcv
    raise net_err
  File "/Users/ashishparadkar/Downloads/algo-code-main/src/provider_manager.py", line 183, in fetch_ohlcv
    raw_candles = self.exchange.fetch_ohlcv(
  File "/Users/ashishparadkar/Downloads/algo-code-main/.venv/lib/python3.9/site-packages/ccxt/binance.py", line 4759, in fetch_ohlcv
    response = self.publicGetKlines(self.extend(request, params))
  File "/Users/ashishparadkar/Downloads/algo-code-main/.venv/lib/python3.9/site-packages/ccxt/base/types.py", line 35, in unbound_method
    return _self.request(self.path, self.api, self.method, params, config=self.config)
  File "/Users/ashishparadkar/Downloads/algo-code-main/.venv/lib/python3.9/site-packages/ccxt/binance.py", line 11724, in request
    response = self.fetch2(path, api, method, params, headers, body, config)
  File "/Users/ashishparadkar/Downloads/algo-code-main/.venv/lib/python3.9/site-packages/ccxt/base/exchange.py", line 5566, in fetch2
    raise e
  File "/Users/ashishparadkar/Downloads/algo-code-main/.venv/lib/python3.9/site-packages/ccxt/base/exchange.py", line 5549, in fetch2
    response = self.fetch(request['url'], request['method'], request['headers'], request['body'])
  File "/Users/ashishparadkar/Downloads/algo-code-main/.venv/lib/python3.9/site-packages/ccxt/base/exchange.py", line 698, in fetch
    raise RequestTimeout(details) from e
ccxt.base.errors.RequestTimeout: binance GET https://api.binance.com/api/v3/klines?interval=5m&limit=1000&symbol=ETHUSDT

During handling of the above exception, another exception occurred:

Traceback (most recent call last):
  File "/Library/Developer/CommandLineTools/Library/Frameworks/Python3.framework/Versions/3.9/lib/python3.9/logging/__init__.py", line 1083, in emit
    msg = self.format(record)
  File "/Library/Developer/CommandLineTools/Library/Frameworks/Python3.framework/Versions/3.9/lib/python3.9/logging/__init__.py", line 927, in format
    return fmt.format(record)
  File "/Library/Developer/CommandLineTools/Library/Frameworks/Python3.framework/Versions/3.9/lib/python3.9/logging/__init__.py", line 663, in format
    record.message = record.getMessage()
  File "/Library/Developer/CommandLineTools/Library/Frameworks/Python3.framework/Versions/3.9/lib/python3.9/logging/__init__.py", line 367, in getMessage
    msg = msg % self.args
TypeError: must be real number, not RequestTimeout
Call stack:
  File "/Library/Developer/CommandLineTools/Library/Frameworks/Python3.framework/Versions/3.9/lib/python3.9/threading.py", line 930, in _bootstrap
    self._bootstrap_inner()
  File "/Library/Developer/CommandLineTools/Library/Frameworks/Python3.framework/Versions/3.9/lib/python3.9/threading.py", line 973, in _bootstrap_inner
    self.run()
  File "/Library/Developer/CommandLineTools/Library/Frameworks/Python3.framework/Versions/3.9/lib/python3.9/threading.py", line 910, in run
    self._target(*self._args, **self._kwargs)
  File "/Library/Developer/CommandLineTools/Library/Frameworks/Python3.framework/Versions/3.9/lib/python3.9/concurrent/futures/thread.py", line 77, in _worker
    work_item.run()
  File "/Library/Developer/CommandLineTools/Library/Frameworks/Python3.framework/Versions/3.9/lib/python3.9/concurrent/futures/thread.py", line 52, in run
    result = self.fn(*self.args, **self.kwargs)
  File "/Users/ashishparadkar/Downloads/algo-code-main/.venv/lib/python3.9/site-packages/apscheduler/executors/base.py", line 131, in run_job
    retval = job.func(*job.args, **job.kwargs)
  File "/Users/ashishparadkar/Downloads/algo-code-main/src/live_runner.py", line 199, in process_cycle
    df, _ = self.provider_manager.fetch_ohlcv_safe(self.symbol, self.timeframe, limit=1000)
  File "/Users/ashishparadkar/Downloads/algo-code-main/src/provider_manager.py", line 362, in fetch_ohlcv_safe
    logger.warning(
Message: 'Retryable network failure for %s (Attempt %d/%d). Backing off %.2fs: %s'
Arguments: ('ETH/USDT', 1, 3, RequestTimeout('binance GET https://api.binance.com/api/v3/klines?interval=5m&limit=1000&symbol=ETHUSDT'))
2026-08-21 00:20:11,220 - INFO - Indicators computed | close=2318.30 ema_9=2322.12 ema_20=2327.17 ema_50=2321.66 ema_200=2274.90 macd=-2.9941 poc=2250.0 val=2000.0 vah=2350.0
2026-08-21 00:20:11,225 - INFO - [bot-1787212530234-9364] Evaluating strategy on completed candle: 2026-08-20 18:45:00+00:00 at Close price: 2319.07
2026-08-21 00:20:11,339 - INFO - Confluence Evaluation | Regime: TRENDING (ADX=43.4) | Direction: HOLD | BullScore: 0.0% | BearScore: 50.0% | Active: ['ema', 'macd', 'rsi', 'vp']
2026-08-21 00:20:11,466 - INFO - Signal evaluated: HOLD. Reason/Details: Confluence score: 50% (HOLD)
2026-08-21 00:20:11,634 - INFO - Logged heartbeat status: OK
2026-08-21 00:20:11,635 - INFO - Job "LiveRunner.process_cycle (trigger: interval[0:05:00], next run at: 2026-08-21 00:24:57 IST)" executed successfully
2026-08-21 00:24:57,678 - INFO - Running job "LiveRunner.process_cycle (trigger: interval[0:05:00], next run at: 2026-08-21 00:29:57 IST)" (scheduled at 2026-08-21 00:24:57.656862+05:30)
2026-08-21 00:24:57,702 - INFO - [bot-1787212530234-9364] Starting signal check cycle for ETH/USDT (5m)...
2026-08-21 00:24:57,730 - INFO - Fetching recent candles for ETH/USDT (5m) [Bot: bot-1787212530234-9364] via ProviderManager...
2026-08-21 00:24:58,432 - INFO - Indicators computed | close=2320.61 ema_9=2322.58 ema_20=2327.39 ema_50=2321.75 ema_200=2274.92 macd=-2.8098 poc=2250.0 val=2000.0 vah=2350.0
2026-08-21 00:24:58,437 - INFO - [bot-1787212530234-9364] Evaluating strategy on completed candle: 2026-08-20 18:45:00+00:00 at Close price: 2319.07
2026-08-21 00:24:58,551 - INFO - Confluence Evaluation | Regime: TRENDING (ADX=43.4) | Direction: HOLD | BullScore: 0.0% | BearScore: 50.0% | Active: ['ema', 'macd', 'rsi', 'vp']
2026-08-21 00:24:58,631 - INFO - Signal evaluated: HOLD. Reason/Details: Confluence score: 50% (HOLD)
2026-08-21 00:24:58,729 - INFO - Logged heartbeat status: OK
2026-08-21 00:24:58,730 - INFO - Job "LiveRunner.process_cycle (trigger: interval[0:05:00], next run at: 2026-08-21 00:29:57 IST)" executed successfully
/Users/ashishparadkar/Downloads/algo-code-main/.venv/lib/python3.9/site-packages/urllib3/__init__.py:35: NotOpenSSLWarning: urllib3 v2 only supports OpenSSL 1.1.1+, currently the 'ssl' module is compiled with 'LibreSSL 2.8.3'. See: https://github.com/urllib3/urllib3/issues/3020
  warnings.warn(
2026-08-21 06:21:48,553 - INFO - Bot state startup reconciliation finished: 0 bot(s) reconciled to STOPPED.
2026-08-21 06:21:49,733 - INFO - Telegram notification service initialized successfully (Chat ID: 5657...)
2026-08-21 06:21:49,769 - INFO - Initializing scheduled trading bot live runner for bot-1787212530234-9364...
2026-08-21 06:21:50,242 - INFO - SQLite database tables verified/created.
2026-08-21 06:21:50,746 - INFO - Initializing CCXT Binance in TESTNET mode.
2026-08-21 06:22:25,777 - INFO - [bot-1787212530234-9364] Pre-flight instrument resolved: ETH/USDT (SPOT via binance_spot)
2026-08-21 06:22:26,498 - INFO - [bot-1787212530234-9364] Starting signal check cycle for ETH/USDT (5m)...
2026-08-21 06:22:26,508 - INFO - Fetching recent candles for ETH/USDT (5m) [Bot: bot-1787212530234-9364] via ProviderManager...
2026-08-21 06:23:12,908 - INFO - Indicators computed | close=2345.59 ema_9=2340.23 ema_20=2334.53 ema_50=2327.69 ema_200=2300.41 macd=6.0803 poc=2250.0 val=2050.0 vah=2350.0
2026-08-21 06:23:12,923 - INFO - [bot-1787212530234-9364] Evaluating strategy on completed candle: 2026-08-21 00:45:00+00:00 at Close price: 2347.29
2026-08-21 06:23:13,144 - INFO - Confluence Evaluation | Regime: TRENDING (ADX=62.5) | Direction: LONG | BullScore: 82.6% | BearScore: 17.4% | Active: ['ema', 'macd', 'rsi', 'vp']
2026-08-21 06:23:13,259 - INFO - Capping position size 22.740193 BTC to available cash equivalent 8.520464 BTC.
2026-08-21 06:23:13,364 - INFO - Created pending signal approval ID 109 for bot bot-1787212530234-9364 (LONG @ $2347.29, status: WAITING_APPROVAL)
2026-08-21 06:23:13,426 - INFO - [bot-1787212530234-9364] Signal LONG generated (ID: 109). Waiting for manual user approval.
2026-08-21 06:23:13,614 - INFO - Logged heartbeat status: OK
2026-08-21 06:23:13,640 - INFO - Adding job tentatively -- it will be properly scheduled when the scheduler starts
2026-08-21 06:23:13,641 - INFO - Bot bot-1787212530234-9364 scheduled to check every 5 minutes.
2026-08-21 06:23:13,645 - INFO - Added job "LiveRunner.process_cycle" to job store "default"
2026-08-21 06:23:13,645 - INFO - Scheduler started
2026-08-21 06:28:13,765 - INFO - Running job "LiveRunner.process_cycle (trigger: interval[0:05:00], next run at: 2026-08-21 06:28:13 IST)" (scheduled at 2026-08-21 06:28:13.639532+05:30)
2026-08-21 06:28:13,818 - INFO - [bot-1787212530234-9364] Starting signal check cycle for ETH/USDT (5m)...
2026-08-21 06:28:13,880 - INFO - Fetching recent candles for ETH/USDT (5m) [Bot: bot-1787212530234-9364] via ProviderManager...
2026-08-21 06:28:14,540 - INFO - Indicators computed | close=2339.99 ema_9=2339.58 ema_20=2334.72 ema_50=2328.03 ema_200=2300.77 macd=5.5195 poc=2250.0 val=2050.0 vah=2350.0
2026-08-21 06:28:14,543 - INFO - [bot-1787212530234-9364] Evaluating strategy on completed candle: 2026-08-21 00:50:00+00:00 at Close price: 2341.81
2026-08-21 06:28:14,605 - INFO - Confluence Evaluation | Regime: TRENDING (ADX=62.6) | Direction: LONG | BullScore: 82.6% | BearScore: 17.4% | Active: ['ema', 'macd', 'rsi', 'vp']
2026-08-21 06:28:14,695 - INFO - Capping position size 33.030553 BTC to available cash equivalent 8.540403 BTC.
2026-08-21 06:28:14,700 - INFO - [bot-1787212530234-9364] Signal LONG active pending approval already exists (ID: 109).
2026-08-21 06:28:14,896 - INFO - Logged heartbeat status: OK
2026-08-21 06:28:14,898 - INFO - Job "LiveRunner.process_cycle (trigger: interval[0:05:00], next run at: 2026-08-21 06:33:13 IST)" executed successfully
2026-08-21 06:33:13,689 - INFO - Running job "LiveRunner.process_cycle (trigger: interval[0:05:00], next run at: 2026-08-21 06:38:13 IST)" (scheduled at 2026-08-21 06:33:13.639532+05:30)
2026-08-21 06:33:13,716 - INFO - [bot-1787212530234-9364] Starting signal check cycle for ETH/USDT (5m)...
2026-08-21 06:33:13,737 - INFO - Fetching recent candles for ETH/USDT (5m) [Bot: bot-1787212530234-9364] via ProviderManager...
2026-08-21 06:33:14,287 - INFO - Indicators computed | close=2341.55 ema_9=2340.11 ema_20=2335.44 ema_50=2328.59 ema_200=2301.18 macd=5.4292 poc=2250.0 val=2050.0 vah=2350.0
2026-08-21 06:33:14,288 - INFO - [bot-1787212530234-9364] Evaluating strategy on completed candle: 2026-08-21 00:55:00+00:00 at Close price: 2340.82
2026-08-21 06:33:14,354 - INFO - Confluence Evaluation | Regime: TRENDING (ADX=61.1) | Direction: LONG | BullScore: 82.6% | BearScore: 17.4% | Active: ['ema', 'macd', 'rsi', 'vp']
2026-08-21 06:33:14,442 - INFO - Capping position size 35.971223 BTC to available cash equivalent 8.544014 BTC.
2026-08-21 06:33:14,447 - INFO - [bot-1787212530234-9364] Signal LONG active pending approval already exists (ID: 109).
2026-08-21 06:33:14,653 - INFO - Logged heartbeat status: OK
2026-08-21 06:33:14,654 - INFO - Job "LiveRunner.process_cycle (trigger: interval[0:05:00], next run at: 2026-08-21 06:38:13 IST)" executed successfully
2026-08-21 06:38:13,658 - INFO - Running job "LiveRunner.process_cycle (trigger: interval[0:05:00], next run at: 2026-08-21 06:43:13 IST)" (scheduled at 2026-08-21 06:38:13.639532+05:30)
2026-08-21 06:38:13,706 - INFO - [bot-1787212530234-9364] Starting signal check cycle for ETH/USDT (5m)...
2026-08-21 06:38:13,721 - INFO - Fetching recent candles for ETH/USDT (5m) [Bot: bot-1787212530234-9364] via ProviderManager...
2026-08-21 06:38:14,221 - INFO - Indicators computed | close=2345.43 ema_9=2341.35 ema_20=2336.49 ema_50=2329.29 ema_200=2301.63 macd=5.6218 poc=2250.0 val=2050.0 vah=2350.0
2026-08-21 06:38:14,222 - INFO - [bot-1787212530234-9364] Evaluating strategy on completed candle: 2026-08-21 01:00:00+00:00 at Close price: 2342.65
2026-08-21 06:38:14,303 - INFO - Confluence Evaluation | Regime: TRENDING (ADX=60.2) | Direction: LONG | BullScore: 82.6% | BearScore: 17.4% | Active: ['ema', 'macd', 'rsi', 'vp']
2026-08-21 06:38:14,405 - INFO - Capping position size 30.888031 BTC to available cash equivalent 8.537340 BTC.
2026-08-21 06:38:14,459 - INFO - [bot-1787212530234-9364] Signal LONG active pending approval already exists (ID: 109).
2026-08-21 06:38:14,629 - INFO - Logged heartbeat status: OK
2026-08-21 06:38:14,629 - INFO - Job "LiveRunner.process_cycle (trigger: interval[0:05:00], next run at: 2026-08-21 06:43:13 IST)" executed successfully
2026-08-21 06:43:13,660 - INFO - Running job "LiveRunner.process_cycle (trigger: interval[0:05:00], next run at: 2026-08-21 06:48:13 IST)" (scheduled at 2026-08-21 06:43:13.639532+05:30)
2026-08-21 06:43:13,708 - INFO - [bot-1787212530234-9364] Starting signal check cycle for ETH/USDT (5m)...
2026-08-21 06:43:13,752 - INFO - Fetching recent candles for ETH/USDT (5m) [Bot: bot-1787212530234-9364] via ProviderManager...
2026-08-21 06:43:15,528 - INFO - Indicators computed | close=2346.68 ema_9=2342.56 ema_20=2337.54 ema_50=2330.01 ema_200=2302.09 macd=5.7945 poc=2250.0 val=2050.0 vah=2350.0
2026-08-21 06:43:15,795 - INFO - [bot-1787212530234-9364] Evaluating strategy on completed candle: 2026-08-21 01:05:00+00:00 at Close price: 2346.32
2026-08-21 06:43:16,446 - INFO - Confluence Evaluation | Regime: TRENDING (ADX=59.3) | Direction: LONG | BullScore: 82.6% | BearScore: 17.4% | Active: ['ema', 'macd', 'rsi', 'vp']
2026-08-21 06:43:16,682 - INFO - Capping position size 28.149191 BTC to available cash equivalent 8.523986 BTC.
2026-08-21 06:43:16,690 - INFO - [bot-1787212530234-9364] Signal LONG active pending approval already exists (ID: 109).
2026-08-21 06:43:17,239 - INFO - Logged heartbeat status: OK
2026-08-21 06:43:17,239 - INFO - Job "LiveRunner.process_cycle (trigger: interval[0:05:00], next run at: 2026-08-21 06:48:13 IST)" executed successfully
2026-08-21 06:48:13,666 - INFO - Running job "LiveRunner.process_cycle (trigger: interval[0:05:00], next run at: 2026-08-21 06:53:13 IST)" (scheduled at 2026-08-21 06:48:13.639532+05:30)
2026-08-21 06:48:13,706 - INFO - [bot-1787212530234-9364] Starting signal check cycle for ETH/USDT (5m)...
2026-08-21 06:48:13,730 - INFO - Fetching recent candles for ETH/USDT (5m) [Bot: bot-1787212530234-9364] via ProviderManager...
2026-08-21 06:48:14,189 - INFO - Indicators computed | close=2364.64 ema_9=2346.82 ema_20=2340.04 ema_50=2331.33 ema_200=2302.70 macd=7.1836 poc=2250.0 val=2050.0 vah=2350.0
2026-08-21 06:48:14,191 - INFO - [bot-1787212530234-9364] Evaluating strategy on completed candle: 2026-08-21 01:10:00+00:00 at Close price: 2345.75
2026-08-21 06:48:14,304 - INFO - Confluence Evaluation | Regime: TRENDING (ADX=58.8) | Direction: LONG | BullScore: 82.6% | BearScore: 17.4% | Active: ['ema', 'macd', 'rsi', 'vp']
2026-08-21 06:48:14,410 - INFO - Capping position size 29.325513 BTC to available cash equivalent 8.526058 BTC.
2026-08-21 06:48:14,476 - INFO - [bot-1787212530234-9364] Signal LONG active pending approval already exists (ID: 109).
2026-08-21 06:48:14,686 - INFO - Logged heartbeat status: OK
2026-08-21 06:48:14,686 - INFO - Job "LiveRunner.process_cycle (trigger: interval[0:05:00], next run at: 2026-08-21 06:53:13 IST)" executed successfully
2026-08-21 06:53:13,659 - INFO - Running job "LiveRunner.process_cycle (trigger: interval[0:05:00], next run at: 2026-08-21 06:58:13 IST)" (scheduled at 2026-08-21 06:53:13.639532+05:30)
2026-08-21 06:53:13,671 - INFO - [bot-1787212530234-9364] Starting signal check cycle for ETH/USDT (5m)...
2026-08-21 06:53:13,682 - INFO - Fetching recent candles for ETH/USDT (5m) [Bot: bot-1787212530234-9364] via ProviderManager...
2026-08-21 06:53:14,127 - INFO - Indicators computed | close=2342.20 ema_9=2344.79 ema_20=2339.65 ema_50=2331.50 ema_200=2303.03 macd=6.0319 poc=2250.0 val=2050.0 vah=2350.0
2026-08-21 06:53:14,128 - INFO - [bot-1787212530234-9364] Evaluating strategy on completed candle: 2026-08-21 01:15:00+00:00 at Close price: 2357.72
2026-08-21 06:53:14,198 - INFO - Confluence Evaluation | Regime: TRENDING (ADX=58.6) | Direction: LONG | BullScore: 82.6% | BearScore: 17.4% | Active: ['ema', 'macd', 'rsi', 'vp']
2026-08-21 06:53:14,304 - INFO - Capping position size 15.618899 BTC to available cash equivalent 8.482771 BTC.
2026-08-21 06:53:14,397 - INFO - Created pending signal approval ID 139 for bot bot-1787212530234-9364 (LONG @ $2357.72, status: WAITING_APPROVAL)
2026-08-21 06:53:14,504 - INFO - [bot-1787212530234-9364] Signal LONG generated (ID: 139). Waiting for manual user approval.
2026-08-21 06:53:14,678 - INFO - Logged heartbeat status: OK
2026-08-21 06:53:14,678 - INFO - Job "LiveRunner.process_cycle (trigger: interval[0:05:00], next run at: 2026-08-21 06:58:13 IST)" executed successfully
2026-08-21 06:58:13,721 - INFO - Running job "LiveRunner.process_cycle (trigger: interval[0:05:00], next run at: 2026-08-21 07:03:13 IST)" (scheduled at 2026-08-21 06:58:13.639532+05:30)
2026-08-21 06:58:13,917 - INFO - [bot-1787212530234-9364] Starting signal check cycle for ETH/USDT (5m)...
2026-08-21 06:58:13,964 - INFO - Fetching recent candles for ETH/USDT (5m) [Bot: bot-1787212530234-9364] via ProviderManager...
2026-08-21 06:58:15,092 - INFO - Indicators computed | close=2347.27 ema_9=2345.80 ema_20=2340.65 ema_50=2332.24 ema_200=2303.50 macd=6.0954 poc=2250.0 val=2050.0 vah=2350.0
2026-08-21 06:58:15,093 - INFO - [bot-1787212530234-9364] Evaluating strategy on completed candle: 2026-08-21 01:20:00+00:00 at Close price: 2345.41
2026-08-21 06:58:15,203 - INFO - Confluence Evaluation | Regime: TRENDING (ADX=56.9) | Direction: LONG | BullScore: 82.6% | BearScore: 17.4% | Active: ['ema', 'macd', 'rsi', 'vp']
2026-08-21 06:58:15,439 - INFO - Capping position size 41.025641 BTC to available cash equivalent 8.527294 BTC.
2026-08-21 06:58:15,446 - INFO - [bot-1787212530234-9364] Signal LONG active pending approval already exists (ID: 139).
2026-08-21 06:58:15,766 - INFO - Logged heartbeat status: OK
2026-08-21 06:58:15,767 - INFO - Job "LiveRunner.process_cycle (trigger: interval[0:05:00], next run at: 2026-08-21 07:03:13 IST)" executed successfully
2026-08-21 07:03:13,658 - INFO - Running job "LiveRunner.process_cycle (trigger: interval[0:05:00], next run at: 2026-08-21 07:08:13 IST)" (scheduled at 2026-08-21 07:03:13.639532+05:30)
2026-08-21 07:03:13,665 - INFO - [bot-1787212530234-9364] Starting signal check cycle for ETH/USDT (5m)...
2026-08-21 07:03:13,671 - INFO - Fetching recent candles for ETH/USDT (5m) [Bot: bot-1787212530234-9364] via ProviderManager...
2026-08-21 07:03:14,025 - INFO - Indicators computed | close=2365.44 ema_9=2350.66 ema_20=2343.51 ema_50=2333.76 ema_200=2304.17 macd=7.6837 poc=2250.0 val=2050.0 vah=2350.0
2026-08-21 07:03:14,026 - INFO - [bot-1787212530234-9364] Evaluating strategy on completed candle: 2026-08-21 01:25:00+00:00 at Close price: 2353.10
2026-08-21 07:03:14,093 - INFO - Confluence Evaluation | Regime: TRENDING (ADX=54.3) | Direction: LONG | BullScore: 82.6% | BearScore: 17.4% | Active: ['ema', 'macd', 'rsi', 'vp']
2026-08-21 07:03:14,183 - INFO - Capping position size 23.752969 BTC to available cash equivalent 8.499426 BTC.
2026-08-21 07:03:14,235 - INFO - [bot-1787212530234-9364] Signal LONG active pending approval already exists (ID: 139).
2026-08-21 07:03:14,433 - INFO - Logged heartbeat status: OK
2026-08-21 07:03:14,434 - INFO - Job "LiveRunner.process_cycle (trigger: interval[0:05:00], next run at: 2026-08-21 07:08:13 IST)" executed successfully
/Users/ashishparadkar/Downloads/algo-code-main/.venv/lib/python3.9/site-packages/urllib3/__init__.py:35: NotOpenSSLWarning: urllib3 v2 only supports OpenSSL 1.1.1+, currently the 'ssl' module is compiled with 'LibreSSL 2.8.3'. See: https://github.com/urllib3/urllib3/issues/3020
  warnings.warn(
2026-08-21 12:14:29,463 - INFO - Bot state startup reconciliation finished: 0 bot(s) reconciled to STOPPED.
2026-08-21 12:14:30,295 - INFO - Telegram notification service initialized successfully (Chat ID: 5657...)
2026-08-21 12:14:30,320 - INFO - Initializing scheduled trading bot live runner for bot-1787212530234-9364...
2026-08-21 12:14:31,036 - INFO - SQLite database tables verified/created.
2026-08-21 12:14:31,635 - INFO - Initializing CCXT Binance in TESTNET mode.
2026-08-21 12:15:06,090 - INFO - [bot-1787212530234-9364] Pre-flight instrument resolved: ETH/USDT (SPOT via binance_spot)
2026-08-21 12:15:06,458 - INFO - [bot-1787212530234-9364] Starting signal check cycle for ETH/USDT (5m)...
2026-08-21 12:15:06,478 - INFO - Fetching recent candles for ETH/USDT (5m) [Bot: bot-1787212530234-9364] via ProviderManager...
2026-08-21 12:16:04,426 - INFO - Indicators computed | close=2367.41 ema_9=2367.02 ema_20=2363.39 ema_50=2356.59 ema_200=2328.29 macd=4.2906 poc=2250.0 val=2075.0 vah=2350.0
2026-08-21 12:16:04,432 - INFO - [bot-1787212530234-9364] Evaluating strategy on completed candle: 2026-08-21 06:40:00+00:00 at Close price: 2369.66
2026-08-21 12:16:04,844 - INFO - Confluence Evaluation | Regime: RANGING (ADX=20.1) | Direction: HOLD | BullScore: 67.4% | BearScore: 32.6% | Active: ['ema', 'macd', 'rsi', 'vp']
2026-08-21 12:16:05,130 - INFO - Signal evaluated: HOLD. Reason/Details: Confluence score: 67% (HOLD)
2026-08-21 12:16:05,467 - INFO - Logged heartbeat status: OK
2026-08-21 12:16:05,532 - INFO - Adding job tentatively -- it will be properly scheduled when the scheduler starts
2026-08-21 12:16:05,532 - INFO - Bot bot-1787212530234-9364 scheduled to check every 5 minutes.
2026-08-21 12:16:05,538 - INFO - Added job "LiveRunner.process_cycle" to job store "default"
2026-08-21 12:16:05,539 - INFO - Scheduler started
2026-08-21 12:21:05,575 - INFO - Running job "LiveRunner.process_cycle (trigger: interval[0:05:00], next run at: 2026-08-21 12:21:05 IST)" (scheduled at 2026-08-21 12:21:05.530909+05:30)
2026-08-21 12:21:05,590 - INFO - [bot-1787212530234-9364] Starting signal check cycle for ETH/USDT (5m)...
2026-08-21 12:21:05,644 - INFO - Fetching recent candles for ETH/USDT (5m) [Bot: bot-1787212530234-9364] via ProviderManager...
2026-08-21 12:21:06,183 - INFO - Indicators computed | close=2374.45 ema_9=2370.10 ema_20=2365.30 ema_50=2357.67 ema_200=2328.85 macd=5.2601 poc=2250.0 val=2075.0 vah=2375.0
2026-08-21 12:21:06,184 - INFO - [bot-1787212530234-9364] Evaluating strategy on completed candle: 2026-08-21 06:45:00+00:00 at Close price: 2377.38
2026-08-21 12:21:06,259 - INFO - Confluence Evaluation | Regime: RANGING (ADX=22.0) | Direction: HOLD | BullScore: 67.4% | BearScore: 32.6% | Active: ['ema', 'macd', 'rsi', 'vp']
2026-08-21 12:21:06,362 - INFO - Signal evaluated: HOLD. Reason/Details: Confluence score: 67% (HOLD)
2026-08-21 12:21:06,583 - INFO - Logged heartbeat status: OK
2026-08-21 12:21:06,584 - INFO - Job "LiveRunner.process_cycle (trigger: interval[0:05:00], next run at: 2026-08-21 12:26:05 IST)" executed successfully
2026-08-21 12:26:05,573 - INFO - Running job "LiveRunner.process_cycle (trigger: interval[0:05:00], next run at: 2026-08-21 12:31:05 IST)" (scheduled at 2026-08-21 12:26:05.530909+05:30)
2026-08-21 12:26:05,600 - INFO - [bot-1787212530234-9364] Starting signal check cycle for ETH/USDT (5m)...
2026-08-21 12:26:05,622 - INFO - Fetching recent candles for ETH/USDT (5m) [Bot: bot-1787212530234-9364] via ProviderManager...
2026-08-21 12:26:06,642 - INFO - Indicators computed | close=2371.00 ema_9=2369.73 ema_20=2365.55 ema_50=2358.06 ema_200=2329.24 macd=4.8489 poc=2250.0 val=2075.0 vah=2375.0
2026-08-21 12:26:06,643 - INFO - [bot-1787212530234-9364] Evaluating strategy on completed candle: 2026-08-21 06:50:00+00:00 at Close price: 2371.00
2026-08-21 12:26:06,732 - INFO - Confluence Evaluation | Regime: RANGING (ADX=24.3) | Direction: HOLD | BullScore: 67.4% | BearScore: 32.6% | Active: ['ema', 'macd', 'rsi', 'vp']
2026-08-21 12:26:06,840 - INFO - Signal evaluated: HOLD. Reason/Details: Confluence score: 67% (HOLD)
2026-08-21 12:26:07,050 - INFO - Logged heartbeat status: OK
2026-08-21 12:26:07,052 - INFO - Job "LiveRunner.process_cycle (trigger: interval[0:05:00], next run at: 2026-08-21 12:31:05 IST)" executed successfully
2026-08-21 12:31:05,542 - INFO - Running job "LiveRunner.process_cycle (trigger: interval[0:05:00], next run at: 2026-08-21 12:36:05 IST)" (scheduled at 2026-08-21 12:31:05.530909+05:30)
2026-08-21 12:31:05,554 - INFO - [bot-1787212530234-9364] Starting signal check cycle for ETH/USDT (5m)...
2026-08-21 12:31:05,599 - INFO - Fetching recent candles for ETH/USDT (5m) [Bot: bot-1787212530234-9364] via ProviderManager...
2026-08-21 12:31:06,546 - INFO - Indicators computed | close=2373.96 ema_9=2370.81 ema_20=2366.47 ema_50=2358.74 ema_200=2329.70 macd=5.0138 poc=2250.0 val=2075.0 vah=2375.0
2026-08-21 12:31:06,550 - INFO - [bot-1787212530234-9364] Evaluating strategy on completed candle: 2026-08-21 06:55:00+00:00 at Close price: 2372.47
2026-08-21 12:31:06,683 - INFO - Confluence Evaluation | Regime: TRENDING (ADX=26.6) | Direction: LONG | BullScore: 82.6% | BearScore: 17.4% | Active: ['ema', 'macd', 'rsi', 'vp']
2026-08-21 12:31:06,838 - INFO - Capping position size 34.965035 BTC to available cash equivalent 8.430033 BTC.
2026-08-21 12:31:07,028 - INFO - Created pending signal approval ID 162 for bot bot-1787212530234-9364 (LONG @ $2372.47, status: WAITING_APPROVAL)
2026-08-21 12:31:07,099 - INFO - [bot-1787212530234-9364] Signal LONG generated (ID: 162). Waiting for manual user approval.
2026-08-21 12:31:07,307 - INFO - Logged heartbeat status: OK
2026-08-21 12:31:07,308 - INFO - Job "LiveRunner.process_cycle (trigger: interval[0:05:00], next run at: 2026-08-21 12:36:05 IST)" executed successfully
2026-08-21 12:36:05,567 - INFO - Running job "LiveRunner.process_cycle (trigger: interval[0:05:00], next run at: 2026-08-21 12:41:05 IST)" (scheduled at 2026-08-21 12:36:05.530909+05:30)
2026-08-21 12:36:05,574 - INFO - [bot-1787212530234-9364] Starting signal check cycle for ETH/USDT (5m)...
2026-08-21 12:36:05,614 - INFO - Fetching recent candles for ETH/USDT (5m) [Bot: bot-1787212530234-9364] via ProviderManager...
2026-08-21 12:36:06,023 - INFO - Indicators computed | close=2373.80 ema_9=2371.38 ema_20=2367.16 ema_50=2359.32 ema_200=2330.13 macd=4.9695 poc=2250.0 val=2075.0 vah=2375.0
2026-08-21 12:36:06,023 - INFO - [bot-1787212530234-9364] Evaluating strategy on completed candle: 2026-08-21 07:00:00+00:00 at Close price: 2373.77
2026-08-21 12:36:06,086 - INFO - Confluence Evaluation | Regime: TRENDING (ADX=27.5) | Direction: LONG | BullScore: 82.6% | BearScore: 17.4% | Active: ['ema', 'macd', 'rsi', 'vp']
2026-08-21 12:36:06,184 - INFO - Capping position size 31.397174 BTC to available cash equivalent 8.425416 BTC.
2026-08-21 12:36:06,242 - INFO - [bot-1787212530234-9364] Signal LONG active pending approval already exists (ID: 162).
2026-08-21 12:36:06,452 - INFO - Logged heartbeat status: OK
2026-08-21 12:36:06,453 - INFO - Job "LiveRunner.process_cycle (trigger: interval[0:05:00], next run at: 2026-08-21 12:41:05 IST)" executed successfully
2026-08-21 12:41:05,550 - INFO - Running job "LiveRunner.process_cycle (trigger: interval[0:05:00], next run at: 2026-08-21 12:46:05 IST)" (scheduled at 2026-08-21 12:41:05.530909+05:30)
2026-08-21 12:41:05,564 - INFO - [bot-1787212530234-9364] Starting signal check cycle for ETH/USDT (5m)...
2026-08-21 12:41:05,612 - INFO - Fetching recent candles for ETH/USDT (5m) [Bot: bot-1787212530234-9364] via ProviderManager...
2026-08-21 12:41:06,092 - INFO - Indicators computed | close=2378.37 ema_9=2373.17 ema_20=2368.43 ema_50=2360.16 ema_200=2330.64 macd=5.4042 poc=2250.0 val=2075.0 vah=2375.0
2026-08-21 12:41:06,094 - INFO - [bot-1787212530234-9364] Evaluating strategy on completed candle: 2026-08-21 07:05:00+00:00 at Close price: 2376.23
2026-08-21 12:41:06,168 - INFO - Confluence Evaluation | Regime: TRENDING (ADX=27.6) | Direction: LONG | BullScore: 82.6% | BearScore: 17.4% | Active: ['ema', 'macd', 'rsi', 'vp']
2026-08-21 12:41:06,267 - INFO - Capping position size 28.632785 BTC to available cash equivalent 8.416694 BTC.
2026-08-21 12:41:06,272 - INFO - [bot-1787212530234-9364] Signal LONG active pending approval already exists (ID: 162).
2026-08-21 12:41:06,464 - INFO - Logged heartbeat status: OK
2026-08-21 12:41:06,465 - INFO - Job "LiveRunner.process_cycle (trigger: interval[0:05:00], next run at: 2026-08-21 12:46:05 IST)" executed successfully
2026-08-21 12:46:05,540 - INFO - Running job "LiveRunner.process_cycle (trigger: interval[0:05:00], next run at: 2026-08-21 12:51:05 IST)" (scheduled at 2026-08-21 12:46:05.530909+05:30)
2026-08-21 12:46:05,548 - INFO - [bot-1787212530234-9364] Starting signal check cycle for ETH/USDT (5m)...
2026-08-21 12:46:05,594 - INFO - Fetching recent candles for ETH/USDT (5m) [Bot: bot-1787212530234-9364] via ProviderManager...
2026-08-21 12:46:06,053 - INFO - Indicators computed | close=2388.22 ema_9=2377.47 ema_20=2371.02 ema_50=2361.57 ema_200=2331.29 macd=6.8160 poc=2250.0 val=2075.0 vah=2375.0
2026-08-21 12:46:06,054 - INFO - [bot-1787212530234-9364] Evaluating strategy on completed candle: 2026-08-21 07:10:00+00:00 at Close price: 2386.47
2026-08-21 12:46:06,114 - INFO - Confluence Evaluation | Regime: TRENDING (ADX=26.9) | Direction: LONG | BullScore: 82.6% | BearScore: 17.4% | Active: ['ema', 'macd', 'rsi', 'vp']
2026-08-21 12:46:06,230 - INFO - Capping position size 20.345880 BTC to available cash equivalent 8.380579 BTC.
2026-08-21 12:46:06,241 - INFO - [bot-1787212530234-9364] Signal LONG active pending approval already exists (ID: 162).
2026-08-21 12:46:06,474 - INFO - Logged heartbeat status: OK
2026-08-21 12:46:06,475 - INFO - Job "LiveRunner.process_cycle (trigger: interval[0:05:00], next run at: 2026-08-21 12:51:05 IST)" executed successfully
2026-08-21 12:51:05,583 - INFO - Running job "LiveRunner.process_cycle (trigger: interval[0:05:00], next run at: 2026-08-21 12:56:05 IST)" (scheduled at 2026-08-21 12:51:05.530909+05:30)
2026-08-21 12:51:05,596 - INFO - [bot-1787212530234-9364] Starting signal check cycle for ETH/USDT (5m)...
2026-08-21 12:51:05,656 - INFO - Fetching recent candles for ETH/USDT (5m) [Bot: bot-1787212530234-9364] via ProviderManager...
2026-08-21 12:51:06,220 - INFO - Indicators computed | close=2382.65 ema_9=2378.21 ema_20=2371.96 ema_50=2362.32 ema_200=2331.78 macd=6.7775 poc=2250.0 val=2075.0 vah=2375.0
2026-08-21 12:51:06,221 - INFO - [bot-1787212530234-9364] Evaluating strategy on completed candle: 2026-08-21 07:15:00+00:00 at Close price: 2386.33
2026-08-21 12:51:06,314 - INFO - Confluence Evaluation | Regime: TRENDING (ADX=26.3) | Direction: LONG | BullScore: 82.6% | BearScore: 17.4% | Active: ['ema', 'macd', 'rsi', 'vp']
2026-08-21 12:51:06,403 - INFO - Capping position size 22.234575 BTC to available cash equivalent 8.381071 BTC.
2026-08-21 12:51:06,454 - INFO - [bot-1787212530234-9364] Signal LONG active pending approval already exists (ID: 162).
2026-08-21 12:51:06,719 - INFO - Logged heartbeat status: OK
2026-08-21 12:51:06,719 - INFO - Job "LiveRunner.process_cycle (trigger: interval[0:05:00], next run at: 2026-08-21 12:56:05 IST)" executed successfully
2026-08-21 12:56:05,554 - INFO - Running job "LiveRunner.process_cycle (trigger: interval[0:05:00], next run at: 2026-08-21 13:01:05 IST)" (scheduled at 2026-08-21 12:56:05.530909+05:30)
2026-08-21 12:56:05,566 - INFO - [bot-1787212530234-9364] Starting signal check cycle for ETH/USDT (5m)...
2026-08-21 12:56:05,609 - INFO - Fetching recent candles for ETH/USDT (5m) [Bot: bot-1787212530234-9364] via ProviderManager...
2026-08-21 12:56:06,062 - INFO - Indicators computed | close=2382.36 ema_9=2378.32 ema_20=2372.57 ema_50=2362.94 ema_200=2332.24 macd=6.4903 poc=2250.0 val=2075.0 vah=2375.0
2026-08-21 12:56:06,063 - INFO - [bot-1787212530234-9364] Evaluating strategy on completed candle: 2026-08-21 07:20:00+00:00 at Close price: 2378.19
2026-08-21 12:56:06,123 - INFO - Confluence Evaluation | Regime: TRENDING (ADX=26.5) | Direction: LONG | BullScore: 82.6% | BearScore: 17.4% | Active: ['ema', 'macd', 'rsi', 'vp']
2026-08-21 12:56:06,222 - INFO - Capping position size 40.609137 BTC to available cash equivalent 8.409757 BTC.
2026-08-21 12:56:06,281 - INFO - [bot-1787212530234-9364] Signal LONG active pending approval already exists (ID: 162).
2026-08-21 12:56:06,491 - INFO - Logged heartbeat status: OK
2026-08-21 12:56:06,491 - INFO - Job "LiveRunner.process_cycle (trigger: interval[0:05:00], next run at: 2026-08-21 13:01:05 IST)" executed successfully
2026-08-21 13:01:05,552 - INFO - Running job "LiveRunner.process_cycle (trigger: interval[0:05:00], next run at: 2026-08-21 13:06:05 IST)" (scheduled at 2026-08-21 13:01:05.530909+05:30)
2026-08-21 13:01:05,563 - INFO - [bot-1787212530234-9364] Starting signal check cycle for ETH/USDT (5m)...
2026-08-21 13:01:05,608 - INFO - Fetching recent candles for ETH/USDT (5m) [Bot: bot-1787212530234-9364] via ProviderManager...
2026-08-21 13:01:06,037 - INFO - Indicators computed | close=2382.04 ema_9=2378.97 ema_20=2373.42 ema_50=2363.67 ema_200=2332.73 macd=6.4064 poc=2250.0 val=2075.0 vah=2375.0
2026-08-21 13:01:06,038 - INFO - [bot-1787212530234-9364] Evaluating strategy on completed candle: 2026-08-21 07:25:00+00:00 at Close price: 2381.74
2026-08-21 13:01:06,133 - INFO - Confluence Evaluation | Regime: TRENDING (ADX=27.1) | Direction: LONG | BullScore: 82.6% | BearScore: 17.4% | Active: ['ema', 'macd', 'rsi', 'vp']
2026-08-21 13:01:06,229 - INFO - Capping position size 33.726813 BTC to available cash equivalent 8.397222 BTC.
2026-08-21 13:01:06,298 - INFO - [bot-1787212530234-9364] Signal LONG active pending approval already exists (ID: 162).
2026-08-21 13:01:06,446 - INFO - Logged heartbeat status: OK
2026-08-21 13:01:06,447 - INFO - Job "LiveRunner.process_cycle (trigger: interval[0:05:00], next run at: 2026-08-21 13:06:05 IST)" executed successfully
2026-08-21 13:06:05,599 - INFO - Running job "LiveRunner.process_cycle (trigger: interval[0:05:00], next run at: 2026-08-21 13:11:05 IST)" (scheduled at 2026-08-21 13:06:05.530909+05:30)
2026-08-21 13:06:05,661 - INFO - [bot-1787212530234-9364] Starting signal check cycle for ETH/USDT (5m)...
2026-08-21 13:06:05,731 - INFO - Fetching recent candles for ETH/USDT (5m) [Bot: bot-1787212530234-9364] via ProviderManager...
2026-08-21 13:06:06,959 - INFO - Indicators computed | close=2377.98 ema_9=2378.34 ema_20=2373.62 ema_50=2364.13 ema_200=2333.15 macd=5.8175 poc=2250.0 val=2075.0 vah=2375.0
2026-08-21 13:06:07,023 - INFO - [bot-1787212530234-9364] Evaluating strategy on completed candle: 2026-08-21 07:30:00+00:00 at Close price: 2379.36
2026-08-21 13:06:07,224 - INFO - Confluence Evaluation | Regime: TRENDING (ADX=31.3) | Direction: LONG | BullScore: 82.6% | BearScore: 17.4% | Active: ['ema', 'macd', 'rsi', 'vp']
2026-08-21 13:06:07,369 - INFO - Capping position size 72.595281 BTC to available cash equivalent 8.405622 BTC.
2026-08-21 13:06:07,494 - INFO - Created pending signal approval ID 189 for bot bot-1787212530234-9364 (LONG @ $2379.36, status: WAITING_APPROVAL)
2026-08-21 13:06:07,571 - INFO - [bot-1787212530234-9364] Signal LONG generated (ID: 189). Waiting for manual user approval.
2026-08-21 13:06:07,848 - INFO - Logged heartbeat status: OK
2026-08-21 13:06:07,849 - INFO - Job "LiveRunner.process_cycle (trigger: interval[0:05:00], next run at: 2026-08-21 13:11:05 IST)" executed successfully
2026-08-21 13:11:05,553 - INFO - Running job "LiveRunner.process_cycle (trigger: interval[0:05:00], next run at: 2026-08-21 13:16:05 IST)" (scheduled at 2026-08-21 13:11:05.530909+05:30)
2026-08-21 13:11:05,581 - INFO - [bot-1787212530234-9364] Starting signal check cycle for ETH/USDT (5m)...
2026-08-21 13:11:05,636 - INFO - Fetching recent candles for ETH/USDT (5m) [Bot: bot-1787212530234-9364] via ProviderManager...
2026-08-21 13:11:06,194 - INFO - Indicators computed | close=2381.48 ema_9=2379.64 ema_20=2374.73 ema_50=2364.96 ema_200=2333.68 macd=5.9933 poc=2250.0 val=2075.0 vah=2375.0
2026-08-21 13:11:06,196 - INFO - [bot-1787212530234-9364] Evaluating strategy on completed candle: 2026-08-21 07:35:00+00:00 at Close price: 2382.15
2026-08-21 13:11:06,279 - INFO - Confluence Evaluation | Regime: TRENDING (ADX=34.7) | Direction: LONG | BullScore: 82.6% | BearScore: 17.4% | Active: ['ema', 'macd', 'rsi', 'vp']
2026-08-21 13:11:06,430 - INFO - Capping position size 32.414911 BTC to available cash equivalent 8.395777 BTC.
2026-08-21 13:11:06,441 - INFO - [bot-1787212530234-9364] Signal LONG active pending approval already exists (ID: 189).
2026-08-21 13:11:06,684 - INFO - Logged heartbeat status: OK
2026-08-21 13:11:06,684 - INFO - Job "LiveRunner.process_cycle (trigger: interval[0:05:00], next run at: 2026-08-21 13:16:05 IST)" executed successfully
2026-08-21 13:16:05,542 - INFO - Running job "LiveRunner.process_cycle (trigger: interval[0:05:00], next run at: 2026-08-21 13:21:05 IST)" (scheduled at 2026-08-21 13:16:05.530909+05:30)
2026-08-21 13:16:05,549 - INFO - [bot-1787212530234-9364] Starting signal check cycle for ETH/USDT (5m)...
2026-08-21 13:16:05,589 - INFO - Fetching recent candles for ETH/USDT (5m) [Bot: bot-1787212530234-9364] via ProviderManager...
2026-08-21 13:16:06,231 - INFO - Indicators computed | close=2381.30 ema_9=2379.86 ema_20=2375.29 ema_50=2365.58 ema_200=2334.14 macd=5.7447 poc=2250.0 val=2075.0 vah=2375.0
2026-08-21 13:16:06,235 - INFO - [bot-1787212530234-9364] Evaluating strategy on completed candle: 2026-08-21 07:40:00+00:00 at Close price: 2380.78
2026-08-21 13:16:06,325 - INFO - Confluence Evaluation | Regime: TRENDING (ADX=37.0) | Direction: LONG | BullScore: 82.6% | BearScore: 17.4% | Active: ['ema', 'macd', 'rsi', 'vp']
2026-08-21 13:16:06,419 - INFO - Capping position size 36.463081 BTC to available cash equivalent 8.400608 BTC.
2026-08-21 13:16:06,428 - INFO - [bot-1787212530234-9364] Signal LONG active pending approval already exists (ID: 189).
2026-08-21 13:16:06,645 - INFO - Logged heartbeat status: OK
2026-08-21 13:16:06,646 - INFO - Job "LiveRunner.process_cycle (trigger: interval[0:05:00], next run at: 2026-08-21 13:21:05 IST)" executed successfully
2026-08-21 13:21:05,588 - INFO - Running job "LiveRunner.process_cycle (trigger: interval[0:05:00], next run at: 2026-08-21 13:26:05 IST)" (scheduled at 2026-08-21 13:21:05.530909+05:30)
2026-08-21 13:21:05,602 - INFO - [bot-1787212530234-9364] Starting signal check cycle for ETH/USDT (5m)...
2026-08-21 13:21:05,644 - INFO - Fetching recent candles for ETH/USDT (5m) [Bot: bot-1787212530234-9364] via ProviderManager...
2026-08-21 13:21:15,687 - ERROR - Binance Spot Network Error: binance GET https://api.binance.com/api/v3/klines?interval=5m&limit=1000&symbol=ETHUSDT
--- Logging error ---
Traceback (most recent call last):
  File "/Users/ashishparadkar/Downloads/algo-code-main/.venv/lib/python3.9/site-packages/urllib3/connectionpool.py", line 534, in _make_request
    response = conn.getresponse()
  File "/Users/ashishparadkar/Downloads/algo-code-main/.venv/lib/python3.9/site-packages/urllib3/connection.py", line 571, in getresponse
    httplib_response = super().getresponse()
  File "/Library/Developer/CommandLineTools/Library/Frameworks/Python3.framework/Versions/3.9/lib/python3.9/http/client.py", line 1349, in getresponse
    response.begin()
  File "/Library/Developer/CommandLineTools/Library/Frameworks/Python3.framework/Versions/3.9/lib/python3.9/http/client.py", line 316, in begin
    version, status, reason = self._read_status()
  File "/Library/Developer/CommandLineTools/Library/Frameworks/Python3.framework/Versions/3.9/lib/python3.9/http/client.py", line 277, in _read_status
    line = str(self.fp.readline(_MAXLINE + 1), "iso-8859-1")
  File "/Library/Developer/CommandLineTools/Library/Frameworks/Python3.framework/Versions/3.9/lib/python3.9/socket.py", line 704, in readinto
    return self._sock.recv_into(b)
  File "/Library/Developer/CommandLineTools/Library/Frameworks/Python3.framework/Versions/3.9/lib/python3.9/ssl.py", line 1241, in recv_into
    return self.read(nbytes, buffer)
  File "/Library/Developer/CommandLineTools/Library/Frameworks/Python3.framework/Versions/3.9/lib/python3.9/ssl.py", line 1099, in read
    return self._sslobj.read(len, buffer)
socket.timeout: The read operation timed out

The above exception was the direct cause of the following exception:

Traceback (most recent call last):
  File "/Users/ashishparadkar/Downloads/algo-code-main/.venv/lib/python3.9/site-packages/requests/adapters.py", line 644, in send
    resp = conn.urlopen(
  File "/Users/ashishparadkar/Downloads/algo-code-main/.venv/lib/python3.9/site-packages/urllib3/connectionpool.py", line 841, in urlopen
    retries = retries.increment(
  File "/Users/ashishparadkar/Downloads/algo-code-main/.venv/lib/python3.9/site-packages/urllib3/util/retry.py", line 490, in increment
    raise reraise(type(error), error, _stacktrace)
  File "/Users/ashishparadkar/Downloads/algo-code-main/.venv/lib/python3.9/site-packages/urllib3/util/util.py", line 39, in reraise
    raise value
  File "/Users/ashishparadkar/Downloads/algo-code-main/.venv/lib/python3.9/site-packages/urllib3/connectionpool.py", line 787, in urlopen
    response = self._make_request(
  File "/Users/ashishparadkar/Downloads/algo-code-main/.venv/lib/python3.9/site-packages/urllib3/connectionpool.py", line 536, in _make_request
    self._raise_timeout(err=e, url=url, timeout_value=read_timeout)
  File "/Users/ashishparadkar/Downloads/algo-code-main/.venv/lib/python3.9/site-packages/urllib3/connectionpool.py", line 367, in _raise_timeout
    raise ReadTimeoutError(
urllib3.exceptions.ReadTimeoutError: HTTPSConnectionPool(host='api.binance.com', port=443): Read timed out. (read timeout=10.0)

During handling of the above exception, another exception occurred:

Traceback (most recent call last):
  File "/Users/ashishparadkar/Downloads/algo-code-main/.venv/lib/python3.9/site-packages/ccxt/base/exchange.py", line 665, in fetch
    response = self.session.request(
  File "/Users/ashishparadkar/Downloads/algo-code-main/.venv/lib/python3.9/site-packages/requests/sessions.py", line 589, in request
    resp = self.send(prep, **send_kwargs)
  File "/Users/ashishparadkar/Downloads/algo-code-main/.venv/lib/python3.9/site-packages/requests/sessions.py", line 703, in send
    r = adapter.send(request, **kwargs)
  File "/Users/ashishparadkar/Downloads/algo-code-main/.venv/lib/python3.9/site-packages/requests/adapters.py", line 690, in send
    raise ReadTimeout(e, request=request)
requests.exceptions.ReadTimeout: HTTPSConnectionPool(host='api.binance.com', port=443): Read timed out. (read timeout=10.0)

The above exception was the direct cause of the following exception:

Traceback (most recent call last):
  File "/Users/ashishparadkar/Downloads/algo-code-main/src/provider_manager.py", line 351, in fetch_ohlcv_safe
    df = adapter.fetch_ohlcv(instrument, timeframe, limit=limit)
  File "/Users/ashishparadkar/Downloads/algo-code-main/src/provider_manager.py", line 211, in fetch_ohlcv
    raise net_err
  File "/Users/ashishparadkar/Downloads/algo-code-main/src/provider_manager.py", line 183, in fetch_ohlcv
    raw_candles = self.exchange.fetch_ohlcv(
  File "/Users/ashishparadkar/Downloads/algo-code-main/.venv/lib/python3.9/site-packages/ccxt/binance.py", line 4759, in fetch_ohlcv
    response = self.publicGetKlines(self.extend(request, params))
  File "/Users/ashishparadkar/Downloads/algo-code-main/.venv/lib/python3.9/site-packages/ccxt/base/types.py", line 35, in unbound_method
    return _self.request(self.path, self.api, self.method, params, config=self.config)
  File "/Users/ashishparadkar/Downloads/algo-code-main/.venv/lib/python3.9/site-packages/ccxt/binance.py", line 11724, in request
    response = self.fetch2(path, api, method, params, headers, body, config)
  File "/Users/ashishparadkar/Downloads/algo-code-main/.venv/lib/python3.9/site-packages/ccxt/base/exchange.py", line 5566, in fetch2
    raise e
  File "/Users/ashishparadkar/Downloads/algo-code-main/.venv/lib/python3.9/site-packages/ccxt/base/exchange.py", line 5549, in fetch2
    response = self.fetch(request['url'], request['method'], request['headers'], request['body'])
  File "/Users/ashishparadkar/Downloads/algo-code-main/.venv/lib/python3.9/site-packages/ccxt/base/exchange.py", line 698, in fetch
    raise RequestTimeout(details) from e
ccxt.base.errors.RequestTimeout: binance GET https://api.binance.com/api/v3/klines?interval=5m&limit=1000&symbol=ETHUSDT

During handling of the above exception, another exception occurred:

Traceback (most recent call last):
  File "/Library/Developer/CommandLineTools/Library/Frameworks/Python3.framework/Versions/3.9/lib/python3.9/logging/__init__.py", line 1083, in emit
    msg = self.format(record)
  File "/Library/Developer/CommandLineTools/Library/Frameworks/Python3.framework/Versions/3.9/lib/python3.9/logging/__init__.py", line 927, in format
    return fmt.format(record)
  File "/Library/Developer/CommandLineTools/Library/Frameworks/Python3.framework/Versions/3.9/lib/python3.9/logging/__init__.py", line 663, in format
    record.message = record.getMessage()
  File "/Library/Developer/CommandLineTools/Library/Frameworks/Python3.framework/Versions/3.9/lib/python3.9/logging/__init__.py", line 367, in getMessage
    msg = msg % self.args
TypeError: must be real number, not RequestTimeout
Call stack:
  File "/Library/Developer/CommandLineTools/Library/Frameworks/Python3.framework/Versions/3.9/lib/python3.9/threading.py", line 930, in _bootstrap
    self._bootstrap_inner()
  File "/Library/Developer/CommandLineTools/Library/Frameworks/Python3.framework/Versions/3.9/lib/python3.9/threading.py", line 973, in _bootstrap_inner
    self.run()
  File "/Library/Developer/CommandLineTools/Library/Frameworks/Python3.framework/Versions/3.9/lib/python3.9/threading.py", line 910, in run
    self._target(*self._args, **self._kwargs)
  File "/Library/Developer/CommandLineTools/Library/Frameworks/Python3.framework/Versions/3.9/lib/python3.9/concurrent/futures/thread.py", line 77, in _worker
    work_item.run()
  File "/Library/Developer/CommandLineTools/Library/Frameworks/Python3.framework/Versions/3.9/lib/python3.9/concurrent/futures/thread.py", line 52, in run
    result = self.fn(*self.args, **self.kwargs)
  File "/Users/ashishparadkar/Downloads/algo-code-main/.venv/lib/python3.9/site-packages/apscheduler/executors/base.py", line 131, in run_job
    retval = job.func(*job.args, **job.kwargs)
  File "/Users/ashishparadkar/Downloads/algo-code-main/src/live_runner.py", line 199, in process_cycle
    df, _ = self.provider_manager.fetch_ohlcv_safe(self.symbol, self.timeframe, limit=1000)
  File "/Users/ashishparadkar/Downloads/algo-code-main/src/provider_manager.py", line 362, in fetch_ohlcv_safe
    logger.warning(
Message: 'Retryable network failure for %s (Attempt %d/%d). Backing off %.2fs: %s'
Arguments: ('ETH/USDT', 1, 3, RequestTimeout('binance GET https://api.binance.com/api/v3/klines?interval=5m&limit=1000&symbol=ETHUSDT'))
2026-08-21 13:21:17,512 - ERROR - Binance Spot Network Error: binance GET https://api.binance.com/api/v3/klines?interval=5m&limit=1000&symbol=ETHUSDT
--- Logging error ---
Traceback (most recent call last):
  File "/Users/ashishparadkar/Downloads/algo-code-main/.venv/lib/python3.9/site-packages/urllib3/connection.py", line 204, in _new_conn
    sock = connection.create_connection(
  File "/Users/ashishparadkar/Downloads/algo-code-main/.venv/lib/python3.9/site-packages/urllib3/util/connection.py", line 60, in create_connection
    for res in socket.getaddrinfo(host, port, family, socket.SOCK_STREAM):
  File "/Library/Developer/CommandLineTools/Library/Frameworks/Python3.framework/Versions/3.9/lib/python3.9/socket.py", line 953, in getaddrinfo
    for res in _socket.getaddrinfo(host, port, family, type, proto, flags):
socket.gaierror: [Errno 8] nodename nor servname provided, or not known

The above exception was the direct cause of the following exception:

Traceback (most recent call last):
  File "/Users/ashishparadkar/Downloads/algo-code-main/.venv/lib/python3.9/site-packages/urllib3/connectionpool.py", line 787, in urlopen
    response = self._make_request(
  File "/Users/ashishparadkar/Downloads/algo-code-main/.venv/lib/python3.9/site-packages/urllib3/connectionpool.py", line 488, in _make_request
    raise new_e
  File "/Users/ashishparadkar/Downloads/algo-code-main/.venv/lib/python3.9/site-packages/urllib3/connectionpool.py", line 464, in _make_request
    self._validate_conn(conn)
  File "/Users/ashishparadkar/Downloads/algo-code-main/.venv/lib/python3.9/site-packages/urllib3/connectionpool.py", line 1093, in _validate_conn
    conn.connect()
  File "/Users/ashishparadkar/Downloads/algo-code-main/.venv/lib/python3.9/site-packages/urllib3/connection.py", line 759, in connect
    self.sock = sock = self._new_conn()
  File "/Users/ashishparadkar/Downloads/algo-code-main/.venv/lib/python3.9/site-packages/urllib3/connection.py", line 211, in _new_conn
    raise NameResolutionError(self.host, self, e) from e
urllib3.exceptions.NameResolutionError: HTTPSConnection(host='api.binance.com', port=443): Failed to resolve 'api.binance.com' ([Errno 8] nodename nor servname provided, or not known)

The above exception was the direct cause of the following exception:

Traceback (most recent call last):
  File "/Users/ashishparadkar/Downloads/algo-code-main/.venv/lib/python3.9/site-packages/requests/adapters.py", line 644, in send
    resp = conn.urlopen(
  File "/Users/ashishparadkar/Downloads/algo-code-main/.venv/lib/python3.9/site-packages/urllib3/connectionpool.py", line 841, in urlopen
    retries = retries.increment(
  File "/Users/ashishparadkar/Downloads/algo-code-main/.venv/lib/python3.9/site-packages/urllib3/util/retry.py", line 535, in increment
    raise MaxRetryError(_pool, url, reason) from reason  # type: ignore[arg-type]
urllib3.exceptions.MaxRetryError: HTTPSConnectionPool(host='api.binance.com', port=443): Max retries exceeded with url: /api/v3/klines?interval=5m&limit=1000&symbol=ETHUSDT (Caused by NameResolutionError("HTTPSConnection(host='api.binance.com', port=443): Failed to resolve 'api.binance.com' ([Errno 8] nodename nor servname provided, or not known)"))

During handling of the above exception, another exception occurred:

Traceback (most recent call last):
  File "/Users/ashishparadkar/Downloads/algo-code-main/.venv/lib/python3.9/site-packages/ccxt/base/exchange.py", line 665, in fetch
    response = self.session.request(
  File "/Users/ashishparadkar/Downloads/algo-code-main/.venv/lib/python3.9/site-packages/requests/sessions.py", line 589, in request
    resp = self.send(prep, **send_kwargs)
  File "/Users/ashishparadkar/Downloads/algo-code-main/.venv/lib/python3.9/site-packages/requests/sessions.py", line 703, in send
    r = adapter.send(request, **kwargs)
  File "/Users/ashishparadkar/Downloads/algo-code-main/.venv/lib/python3.9/site-packages/requests/adapters.py", line 677, in send
    raise ConnectionError(e, request=request)
requests.exceptions.ConnectionError: HTTPSConnectionPool(host='api.binance.com', port=443): Max retries exceeded with url: /api/v3/klines?interval=5m&limit=1000&symbol=ETHUSDT (Caused by NameResolutionError("HTTPSConnection(host='api.binance.com', port=443): Failed to resolve 'api.binance.com' ([Errno 8] nodename nor servname provided, or not known)"))

The above exception was the direct cause of the following exception:

Traceback (most recent call last):
  File "/Users/ashishparadkar/Downloads/algo-code-main/src/provider_manager.py", line 351, in fetch_ohlcv_safe
    df = adapter.fetch_ohlcv(instrument, timeframe, limit=limit)
  File "/Users/ashishparadkar/Downloads/algo-code-main/src/provider_manager.py", line 211, in fetch_ohlcv
    raise net_err
  File "/Users/ashishparadkar/Downloads/algo-code-main/src/provider_manager.py", line 183, in fetch_ohlcv
    raw_candles = self.exchange.fetch_ohlcv(
  File "/Users/ashishparadkar/Downloads/algo-code-main/.venv/lib/python3.9/site-packages/ccxt/binance.py", line 4759, in fetch_ohlcv
    response = self.publicGetKlines(self.extend(request, params))
  File "/Users/ashishparadkar/Downloads/algo-code-main/.venv/lib/python3.9/site-packages/ccxt/base/types.py", line 35, in unbound_method
    return _self.request(self.path, self.api, self.method, params, config=self.config)
  File "/Users/ashishparadkar/Downloads/algo-code-main/.venv/lib/python3.9/site-packages/ccxt/binance.py", line 11724, in request
    response = self.fetch2(path, api, method, params, headers, body, config)
  File "/Users/ashishparadkar/Downloads/algo-code-main/.venv/lib/python3.9/site-packages/ccxt/base/exchange.py", line 5566, in fetch2
    raise e
  File "/Users/ashishparadkar/Downloads/algo-code-main/.venv/lib/python3.9/site-packages/ccxt/base/exchange.py", line 5549, in fetch2
    response = self.fetch(request['url'], request['method'], request['headers'], request['body'])
  File "/Users/ashishparadkar/Downloads/algo-code-main/.venv/lib/python3.9/site-packages/ccxt/base/exchange.py", line 721, in fetch
    raise NetworkError(details) from e
ccxt.base.errors.NetworkError: binance GET https://api.binance.com/api/v3/klines?interval=5m&limit=1000&symbol=ETHUSDT

During handling of the above exception, another exception occurred:

Traceback (most recent call last):
  File "/Library/Developer/CommandLineTools/Library/Frameworks/Python3.framework/Versions/3.9/lib/python3.9/logging/__init__.py", line 1083, in emit
    msg = self.format(record)
  File "/Library/Developer/CommandLineTools/Library/Frameworks/Python3.framework/Versions/3.9/lib/python3.9/logging/__init__.py", line 927, in format
    return fmt.format(record)
  File "/Library/Developer/CommandLineTools/Library/Frameworks/Python3.framework/Versions/3.9/lib/python3.9/logging/__init__.py", line 663, in format
    record.message = record.getMessage()
  File "/Library/Developer/CommandLineTools/Library/Frameworks/Python3.framework/Versions/3.9/lib/python3.9/logging/__init__.py", line 367, in getMessage
    msg = msg % self.args
TypeError: must be real number, not NetworkError
Call stack:
  File "/Library/Developer/CommandLineTools/Library/Frameworks/Python3.framework/Versions/3.9/lib/python3.9/threading.py", line 930, in _bootstrap
    self._bootstrap_inner()
  File "/Library/Developer/CommandLineTools/Library/Frameworks/Python3.framework/Versions/3.9/lib/python3.9/threading.py", line 973, in _bootstrap_inner
    self.run()
  File "/Library/Developer/CommandLineTools/Library/Frameworks/Python3.framework/Versions/3.9/lib/python3.9/threading.py", line 910, in run
    self._target(*self._args, **self._kwargs)
  File "/Library/Developer/CommandLineTools/Library/Frameworks/Python3.framework/Versions/3.9/lib/python3.9/concurrent/futures/thread.py", line 77, in _worker
    work_item.run()
  File "/Library/Developer/CommandLineTools/Library/Frameworks/Python3.framework/Versions/3.9/lib/python3.9/concurrent/futures/thread.py", line 52, in run
    result = self.fn(*self.args, **self.kwargs)
  File "/Users/ashishparadkar/Downloads/algo-code-main/.venv/lib/python3.9/site-packages/apscheduler/executors/base.py", line 131, in run_job
    retval = job.func(*job.args, **job.kwargs)
  File "/Users/ashishparadkar/Downloads/algo-code-main/src/live_runner.py", line 199, in process_cycle
    df, _ = self.provider_manager.fetch_ohlcv_safe(self.symbol, self.timeframe, limit=1000)
  File "/Users/ashishparadkar/Downloads/algo-code-main/src/provider_manager.py", line 362, in fetch_ohlcv_safe
    logger.warning(
Message: 'Retryable network failure for %s (Attempt %d/%d). Backing off %.2fs: %s'
Arguments: ('ETH/USDT', 2, 3, NetworkError('binance GET https://api.binance.com/api/v3/klines?interval=5m&limit=1000&symbol=ETHUSDT'))
2026-08-21 13:21:19,983 - ERROR - Binance Spot Network Error: binance GET https://api.binance.com/api/v3/klines?interval=5m&limit=1000&symbol=ETHUSDT
2026-08-21 13:21:19,984 - ERROR - System Error in runner execution cycle: binance GET https://api.binance.com/api/v3/klines?interval=5m&limit=1000&symbol=ETHUSDT
Traceback (most recent call last):
  File "/Users/ashishparadkar/Downloads/algo-code-main/.venv/lib/python3.9/site-packages/urllib3/connection.py", line 204, in _new_conn
    sock = connection.create_connection(
  File "/Users/ashishparadkar/Downloads/algo-code-main/.venv/lib/python3.9/site-packages/urllib3/util/connection.py", line 60, in create_connection
    for res in socket.getaddrinfo(host, port, family, socket.SOCK_STREAM):
  File "/Library/Developer/CommandLineTools/Library/Frameworks/Python3.framework/Versions/3.9/lib/python3.9/socket.py", line 953, in getaddrinfo
    for res in _socket.getaddrinfo(host, port, family, type, proto, flags):
socket.gaierror: [Errno 8] nodename nor servname provided, or not known

The above exception was the direct cause of the following exception:

Traceback (most recent call last):
  File "/Users/ashishparadkar/Downloads/algo-code-main/.venv/lib/python3.9/site-packages/urllib3/connectionpool.py", line 787, in urlopen
    response = self._make_request(
  File "/Users/ashishparadkar/Downloads/algo-code-main/.venv/lib/python3.9/site-packages/urllib3/connectionpool.py", line 488, in _make_request
    raise new_e
  File "/Users/ashishparadkar/Downloads/algo-code-main/.venv/lib/python3.9/site-packages/urllib3/connectionpool.py", line 464, in _make_request
    self._validate_conn(conn)
  File "/Users/ashishparadkar/Downloads/algo-code-main/.venv/lib/python3.9/site-packages/urllib3/connectionpool.py", line 1093, in _validate_conn
    conn.connect()
  File "/Users/ashishparadkar/Downloads/algo-code-main/.venv/lib/python3.9/site-packages/urllib3/connection.py", line 759, in connect
    self.sock = sock = self._new_conn()
  File "/Users/ashishparadkar/Downloads/algo-code-main/.venv/lib/python3.9/site-packages/urllib3/connection.py", line 211, in _new_conn
    raise NameResolutionError(self.host, self, e) from e
urllib3.exceptions.NameResolutionError: HTTPSConnection(host='api.binance.com', port=443): Failed to resolve 'api.binance.com' ([Errno 8] nodename nor servname provided, or not known)

The above exception was the direct cause of the following exception:

Traceback (most recent call last):
  File "/Users/ashishparadkar/Downloads/algo-code-main/.venv/lib/python3.9/site-packages/requests/adapters.py", line 644, in send
    resp = conn.urlopen(
  File "/Users/ashishparadkar/Downloads/algo-code-main/.venv/lib/python3.9/site-packages/urllib3/connectionpool.py", line 841, in urlopen
    retries = retries.increment(
  File "/Users/ashishparadkar/Downloads/algo-code-main/.venv/lib/python3.9/site-packages/urllib3/util/retry.py", line 535, in increment
    raise MaxRetryError(_pool, url, reason) from reason  # type: ignore[arg-type]
urllib3.exceptions.MaxRetryError: HTTPSConnectionPool(host='api.binance.com', port=443): Max retries exceeded with url: /api/v3/klines?interval=5m&limit=1000&symbol=ETHUSDT (Caused by NameResolutionError("HTTPSConnection(host='api.binance.com', port=443): Failed to resolve 'api.binance.com' ([Errno 8] nodename nor servname provided, or not known)"))

During handling of the above exception, another exception occurred:

Traceback (most recent call last):
  File "/Users/ashishparadkar/Downloads/algo-code-main/.venv/lib/python3.9/site-packages/ccxt/base/exchange.py", line 665, in fetch
    response = self.session.request(
  File "/Users/ashishparadkar/Downloads/algo-code-main/.venv/lib/python3.9/site-packages/requests/sessions.py", line 589, in request
    resp = self.send(prep, **send_kwargs)
  File "/Users/ashishparadkar/Downloads/algo-code-main/.venv/lib/python3.9/site-packages/requests/sessions.py", line 703, in send
    r = adapter.send(request, **kwargs)
  File "/Users/ashishparadkar/Downloads/algo-code-main/.venv/lib/python3.9/site-packages/requests/adapters.py", line 677, in send
    raise ConnectionError(e, request=request)
requests.exceptions.ConnectionError: HTTPSConnectionPool(host='api.binance.com', port=443): Max retries exceeded with url: /api/v3/klines?interval=5m&limit=1000&symbol=ETHUSDT (Caused by NameResolutionError("HTTPSConnection(host='api.binance.com', port=443): Failed to resolve 'api.binance.com' ([Errno 8] nodename nor servname provided, or not known)"))

The above exception was the direct cause of the following exception:

Traceback (most recent call last):
  File "/Users/ashishparadkar/Downloads/algo-code-main/src/live_runner.py", line 199, in process_cycle
    df, _ = self.provider_manager.fetch_ohlcv_safe(self.symbol, self.timeframe, limit=1000)
  File "/Users/ashishparadkar/Downloads/algo-code-main/src/provider_manager.py", line 359, in fetch_ohlcv_safe
    raise retryable_err
  File "/Users/ashishparadkar/Downloads/algo-code-main/src/provider_manager.py", line 351, in fetch_ohlcv_safe
    df = adapter.fetch_ohlcv(instrument, timeframe, limit=limit)
  File "/Users/ashishparadkar/Downloads/algo-code-main/src/provider_manager.py", line 211, in fetch_ohlcv
    raise net_err
  File "/Users/ashishparadkar/Downloads/algo-code-main/src/provider_manager.py", line 183, in fetch_ohlcv
    raw_candles = self.exchange.fetch_ohlcv(
  File "/Users/ashishparadkar/Downloads/algo-code-main/.venv/lib/python3.9/site-packages/ccxt/binance.py", line 4759, in fetch_ohlcv
    response = self.publicGetKlines(self.extend(request, params))
  File "/Users/ashishparadkar/Downloads/algo-code-main/.venv/lib/python3.9/site-packages/ccxt/base/types.py", line 35, in unbound_method
    return _self.request(self.path, self.api, self.method, params, config=self.config)
  File "/Users/ashishparadkar/Downloads/algo-code-main/.venv/lib/python3.9/site-packages/ccxt/binance.py", line 11724, in request
    response = self.fetch2(path, api, method, params, headers, body, config)
  File "/Users/ashishparadkar/Downloads/algo-code-main/.venv/lib/python3.9/site-packages/ccxt/base/exchange.py", line 5566, in fetch2
    raise e
  File "/Users/ashishparadkar/Downloads/algo-code-main/.venv/lib/python3.9/site-packages/ccxt/base/exchange.py", line 5549, in fetch2
    response = self.fetch(request['url'], request['method'], request['headers'], request['body'])
  File "/Users/ashishparadkar/Downloads/algo-code-main/.venv/lib/python3.9/site-packages/ccxt/base/exchange.py", line 721, in fetch
    raise NetworkError(details) from e
ccxt.base.errors.NetworkError: binance GET https://api.binance.com/api/v3/klines?interval=5m&limit=1000&symbol=ETHUSDT
2026-08-21 13:21:20,063 - WARNING - [bot-1787212530234-9364] Marked bot as non-retryable configuration error to prevent infinite error storm.
2026-08-21 13:21:20,164 - WARNING - Telegram alert [GENERAL] failed (Connection Error: HTTPSConnectionPool(host='api.telegram.org', port=443): Max retries exceeded with url: /bot8865086302:AAHhh3VL9czoQRSnw8Hf9iyDEwGJnqQTtqc/sendMessage (Caused by NameResolutionError("HTTPSConnection(host='api.telegram.org', port=443): Failed to resolve 'api.telegram.org' ([Errno 8] nodename nor servname provided, or not known)"))). Re-queueing retry 1/3 in 1.0s
2026-08-21 13:21:20,349 - INFO - Logged heartbeat status: ERROR
2026-08-21 13:21:20,349 - INFO - Job "LiveRunner.process_cycle (trigger: interval[0:05:00], next run at: 2026-08-21 13:26:05 IST)" executed successfully
2026-08-21 13:21:21,174 - WARNING - Telegram alert [GENERAL] failed (Connection Error: HTTPSConnectionPool(host='api.telegram.org', port=443): Max retries exceeded with url: /bot8865086302:AAHhh3VL9czoQRSnw8Hf9iyDEwGJnqQTtqc/sendMessage (Caused by NameResolutionError("HTTPSConnection(host='api.telegram.org', port=443): Failed to resolve 'api.telegram.org' ([Errno 8] nodename nor servname provided, or not known)"))). Re-queueing retry 2/3 in 2.0s
2026-08-21 13:21:22,179 - WARNING - Telegram alert [GENERAL] failed (Connection Error: HTTPSConnectionPool(host='api.telegram.org', port=443): Max retries exceeded with url: /bot8865086302:AAHhh3VL9czoQRSnw8Hf9iyDEwGJnqQTtqc/sendMessage (Caused by NameResolutionError("HTTPSConnection(host='api.telegram.org', port=443): Failed to resolve 'api.telegram.org' ([Errno 8] nodename nor servname provided, or not known)"))). Re-queueing retry 3/3 in 4.0s
2026-08-21 13:21:23,192 - ERROR - Telegram alert [GENERAL] failed permanently after 3 retries: Connection Error: HTTPSConnectionPool(host='api.telegram.org', port=443): Max retries exceeded with url: /bot8865086302:AAHhh3VL9czoQRSnw8Hf9iyDEwGJnqQTtqc/sendMessage (Caused by NameResolutionError("HTTPSConnection(host='api.telegram.org', port=443): Failed to resolve 'api.telegram.org' ([Errno 8] nodename nor servname provided, or not known)"))
2026-08-21 13:26:05,541 - INFO - Running job "LiveRunner.process_cycle (trigger: interval[0:05:00], next run at: 2026-08-21 13:31:05 IST)" (scheduled at 2026-08-21 13:26:05.530909+05:30)
2026-08-21 13:26:05,543 - ERROR - [bot-1787212530234-9364] Halting runner cycle: Bot is configured with unexecutable instrument 'ETH/USDT'. Error: Fatal Non-Retryable Error: binance GET https://api.binance.com/api/v3/klines?interval=5m&limit=1000&symbol=ETHUSDT
2026-08-21 13:26:05,692 - INFO - Job "LiveRunner.process_cycle (trigger: interval[0:05:00], next run at: 2026-08-21 13:31:05 IST)" executed successfully
2026-08-21 13:31:05,541 - INFO - Running job "LiveRunner.process_cycle (trigger: interval[0:05:00], next run at: 2026-08-21 13:36:05 IST)" (scheduled at 2026-08-21 13:31:05.530909+05:30)
2026-08-21 13:31:05,550 - ERROR - [bot-1787212530234-9364] Halting runner cycle: Bot is configured with unexecutable instrument 'ETH/USDT'. Error: Fatal Non-Retryable Error: binance GET https://api.binance.com/api/v3/klines?interval=5m&limit=1000&symbol=ETHUSDT
2026-08-21 13:31:05,804 - INFO - Job "LiveRunner.process_cycle (trigger: interval[0:05:00], next run at: 2026-08-21 13:36:05 IST)" executed successfully
2026-08-21 13:36:05,604 - INFO - Running job "LiveRunner.process_cycle (trigger: interval[0:05:00], next run at: 2026-08-21 13:41:05 IST)" (scheduled at 2026-08-21 13:36:05.530909+05:30)
2026-08-21 13:36:05,621 - ERROR - [bot-1787212530234-9364] Halting runner cycle: Bot is configured with unexecutable instrument 'ETH/USDT'. Error: Fatal Non-Retryable Error: binance GET https://api.binance.com/api/v3/klines?interval=5m&limit=1000&symbol=ETHUSDT
2026-08-21 13:36:05,902 - INFO - Job "LiveRunner.process_cycle (trigger: interval[0:05:00], next run at: 2026-08-21 13:41:05 IST)" executed successfully
/Users/ashishparadkar/Downloads/algo-code-main/.venv/lib/python3.9/site-packages/urllib3/__init__.py:35: NotOpenSSLWarning: urllib3 v2 only supports OpenSSL 1.1.1+, currently the 'ssl' module is compiled with 'LibreSSL 2.8.3'. See: https://github.com/urllib3/urllib3/issues/3020
  warnings.warn(
/Users/ashishparadkar/Downloads/algo-code-main/.venv/lib/python3.9/site-packages/urllib3/__init__.py:35: NotOpenSSLWarning: urllib3 v2 only supports OpenSSL 1.1.1+, currently the 'ssl' module is compiled with 'LibreSSL 2.8.3'. See: https://github.com/urllib3/urllib3/issues/3020
  warnings.warn(
2026-08-21 15:31:11,580 - INFO - Bot state startup reconciliation finished: 0 bot(s) reconciled to STOPPED.
2026-08-21 15:31:12,887 - INFO - Telegram notification service initialized successfully (Chat ID: 5657...)
2026-08-21 15:31:12,923 - INFO - Initializing scheduled trading bot live runner for bot-1787212530234-9364...
2026-08-21 15:31:13,800 - INFO - SQLite database tables verified/created.
2026-08-21 15:31:15,367 - INFO - Initializing CCXT Binance in TESTNET mode.
/Users/ashishparadkar/Downloads/algo-code-main/.venv/lib/python3.9/site-packages/urllib3/__init__.py:35: NotOpenSSLWarning: urllib3 v2 only supports OpenSSL 1.1.1+, currently the 'ssl' module is compiled with 'LibreSSL 2.8.3'. See: https://github.com/urllib3/urllib3/issues/3020
  warnings.warn(
2026-08-21 18:14:25,890 - INFO - Bot state startup reconciliation finished: 0 bot(s) reconciled to STOPPED.
2026-08-21 18:14:27,756 - INFO - Telegram notification service initialized successfully (Chat ID: 5657...)
2026-08-21 18:14:27,773 - INFO - Initializing scheduled trading bot live runner for bot-1787212530234-9364...
2026-08-21 18:14:29,649 - INFO - SQLite database tables verified/created.
2026-08-21 18:14:30,888 - INFO - Initializing CCXT Binance in TESTNET mode.
2026-08-21 18:15:45,278 - INFO - [bot-1787212530234-9364] Pre-flight instrument resolved: ETH/USDT (SPOT via binance_spot)
2026-08-21 18:15:47,388 - INFO - [bot-1787212530234-9364] Starting signal check cycle for ETH/USDT (5m)...
2026-08-21 18:15:47,398 - INFO - Fetching recent candles for ETH/USDT (5m) [Bot: bot-1787212530234-9364] via ProviderManager...
/Users/ashishparadkar/Downloads/algo-code-main/.venv/lib/python3.9/site-packages/urllib3/__init__.py:35: NotOpenSSLWarning: urllib3 v2 only supports OpenSSL 1.1.1+, currently the 'ssl' module is compiled with 'LibreSSL 2.8.3'. See: https://github.com/urllib3/urllib3/issues/3020
  warnings.warn(
2026-08-21 20:28:01,182 - INFO - Bot state startup reconciliation finished: 0 bot(s) reconciled to STOPPED.
2026-08-21 20:28:02,165 - INFO - Telegram notification service initialized successfully (Chat ID: 5657...)
2026-08-21 20:28:02,178 - INFO - Initializing scheduled trading bot live runner for bot-1787212530234-9364...
2026-08-21 20:28:02,213 - INFO - SQLite database tables verified/created.
2026-08-21 20:28:03,726 - INFO - Initializing CCXT Binance in TESTNET mode.
2026-08-21 20:29:14,639 - INFO - [bot-1787212530234-9364] Pre-flight instrument resolved: ETH/USDT (SPOT via binance_spot)
2026-08-21 20:29:14,707 - INFO - [bot-1787212530234-9364] Starting signal check cycle for ETH/USDT (5m)...
2026-08-21 20:29:14,725 - INFO - Fetching recent candles for ETH/USDT (5m) [Bot: bot-1787212530234-9364] via ProviderManager...
/Users/ashishparadkar/Downloads/algo-code-main/.venv/lib/python3.9/site-packages/urllib3/__init__.py:35: NotOpenSSLWarning: urllib3 v2 only supports OpenSSL 1.1.1+, currently the 'ssl' module is compiled with 'LibreSSL 2.8.3'. See: https://github.com/urllib3/urllib3/issues/3020
  warnings.warn(
2026-08-21 21:34:10,243 - INFO - Bot state startup reconciliation finished: 0 bot(s) reconciled to STOPPED.
2026-08-21 21:34:12,805 - INFO - Telegram notification service initialized successfully (Chat ID: 5657...)
2026-08-21 21:34:12,831 - INFO - Initializing scheduled trading bot live runner for bot-1787212530234-9364...
2026-08-21 21:34:15,127 - INFO - SQLite database tables verified/created.
2026-08-21 21:34:17,226 - INFO - Initializing CCXT Binance in TESTNET mode.
2026-08-21 21:36:09,002 - INFO - [bot-1787212530234-9364] Pre-flight instrument resolved: ETH/USDT (SPOT via binance_spot)
2026-08-21 21:36:11,714 - INFO - [bot-1787212530234-9364] Starting signal check cycle for ETH/USDT (5m)...
2026-08-21 21:36:12,974 - INFO - Fetching recent candles for ETH/USDT (5m) [Bot: bot-1787212530234-9364] via ProviderManager...
2026-08-21 21:46:34,672 - INFO - Indicators computed | close=2388.35 ema_9=2391.61 ema_20=2392.63 ema_50=2390.52 ema_200=2370.28 macd=0.1454 poc=2250.0 val=2100.0 vah=2425.0
2026-08-21 21:46:36,092 - INFO - [bot-1787212530234-9364] Evaluating strategy on completed candle: 2026-08-21 16:10:00+00:00 at Close price: 2384.74
2026-08-21 21:46:42,125 - INFO - SHORT signal blocked | Trend blocked (Close 2384.74 >= EMA200 2370.10) | Momentum blocked (MACD 0.5675 >= 0) | context={'close': 2384.74, 'ema_9': 2392.42372934564, 'ema_20': 2393.0809067792657, 'ema_50': 2390.6099858670177, 'ema_200': 2370.095052711001, 'macd_line': 0.5675497583861215, 'macd_signal': 2.353117142158168, 'macd_hist': -1.7855673837720465, 'poc': np.float64(2250.0), 'val': np.float64(2100.0), 'vah': np.float64(2425.0)}
2026-08-21 21:46:43,538 - INFO - Confluence Evaluation | Regime: TRENDING (ADX=25.9) | Direction: HOLD | BullScore: 0.0% | BearScore: 17.4% | Active: ['ema', 'macd', 'rsi', 'vp']
2026-08-21 21:46:45,854 - INFO - Signal evaluated: HOLD. Reason/Details: SHORT setup blocked: Trend blocked (Close 2384.74 >= EMA200 2370.10) | Momentum blocked (MACD 0.5675 >= 0)
2026-08-21 21:46:53,053 - INFO - Logged heartbeat status: OK
2026-08-21 21:46:59,437 - INFO - Adding job tentatively -- it will be properly scheduled when the scheduler starts
2026-08-21 21:46:59,624 - INFO - Bot bot-1787212530234-9364 scheduled to check every 5 minutes.
2026-08-21 21:47:02,021 - INFO - Added job "LiveRunner.process_cycle" to job store "default"
2026-08-21 21:47:02,022 - INFO - Scheduler started
2026-08-21 21:52:06,936 - WARNING - Run time of job "LiveRunner.process_cycle (trigger: interval[0:05:00], next run at: 2026-08-21 21:56:58 IST)" was missed by 0:00:07.379772
2026-08-21 21:57:02,299 - WARNING - Run time of job "LiveRunner.process_cycle (trigger: interval[0:05:00], next run at: 2026-08-21 22:01:58 IST)" was missed by 0:00:03.305820
2026-08-21 22:01:59,692 - INFO - Running job "LiveRunner.process_cycle (trigger: interval[0:05:00], next run at: 2026-08-21 22:06:58 IST)" (scheduled at 2026-08-21 22:01:58.771021+05:30)
2026-08-21 22:02:04,349 - INFO - [bot-1787212530234-9364] Starting signal check cycle for ETH/USDT (5m)...
2026-08-21 22:02:06,592 - INFO - Fetching recent candles for ETH/USDT (5m) [Bot: bot-1787212530234-9364] via ProviderManager...
2026-08-21 22:02:48,819 - INFO - Indicators computed | close=2401.22 ema_9=2396.75 ema_20=2395.17 ema_50=2391.89 ema_200=2371.24 macd=1.9247 poc=2250.0 val=2100.0 vah=2425.0
2026-08-21 22:02:48,933 - INFO - [bot-1787212530234-9364] Evaluating strategy on completed candle: 2026-08-21 16:25:00+00:00 at Close price: 2402.91
2026-08-21 22:02:51,248 - INFO - Confluence Evaluation | Regime: RANGING (ADX=24.4) | Direction: HOLD | BullScore: 50.0% | BearScore: 0.0% | Active: ['ema', 'macd', 'rsi', 'vp']
2026-08-21 22:02:51,957 - INFO - Signal evaluated: HOLD. Reason/Details: Confluence score: 50% (HOLD)
2026-08-21 22:02:53,294 - INFO - Logged heartbeat status: OK
2026-08-21 22:02:53,335 - INFO - Job "LiveRunner.process_cycle (trigger: interval[0:05:00], next run at: 2026-08-21 22:06:58 IST)" executed successfully
2026-08-21 22:06:58,875 - INFO - Running job "LiveRunner.process_cycle (trigger: interval[0:05:00], next run at: 2026-08-21 22:11:58 IST)" (scheduled at 2026-08-21 22:06:58.771021+05:30)
2026-08-21 22:06:59,000 - INFO - [bot-1787212530234-9364] Starting signal check cycle for ETH/USDT (5m)...
2026-08-21 22:06:59,059 - INFO - Fetching recent candles for ETH/USDT (5m) [Bot: bot-1787212530234-9364] via ProviderManager...
2026-08-21 22:07:05,244 - INFO - Indicators computed | close=2402.34 ema_9=2398.04 ema_20=2395.95 ema_50=2392.34 ema_200=2371.56 macd=2.3330 poc=2250.0 val=2100.0 vah=2425.0
2026-08-21 22:07:05,250 - INFO - [bot-1787212530234-9364] Evaluating strategy on completed candle: 2026-08-21 16:30:00+00:00 at Close price: 2402.31
2026-08-21 22:07:05,643 - INFO - Confluence Evaluation | Regime: RANGING (ADX=23.6) | Direction: HOLD | BullScore: 67.4% | BearScore: 0.0% | Active: ['ema', 'macd', 'rsi', 'vp']
2026-08-21 22:07:06,070 - INFO - Signal evaluated: HOLD. Reason/Details: Confluence score: 67% (HOLD)
2026-08-21 22:07:06,860 - INFO - Logged heartbeat status: OK
2026-08-21 22:07:06,861 - INFO - Job "LiveRunner.process_cycle (trigger: interval[0:05:00], next run at: 2026-08-21 22:11:58 IST)" executed successfully
2026-08-21 22:11:58,818 - INFO - Running job "LiveRunner.process_cycle (trigger: interval[0:05:00], next run at: 2026-08-21 22:16:58 IST)" (scheduled at 2026-08-21 22:11:58.771021+05:30)
2026-08-21 22:11:58,872 - INFO - [bot-1787212530234-9364] Starting signal check cycle for ETH/USDT (5m)...
2026-08-21 22:11:58,955 - INFO - Fetching recent candles for ETH/USDT (5m) [Bot: bot-1787212530234-9364] via ProviderManager...
2026-08-21 22:11:59,531 - INFO - Indicators computed | close=2401.75 ema_9=2398.65 ema_20=2396.43 ema_50=2392.68 ema_200=2371.85 macd=2.4593 poc=2250.0 val=2100.0 vah=2425.0
2026-08-21 22:11:59,535 - INFO - [bot-1787212530234-9364] Evaluating strategy on completed candle: 2026-08-21 16:35:00+00:00 at Close price: 2401.50
2026-08-21 22:11:59,621 - INFO - Confluence Evaluation | Regime: RANGING (ADX=22.0) | Direction: HOLD | BullScore: 67.4% | BearScore: 0.0% | Active: ['ema', 'macd', 'rsi', 'vp']
2026-08-21 22:11:59,724 - INFO - Signal evaluated: HOLD. Reason/Details: Confluence score: 67% (HOLD)
2026-08-21 22:11:59,954 - INFO - Logged heartbeat status: OK
2026-08-21 22:11:59,955 - INFO - Job "LiveRunner.process_cycle (trigger: interval[0:05:00], next run at: 2026-08-21 22:16:58 IST)" executed successfully
2026-08-21 22:16:58,788 - INFO - Running job "LiveRunner.process_cycle (trigger: interval[0:05:00], next run at: 2026-08-21 22:21:58 IST)" (scheduled at 2026-08-21 22:16:58.771021+05:30)
2026-08-21 22:16:58,803 - INFO - [bot-1787212530234-9364] Starting signal check cycle for ETH/USDT (5m)...
2026-08-21 22:16:58,867 - INFO - Fetching recent candles for ETH/USDT (5m) [Bot: bot-1787212530234-9364] via ProviderManager...
2026-08-21 22:16:59,351 - INFO - Indicators computed | close=2404.12 ema_9=2399.72 ema_20=2397.15 ema_50=2393.12 ema_200=2372.17 macd=2.7626 poc=2250.0 val=2100.0 vah=2425.0
2026-08-21 22:16:59,352 - INFO - [bot-1787212530234-9364] Evaluating strategy on completed candle: 2026-08-21 16:40:00+00:00 at Close price: 2401.60
2026-08-21 22:16:59,453 - INFO - Confluence Evaluation | Regime: RANGING (ADX=20.1) | Direction: HOLD | BullScore: 67.4% | BearScore: 0.0% | Active: ['ema', 'macd', 'rsi', 'vp']
2026-08-21 22:16:59,575 - INFO - Signal evaluated: HOLD. Reason/Details: Confluence score: 67% (HOLD)
2026-08-21 22:16:59,838 - INFO - Logged heartbeat status: OK
2026-08-21 22:16:59,838 - INFO - Job "LiveRunner.process_cycle (trigger: interval[0:05:00], next run at: 2026-08-21 22:21:58 IST)" executed successfully
2026-08-21 22:21:58,832 - INFO - Running job "LiveRunner.process_cycle (trigger: interval[0:05:00], next run at: 2026-08-21 22:21:58 IST)" (scheduled at 2026-08-21 22:21:58.771021+05:30)
2026-08-21 22:21:58,879 - INFO - [bot-1787212530234-9364] Starting signal check cycle for ETH/USDT (5m)...
2026-08-21 22:21:58,953 - INFO - Fetching recent candles for ETH/USDT (5m) [Bot: bot-1787212530234-9364] via ProviderManager...
2026-08-21 22:22:01,967 - INFO - Indicators computed | close=2411.73 ema_9=2402.87 ema_20=2398.94 ema_50=2394.03 ema_200=2372.61 macd=3.8734 poc=2250.0 val=2100.0 vah=2425.0
2026-08-21 22:22:01,970 - INFO - [bot-1787212530234-9364] Evaluating strategy on completed candle: 2026-08-21 16:45:00+00:00 at Close price: 2408.80
2026-08-21 22:22:02,238 - INFO - Confluence Evaluation | Regime: RANGING (ADX=19.2) | Direction: HOLD | BullScore: 67.4% | BearScore: 0.0% | Active: ['ema', 'macd', 'rsi', 'vp']
2026-08-21 22:22:02,901 - INFO - Signal evaluated: HOLD. Reason/Details: Confluence score: 67% (HOLD)
2026-08-21 22:22:03,483 - INFO - Logged heartbeat status: OK
2026-08-21 22:22:03,483 - INFO - Job "LiveRunner.process_cycle (trigger: interval[0:05:00], next run at: 2026-08-21 22:26:58 IST)" executed successfully
2026-08-21 22:26:58,800 - INFO - Running job "LiveRunner.process_cycle (trigger: interval[0:05:00], next run at: 2026-08-21 22:31:58 IST)" (scheduled at 2026-08-21 22:26:58.771021+05:30)
2026-08-21 22:26:58,846 - INFO - [bot-1787212530234-9364] Starting signal check cycle for ETH/USDT (5m)...
2026-08-21 22:26:58,905 - INFO - Fetching recent candles for ETH/USDT (5m) [Bot: bot-1787212530234-9364] via ProviderManager...
2026-08-21 22:26:59,381 - INFO - Indicators computed | close=2407.53 ema_9=2403.51 ema_20=2399.60 ema_50=2394.49 ema_200=2372.94 macd=3.9600 poc=2250.0 val=2100.0 vah=2425.0
2026-08-21 22:26:59,383 - INFO - [bot-1787212530234-9364] Evaluating strategy on completed candle: 2026-08-21 16:50:00+00:00 at Close price: 2409.91
2026-08-21 22:26:59,476 - INFO - Confluence Evaluation | Regime: RANGING (ADX=18.7) | Direction: HOLD | BullScore: 67.4% | BearScore: 0.0% | Active: ['ema', 'macd', 'rsi', 'vp']
2026-08-21 22:26:59,584 - INFO - Signal evaluated: HOLD. Reason/Details: Confluence score: 67% (HOLD)
2026-08-21 22:26:59,823 - INFO - Logged heartbeat status: OK
2026-08-21 22:26:59,823 - INFO - Job "LiveRunner.process_cycle (trigger: interval[0:05:00], next run at: 2026-08-21 22:31:58 IST)" executed successfully
2026-08-21 22:31:58,827 - INFO - Running job "LiveRunner.process_cycle (trigger: interval[0:05:00], next run at: 2026-08-21 22:36:58 IST)" (scheduled at 2026-08-21 22:31:58.771021+05:30)
2026-08-21 22:31:58,892 - INFO - [bot-1787212530234-9364] Starting signal check cycle for ETH/USDT (5m)...
2026-08-21 22:31:58,977 - INFO - Fetching recent candles for ETH/USDT (5m) [Bot: bot-1787212530234-9364] via ProviderManager...
2026-08-21 22:32:00,843 - INFO - Indicators computed | close=2406.36 ema_9=2403.83 ema_20=2400.11 ema_50=2394.89 ema_200=2373.25 macd=3.9069 poc=2250.0 val=2100.0 vah=2425.0
2026-08-21 22:32:00,844 - INFO - [bot-1787212530234-9364] Evaluating strategy on completed candle: 2026-08-21 16:55:00+00:00 at Close price: 2405.97
2026-08-21 22:32:01,083 - INFO - Confluence Evaluation | Regime: RANGING (ADX=14.6) | Direction: HOLD | BullScore: 67.4% | BearScore: 0.0% | Active: ['ema', 'macd', 'rsi', 'vp']
2026-08-21 22:32:01,395 - INFO - Signal evaluated: HOLD. Reason/Details: Confluence score: 67% (HOLD)
2026-08-21 22:32:01,693 - INFO - Logged heartbeat status: OK
2026-08-21 22:32:01,694 - INFO - Job "LiveRunner.process_cycle (trigger: interval[0:05:00], next run at: 2026-08-21 22:36:58 IST)" executed successfully
2026-08-21 22:36:58,866 - INFO - Running job "LiveRunner.process_cycle (trigger: interval[0:05:00], next run at: 2026-08-21 22:41:58 IST)" (scheduled at 2026-08-21 22:36:58.771021+05:30)
2026-08-21 22:36:58,882 - INFO - [bot-1787212530234-9364] Starting signal check cycle for ETH/USDT (5m)...
2026-08-21 22:36:58,938 - INFO - Fetching recent candles for ETH/USDT (5m) [Bot: bot-1787212530234-9364] via ProviderManager...
2026-08-21 22:36:59,392 - INFO - Indicators computed | close=2409.65 ema_9=2405.29 ema_20=2401.18 ema_50=2395.54 ema_200=2373.63 macd=4.2954 poc=2250.0 val=2100.0 vah=2425.0
2026-08-21 22:36:59,393 - INFO - [bot-1787212530234-9364] Evaluating strategy on completed candle: 2026-08-21 17:00:00+00:00 at Close price: 2408.22
2026-08-21 22:36:59,476 - INFO - Confluence Evaluation | Regime: RANGING (ADX=15.3) | Direction: HOLD | BullScore: 67.4% | BearScore: 0.0% | Active: ['ema', 'macd', 'rsi', 'vp']
2026-08-21 22:36:59,596 - INFO - Signal evaluated: HOLD. Reason/Details: Confluence score: 67% (HOLD)
2026-08-21 22:36:59,805 - INFO - Logged heartbeat status: OK
2026-08-21 22:36:59,806 - INFO - Job "LiveRunner.process_cycle (trigger: interval[0:05:00], next run at: 2026-08-21 22:41:58 IST)" executed successfully
2026-08-21 22:41:58,824 - INFO - Running job "LiveRunner.process_cycle (trigger: interval[0:05:00], next run at: 2026-08-21 22:46:58 IST)" (scheduled at 2026-08-21 22:41:58.771021+05:30)
2026-08-21 22:41:58,880 - INFO - [bot-1787212530234-9364] Starting signal check cycle for ETH/USDT (5m)...
2026-08-21 22:41:58,900 - INFO - Fetching recent candles for ETH/USDT (5m) [Bot: bot-1787212530234-9364] via ProviderManager...
2026-08-21 22:41:59,520 - INFO - Indicators computed | close=2416.95 ema_9=2408.60 ema_20=2403.21 ema_50=2396.61 ema_200=2374.13 macd=5.3926 poc=2250.0 val=2100.0 vah=2425.0
2026-08-21 22:41:59,525 - INFO - [bot-1787212530234-9364] Evaluating strategy on completed candle: 2026-08-21 17:05:00+00:00 at Close price: 2415.75
2026-08-21 22:41:59,609 - INFO - Confluence Evaluation | Regime: RANGING (ADX=17.9) | Direction: HOLD | BullScore: 67.4% | BearScore: 32.6% | Active: ['ema', 'macd', 'rsi', 'vp']
2026-08-21 22:41:59,673 - INFO - Signal evaluated: HOLD. Reason/Details: Confluence score: 67% (HOLD)
2026-08-21 22:41:59,790 - INFO - Logged heartbeat status: OK
2026-08-21 22:41:59,790 - INFO - Job "LiveRunner.process_cycle (trigger: interval[0:05:00], next run at: 2026-08-21 22:46:58 IST)" executed successfully
/Users/ashishparadkar/Downloads/algo-code-main/.venv/lib/python3.9/site-packages/urllib3/__init__.py:35: NotOpenSSLWarning: urllib3 v2 only supports OpenSSL 1.1.1+, currently the 'ssl' module is compiled with 'LibreSSL 2.8.3'. See: https://github.com/urllib3/urllib3/issues/3020
  warnings.warn(
