/Users/ashishparadkar/Downloads/algo-code-main/.venv/lib/python3.9/site-packages/urllib3/__init__.py:35: NotOpenSSLWarning: urllib3 v2 only supports OpenSSL 1.1.1+, currently the 'ssl' module is compiled with 'LibreSSL 2.8.3'. See: https://github.com/urllib3/urllib3/issues/3020
  warnings.warn(
2026-08-20 12:53:03,090 - INFO - Bot state startup reconciliation finished: 0 bot(s) reconciled to STOPPED.
2026-08-20 12:53:03,128 - INFO - Telegram notification service initialized successfully (Chat ID: 5657...)
2026-08-20 12:53:03,138 - INFO - Initializing scheduled trading bot live runner for bot-1787210580556-def3...
2026-08-20 12:53:03,153 - INFO - SQLite database tables verified/created.
2026-08-20 12:53:03,177 - INFO - Initializing CCXT Binance in TESTNET mode.
2026-08-20 12:53:05,866 - INFO - [bot-1787210580556-def3] Pre-flight instrument resolved: BTC/USDT (SPOT via binance_spot)
2026-08-20 12:53:05,898 - INFO - [bot-1787210580556-def3] Starting signal check cycle for BTC/USDT (5m)...
2026-08-20 12:53:05,949 - INFO - Fetching recent candles for BTC/USDT (5m) [Bot: bot-1787210580556-def3] via ProviderManager...
2026-08-20 12:53:10,316 - INFO - Indicators computed | close=69695.01 ema_9=69755.84 ema_20=69684.52 ema_50=69550.46 ema_200=68634.81 macd=91.1743 poc=64325.0 val=62725.0 vah=68400.0
2026-08-20 12:53:10,318 - INFO - [bot-1787210580556-def3] Evaluating strategy on completed candle: 2026-08-20 07:15:00+00:00 at Close price: 69640.00
2026-08-20 12:53:10,391 - INFO - Confluence Evaluation | Regime: TRENDING (ADX=38.7) | Direction: HOLD | BullScore: 50.0% | BearScore: 17.4% | Active: ['ema', 'macd', 'rsi', 'vp']
2026-08-20 12:53:10,496 - INFO - Signal evaluated: HOLD. Reason/Details: Confluence score: 50% (HOLD)
2026-08-20 12:53:10,701 - INFO - Logged heartbeat status: OK
2026-08-20 12:53:10,722 - INFO - Adding job tentatively -- it will be properly scheduled when the scheduler starts
2026-08-20 12:53:10,722 - INFO - Bot bot-1787210580556-def3 scheduled to check every 5 minutes.
2026-08-20 12:53:10,724 - INFO - Added job "LiveRunner.process_cycle" to job store "default"
2026-08-20 12:53:10,724 - INFO - Scheduler started
2026-08-20 12:58:10,740 - INFO - Running job "LiveRunner.process_cycle (trigger: interval[0:05:00], next run at: 2026-08-20 12:58:10 IST)" (scheduled at 2026-08-20 12:58:10.722073+05:30)
2026-08-20 12:58:10,749 - INFO - [bot-1787210580556-def3] Starting signal check cycle for BTC/USDT (5m)...
2026-08-20 12:58:10,804 - INFO - Fetching recent candles for BTC/USDT (5m) [Bot: bot-1787210580556-def3] via ProviderManager...
2026-08-20 12:58:11,220 - INFO - Indicators computed | close=69683.17 ema_9=69731.64 ema_20=69679.19 ema_50=69553.39 ema_200=68644.65 macd=76.2263 poc=64325.0 val=62725.0 vah=68400.0
2026-08-20 12:58:11,221 - INFO - [bot-1787210580556-def3] Evaluating strategy on completed candle: 2026-08-20 07:20:00+00:00 at Close price: 69634.59
2026-08-20 12:58:11,288 - INFO - Confluence Evaluation | Regime: TRENDING (ADX=40.4) | Direction: HOLD | BullScore: 17.4% | BearScore: 17.4% | Active: ['ema', 'macd', 'rsi', 'vp']
2026-08-20 12:58:11,382 - INFO - Signal evaluated: HOLD. Reason/Details: Confluence score: 17% (HOLD)
2026-08-20 12:58:11,590 - INFO - Logged heartbeat status: OK
2026-08-20 12:58:11,590 - INFO - Job "LiveRunner.process_cycle (trigger: interval[0:05:00], next run at: 2026-08-20 13:03:10 IST)" executed successfully
2026-08-20 13:03:10,739 - INFO - Running job "LiveRunner.process_cycle (trigger: interval[0:05:00], next run at: 2026-08-20 13:08:10 IST)" (scheduled at 2026-08-20 13:03:10.722073+05:30)
2026-08-20 13:03:10,751 - INFO - [bot-1787210580556-def3] Starting signal check cycle for BTC/USDT (5m)...
2026-08-20 13:03:10,793 - INFO - Fetching recent candles for BTC/USDT (5m) [Bot: bot-1787210580556-def3] via ProviderManager...
2026-08-20 13:03:11,299 - INFO - Indicators computed | close=69555.55 ema_9=69697.90 ema_20=69668.21 ema_50=69553.82 ema_200=68653.80 macd=57.8122 poc=64325.0 val=62725.0 vah=68400.0
2026-08-20 13:03:11,300 - INFO - [bot-1787210580556-def3] Evaluating strategy on completed candle: 2026-08-20 07:25:00+00:00 at Close price: 69692.43
2026-08-20 13:03:11,357 - INFO - Confluence Evaluation | Regime: TRENDING (ADX=42.0) | Direction: HOLD | BullScore: 50.0% | BearScore: 17.4% | Active: ['ema', 'macd', 'rsi', 'vp']
2026-08-20 13:03:11,436 - INFO - Signal evaluated: HOLD. Reason/Details: Confluence score: 50% (HOLD)
2026-08-20 13:03:11,607 - INFO - Logged heartbeat status: OK
2026-08-20 13:03:11,608 - INFO - Job "LiveRunner.process_cycle (trigger: interval[0:05:00], next run at: 2026-08-20 13:08:10 IST)" executed successfully
2026-08-20 13:08:10,754 - INFO - Running job "LiveRunner.process_cycle (trigger: interval[0:05:00], next run at: 2026-08-20 13:13:10 IST)" (scheduled at 2026-08-20 13:08:10.722073+05:30)
2026-08-20 13:08:10,764 - INFO - [bot-1787210580556-def3] Starting signal check cycle for BTC/USDT (5m)...
2026-08-20 13:08:10,816 - INFO - Fetching recent candles for BTC/USDT (5m) [Bot: bot-1787210580556-def3] via ProviderManager...
2026-08-20 13:08:11,297 - INFO - Indicators computed | close=69556.01 ema_9=69677.36 ema_20=69661.75 ema_50=69555.76 ema_200=68663.26 macd=45.2023 poc=64325.0 val=62725.0 vah=68400.0
2026-08-20 13:08:11,298 - INFO - [bot-1787210580556-def3] Evaluating strategy on completed candle: 2026-08-20 07:30:00+00:00 at Close price: 69604.55
2026-08-20 13:08:11,371 - INFO - Confluence Evaluation | Regime: TRENDING (ADX=40.7) | Direction: HOLD | BullScore: 0.0% | BearScore: 34.8% | Active: ['ema', 'macd', 'rsi', 'vp']
2026-08-20 13:08:11,451 - INFO - Signal evaluated: HOLD. Reason/Details: Confluence score: 35% (HOLD)
2026-08-20 13:08:11,631 - INFO - Logged heartbeat status: OK
2026-08-20 13:08:11,631 - INFO - Job "LiveRunner.process_cycle (trigger: interval[0:05:00], next run at: 2026-08-20 13:13:10 IST)" executed successfully
2026-08-20 13:13:10,741 - INFO - Running job "LiveRunner.process_cycle (trigger: interval[0:05:00], next run at: 2026-08-20 13:18:10 IST)" (scheduled at 2026-08-20 13:13:10.722073+05:30)
2026-08-20 13:13:10,750 - INFO - [bot-1787210580556-def3] Starting signal check cycle for BTC/USDT (5m)...
2026-08-20 13:13:10,791 - INFO - Fetching recent candles for BTC/USDT (5m) [Bot: bot-1787210580556-def3] via ProviderManager...
2026-08-20 13:13:12,387 - INFO - Indicators computed | close=69578.01 ema_9=69657.48 ema_20=69653.76 ema_50=69556.62 ema_200=68672.36 macd=33.4939 poc=64325.0 val=62725.0 vah=68425.0
2026-08-20 13:13:12,389 - INFO - [bot-1787210580556-def3] Evaluating strategy on completed candle: 2026-08-20 07:35:00+00:00 at Close price: 69555.91
2026-08-20 13:13:12,506 - INFO - Confluence Evaluation | Regime: TRENDING (ADX=40.0) | Direction: HOLD | BullScore: 0.0% | BearScore: 34.8% | Active: ['ema', 'macd', 'rsi', 'vp']
2026-08-20 13:13:12,620 - INFO - Signal evaluated: HOLD. Reason/Details: Confluence score: 35% (HOLD)
2026-08-20 13:13:12,867 - INFO - Logged heartbeat status: OK
2026-08-20 13:13:12,868 - INFO - Job "LiveRunner.process_cycle (trigger: interval[0:05:00], next run at: 2026-08-20 13:18:10 IST)" executed successfully
2026-08-20 13:18:10,740 - INFO - Running job "LiveRunner.process_cycle (trigger: interval[0:05:00], next run at: 2026-08-20 13:23:10 IST)" (scheduled at 2026-08-20 13:18:10.722073+05:30)
2026-08-20 13:18:10,752 - INFO - [bot-1787210580556-def3] Starting signal check cycle for BTC/USDT (5m)...
2026-08-20 13:18:10,769 - INFO - Fetching recent candles for BTC/USDT (5m) [Bot: bot-1787210580556-def3] via ProviderManager...
2026-08-20 13:18:11,313 - INFO - Indicators computed | close=69587.05 ema_9=69647.32 ema_20=69649.52 ema_50=69558.74 ema_200=68681.70 macd=26.1784 poc=64325.0 val=62725.0 vah=68450.0
2026-08-20 13:18:11,314 - INFO - [bot-1787210580556-def3] Evaluating strategy on completed candle: 2026-08-20 07:40:00+00:00 at Close price: 69602.56
2026-08-20 13:18:11,373 - INFO - Confluence Evaluation | Regime: TRENDING (ADX=40.0) | Direction: HOLD | BullScore: 0.0% | BearScore: 34.8% | Active: ['ema', 'macd', 'rsi', 'vp']
2026-08-20 13:18:11,435 - INFO - Signal evaluated: HOLD. Reason/Details: Confluence score: 35% (HOLD)
2026-08-20 13:18:11,571 - INFO - Logged heartbeat status: OK
2026-08-20 13:18:11,571 - INFO - Job "LiveRunner.process_cycle (trigger: interval[0:05:00], next run at: 2026-08-20 13:23:10 IST)" executed successfully
/Users/ashishparadkar/Downloads/algo-code-main/.venv/lib/python3.9/site-packages/urllib3/__init__.py:35: NotOpenSSLWarning: urllib3 v2 only supports OpenSSL 1.1.1+, currently the 'ssl' module is compiled with 'LibreSSL 2.8.3'. See: https://github.com/urllib3/urllib3/issues/3020
  warnings.warn(
2026-08-20 13:24:07,039 - INFO - Bot state startup reconciliation finished: 0 bot(s) reconciled to STOPPED.
2026-08-20 13:24:07,332 - INFO - Telegram notification service initialized successfully (Chat ID: 5657...)
2026-08-20 13:24:07,341 - INFO - Initializing scheduled trading bot live runner for bot-1787210580556-def3...
2026-08-20 13:24:07,607 - INFO - SQLite database tables verified/created.
2026-08-20 13:24:07,759 - INFO - Initializing CCXT Binance in TESTNET mode.
/Users/ashishparadkar/Downloads/algo-code-main/.venv/lib/python3.9/site-packages/urllib3/__init__.py:35: NotOpenSSLWarning: urllib3 v2 only supports OpenSSL 1.1.1+, currently the 'ssl' module is compiled with 'LibreSSL 2.8.3'. See: https://github.com/urllib3/urllib3/issues/3020
  warnings.warn(
2026-08-20 13:25:42,296 - INFO - Bot state startup reconciliation finished: 0 bot(s) reconciled to STOPPED.
2026-08-20 13:25:42,737 - INFO - Telegram notification service initialized successfully (Chat ID: 5657...)
2026-08-20 13:25:42,800 - INFO - Initializing scheduled trading bot live runner for bot-1787210580556-def3...
2026-08-20 13:25:42,907 - INFO - SQLite database tables verified/created.
2026-08-20 13:25:43,206 - INFO - Initializing CCXT Binance in TESTNET mode.
2026-08-20 13:25:56,185 - INFO - [bot-1787210580556-def3] Pre-flight instrument resolved: BTC/USDT (SPOT via binance_spot)
2026-08-20 13:25:56,241 - INFO - [bot-1787210580556-def3] Starting signal check cycle for BTC/USDT (5m)...
2026-08-20 13:25:56,298 - INFO - Fetching recent candles for BTC/USDT (5m) [Bot: bot-1787210580556-def3] via ProviderManager...
/Users/ashishparadkar/Downloads/algo-code-main/.venv/lib/python3.9/site-packages/urllib3/__init__.py:35: NotOpenSSLWarning: urllib3 v2 only supports OpenSSL 1.1.1+, currently the 'ssl' module is compiled with 'LibreSSL 2.8.3'. See: https://github.com/urllib3/urllib3/issues/3020
  warnings.warn(
2026-08-20 22:17:02,452 - INFO - Bot state startup reconciliation finished: 0 bot(s) reconciled to STOPPED.
2026-08-20 22:17:02,951 - INFO - Telegram notification service initialized successfully (Chat ID: 5657...)
2026-08-20 22:17:02,967 - INFO - Initializing scheduled trading bot live runner for bot-1787210580556-def3...
2026-08-20 22:17:03,255 - INFO - SQLite database tables verified/created.
2026-08-20 22:17:03,831 - INFO - Initializing CCXT Binance in TESTNET mode.
2026-08-20 22:17:27,146 - INFO - [bot-1787210580556-def3] Pre-flight instrument resolved: BTC/USDT (SPOT via binance_spot)
2026-08-20 22:17:27,180 - INFO - [bot-1787210580556-def3] Starting signal check cycle for BTC/USDT (5m)...
2026-08-20 22:17:27,187 - INFO - Fetching recent candles for BTC/USDT (5m) [Bot: bot-1787210580556-def3] via ProviderManager...
2026-08-20 22:18:45,342 - INFO - Indicators computed | close=72604.37 ema_9=72464.99 ema_20=72339.45 ema_50=72097.28 ema_200=70831.73 macd=149.9900 poc=64325.0 val=63300.0 vah=69600.0
2026-08-20 22:18:45,514 - INFO - [bot-1787210580556-def3] Evaluating strategy on completed candle: 2026-08-20 16:40:00+00:00 at Close price: 72630.89
2026-08-20 22:18:46,722 - INFO - Confluence Evaluation | Regime: TRENDING (ADX=34.9) | Direction: LONG | BullScore: 82.6% | BearScore: 17.4% | Active: ['ema', 'macd', 'rsi', 'vp']
2026-08-20 22:18:47,562 - INFO - Capping position size 0.474631 BTC to available cash equivalent 0.137682 BTC.
2026-08-20 22:18:48,174 - INFO - Created pending signal approval ID 37 for bot bot-1787210580556-def3 (LONG @ $72630.89, status: WAITING_APPROVAL)
2026-08-20 22:18:48,624 - INFO - [bot-1787210580556-def3] Signal LONG generated (ID: 37). Waiting for manual user approval.
2026-08-20 22:18:49,234 - INFO - Logged heartbeat status: OK
2026-08-20 22:18:49,340 - INFO - Adding job tentatively -- it will be properly scheduled when the scheduler starts
2026-08-20 22:18:49,340 - INFO - Bot bot-1787210580556-def3 scheduled to check every 5 minutes.
2026-08-20 22:18:49,352 - INFO - Added job "LiveRunner.process_cycle" to job store "default"
2026-08-20 22:18:49,353 - INFO - Scheduler started
2026-08-20 22:23:49,647 - INFO - Running job "LiveRunner.process_cycle (trigger: interval[0:05:00], next run at: 2026-08-20 22:28:49 IST)" (scheduled at 2026-08-20 22:23:49.329976+05:30)
2026-08-20 22:23:49,782 - INFO - [bot-1787210580556-def3] Starting signal check cycle for BTC/USDT (5m)...
2026-08-20 22:23:49,854 - INFO - Fetching recent candles for BTC/USDT (5m) [Bot: bot-1787210580556-def3] via ProviderManager...
2026-08-20 22:23:50,861 - INFO - Indicators computed | close=72635.99 ema_9=72493.37 ema_20=72364.56 ema_50=72117.03 ema_200=70849.33 macd=153.0726 poc=64325.0 val=63300.0 vah=69600.0
2026-08-20 22:23:50,862 - INFO - [bot-1787210580556-def3] Evaluating strategy on completed candle: 2026-08-20 16:45:00+00:00 at Close price: 72568.00
2026-08-20 22:23:50,948 - INFO - Confluence Evaluation | Regime: TRENDING (ADX=34.0) | Direction: LONG | BullScore: 82.6% | BearScore: 17.4% | Active: ['ema', 'macd', 'rsi', 'vp']
2026-08-20 22:23:51,059 - INFO - Capping position size 0.561026 BTC to available cash equivalent 0.137802 BTC.
2026-08-20 22:23:51,121 - INFO - [bot-1787210580556-def3] Signal LONG active pending approval already exists (ID: 37).
2026-08-20 22:23:51,319 - INFO - Logged heartbeat status: OK
2026-08-20 22:23:51,323 - INFO - Job "LiveRunner.process_cycle (trigger: interval[0:05:00], next run at: 2026-08-20 22:28:49 IST)" executed successfully
2026-08-20 22:28:49,355 - INFO - Running job "LiveRunner.process_cycle (trigger: interval[0:05:00], next run at: 2026-08-20 22:33:49 IST)" (scheduled at 2026-08-20 22:28:49.329976+05:30)
2026-08-20 22:28:49,372 - INFO - [bot-1787210580556-def3] Starting signal check cycle for BTC/USDT (5m)...
2026-08-20 22:28:49,425 - INFO - Fetching recent candles for BTC/USDT (5m) [Bot: bot-1787210580556-def3] via ProviderManager...
2026-08-20 22:28:50,172 - INFO - Indicators computed | close=72789.99 ema_9=72554.94 ema_20=72406.28 ema_50=72143.95 ema_200=70868.78 macd=169.1635 poc=64325.0 val=63300.0 vah=69625.0
2026-08-20 22:28:50,174 - INFO - [bot-1787210580556-def3] Evaluating strategy on completed candle: 2026-08-20 16:50:00+00:00 at Close price: 72649.99
2026-08-20 22:28:50,245 - INFO - Confluence Evaluation | Regime: TRENDING (ADX=33.2) | Direction: LONG | BullScore: 82.6% | BearScore: 17.4% | Active: ['ema', 'macd', 'rsi', 'vp']
2026-08-20 22:28:50,343 - INFO - Capping position size 0.456340 BTC to available cash equivalent 0.137646 BTC.
2026-08-20 22:28:50,400 - INFO - [bot-1787210580556-def3] Signal LONG active pending approval already exists (ID: 37).
2026-08-20 22:28:50,633 - INFO - Logged heartbeat status: OK
2026-08-20 22:28:50,633 - INFO - Job "LiveRunner.process_cycle (trigger: interval[0:05:00], next run at: 2026-08-20 22:33:49 IST)" executed successfully
2026-08-20 22:33:49,376 - INFO - Running job "LiveRunner.process_cycle (trigger: interval[0:05:00], next run at: 2026-08-20 22:38:49 IST)" (scheduled at 2026-08-20 22:33:49.329976+05:30)
2026-08-20 22:33:49,411 - INFO - [bot-1787210580556-def3] Starting signal check cycle for BTC/USDT (5m)...
2026-08-20 22:33:49,512 - INFO - Fetching recent candles for BTC/USDT (5m) [Bot: bot-1787210580556-def3] via ProviderManager...
2026-08-20 22:33:50,259 - INFO - Indicators computed | close=72854.60 ema_9=72622.41 ema_20=72453.04 ema_50=72173.59 ema_200=70889.00 macd=187.0263 poc=64325.0 val=63300.0 vah=69625.0
2026-08-20 22:33:50,260 - INFO - [bot-1787210580556-def3] Evaluating strategy on completed candle: 2026-08-20 16:55:00+00:00 at Close price: 72837.15
2026-08-20 22:33:50,340 - INFO - Confluence Evaluation | Regime: TRENDING (ADX=33.1) | Direction: LONG | BullScore: 82.6% | BearScore: 17.4% | Active: ['ema', 'macd', 'rsi', 'vp']
2026-08-20 22:33:50,451 - INFO - Capping position size 0.328165 BTC to available cash equivalent 0.137293 BTC.
2026-08-20 22:33:50,459 - INFO - [bot-1787210580556-def3] Signal LONG active pending approval already exists (ID: 37).
2026-08-20 22:33:50,672 - INFO - Logged heartbeat status: OK
2026-08-20 22:33:50,673 - INFO - Job "LiveRunner.process_cycle (trigger: interval[0:05:00], next run at: 2026-08-20 22:38:49 IST)" executed successfully
2026-08-20 22:38:49,370 - INFO - Running job "LiveRunner.process_cycle (trigger: interval[0:05:00], next run at: 2026-08-20 22:43:49 IST)" (scheduled at 2026-08-20 22:38:49.329976+05:30)
2026-08-20 22:38:49,383 - INFO - [bot-1787210580556-def3] Starting signal check cycle for BTC/USDT (5m)...
2026-08-20 22:38:49,434 - INFO - Fetching recent candles for BTC/USDT (5m) [Bot: bot-1787210580556-def3] via ProviderManager...
2026-08-20 22:38:49,885 - INFO - Indicators computed | close=72718.00 ema_9=72627.37 ema_20=72470.65 ema_50=72191.61 ema_200=70906.33 macd=179.5955 poc=64325.0 val=63300.0 vah=69625.0
2026-08-20 22:38:49,886 - INFO - [bot-1787210580556-def3] Evaluating strategy on completed candle: 2026-08-20 17:00:00+00:00 at Close price: 72766.11
2026-08-20 22:38:49,948 - INFO - Confluence Evaluation | Regime: TRENDING (ADX=31.9) | Direction: LONG | BullScore: 82.6% | BearScore: 17.4% | Active: ['ema', 'macd', 'rsi', 'vp']
2026-08-20 22:38:50,042 - INFO - Capping position size 0.514708 BTC to available cash equivalent 0.137427 BTC.
2026-08-20 22:38:50,099 - INFO - [bot-1787210580556-def3] Signal LONG active pending approval already exists (ID: 37).
2026-08-20 22:38:50,312 - INFO - Logged heartbeat status: OK
2026-08-20 22:38:50,312 - INFO - Job "LiveRunner.process_cycle (trigger: interval[0:05:00], next run at: 2026-08-20 22:43:49 IST)" executed successfully
2026-08-20 22:43:49,357 - INFO - Running job "LiveRunner.process_cycle (trigger: interval[0:05:00], next run at: 2026-08-20 22:48:49 IST)" (scheduled at 2026-08-20 22:43:49.329976+05:30)
2026-08-20 22:43:49,366 - INFO - [bot-1787210580556-def3] Starting signal check cycle for BTC/USDT (5m)...
2026-08-20 22:43:49,409 - INFO - Fetching recent candles for BTC/USDT (5m) [Bot: bot-1787210580556-def3] via ProviderManager...
2026-08-20 22:43:50,811 - INFO - Indicators computed | close=72677.41 ema_9=72628.74 ema_20=72485.69 ema_50=72208.63 ema_200=70923.42 macd=170.6938 poc=64325.0 val=63300.0 vah=69625.0
2026-08-20 22:43:50,812 - INFO - [bot-1787210580556-def3] Evaluating strategy on completed candle: 2026-08-20 17:05:00+00:00 at Close price: 72664.00
2026-08-20 22:43:50,874 - INFO - Confluence Evaluation | Regime: TRENDING (ADX=29.5) | Direction: LONG | BullScore: 82.6% | BearScore: 17.4% | Active: ['ema', 'macd', 'rsi', 'vp']
2026-08-20 22:43:50,945 - INFO - Capping position size 0.911993 BTC to available cash equivalent 0.137620 BTC.
2026-08-20 22:43:51,040 - INFO - [bot-1787210580556-def3] Signal LONG active pending approval already exists (ID: 37).
2026-08-20 22:43:51,243 - INFO - Logged heartbeat status: OK
2026-08-20 22:43:51,244 - INFO - Job "LiveRunner.process_cycle (trigger: interval[0:05:00], next run at: 2026-08-20 22:48:49 IST)" executed successfully
2026-08-20 22:48:49,344 - INFO - Running job "LiveRunner.process_cycle (trigger: interval[0:05:00], next run at: 2026-08-20 22:53:49 IST)" (scheduled at 2026-08-20 22:48:49.329976+05:30)
2026-08-20 22:48:49,352 - INFO - [bot-1787210580556-def3] Starting signal check cycle for BTC/USDT (5m)...
2026-08-20 22:48:49,398 - INFO - Fetching recent candles for BTC/USDT (5m) [Bot: bot-1787210580556-def3] via ProviderManager...
2026-08-20 22:48:49,838 - INFO - Indicators computed | close=72686.53 ema_9=72642.63 ema_20=72506.08 ema_50=72227.92 ema_200=70941.11 macd=166.7753 poc=64325.0 val=63300.0 vah=69625.0
2026-08-20 22:48:49,839 - INFO - [bot-1787210580556-def3] Evaluating strategy on completed candle: 2026-08-20 17:10:00+00:00 at Close price: 72692.00
2026-08-20 22:48:49,913 - INFO - Confluence Evaluation | Regime: TRENDING (ADX=28.2) | Direction: LONG | BullScore: 82.6% | BearScore: 17.4% | Active: ['ema', 'macd', 'rsi', 'vp']
2026-08-20 22:48:50,016 - INFO - Capping position size 0.870246 BTC to available cash equivalent 0.137567 BTC.
2026-08-20 22:48:50,128 - INFO - Created pending signal approval ID 65 for bot bot-1787210580556-def3 (LONG @ $72692.00, status: WAITING_APPROVAL)
2026-08-20 22:48:50,230 - INFO - [bot-1787210580556-def3] Signal LONG generated (ID: 65). Waiting for manual user approval.
2026-08-20 22:48:50,462 - INFO - Logged heartbeat status: OK
2026-08-20 22:48:50,463 - INFO - Job "LiveRunner.process_cycle (trigger: interval[0:05:00], next run at: 2026-08-20 22:53:49 IST)" executed successfully
2026-08-21 00:18:48,476 - WARNING - Run time of job "LiveRunner.process_cycle (trigger: interval[0:05:00], next run at: 2026-08-21 00:18:49 IST)" was missed by 0:04:59.126834
2026-08-21 00:18:49,340 - INFO - Running job "LiveRunner.process_cycle (trigger: interval[0:05:00], next run at: 2026-08-21 00:23:49 IST)" (scheduled at 2026-08-21 00:18:49.329976+05:30)
2026-08-21 00:18:49,364 - INFO - [bot-1787210580556-def3] Starting signal check cycle for BTC/USDT (5m)...
2026-08-21 00:18:49,412 - INFO - Fetching recent candles for BTC/USDT (5m) [Bot: bot-1787210580556-def3] via ProviderManager...
2026-08-21 00:18:59,459 - ERROR - Binance Spot Network Error: binance GET https://api.binance.com/api/v3/klines?interval=5m&limit=1000&symbol=BTCUSDT
--- Logging error ---
Traceback (most recent call last):
  File "/Users/ashishparadkar/Downloads/algo-code-main/.venv/lib/python3.9/site-packages/urllib3/connectionpool.py", line 534, in _make_request
    response = conn.getresponse()
  File "/Users/ashishparadkar/Downloads/algo-code-main/.venv/lib/python3.9/site-packages/urllib3/connection.py", line 571, in getresponse
    httplib_response = super().getresponse()
  File "/Library/Developer/CommandLineTools/Library/Frameworks/Python3.framework/Versions/3.9/lib/python3.9/http/client.py", line 1349, in getresponse
    response.begin()
  File "/Library/Developer/CommandLineTools/Library/Frameworks/Python3.framework/Versions/3.9/lib/python3.9/http/client.py", line 316, in begin
    version, status, reason = self._read_status()
  File "/Library/Developer/CommandLineTools/Library/Frameworks/Python3.framework/Versions/3.9/lib/python3.9/http/client.py", line 277, in _read_status
    line = str(self.fp.readline(_MAXLINE + 1), "iso-8859-1")
  File "/Library/Developer/CommandLineTools/Library/Frameworks/Python3.framework/Versions/3.9/lib/python3.9/socket.py", line 704, in readinto
    return self._sock.recv_into(b)
  File "/Library/Developer/CommandLineTools/Library/Frameworks/Python3.framework/Versions/3.9/lib/python3.9/ssl.py", line 1241, in recv_into
    return self.read(nbytes, buffer)
  File "/Library/Developer/CommandLineTools/Library/Frameworks/Python3.framework/Versions/3.9/lib/python3.9/ssl.py", line 1099, in read
    return self._sslobj.read(len, buffer)
socket.timeout: The read operation timed out

The above exception was the direct cause of the following exception:

Traceback (most recent call last):
  File "/Users/ashishparadkar/Downloads/algo-code-main/.venv/lib/python3.9/site-packages/requests/adapters.py", line 644, in send
    resp = conn.urlopen(
  File "/Users/ashishparadkar/Downloads/algo-code-main/.venv/lib/python3.9/site-packages/urllib3/connectionpool.py", line 841, in urlopen
    retries = retries.increment(
  File "/Users/ashishparadkar/Downloads/algo-code-main/.venv/lib/python3.9/site-packages/urllib3/util/retry.py", line 490, in increment
    raise reraise(type(error), error, _stacktrace)
  File "/Users/ashishparadkar/Downloads/algo-code-main/.venv/lib/python3.9/site-packages/urllib3/util/util.py", line 39, in reraise
    raise value
  File "/Users/ashishparadkar/Downloads/algo-code-main/.venv/lib/python3.9/site-packages/urllib3/connectionpool.py", line 787, in urlopen
    response = self._make_request(
  File "/Users/ashishparadkar/Downloads/algo-code-main/.venv/lib/python3.9/site-packages/urllib3/connectionpool.py", line 536, in _make_request
    self._raise_timeout(err=e, url=url, timeout_value=read_timeout)
  File "/Users/ashishparadkar/Downloads/algo-code-main/.venv/lib/python3.9/site-packages/urllib3/connectionpool.py", line 367, in _raise_timeout
    raise ReadTimeoutError(
urllib3.exceptions.ReadTimeoutError: HTTPSConnectionPool(host='api.binance.com', port=443): Read timed out. (read timeout=10.0)

During handling of the above exception, another exception occurred:

Traceback (most recent call last):
  File "/Users/ashishparadkar/Downloads/algo-code-main/.venv/lib/python3.9/site-packages/ccxt/base/exchange.py", line 665, in fetch
    response = self.session.request(
  File "/Users/ashishparadkar/Downloads/algo-code-main/.venv/lib/python3.9/site-packages/requests/sessions.py", line 589, in request
    resp = self.send(prep, **send_kwargs)
  File "/Users/ashishparadkar/Downloads/algo-code-main/.venv/lib/python3.9/site-packages/requests/sessions.py", line 703, in send
    r = adapter.send(request, **kwargs)
  File "/Users/ashishparadkar/Downloads/algo-code-main/.venv/lib/python3.9/site-packages/requests/adapters.py", line 690, in send
    raise ReadTimeout(e, request=request)
requests.exceptions.ReadTimeout: HTTPSConnectionPool(host='api.binance.com', port=443): Read timed out. (read timeout=10.0)

The above exception was the direct cause of the following exception:

Traceback (most recent call last):
  File "/Users/ashishparadkar/Downloads/algo-code-main/src/provider_manager.py", line 351, in fetch_ohlcv_safe
    df = adapter.fetch_ohlcv(instrument, timeframe, limit=limit)
  File "/Users/ashishparadkar/Downloads/algo-code-main/src/provider_manager.py", line 211, in fetch_ohlcv
    raise net_err
  File "/Users/ashishparadkar/Downloads/algo-code-main/src/provider_manager.py", line 183, in fetch_ohlcv
    raw_candles = self.exchange.fetch_ohlcv(
  File "/Users/ashishparadkar/Downloads/algo-code-main/.venv/lib/python3.9/site-packages/ccxt/binance.py", line 4759, in fetch_ohlcv
    response = self.publicGetKlines(self.extend(request, params))
  File "/Users/ashishparadkar/Downloads/algo-code-main/.venv/lib/python3.9/site-packages/ccxt/base/types.py", line 35, in unbound_method
    return _self.request(self.path, self.api, self.method, params, config=self.config)
  File "/Users/ashishparadkar/Downloads/algo-code-main/.venv/lib/python3.9/site-packages/ccxt/binance.py", line 11724, in request
    response = self.fetch2(path, api, method, params, headers, body, config)
  File "/Users/ashishparadkar/Downloads/algo-code-main/.venv/lib/python3.9/site-packages/ccxt/base/exchange.py", line 5566, in fetch2
    raise e
  File "/Users/ashishparadkar/Downloads/algo-code-main/.venv/lib/python3.9/site-packages/ccxt/base/exchange.py", line 5549, in fetch2
    response = self.fetch(request['url'], request['method'], request['headers'], request['body'])
  File "/Users/ashishparadkar/Downloads/algo-code-main/.venv/lib/python3.9/site-packages/ccxt/base/exchange.py", line 698, in fetch
    raise RequestTimeout(details) from e
ccxt.base.errors.RequestTimeout: binance GET https://api.binance.com/api/v3/klines?interval=5m&limit=1000&symbol=BTCUSDT

During handling of the above exception, another exception occurred:

Traceback (most recent call last):
  File "/Library/Developer/CommandLineTools/Library/Frameworks/Python3.framework/Versions/3.9/lib/python3.9/logging/__init__.py", line 1083, in emit
    msg = self.format(record)
  File "/Library/Developer/CommandLineTools/Library/Frameworks/Python3.framework/Versions/3.9/lib/python3.9/logging/__init__.py", line 927, in format
    return fmt.format(record)
  File "/Library/Developer/CommandLineTools/Library/Frameworks/Python3.framework/Versions/3.9/lib/python3.9/logging/__init__.py", line 663, in format
    record.message = record.getMessage()
  File "/Library/Developer/CommandLineTools/Library/Frameworks/Python3.framework/Versions/3.9/lib/python3.9/logging/__init__.py", line 367, in getMessage
    msg = msg % self.args
TypeError: must be real number, not RequestTimeout
Call stack:
  File "/Library/Developer/CommandLineTools/Library/Frameworks/Python3.framework/Versions/3.9/lib/python3.9/threading.py", line 930, in _bootstrap
    self._bootstrap_inner()
  File "/Library/Developer/CommandLineTools/Library/Frameworks/Python3.framework/Versions/3.9/lib/python3.9/threading.py", line 973, in _bootstrap_inner
    self.run()
  File "/Library/Developer/CommandLineTools/Library/Frameworks/Python3.framework/Versions/3.9/lib/python3.9/threading.py", line 910, in run
    self._target(*self._args, **self._kwargs)
  File "/Library/Developer/CommandLineTools/Library/Frameworks/Python3.framework/Versions/3.9/lib/python3.9/concurrent/futures/thread.py", line 77, in _worker
    work_item.run()
  File "/Library/Developer/CommandLineTools/Library/Frameworks/Python3.framework/Versions/3.9/lib/python3.9/concurrent/futures/thread.py", line 52, in run
    result = self.fn(*self.args, **self.kwargs)
  File "/Users/ashishparadkar/Downloads/algo-code-main/.venv/lib/python3.9/site-packages/apscheduler/executors/base.py", line 131, in run_job
    retval = job.func(*job.args, **job.kwargs)
  File "/Users/ashishparadkar/Downloads/algo-code-main/src/live_runner.py", line 199, in process_cycle
    df, _ = self.provider_manager.fetch_ohlcv_safe(self.symbol, self.timeframe, limit=1000)
  File "/Users/ashishparadkar/Downloads/algo-code-main/src/provider_manager.py", line 362, in fetch_ohlcv_safe
    logger.warning(
Message: 'Retryable network failure for %s (Attempt %d/%d). Backing off %.2fs: %s'
Arguments: ('BTC/USDT', 1, 3, RequestTimeout('binance GET https://api.binance.com/api/v3/klines?interval=5m&limit=1000&symbol=BTCUSDT'))
2026-08-21 00:19:02,283 - INFO - Indicators computed | close=72527.99 ema_9=72572.67 ema_20=72601.59 ema_50=72445.06 ema_200=71225.34 macd=8.1683 poc=64325.0 val=63300.0 vah=69700.0
2026-08-21 00:19:02,284 - INFO - [bot-1787210580556-def3] Evaluating strategy on completed candle: 2026-08-20 18:40:00+00:00 at Close price: 72501.42
2026-08-21 00:19:02,378 - INFO - Confluence Evaluation | Regime: TRENDING (ADX=27.9) | Direction: HOLD | BullScore: 0.0% | BearScore: 34.8% | Active: ['ema', 'macd', 'rsi', 'vp']
2026-08-21 00:19:02,485 - INFO - Signal evaluated: HOLD. Reason/Details: Confluence score: 35% (HOLD)
2026-08-21 00:19:02,705 - INFO - Logged heartbeat status: OK
2026-08-21 00:19:02,705 - INFO - Job "LiveRunner.process_cycle (trigger: interval[0:05:00], next run at: 2026-08-21 00:23:49 IST)" executed successfully
2026-08-21 00:23:49,372 - INFO - Running job "LiveRunner.process_cycle (trigger: interval[0:05:00], next run at: 2026-08-21 00:28:49 IST)" (scheduled at 2026-08-21 00:23:49.329976+05:30)
2026-08-21 00:23:49,403 - INFO - [bot-1787210580556-def3] Starting signal check cycle for BTC/USDT (5m)...
2026-08-21 00:23:49,444 - INFO - Fetching recent candles for BTC/USDT (5m) [Bot: bot-1787210580556-def3] via ProviderManager...
2026-08-21 00:23:49,931 - INFO - Indicators computed | close=72530.01 ema_9=72565.10 ema_20=72595.29 ema_50=72448.62 ema_200=71238.38 macd=3.0112 poc=64325.0 val=63300.0 vah=69700.0
2026-08-21 00:23:49,932 - INFO - [bot-1787210580556-def3] Evaluating strategy on completed candle: 2026-08-20 18:45:00+00:00 at Close price: 72534.00
2026-08-21 00:23:50,046 - INFO - Confluence Evaluation | Regime: TRENDING (ADX=27.7) | Direction: HOLD | BullScore: 0.0% | BearScore: 34.8% | Active: ['ema', 'macd', 'rsi', 'vp']
2026-08-21 00:23:50,160 - INFO - Signal evaluated: HOLD. Reason/Details: Confluence score: 35% (HOLD)
2026-08-21 00:23:50,360 - INFO - Logged heartbeat status: OK
2026-08-21 00:23:50,360 - INFO - Job "LiveRunner.process_cycle (trigger: interval[0:05:00], next run at: 2026-08-21 00:28:49 IST)" executed successfully
/Users/ashishparadkar/Downloads/algo-code-main/.venv/lib/python3.9/site-packages/urllib3/__init__.py:35: NotOpenSSLWarning: urllib3 v2 only supports OpenSSL 1.1.1+, currently the 'ssl' module is compiled with 'LibreSSL 2.8.3'. See: https://github.com/urllib3/urllib3/issues/3020
  warnings.warn(
2026-08-21 06:20:41,510 - INFO - Bot state startup reconciliation finished: 0 bot(s) reconciled to STOPPED.
2026-08-21 06:20:41,875 - INFO - Telegram notification service initialized successfully (Chat ID: 5657...)
2026-08-21 06:20:41,895 - INFO - Initializing scheduled trading bot live runner for bot-1787210580556-def3...
2026-08-21 06:20:42,018 - INFO - SQLite database tables verified/created.
2026-08-21 06:20:42,241 - INFO - Initializing CCXT Binance in TESTNET mode.
2026-08-21 06:20:55,762 - INFO - [bot-1787210580556-def3] Pre-flight instrument resolved: BTC/USDT (SPOT via binance_spot)
2026-08-21 06:20:55,792 - INFO - [bot-1787210580556-def3] Starting signal check cycle for BTC/USDT (5m)...
2026-08-21 06:20:55,801 - INFO - Fetching recent candles for BTC/USDT (5m) [Bot: bot-1787210580556-def3] via ProviderManager...
2026-08-21 06:22:02,478 - INFO - Indicators computed | close=73768.00 ema_9=73637.37 ema_20=73420.37 ema_50=73101.03 ema_200=72113.98 macd=240.9130 poc=64325.0 val=63575.0 vah=71275.0
2026-08-21 06:22:02,891 - INFO - [bot-1787210580556-def3] Evaluating strategy on completed candle: 2026-08-21 00:45:00+00:00 at Close price: 73761.56
2026-08-21 06:22:04,277 - INFO - Confluence Evaluation | Regime: TRENDING (ADX=53.5) | Direction: LONG | BullScore: 82.6% | BearScore: 17.4% | Active: ['ema', 'macd', 'rsi', 'vp']
2026-08-21 06:22:04,650 - INFO - Capping position size 0.657376 BTC to available cash equivalent 0.135572 BTC.
2026-08-21 06:22:04,688 - INFO - Created pending signal approval ID 88 for bot bot-1787210580556-def3 (LONG @ $73761.56, status: WAITING_APPROVAL)
2026-08-21 06:22:04,719 - INFO - [bot-1787210580556-def3] Signal LONG generated (ID: 88). Waiting for manual user approval.
2026-08-21 06:22:05,488 - INFO - Logged heartbeat status: OK
2026-08-21 06:22:05,823 - INFO - Adding job tentatively -- it will be properly scheduled when the scheduler starts
2026-08-21 06:22:05,836 - INFO - Bot bot-1787210580556-def3 scheduled to check every 5 minutes.
2026-08-21 06:22:05,841 - INFO - Added job "LiveRunner.process_cycle" to job store "default"
2026-08-21 06:22:05,841 - INFO - Scheduler started
2026-08-21 06:27:06,054 - INFO - Running job "LiveRunner.process_cycle (trigger: interval[0:05:00], next run at: 2026-08-21 06:32:05 IST)" (scheduled at 2026-08-21 06:27:05.822396+05:30)
2026-08-21 06:27:06,110 - INFO - [bot-1787210580556-def3] Starting signal check cycle for BTC/USDT (5m)...
2026-08-21 06:27:06,177 - INFO - Fetching recent candles for BTC/USDT (5m) [Bot: bot-1787210580556-def3] via ProviderManager...
2026-08-21 06:27:06,862 - INFO - Indicators computed | close=73642.01 ema_9=73621.98 ema_20=73432.69 ema_50=73118.40 ema_200=72128.18 macd=222.3505 poc=64325.0 val=63575.0 vah=71300.0
2026-08-21 06:27:06,864 - INFO - [bot-1787210580556-def3] Evaluating strategy on completed candle: 2026-08-21 00:50:00+00:00 at Close price: 73666.00
2026-08-21 06:27:06,929 - INFO - Confluence Evaluation | Regime: TRENDING (ADX=53.5) | Direction: LONG | BullScore: 82.6% | BearScore: 17.4% | Active: ['ema', 'macd', 'rsi', 'vp']
2026-08-21 06:27:07,018 - INFO - Capping position size 0.958405 BTC to available cash equivalent 0.135748 BTC.
2026-08-21 06:27:07,076 - INFO - [bot-1787210580556-def3] Signal LONG active pending approval already exists (ID: 88).
2026-08-21 06:27:07,260 - INFO - Logged heartbeat status: OK
2026-08-21 06:27:07,261 - INFO - Job "LiveRunner.process_cycle (trigger: interval[0:05:00], next run at: 2026-08-21 06:32:05 IST)" executed successfully
2026-08-21 06:32:05,899 - INFO - Running job "LiveRunner.process_cycle (trigger: interval[0:05:00], next run at: 2026-08-21 06:37:05 IST)" (scheduled at 2026-08-21 06:32:05.822396+05:30)
2026-08-21 06:32:05,932 - INFO - [bot-1787210580556-def3] Starting signal check cycle for BTC/USDT (5m)...
2026-08-21 06:32:05,979 - INFO - Fetching recent candles for BTC/USDT (5m) [Bot: bot-1787210580556-def3] via ProviderManager...
2026-08-21 06:32:06,560 - INFO - Indicators computed | close=73788.61 ema_9=73665.86 ema_20=73472.28 ema_50=73147.17 ema_200=72145.35 macd=227.4085 poc=64325.0 val=63575.0 vah=71300.0
2026-08-21 06:32:06,562 - INFO - [bot-1787210580556-def3] Evaluating strategy on completed candle: 2026-08-21 00:55:00+00:00 at Close price: 73708.02
2026-08-21 06:32:06,618 - INFO - Confluence Evaluation | Regime: TRENDING (ADX=53.7) | Direction: LONG | BullScore: 82.6% | BearScore: 17.4% | Active: ['ema', 'macd', 'rsi', 'vp']
2026-08-21 06:32:06,701 - INFO - Capping position size 0.797766 BTC to available cash equivalent 0.135670 BTC.
2026-08-21 06:32:06,758 - INFO - [bot-1787210580556-def3] Signal LONG active pending approval already exists (ID: 88).
2026-08-21 06:32:06,933 - INFO - Logged heartbeat status: OK
2026-08-21 06:32:06,934 - INFO - Job "LiveRunner.process_cycle (trigger: interval[0:05:00], next run at: 2026-08-21 06:37:05 IST)" executed successfully
2026-08-21 06:37:05,843 - INFO - Running job "LiveRunner.process_cycle (trigger: interval[0:05:00], next run at: 2026-08-21 06:42:05 IST)" (scheduled at 2026-08-21 06:37:05.822396+05:30)
2026-08-21 06:37:05,859 - INFO - [bot-1787210580556-def3] Starting signal check cycle for BTC/USDT (5m)...
2026-08-21 06:37:05,901 - INFO - Fetching recent candles for BTC/USDT (5m) [Bot: bot-1787210580556-def3] via ProviderManager...
2026-08-21 06:37:06,321 - INFO - Indicators computed | close=73884.00 ema_9=73717.72 ema_20=73515.92 ema_50=73178.01 ema_200=72163.16 macd=235.4293 poc=64325.0 val=63575.0 vah=71325.0
2026-08-21 06:37:06,322 - INFO - [bot-1787210580556-def3] Evaluating strategy on completed candle: 2026-08-21 01:00:00+00:00 at Close price: 73840.01
2026-08-21 06:37:06,392 - INFO - Confluence Evaluation | Regime: TRENDING (ADX=55.5) | Direction: LONG | BullScore: 82.6% | BearScore: 17.4% | Active: ['ema', 'macd', 'rsi', 'vp']
2026-08-21 06:37:06,481 - INFO - Capping position size 0.522616 BTC to available cash equivalent 0.135428 BTC.
2026-08-21 06:37:06,488 - INFO - [bot-1787210580556-def3] Signal LONG active pending approval already exists (ID: 88).
2026-08-21 06:37:06,694 - INFO - Logged heartbeat status: OK
2026-08-21 06:37:06,694 - INFO - Job "LiveRunner.process_cycle (trigger: interval[0:05:00], next run at: 2026-08-21 06:42:05 IST)" executed successfully
2026-08-21 06:42:05,840 - INFO - Running job "LiveRunner.process_cycle (trigger: interval[0:05:00], next run at: 2026-08-21 06:47:05 IST)" (scheduled at 2026-08-21 06:42:05.822396+05:30)
2026-08-21 06:42:05,853 - INFO - [bot-1787210580556-def3] Starting signal check cycle for BTC/USDT (5m)...
2026-08-21 06:42:05,904 - INFO - Fetching recent candles for BTC/USDT (5m) [Bot: bot-1787210580556-def3] via ProviderManager...
2026-08-21 06:42:06,440 - INFO - Indicators computed | close=73970.00 ema_9=73775.51 ema_20=73563.12 ema_50=73210.79 ema_200=72181.59 macd=245.5036 poc=64325.0 val=63575.0 vah=71325.0
2026-08-21 06:42:06,441 - INFO - [bot-1787210580556-def3] Evaluating strategy on completed candle: 2026-08-21 01:05:00+00:00 at Close price: 73929.87
2026-08-21 06:42:06,518 - INFO - Confluence Evaluation | Regime: TRENDING (ADX=57.3) | Direction: LONG | BullScore: 82.6% | BearScore: 17.4% | Active: ['ema', 'macd', 'rsi', 'vp']
2026-08-21 06:42:06,616 - INFO - Capping position size 0.481672 BTC to available cash equivalent 0.135263 BTC.
2026-08-21 06:42:06,622 - INFO - [bot-1787210580556-def3] Signal LONG active pending approval already exists (ID: 88).
2026-08-21 06:42:06,839 - INFO - Logged heartbeat status: OK
2026-08-21 06:42:06,839 - INFO - Job "LiveRunner.process_cycle (trigger: interval[0:05:00], next run at: 2026-08-21 06:47:05 IST)" executed successfully
2026-08-21 06:47:05,860 - INFO - Running job "LiveRunner.process_cycle (trigger: interval[0:05:00], next run at: 2026-08-21 06:47:05 IST)" (scheduled at 2026-08-21 06:47:05.822396+05:30)
2026-08-21 06:47:05,928 - INFO - [bot-1787210580556-def3] Starting signal check cycle for BTC/USDT (5m)...
2026-08-21 06:47:05,969 - INFO - Fetching recent candles for BTC/USDT (5m) [Bot: bot-1787210580556-def3] via ProviderManager...
2026-08-21 06:47:06,518 - INFO - Indicators computed | close=74187.09 ema_9=73861.11 ema_20=73624.31 ema_50=73249.85 ema_200=72201.75 macd=266.3123 poc=64325.0 val=63575.0 vah=71350.0
2026-08-21 06:47:06,520 - INFO - [bot-1787210580556-def3] Evaluating strategy on completed candle: 2026-08-21 01:10:00+00:00 at Close price: 73990.50
2026-08-21 06:47:06,615 - INFO - Confluence Evaluation | Regime: TRENDING (ADX=59.3) | Direction: LONG | BullScore: 82.6% | BearScore: 17.4% | Active: ['ema', 'macd', 'rsi', 'vp']
2026-08-21 06:47:06,729 - INFO - Capping position size 0.420301 BTC to available cash equivalent 0.135152 BTC.
2026-08-21 06:47:06,737 - INFO - [bot-1787210580556-def3] Signal LONG active pending approval already exists (ID: 88).
2026-08-21 06:47:06,963 - INFO - Logged heartbeat status: OK
2026-08-21 06:47:06,964 - INFO - Job "LiveRunner.process_cycle (trigger: interval[0:05:00], next run at: 2026-08-21 06:52:05 IST)" executed successfully
2026-08-21 06:52:05,835 - INFO - Running job "LiveRunner.process_cycle (trigger: interval[0:05:00], next run at: 2026-08-21 06:57:05 IST)" (scheduled at 2026-08-21 06:52:05.822396+05:30)
2026-08-21 06:52:05,855 - INFO - [bot-1787210580556-def3] Starting signal check cycle for BTC/USDT (5m)...
2026-08-21 06:52:05,873 - INFO - Fetching recent candles for BTC/USDT (5m) [Bot: bot-1787210580556-def3] via ProviderManager...
2026-08-21 06:52:06,356 - INFO - Indicators computed | close=74380.54 ema_9=74040.65 ema_20=73737.07 ema_50=73312.01 ema_200=72228.08 macd=322.8529 poc=64325.0 val=63575.0 vah=71425.0
2026-08-21 06:52:06,357 - INFO - [bot-1787210580556-def3] Evaluating strategy on completed candle: 2026-08-21 01:15:00+00:00 at Close price: 74659.92
2026-08-21 06:52:06,474 - INFO - Confluence Evaluation | Regime: TRENDING (ADX=60.9) | Direction: LONG | BullScore: 82.6% | BearScore: 17.4% | Active: ['ema', 'macd', 'rsi', 'vp']
2026-08-21 06:52:06,659 - INFO - Capping position size 0.174631 BTC to available cash equivalent 0.133941 BTC.
2026-08-21 06:52:06,742 - INFO - Created pending signal approval ID 118 for bot bot-1787210580556-def3 (LONG @ $74659.92, status: WAITING_APPROVAL)
2026-08-21 06:52:06,851 - INFO - [bot-1787210580556-def3] Signal LONG generated (ID: 118). Waiting for manual user approval.
2026-08-21 06:52:07,048 - INFO - Logged heartbeat status: OK
2026-08-21 06:52:07,049 - INFO - Job "LiveRunner.process_cycle (trigger: interval[0:05:00], next run at: 2026-08-21 06:57:05 IST)" executed successfully
2026-08-21 06:57:05,842 - INFO - Running job "LiveRunner.process_cycle (trigger: interval[0:05:00], next run at: 2026-08-21 07:02:05 IST)" (scheduled at 2026-08-21 06:57:05.822396+05:30)
2026-08-21 06:57:05,852 - INFO - [bot-1787210580556-def3] Starting signal check cycle for BTC/USDT (5m)...
2026-08-21 06:57:05,898 - INFO - Fetching recent candles for BTC/USDT (5m) [Bot: bot-1787210580556-def3] via ProviderManager...
2026-08-21 06:57:06,532 - INFO - Indicators computed | close=74522.09 ema_9=74156.30 ema_20=73822.27 ema_50=73364.02 ema_200=72252.10 macd=352.6675 poc=64325.0 val=63575.0 vah=71450.0
2026-08-21 06:57:06,533 - INFO - [bot-1787210580556-def3] Evaluating strategy on completed candle: 2026-08-21 01:20:00+00:00 at Close price: 74501.59
2026-08-21 06:57:06,602 - INFO - Confluence Evaluation | Regime: TRENDING (ADX=62.1) | Direction: LONG | BullScore: 82.6% | BearScore: 17.4% | Active: ['ema', 'macd', 'rsi', 'vp']
2026-08-21 06:57:06,694 - INFO - Capping position size 0.220444 BTC to available cash equivalent 0.134225 BTC.
2026-08-21 06:57:06,704 - INFO - [bot-1787210580556-def3] Signal LONG active pending approval already exists (ID: 118).
2026-08-21 06:57:06,889 - INFO - Logged heartbeat status: OK
2026-08-21 06:57:06,890 - INFO - Job "LiveRunner.process_cycle (trigger: interval[0:05:00], next run at: 2026-08-21 07:02:05 IST)" executed successfully
2026-08-21 07:02:05,839 - INFO - Running job "LiveRunner.process_cycle (trigger: interval[0:05:00], next run at: 2026-08-21 07:07:05 IST)" (scheduled at 2026-08-21 07:02:05.822396+05:30)
2026-08-21 07:02:05,848 - INFO - [bot-1787210580556-def3] Starting signal check cycle for BTC/USDT (5m)...
2026-08-21 07:02:05,868 - INFO - Fetching recent candles for BTC/USDT (5m) [Bot: bot-1787210580556-def3] via ProviderManager...
2026-08-21 07:02:06,216 - INFO - Indicators computed | close=74781.79 ema_9=74314.15 ema_20=73931.29 ema_50=73427.33 ema_200=72279.29 macd=397.7651 poc=64325.0 val=63575.0 vah=71475.0
2026-08-21 07:02:06,217 - INFO - [bot-1787210580556-def3] Evaluating strategy on completed candle: 2026-08-21 01:25:00+00:00 at Close price: 74726.77
2026-08-21 07:02:06,276 - INFO - Confluence Evaluation | Regime: TRENDING (ADX=62.4) | Direction: LONG | BullScore: 82.6% | BearScore: 17.4% | Active: ['ema', 'macd', 'rsi', 'vp']
2026-08-21 07:02:06,369 - INFO - Capping position size 0.201495 BTC to available cash equivalent 0.133821 BTC.
2026-08-21 07:02:06,376 - INFO - [bot-1787210580556-def3] Signal LONG active pending approval already exists (ID: 118).
2026-08-21 07:02:06,574 - INFO - Logged heartbeat status: OK
2026-08-21 07:02:06,574 - INFO - Job "LiveRunner.process_cycle (trigger: interval[0:05:00], next run at: 2026-08-21 07:07:05 IST)" executed successfully
/Users/ashishparadkar/Downloads/algo-code-main/.venv/lib/python3.9/site-packages/urllib3/__init__.py:35: NotOpenSSLWarning: urllib3 v2 only supports OpenSSL 1.1.1+, currently the 'ssl' module is compiled with 'LibreSSL 2.8.3'. See: https://github.com/urllib3/urllib3/issues/3020
  warnings.warn(
2026-08-21 12:13:18,231 - INFO - Bot state startup reconciliation finished: 0 bot(s) reconciled to STOPPED.
2026-08-21 12:13:18,710 - INFO - Telegram notification service initialized successfully (Chat ID: 5657...)
2026-08-21 12:13:18,722 - INFO - Initializing scheduled trading bot live runner for bot-1787210580556-def3...
2026-08-21 12:13:18,751 - INFO - SQLite database tables verified/created.
2026-08-21 12:13:19,482 - INFO - Initializing CCXT Binance in TESTNET mode.
2026-08-21 12:13:40,674 - INFO - [bot-1787210580556-def3] Pre-flight instrument resolved: BTC/USDT (SPOT via binance_spot)
2026-08-21 12:13:41,099 - INFO - [bot-1787210580556-def3] Starting signal check cycle for BTC/USDT (5m)...
2026-08-21 12:13:41,557 - INFO - Fetching recent candles for BTC/USDT (5m) [Bot: bot-1787210580556-def3] via ProviderManager...
2026-08-21 12:14:53,087 - INFO - Indicators computed | close=75437.25 ema_9=75444.48 ema_20=75326.87 ema_50=75000.00 ema_200=73540.26 macd=149.5315 poc=64275.0 val=64025.0 vah=71850.0
2026-08-21 12:14:53,110 - INFO - [bot-1787210580556-def3] Evaluating strategy on completed candle: 2026-08-21 06:35:00+00:00 at Close price: 75704.08
2026-08-21 12:14:55,271 - INFO - Confluence Evaluation | Regime: TRENDING (ADX=26.3) | Direction: LONG | BullScore: 82.6% | BearScore: 17.4% | Active: ['ema', 'macd', 'rsi', 'vp']
2026-08-21 12:14:55,314 - INFO - Capping position size 0.296217 BTC to available cash equivalent 0.132093 BTC.
2026-08-21 12:14:55,354 - INFO - Created pending signal approval ID 148 for bot bot-1787210580556-def3 (LONG @ $75704.08, status: WAITING_APPROVAL)
2026-08-21 12:14:56,289 - INFO - [bot-1787210580556-def3] Signal LONG generated (ID: 148). Waiting for manual user approval.
2026-08-21 12:14:56,352 - INFO - Logged heartbeat status: OK
2026-08-21 12:14:57,106 - INFO - Adding job tentatively -- it will be properly scheduled when the scheduler starts
2026-08-21 12:14:57,111 - INFO - Bot bot-1787210580556-def3 scheduled to check every 5 minutes.
2026-08-21 12:14:57,425 - INFO - Added job "LiveRunner.process_cycle" to job store "default"
2026-08-21 12:14:57,425 - INFO - Scheduler started
2026-08-21 12:19:57,232 - INFO - Running job "LiveRunner.process_cycle (trigger: interval[0:05:00], next run at: 2026-08-21 12:24:56 IST)" (scheduled at 2026-08-21 12:19:56.985715+05:30)
2026-08-21 12:19:57,380 - INFO - [bot-1787210580556-def3] Starting signal check cycle for BTC/USDT (5m)...
2026-08-21 12:19:57,437 - INFO - Fetching recent candles for BTC/USDT (5m) [Bot: bot-1787210580556-def3] via ProviderManager...
2026-08-21 12:19:58,374 - INFO - Indicators computed | close=75512.00 ema_9=75451.22 ema_20=75340.85 ema_50=75018.49 ema_200=73559.46 macd=143.7970 poc=64275.0 val=64025.0 vah=71850.0
2026-08-21 12:19:58,375 - INFO - [bot-1787210580556-def3] Evaluating strategy on completed candle: 2026-08-21 06:40:00+00:00 at Close price: 75394.97
2026-08-21 12:19:58,466 - INFO - Confluence Evaluation | Regime: TRENDING (ADX=26.8) | Direction: HOLD | BullScore: 50.0% | BearScore: 17.4% | Active: ['ema', 'macd', 'rsi', 'vp']
2026-08-21 12:19:58,541 - INFO - Signal evaluated: HOLD. Reason/Details: Confluence score: 50% (HOLD)
2026-08-21 12:19:58,647 - INFO - Logged heartbeat status: OK
2026-08-21 12:19:58,648 - INFO - Job "LiveRunner.process_cycle (trigger: interval[0:05:00], next run at: 2026-08-21 12:24:56 IST)" executed successfully
2026-08-21 12:24:57,024 - INFO - Running job "LiveRunner.process_cycle (trigger: interval[0:05:00], next run at: 2026-08-21 12:29:56 IST)" (scheduled at 2026-08-21 12:24:56.985715+05:30)
2026-08-21 12:24:57,040 - INFO - [bot-1787210580556-def3] Starting signal check cycle for BTC/USDT (5m)...
2026-08-21 12:24:57,061 - INFO - Fetching recent candles for BTC/USDT (5m) [Bot: bot-1787210580556-def3] via ProviderManager...
2026-08-21 12:24:58,148 - INFO - Indicators computed | close=75558.00 ema_9=75473.26 ema_20=75361.90 ema_50=75039.81 ema_200=73579.39 macd=144.2409 poc=64275.0 val=64025.0 vah=71875.0
2026-08-21 12:24:58,149 - INFO - [bot-1787210580556-def3] Evaluating strategy on completed candle: 2026-08-21 06:45:00+00:00 at Close price: 75516.28
2026-08-21 12:24:58,227 - INFO - Confluence Evaluation | Regime: TRENDING (ADX=25.9) | Direction: HOLD | BullScore: 50.0% | BearScore: 17.4% | Active: ['ema', 'macd', 'rsi', 'vp']
2026-08-21 12:24:58,300 - INFO - Signal evaluated: HOLD. Reason/Details: Confluence score: 50% (HOLD)
2026-08-21 12:24:58,432 - INFO - Logged heartbeat status: OK
2026-08-21 12:24:58,432 - INFO - Job "LiveRunner.process_cycle (trigger: interval[0:05:00], next run at: 2026-08-21 12:29:56 IST)" executed successfully
2026-08-21 12:29:57,002 - INFO - Running job "LiveRunner.process_cycle (trigger: interval[0:05:00], next run at: 2026-08-21 12:34:56 IST)" (scheduled at 2026-08-21 12:29:56.985715+05:30)
2026-08-21 12:29:57,024 - INFO - [bot-1787210580556-def3] Starting signal check cycle for BTC/USDT (5m)...
2026-08-21 12:29:57,056 - INFO - Fetching recent candles for BTC/USDT (5m) [Bot: bot-1787210580556-def3] via ProviderManager...
2026-08-21 12:29:57,693 - INFO - Indicators computed | close=75646.21 ema_9=75505.61 ema_20=75387.77 ema_50=75063.06 ema_200=73599.81 macd=148.8520 poc=64275.0 val=64025.0 vah=71875.0
2026-08-21 12:29:57,705 - INFO - [bot-1787210580556-def3] Evaluating strategy on completed candle: 2026-08-21 06:50:00+00:00 at Close price: 75544.00
2026-08-21 12:29:57,791 - INFO - Confluence Evaluation | Regime: TRENDING (ADX=25.1) | Direction: HOLD | BullScore: 50.0% | BearScore: 17.4% | Active: ['ema', 'macd', 'rsi', 'vp']
2026-08-21 12:29:57,878 - INFO - Signal evaluated: HOLD. Reason/Details: Confluence score: 50% (HOLD)
2026-08-21 12:29:58,006 - INFO - Logged heartbeat status: OK
2026-08-21 12:29:58,007 - INFO - Job "LiveRunner.process_cycle (trigger: interval[0:05:00], next run at: 2026-08-21 12:34:56 IST)" executed successfully
2026-08-21 12:34:57,034 - INFO - Running job "LiveRunner.process_cycle (trigger: interval[0:05:00], next run at: 2026-08-21 12:39:56 IST)" (scheduled at 2026-08-21 12:34:56.985715+05:30)
2026-08-21 12:34:57,046 - INFO - [bot-1787210580556-def3] Starting signal check cycle for BTC/USDT (5m)...
2026-08-21 12:34:57,087 - INFO - Fetching recent candles for BTC/USDT (5m) [Bot: bot-1787210580556-def3] via ProviderManager...
2026-08-21 12:34:57,625 - INFO - Indicators computed | close=75733.61 ema_9=75551.21 ema_20=75420.71 ema_50=75089.36 ema_200=73621.05 macd=158.6153 poc=64275.0 val=64025.0 vah=71875.0
2026-08-21 12:34:57,626 - INFO - [bot-1787210580556-def3] Evaluating strategy on completed candle: 2026-08-21 06:55:00+00:00 at Close price: 75646.21
2026-08-21 12:34:57,703 - INFO - Confluence Evaluation | Regime: RANGING (ADX=24.8) | Direction: HOLD | BullScore: 67.4% | BearScore: 32.6% | Active: ['ema', 'macd', 'rsi', 'vp']
2026-08-21 12:34:57,772 - INFO - Signal evaluated: HOLD. Reason/Details: Confluence score: 67% (HOLD)
2026-08-21 12:34:57,908 - INFO - Logged heartbeat status: OK
2026-08-21 12:34:57,908 - INFO - Job "LiveRunner.process_cycle (trigger: interval[0:05:00], next run at: 2026-08-21 12:39:56 IST)" executed successfully
2026-08-21 12:39:57,002 - INFO - Running job "LiveRunner.process_cycle (trigger: interval[0:05:00], next run at: 2026-08-21 12:44:56 IST)" (scheduled at 2026-08-21 12:39:56.985715+05:30)
2026-08-21 12:39:57,018 - INFO - [bot-1787210580556-def3] Starting signal check cycle for BTC/USDT (5m)...
2026-08-21 12:39:57,079 - INFO - Fetching recent candles for BTC/USDT (5m) [Bot: bot-1787210580556-def3] via ProviderManager...
2026-08-21 12:39:57,840 - INFO - Indicators computed | close=75879.00 ema_9=75616.77 ema_20=75464.36 ema_50=75120.32 ema_200=73643.51 macd=176.0552 poc=64275.0 val=64025.0 vah=71875.0
2026-08-21 12:39:57,841 - INFO - [bot-1787210580556-def3] Evaluating strategy on completed candle: 2026-08-21 07:00:00+00:00 at Close price: 75733.61
2026-08-21 12:39:57,964 - INFO - Confluence Evaluation | Regime: RANGING (ADX=23.7) | Direction: HOLD | BullScore: 67.4% | BearScore: 32.6% | Active: ['ema', 'macd', 'rsi', 'vp']
2026-08-21 12:39:58,059 - INFO - Signal evaluated: HOLD. Reason/Details: Confluence score: 67% (HOLD)
2026-08-21 12:39:58,222 - INFO - Logged heartbeat status: OK
2026-08-21 12:39:58,222 - INFO - Job "LiveRunner.process_cycle (trigger: interval[0:05:00], next run at: 2026-08-21 12:44:56 IST)" executed successfully
2026-08-21 12:44:57,008 - INFO - Running job "LiveRunner.process_cycle (trigger: interval[0:05:00], next run at: 2026-08-21 12:49:56 IST)" (scheduled at 2026-08-21 12:44:56.985715+05:30)
2026-08-21 12:44:57,018 - INFO - [bot-1787210580556-def3] Starting signal check cycle for BTC/USDT (5m)...
2026-08-21 12:44:57,074 - INFO - Fetching recent candles for BTC/USDT (5m) [Bot: bot-1787210580556-def3] via ProviderManager...
2026-08-21 12:44:57,647 - INFO - Indicators computed | close=75949.99 ema_9=75681.70 ema_20=75509.68 ema_50=75152.46 ema_200=73666.36 macd=192.7153 poc=64275.0 val=64025.0 vah=71875.0
2026-08-21 12:44:57,651 - INFO - [bot-1787210580556-def3] Evaluating strategy on completed candle: 2026-08-21 07:05:00+00:00 at Close price: 75868.28
2026-08-21 12:44:57,687 - INFO - Confluence Evaluation | Regime: RANGING (ADX=22.5) | Direction: HOLD | BullScore: 67.4% | BearScore: 32.6% | Active: ['ema', 'macd', 'rsi', 'vp']
2026-08-21 12:44:57,759 - INFO - Signal evaluated: HOLD. Reason/Details: Confluence score: 67% (HOLD)
2026-08-21 12:44:57,992 - INFO - Logged heartbeat status: OK
2026-08-21 12:44:57,992 - INFO - Job "LiveRunner.process_cycle (trigger: interval[0:05:00], next run at: 2026-08-21 12:49:56 IST)" executed successfully
2026-08-21 12:49:57,030 - INFO - Running job "LiveRunner.process_cycle (trigger: interval[0:05:00], next run at: 2026-08-21 12:54:56 IST)" (scheduled at 2026-08-21 12:49:56.985715+05:30)
2026-08-21 12:49:57,050 - INFO - [bot-1787210580556-def3] Starting signal check cycle for BTC/USDT (5m)...
2026-08-21 12:49:57,102 - INFO - Fetching recent candles for BTC/USDT (5m) [Bot: bot-1787210580556-def3] via ProviderManager...
2026-08-21 12:49:57,647 - INFO - Indicators computed | close=76483.43 ema_9=75845.24 ema_20=75604.15 ema_50=75205.40 ema_200=73694.58 macd=248.0274 poc=64275.0 val=64025.0 vah=71900.0
2026-08-21 12:49:57,649 - INFO - [bot-1787210580556-def3] Evaluating strategy on completed candle: 2026-08-21 07:10:00+00:00 at Close price: 75969.99
2026-08-21 12:49:57,731 - INFO - Confluence Evaluation | Regime: RANGING (ADX=21.9) | Direction: HOLD | BullScore: 67.4% | BearScore: 32.6% | Active: ['ema', 'macd', 'rsi', 'vp']
2026-08-21 12:49:57,834 - INFO - Signal evaluated: HOLD. Reason/Details: Confluence score: 67% (HOLD)
2026-08-21 12:49:57,924 - INFO - Logged heartbeat status: OK
2026-08-21 12:49:57,925 - INFO - Job "LiveRunner.process_cycle (trigger: interval[0:05:00], next run at: 2026-08-21 12:54:56 IST)" executed successfully
2026-08-21 12:54:57,009 - INFO - Running job "LiveRunner.process_cycle (trigger: interval[0:05:00], next run at: 2026-08-21 12:59:56 IST)" (scheduled at 2026-08-21 12:54:56.985715+05:30)
2026-08-21 12:54:57,020 - INFO - [bot-1787210580556-def3] Starting signal check cycle for BTC/USDT (5m)...
2026-08-21 12:54:57,067 - INFO - Fetching recent candles for BTC/USDT (5m) [Bot: bot-1787210580556-def3] via ProviderManager...
2026-08-21 12:54:57,571 - INFO - Indicators computed | close=76282.15 ema_9=75932.79 ema_20=75668.81 ema_50=75247.67 ema_200=73720.34 macd=271.2947 poc=64275.0 val=64025.0 vah=71900.0
2026-08-21 12:54:57,572 - INFO - [bot-1787210580556-def3] Evaluating strategy on completed candle: 2026-08-21 07:15:00+00:00 at Close price: 76484.48
2026-08-21 12:54:57,638 - INFO - Confluence Evaluation | Regime: RANGING (ADX=23.2) | Direction: HOLD | BullScore: 67.4% | BearScore: 32.6% | Active: ['ema', 'macd', 'rsi', 'vp']
2026-08-21 12:54:57,719 - INFO - Signal evaluated: HOLD. Reason/Details: Confluence score: 67% (HOLD)
2026-08-21 12:54:57,849 - INFO - Logged heartbeat status: OK
2026-08-21 12:54:57,849 - INFO - Job "LiveRunner.process_cycle (trigger: interval[0:05:00], next run at: 2026-08-21 12:59:56 IST)" executed successfully
2026-08-21 12:59:57,000 - INFO - Running job "LiveRunner.process_cycle (trigger: interval[0:05:00], next run at: 2026-08-21 13:04:56 IST)" (scheduled at 2026-08-21 12:59:56.985715+05:30)
2026-08-21 12:59:57,041 - INFO - [bot-1787210580556-def3] Starting signal check cycle for BTC/USDT (5m)...
2026-08-21 12:59:57,088 - INFO - Fetching recent candles for BTC/USDT (5m) [Bot: bot-1787210580556-def3] via ProviderManager...
2026-08-21 12:59:57,560 - INFO - Indicators computed | close=76404.54 ema_9=76022.61 ema_20=75736.44 ema_50=75291.97 ema_200=73746.77 macd=294.3864 poc=64275.0 val=64025.0 vah=71900.0
2026-08-21 12:59:57,561 - INFO - [bot-1787210580556-def3] Evaluating strategy on completed candle: 2026-08-21 07:20:00+00:00 at Close price: 76253.84
2026-08-21 12:59:57,641 - INFO - Confluence Evaluation | Regime: TRENDING (ADX=25.2) | Direction: LONG | BullScore: 82.6% | BearScore: 17.4% | Active: ['ema', 'macd', 'rsi', 'vp']
2026-08-21 12:59:57,730 - INFO - Capping position size 0.281905 BTC to available cash equivalent 0.131141 BTC.
2026-08-21 12:59:57,759 - INFO - Created pending signal approval ID 177 for bot bot-1787210580556-def3 (LONG @ $76253.84, status: WAITING_APPROVAL)
2026-08-21 12:59:57,842 - INFO - [bot-1787210580556-def3] Signal LONG generated (ID: 177). Waiting for manual user approval.
2026-08-21 12:59:58,041 - INFO - Logged heartbeat status: OK
2026-08-21 12:59:58,042 - INFO - Job "LiveRunner.process_cycle (trigger: interval[0:05:00], next run at: 2026-08-21 13:04:56 IST)" executed successfully
2026-08-21 13:04:57,093 - INFO - Running job "LiveRunner.process_cycle (trigger: interval[0:05:00], next run at: 2026-08-21 13:09:56 IST)" (scheduled at 2026-08-21 13:04:56.985715+05:30)
2026-08-21 13:04:57,161 - INFO - [bot-1787210580556-def3] Starting signal check cycle for BTC/USDT (5m)...
2026-08-21 13:04:57,346 - INFO - Fetching recent candles for BTC/USDT (5m) [Bot: bot-1787210580556-def3] via ProviderManager...
2026-08-21 13:04:59,115 - INFO - Indicators computed | close=76384.61 ema_9=76095.95 ema_20=75798.67 ema_50=75335.04 ema_200=73773.08 macd=309.6626 poc=64275.0 val=64025.0 vah=71925.0
2026-08-21 13:04:59,118 - INFO - [bot-1787210580556-def3] Evaluating strategy on completed candle: 2026-08-21 07:25:00+00:00 at Close price: 76410.38
2026-08-21 13:04:59,466 - INFO - Confluence Evaluation | Regime: TRENDING (ADX=27.7) | Direction: LONG | BullScore: 82.6% | BearScore: 17.4% | Active: ['ema', 'macd', 'rsi', 'vp']
2026-08-21 13:04:59,619 - INFO - Capping position size 0.240376 BTC to available cash equivalent 0.130872 BTC.
2026-08-21 13:04:59,719 - INFO - [bot-1787210580556-def3] Signal LONG active pending approval already exists (ID: 177).
2026-08-21 13:05:00,033 - INFO - Logged heartbeat status: OK
2026-08-21 13:05:00,034 - INFO - Job "LiveRunner.process_cycle (trigger: interval[0:05:00], next run at: 2026-08-21 13:09:56 IST)" executed successfully
2026-08-21 13:09:57,003 - INFO - Running job "LiveRunner.process_cycle (trigger: interval[0:05:00], next run at: 2026-08-21 13:14:56 IST)" (scheduled at 2026-08-21 13:09:56.985715+05:30)
2026-08-21 13:09:57,017 - INFO - [bot-1787210580556-def3] Starting signal check cycle for BTC/USDT (5m)...
2026-08-21 13:09:57,041 - INFO - Fetching recent candles for BTC/USDT (5m) [Bot: bot-1787210580556-def3] via ProviderManager...
2026-08-21 13:09:57,630 - INFO - Indicators computed | close=76504.00 ema_9=76177.56 ema_20=75865.85 ema_50=75380.88 ema_200=73800.25 macd=327.2612 poc=64325.0 val=64025.0 vah=71925.0
2026-08-21 13:09:57,631 - INFO - [bot-1787210580556-def3] Evaluating strategy on completed candle: 2026-08-21 07:30:00+00:00 at Close price: 76384.61
2026-08-21 13:09:57,711 - INFO - Confluence Evaluation | Regime: TRENDING (ADX=33.2) | Direction: LONG | BullScore: 82.6% | BearScore: 17.4% | Active: ['ema', 'macd', 'rsi', 'vp']
2026-08-21 13:09:57,830 - INFO - Capping position size 0.337724 BTC to available cash equivalent 0.130916 BTC.
2026-08-21 13:09:57,841 - INFO - [bot-1787210580556-def3] Signal LONG active pending approval already exists (ID: 177).
2026-08-21 13:09:58,009 - INFO - Logged heartbeat status: OK
2026-08-21 13:09:58,010 - INFO - Job "LiveRunner.process_cycle (trigger: interval[0:05:00], next run at: 2026-08-21 13:14:56 IST)" executed successfully
2026-08-21 13:14:57,003 - INFO - Running job "LiveRunner.process_cycle (trigger: interval[0:05:00], next run at: 2026-08-21 13:19:56 IST)" (scheduled at 2026-08-21 13:14:56.985715+05:30)
2026-08-21 13:14:57,055 - INFO - [bot-1787210580556-def3] Starting signal check cycle for BTC/USDT (5m)...
2026-08-21 13:14:57,068 - INFO - Fetching recent candles for BTC/USDT (5m) [Bot: bot-1787210580556-def3] via ProviderManager...
2026-08-21 13:14:57,904 - INFO - Indicators computed | close=76619.09 ema_9=76268.99 ema_20=75939.27 ema_50=75430.17 ema_200=73828.49 macd=347.7036 poc=64325.0 val=64025.0 vah=71950.0
2026-08-21 13:14:57,909 - INFO - [bot-1787210580556-def3] Evaluating strategy on completed candle: 2026-08-21 07:35:00+00:00 at Close price: 76523.53
2026-08-21 13:14:58,030 - INFO - Confluence Evaluation | Regime: TRENDING (ADX=38.7) | Direction: LONG | BullScore: 82.6% | BearScore: 17.4% | Active: ['ema', 'macd', 'rsi', 'vp']
2026-08-21 13:14:58,079 - INFO - Capping position size 0.299549 BTC to available cash equivalent 0.130679 BTC.
2026-08-21 13:14:58,093 - INFO - [bot-1787210580556-def3] Signal LONG active pending approval already exists (ID: 177).
2026-08-21 13:14:58,388 - INFO - Logged heartbeat status: OK
2026-08-21 13:14:58,388 - INFO - Job "LiveRunner.process_cycle (trigger: interval[0:05:00], next run at: 2026-08-21 13:19:56 IST)" executed successfully
2026-08-21 13:19:57,043 - INFO - Running job "LiveRunner.process_cycle (trigger: interval[0:05:00], next run at: 2026-08-21 13:24:56 IST)" (scheduled at 2026-08-21 13:19:56.985715+05:30)
2026-08-21 13:19:57,054 - INFO - [bot-1787210580556-def3] Starting signal check cycle for BTC/USDT (5m)...
2026-08-21 13:19:57,101 - INFO - Fetching recent candles for BTC/USDT (5m) [Bot: bot-1787210580556-def3] via ProviderManager...
2026-08-21 13:20:07,161 - ERROR - Binance Spot Network Error: binance GET https://api.binance.com/api/v3/klines?interval=5m&limit=1000&symbol=BTCUSDT
--- Logging error ---
Traceback (most recent call last):
  File "/Users/ashishparadkar/Downloads/algo-code-main/.venv/lib/python3.9/site-packages/urllib3/connectionpool.py", line 534, in _make_request
    response = conn.getresponse()
  File "/Users/ashishparadkar/Downloads/algo-code-main/.venv/lib/python3.9/site-packages/urllib3/connection.py", line 571, in getresponse
    httplib_response = super().getresponse()
  File "/Library/Developer/CommandLineTools/Library/Frameworks/Python3.framework/Versions/3.9/lib/python3.9/http/client.py", line 1349, in getresponse
    response.begin()
  File "/Library/Developer/CommandLineTools/Library/Frameworks/Python3.framework/Versions/3.9/lib/python3.9/http/client.py", line 316, in begin
    version, status, reason = self._read_status()
  File "/Library/Developer/CommandLineTools/Library/Frameworks/Python3.framework/Versions/3.9/lib/python3.9/http/client.py", line 277, in _read_status
    line = str(self.fp.readline(_MAXLINE + 1), "iso-8859-1")
  File "/Library/Developer/CommandLineTools/Library/Frameworks/Python3.framework/Versions/3.9/lib/python3.9/socket.py", line 704, in readinto
    return self._sock.recv_into(b)
  File "/Library/Developer/CommandLineTools/Library/Frameworks/Python3.framework/Versions/3.9/lib/python3.9/ssl.py", line 1241, in recv_into
    return self.read(nbytes, buffer)
  File "/Library/Developer/CommandLineTools/Library/Frameworks/Python3.framework/Versions/3.9/lib/python3.9/ssl.py", line 1099, in read
    return self._sslobj.read(len, buffer)
socket.timeout: The read operation timed out

The above exception was the direct cause of the following exception:

Traceback (most recent call last):
  File "/Users/ashishparadkar/Downloads/algo-code-main/.venv/lib/python3.9/site-packages/requests/adapters.py", line 644, in send
    resp = conn.urlopen(
  File "/Users/ashishparadkar/Downloads/algo-code-main/.venv/lib/python3.9/site-packages/urllib3/connectionpool.py", line 841, in urlopen
    retries = retries.increment(
  File "/Users/ashishparadkar/Downloads/algo-code-main/.venv/lib/python3.9/site-packages/urllib3/util/retry.py", line 490, in increment
    raise reraise(type(error), error, _stacktrace)
  File "/Users/ashishparadkar/Downloads/algo-code-main/.venv/lib/python3.9/site-packages/urllib3/util/util.py", line 39, in reraise
    raise value
  File "/Users/ashishparadkar/Downloads/algo-code-main/.venv/lib/python3.9/site-packages/urllib3/connectionpool.py", line 787, in urlopen
    response = self._make_request(
  File "/Users/ashishparadkar/Downloads/algo-code-main/.venv/lib/python3.9/site-packages/urllib3/connectionpool.py", line 536, in _make_request
    self._raise_timeout(err=e, url=url, timeout_value=read_timeout)
  File "/Users/ashishparadkar/Downloads/algo-code-main/.venv/lib/python3.9/site-packages/urllib3/connectionpool.py", line 367, in _raise_timeout
    raise ReadTimeoutError(
urllib3.exceptions.ReadTimeoutError: HTTPSConnectionPool(host='api.binance.com', port=443): Read timed out. (read timeout=10.0)

During handling of the above exception, another exception occurred:

Traceback (most recent call last):
  File "/Users/ashishparadkar/Downloads/algo-code-main/.venv/lib/python3.9/site-packages/ccxt/base/exchange.py", line 665, in fetch
    response = self.session.request(
  File "/Users/ashishparadkar/Downloads/algo-code-main/.venv/lib/python3.9/site-packages/requests/sessions.py", line 589, in request
    resp = self.send(prep, **send_kwargs)
  File "/Users/ashishparadkar/Downloads/algo-code-main/.venv/lib/python3.9/site-packages/requests/sessions.py", line 703, in send
    r = adapter.send(request, **kwargs)
  File "/Users/ashishparadkar/Downloads/algo-code-main/.venv/lib/python3.9/site-packages/requests/adapters.py", line 690, in send
    raise ReadTimeout(e, request=request)
requests.exceptions.ReadTimeout: HTTPSConnectionPool(host='api.binance.com', port=443): Read timed out. (read timeout=10.0)

The above exception was the direct cause of the following exception:

Traceback (most recent call last):
  File "/Users/ashishparadkar/Downloads/algo-code-main/src/provider_manager.py", line 351, in fetch_ohlcv_safe
    df = adapter.fetch_ohlcv(instrument, timeframe, limit=limit)
  File "/Users/ashishparadkar/Downloads/algo-code-main/src/provider_manager.py", line 211, in fetch_ohlcv
    raise net_err
  File "/Users/ashishparadkar/Downloads/algo-code-main/src/provider_manager.py", line 183, in fetch_ohlcv
    raw_candles = self.exchange.fetch_ohlcv(
  File "/Users/ashishparadkar/Downloads/algo-code-main/.venv/lib/python3.9/site-packages/ccxt/binance.py", line 4759, in fetch_ohlcv
    response = self.publicGetKlines(self.extend(request, params))
  File "/Users/ashishparadkar/Downloads/algo-code-main/.venv/lib/python3.9/site-packages/ccxt/base/types.py", line 35, in unbound_method
    return _self.request(self.path, self.api, self.method, params, config=self.config)
  File "/Users/ashishparadkar/Downloads/algo-code-main/.venv/lib/python3.9/site-packages/ccxt/binance.py", line 11724, in request
    response = self.fetch2(path, api, method, params, headers, body, config)
  File "/Users/ashishparadkar/Downloads/algo-code-main/.venv/lib/python3.9/site-packages/ccxt/base/exchange.py", line 5566, in fetch2
    raise e
  File "/Users/ashishparadkar/Downloads/algo-code-main/.venv/lib/python3.9/site-packages/ccxt/base/exchange.py", line 5549, in fetch2
    response = self.fetch(request['url'], request['method'], request['headers'], request['body'])
  File "/Users/ashishparadkar/Downloads/algo-code-main/.venv/lib/python3.9/site-packages/ccxt/base/exchange.py", line 698, in fetch
    raise RequestTimeout(details) from e
ccxt.base.errors.RequestTimeout: binance GET https://api.binance.com/api/v3/klines?interval=5m&limit=1000&symbol=BTCUSDT

During handling of the above exception, another exception occurred:

Traceback (most recent call last):
  File "/Library/Developer/CommandLineTools/Library/Frameworks/Python3.framework/Versions/3.9/lib/python3.9/logging/__init__.py", line 1083, in emit
    msg = self.format(record)
  File "/Library/Developer/CommandLineTools/Library/Frameworks/Python3.framework/Versions/3.9/lib/python3.9/logging/__init__.py", line 927, in format
    return fmt.format(record)
  File "/Library/Developer/CommandLineTools/Library/Frameworks/Python3.framework/Versions/3.9/lib/python3.9/logging/__init__.py", line 663, in format
    record.message = record.getMessage()
  File "/Library/Developer/CommandLineTools/Library/Frameworks/Python3.framework/Versions/3.9/lib/python3.9/logging/__init__.py", line 367, in getMessage
    msg = msg % self.args
TypeError: must be real number, not RequestTimeout
Call stack:
  File "/Library/Developer/CommandLineTools/Library/Frameworks/Python3.framework/Versions/3.9/lib/python3.9/threading.py", line 930, in _bootstrap
    self._bootstrap_inner()
  File "/Library/Developer/CommandLineTools/Library/Frameworks/Python3.framework/Versions/3.9/lib/python3.9/threading.py", line 973, in _bootstrap_inner
    self.run()
  File "/Library/Developer/CommandLineTools/Library/Frameworks/Python3.framework/Versions/3.9/lib/python3.9/threading.py", line 910, in run
    self._target(*self._args, **self._kwargs)
  File "/Library/Developer/CommandLineTools/Library/Frameworks/Python3.framework/Versions/3.9/lib/python3.9/concurrent/futures/thread.py", line 77, in _worker
    work_item.run()
  File "/Library/Developer/CommandLineTools/Library/Frameworks/Python3.framework/Versions/3.9/lib/python3.9/concurrent/futures/thread.py", line 52, in run
    result = self.fn(*self.args, **self.kwargs)
  File "/Users/ashishparadkar/Downloads/algo-code-main/.venv/lib/python3.9/site-packages/apscheduler/executors/base.py", line 131, in run_job
    retval = job.func(*job.args, **job.kwargs)
  File "/Users/ashishparadkar/Downloads/algo-code-main/src/live_runner.py", line 199, in process_cycle
    df, _ = self.provider_manager.fetch_ohlcv_safe(self.symbol, self.timeframe, limit=1000)
  File "/Users/ashishparadkar/Downloads/algo-code-main/src/provider_manager.py", line 362, in fetch_ohlcv_safe
    logger.warning(
Message: 'Retryable network failure for %s (Attempt %d/%d). Backing off %.2fs: %s'
Arguments: ('BTC/USDT', 1, 3, RequestTimeout('binance GET https://api.binance.com/api/v3/klines?interval=5m&limit=1000&symbol=BTCUSDT'))
2026-08-21 13:20:09,101 - ERROR - Binance Spot Network Error: binance GET https://api.binance.com/api/v3/klines?interval=5m&limit=1000&symbol=BTCUSDT
--- Logging error ---
Traceback (most recent call last):
  File "/Users/ashishparadkar/Downloads/algo-code-main/.venv/lib/python3.9/site-packages/urllib3/connection.py", line 204, in _new_conn
    sock = connection.create_connection(
  File "/Users/ashishparadkar/Downloads/algo-code-main/.venv/lib/python3.9/site-packages/urllib3/util/connection.py", line 60, in create_connection
    for res in socket.getaddrinfo(host, port, family, socket.SOCK_STREAM):
  File "/Library/Developer/CommandLineTools/Library/Frameworks/Python3.framework/Versions/3.9/lib/python3.9/socket.py", line 953, in getaddrinfo
    for res in _socket.getaddrinfo(host, port, family, type, proto, flags):
socket.gaierror: [Errno 8] nodename nor servname provided, or not known

The above exception was the direct cause of the following exception:

Traceback (most recent call last):
  File "/Users/ashishparadkar/Downloads/algo-code-main/.venv/lib/python3.9/site-packages/urllib3/connectionpool.py", line 787, in urlopen
    response = self._make_request(
  File "/Users/ashishparadkar/Downloads/algo-code-main/.venv/lib/python3.9/site-packages/urllib3/connectionpool.py", line 488, in _make_request
    raise new_e
  File "/Users/ashishparadkar/Downloads/algo-code-main/.venv/lib/python3.9/site-packages/urllib3/connectionpool.py", line 464, in _make_request
    self._validate_conn(conn)
  File "/Users/ashishparadkar/Downloads/algo-code-main/.venv/lib/python3.9/site-packages/urllib3/connectionpool.py", line 1093, in _validate_conn
    conn.connect()
  File "/Users/ashishparadkar/Downloads/algo-code-main/.venv/lib/python3.9/site-packages/urllib3/connection.py", line 759, in connect
    self.sock = sock = self._new_conn()
  File "/Users/ashishparadkar/Downloads/algo-code-main/.venv/lib/python3.9/site-packages/urllib3/connection.py", line 211, in _new_conn
    raise NameResolutionError(self.host, self, e) from e
urllib3.exceptions.NameResolutionError: HTTPSConnection(host='api.binance.com', port=443): Failed to resolve 'api.binance.com' ([Errno 8] nodename nor servname provided, or not known)

The above exception was the direct cause of the following exception:

Traceback (most recent call last):
  File "/Users/ashishparadkar/Downloads/algo-code-main/.venv/lib/python3.9/site-packages/requests/adapters.py", line 644, in send
    resp = conn.urlopen(
  File "/Users/ashishparadkar/Downloads/algo-code-main/.venv/lib/python3.9/site-packages/urllib3/connectionpool.py", line 841, in urlopen
    retries = retries.increment(
  File "/Users/ashishparadkar/Downloads/algo-code-main/.venv/lib/python3.9/site-packages/urllib3/util/retry.py", line 535, in increment
    raise MaxRetryError(_pool, url, reason) from reason  # type: ignore[arg-type]
urllib3.exceptions.MaxRetryError: HTTPSConnectionPool(host='api.binance.com', port=443): Max retries exceeded with url: /api/v3/klines?interval=5m&limit=1000&symbol=BTCUSDT (Caused by NameResolutionError("HTTPSConnection(host='api.binance.com', port=443): Failed to resolve 'api.binance.com' ([Errno 8] nodename nor servname provided, or not known)"))

During handling of the above exception, another exception occurred:

Traceback (most recent call last):
  File "/Users/ashishparadkar/Downloads/algo-code-main/.venv/lib/python3.9/site-packages/ccxt/base/exchange.py", line 665, in fetch
    response = self.session.request(
  File "/Users/ashishparadkar/Downloads/algo-code-main/.venv/lib/python3.9/site-packages/requests/sessions.py", line 589, in request
    resp = self.send(prep, **send_kwargs)
  File "/Users/ashishparadkar/Downloads/algo-code-main/.venv/lib/python3.9/site-packages/requests/sessions.py", line 703, in send
    r = adapter.send(request, **kwargs)
  File "/Users/ashishparadkar/Downloads/algo-code-main/.venv/lib/python3.9/site-packages/requests/adapters.py", line 677, in send
    raise ConnectionError(e, request=request)
requests.exceptions.ConnectionError: HTTPSConnectionPool(host='api.binance.com', port=443): Max retries exceeded with url: /api/v3/klines?interval=5m&limit=1000&symbol=BTCUSDT (Caused by NameResolutionError("HTTPSConnection(host='api.binance.com', port=443): Failed to resolve 'api.binance.com' ([Errno 8] nodename nor servname provided, or not known)"))

The above exception was the direct cause of the following exception:

Traceback (most recent call last):
  File "/Users/ashishparadkar/Downloads/algo-code-main/src/provider_manager.py", line 351, in fetch_ohlcv_safe
    df = adapter.fetch_ohlcv(instrument, timeframe, limit=limit)
  File "/Users/ashishparadkar/Downloads/algo-code-main/src/provider_manager.py", line 211, in fetch_ohlcv
    raise net_err
  File "/Users/ashishparadkar/Downloads/algo-code-main/src/provider_manager.py", line 183, in fetch_ohlcv
    raw_candles = self.exchange.fetch_ohlcv(
  File "/Users/ashishparadkar/Downloads/algo-code-main/.venv/lib/python3.9/site-packages/ccxt/binance.py", line 4759, in fetch_ohlcv
    response = self.publicGetKlines(self.extend(request, params))
  File "/Users/ashishparadkar/Downloads/algo-code-main/.venv/lib/python3.9/site-packages/ccxt/base/types.py", line 35, in unbound_method
    return _self.request(self.path, self.api, self.method, params, config=self.config)
  File "/Users/ashishparadkar/Downloads/algo-code-main/.venv/lib/python3.9/site-packages/ccxt/binance.py", line 11724, in request
    response = self.fetch2(path, api, method, params, headers, body, config)
  File "/Users/ashishparadkar/Downloads/algo-code-main/.venv/lib/python3.9/site-packages/ccxt/base/exchange.py", line 5566, in fetch2
    raise e
  File "/Users/ashishparadkar/Downloads/algo-code-main/.venv/lib/python3.9/site-packages/ccxt/base/exchange.py", line 5549, in fetch2
    response = self.fetch(request['url'], request['method'], request['headers'], request['body'])
  File "/Users/ashishparadkar/Downloads/algo-code-main/.venv/lib/python3.9/site-packages/ccxt/base/exchange.py", line 721, in fetch
    raise NetworkError(details) from e
ccxt.base.errors.NetworkError: binance GET https://api.binance.com/api/v3/klines?interval=5m&limit=1000&symbol=BTCUSDT

During handling of the above exception, another exception occurred:

Traceback (most recent call last):
  File "/Library/Developer/CommandLineTools/Library/Frameworks/Python3.framework/Versions/3.9/lib/python3.9/logging/__init__.py", line 1083, in emit
    msg = self.format(record)
  File "/Library/Developer/CommandLineTools/Library/Frameworks/Python3.framework/Versions/3.9/lib/python3.9/logging/__init__.py", line 927, in format
    return fmt.format(record)
  File "/Library/Developer/CommandLineTools/Library/Frameworks/Python3.framework/Versions/3.9/lib/python3.9/logging/__init__.py", line 663, in format
    record.message = record.getMessage()
  File "/Library/Developer/CommandLineTools/Library/Frameworks/Python3.framework/Versions/3.9/lib/python3.9/logging/__init__.py", line 367, in getMessage
    msg = msg % self.args
TypeError: must be real number, not NetworkError
Call stack:
  File "/Library/Developer/CommandLineTools/Library/Frameworks/Python3.framework/Versions/3.9/lib/python3.9/threading.py", line 930, in _bootstrap
    self._bootstrap_inner()
  File "/Library/Developer/CommandLineTools/Library/Frameworks/Python3.framework/Versions/3.9/lib/python3.9/threading.py", line 973, in _bootstrap_inner
    self.run()
  File "/Library/Developer/CommandLineTools/Library/Frameworks/Python3.framework/Versions/3.9/lib/python3.9/threading.py", line 910, in run
    self._target(*self._args, **self._kwargs)
  File "/Library/Developer/CommandLineTools/Library/Frameworks/Python3.framework/Versions/3.9/lib/python3.9/concurrent/futures/thread.py", line 77, in _worker
    work_item.run()
  File "/Library/Developer/CommandLineTools/Library/Frameworks/Python3.framework/Versions/3.9/lib/python3.9/concurrent/futures/thread.py", line 52, in run
    result = self.fn(*self.args, **self.kwargs)
  File "/Users/ashishparadkar/Downloads/algo-code-main/.venv/lib/python3.9/site-packages/apscheduler/executors/base.py", line 131, in run_job
    retval = job.func(*job.args, **job.kwargs)
  File "/Users/ashishparadkar/Downloads/algo-code-main/src/live_runner.py", line 199, in process_cycle
    df, _ = self.provider_manager.fetch_ohlcv_safe(self.symbol, self.timeframe, limit=1000)
  File "/Users/ashishparadkar/Downloads/algo-code-main/src/provider_manager.py", line 362, in fetch_ohlcv_safe
    logger.warning(
Message: 'Retryable network failure for %s (Attempt %d/%d). Backing off %.2fs: %s'
Arguments: ('BTC/USDT', 2, 3, NetworkError('binance GET https://api.binance.com/api/v3/klines?interval=5m&limit=1000&symbol=BTCUSDT'))
2026-08-21 13:20:11,461 - ERROR - Binance Spot Network Error: binance GET https://api.binance.com/api/v3/klines?interval=5m&limit=1000&symbol=BTCUSDT
2026-08-21 13:20:11,464 - ERROR - System Error in runner execution cycle: binance GET https://api.binance.com/api/v3/klines?interval=5m&limit=1000&symbol=BTCUSDT
Traceback (most recent call last):
  File "/Users/ashishparadkar/Downloads/algo-code-main/.venv/lib/python3.9/site-packages/urllib3/connection.py", line 204, in _new_conn
    sock = connection.create_connection(
  File "/Users/ashishparadkar/Downloads/algo-code-main/.venv/lib/python3.9/site-packages/urllib3/util/connection.py", line 60, in create_connection
    for res in socket.getaddrinfo(host, port, family, socket.SOCK_STREAM):
  File "/Library/Developer/CommandLineTools/Library/Frameworks/Python3.framework/Versions/3.9/lib/python3.9/socket.py", line 953, in getaddrinfo
    for res in _socket.getaddrinfo(host, port, family, type, proto, flags):
socket.gaierror: [Errno 8] nodename nor servname provided, or not known

The above exception was the direct cause of the following exception:

Traceback (most recent call last):
  File "/Users/ashishparadkar/Downloads/algo-code-main/.venv/lib/python3.9/site-packages/urllib3/connectionpool.py", line 787, in urlopen
    response = self._make_request(
  File "/Users/ashishparadkar/Downloads/algo-code-main/.venv/lib/python3.9/site-packages/urllib3/connectionpool.py", line 488, in _make_request
    raise new_e
  File "/Users/ashishparadkar/Downloads/algo-code-main/.venv/lib/python3.9/site-packages/urllib3/connectionpool.py", line 464, in _make_request
    self._validate_conn(conn)
  File "/Users/ashishparadkar/Downloads/algo-code-main/.venv/lib/python3.9/site-packages/urllib3/connectionpool.py", line 1093, in _validate_conn
    conn.connect()
  File "/Users/ashishparadkar/Downloads/algo-code-main/.venv/lib/python3.9/site-packages/urllib3/connection.py", line 759, in connect
    self.sock = sock = self._new_conn()
  File "/Users/ashishparadkar/Downloads/algo-code-main/.venv/lib/python3.9/site-packages/urllib3/connection.py", line 211, in _new_conn
    raise NameResolutionError(self.host, self, e) from e
urllib3.exceptions.NameResolutionError: HTTPSConnection(host='api.binance.com', port=443): Failed to resolve 'api.binance.com' ([Errno 8] nodename nor servname provided, or not known)

The above exception was the direct cause of the following exception:

Traceback (most recent call last):
  File "/Users/ashishparadkar/Downloads/algo-code-main/.venv/lib/python3.9/site-packages/requests/adapters.py", line 644, in send
    resp = conn.urlopen(
  File "/Users/ashishparadkar/Downloads/algo-code-main/.venv/lib/python3.9/site-packages/urllib3/connectionpool.py", line 841, in urlopen
    retries = retries.increment(
  File "/Users/ashishparadkar/Downloads/algo-code-main/.venv/lib/python3.9/site-packages/urllib3/util/retry.py", line 535, in increment
    raise MaxRetryError(_pool, url, reason) from reason  # type: ignore[arg-type]
urllib3.exceptions.MaxRetryError: HTTPSConnectionPool(host='api.binance.com', port=443): Max retries exceeded with url: /api/v3/klines?interval=5m&limit=1000&symbol=BTCUSDT (Caused by NameResolutionError("HTTPSConnection(host='api.binance.com', port=443): Failed to resolve 'api.binance.com' ([Errno 8] nodename nor servname provided, or not known)"))

During handling of the above exception, another exception occurred:

Traceback (most recent call last):
  File "/Users/ashishparadkar/Downloads/algo-code-main/.venv/lib/python3.9/site-packages/ccxt/base/exchange.py", line 665, in fetch
    response = self.session.request(
  File "/Users/ashishparadkar/Downloads/algo-code-main/.venv/lib/python3.9/site-packages/requests/sessions.py", line 589, in request
    resp = self.send(prep, **send_kwargs)
  File "/Users/ashishparadkar/Downloads/algo-code-main/.venv/lib/python3.9/site-packages/requests/sessions.py", line 703, in send
    r = adapter.send(request, **kwargs)
  File "/Users/ashishparadkar/Downloads/algo-code-main/.venv/lib/python3.9/site-packages/requests/adapters.py", line 677, in send
    raise ConnectionError(e, request=request)
requests.exceptions.ConnectionError: HTTPSConnectionPool(host='api.binance.com', port=443): Max retries exceeded with url: /api/v3/klines?interval=5m&limit=1000&symbol=BTCUSDT (Caused by NameResolutionError("HTTPSConnection(host='api.binance.com', port=443): Failed to resolve 'api.binance.com' ([Errno 8] nodename nor servname provided, or not known)"))

The above exception was the direct cause of the following exception:

Traceback (most recent call last):
  File "/Users/ashishparadkar/Downloads/algo-code-main/src/live_runner.py", line 199, in process_cycle
    df, _ = self.provider_manager.fetch_ohlcv_safe(self.symbol, self.timeframe, limit=1000)
  File "/Users/ashishparadkar/Downloads/algo-code-main/src/provider_manager.py", line 359, in fetch_ohlcv_safe
    raise retryable_err
  File "/Users/ashishparadkar/Downloads/algo-code-main/src/provider_manager.py", line 351, in fetch_ohlcv_safe
    df = adapter.fetch_ohlcv(instrument, timeframe, limit=limit)
  File "/Users/ashishparadkar/Downloads/algo-code-main/src/provider_manager.py", line 211, in fetch_ohlcv
    raise net_err
  File "/Users/ashishparadkar/Downloads/algo-code-main/src/provider_manager.py", line 183, in fetch_ohlcv
    raw_candles = self.exchange.fetch_ohlcv(
  File "/Users/ashishparadkar/Downloads/algo-code-main/.venv/lib/python3.9/site-packages/ccxt/binance.py", line 4759, in fetch_ohlcv
    response = self.publicGetKlines(self.extend(request, params))
  File "/Users/ashishparadkar/Downloads/algo-code-main/.venv/lib/python3.9/site-packages/ccxt/base/types.py", line 35, in unbound_method
    return _self.request(self.path, self.api, self.method, params, config=self.config)
  File "/Users/ashishparadkar/Downloads/algo-code-main/.venv/lib/python3.9/site-packages/ccxt/binance.py", line 11724, in request
    response = self.fetch2(path, api, method, params, headers, body, config)
  File "/Users/ashishparadkar/Downloads/algo-code-main/.venv/lib/python3.9/site-packages/ccxt/base/exchange.py", line 5566, in fetch2
    raise e
  File "/Users/ashishparadkar/Downloads/algo-code-main/.venv/lib/python3.9/site-packages/ccxt/base/exchange.py", line 5549, in fetch2
    response = self.fetch(request['url'], request['method'], request['headers'], request['body'])
  File "/Users/ashishparadkar/Downloads/algo-code-main/.venv/lib/python3.9/site-packages/ccxt/base/exchange.py", line 721, in fetch
    raise NetworkError(details) from e
ccxt.base.errors.NetworkError: binance GET https://api.binance.com/api/v3/klines?interval=5m&limit=1000&symbol=BTCUSDT
2026-08-21 13:20:11,507 - WARNING - [bot-1787210580556-def3] Marked bot as non-retryable configuration error to prevent infinite error storm.
2026-08-21 13:20:11,602 - WARNING - Telegram alert [GENERAL] failed (Connection Error: HTTPSConnectionPool(host='api.telegram.org', port=443): Max retries exceeded with url: /bot8865086302:AAHhh3VL9czoQRSnw8Hf9iyDEwGJnqQTtqc/sendMessage (Caused by NameResolutionError("HTTPSConnection(host='api.telegram.org', port=443): Failed to resolve 'api.telegram.org' ([Errno 8] nodename nor servname provided, or not known)"))). Re-queueing retry 1/3 in 1.0s
2026-08-21 13:20:11,775 - INFO - Logged heartbeat status: ERROR
2026-08-21 13:20:11,775 - INFO - Job "LiveRunner.process_cycle (trigger: interval[0:05:00], next run at: 2026-08-21 13:24:56 IST)" executed successfully
2026-08-21 13:20:12,613 - WARNING - Telegram alert [GENERAL] failed (Connection Error: HTTPSConnectionPool(host='api.telegram.org', port=443): Max retries exceeded with url: /bot8865086302:AAHhh3VL9czoQRSnw8Hf9iyDEwGJnqQTtqc/sendMessage (Caused by NameResolutionError("HTTPSConnection(host='api.telegram.org', port=443): Failed to resolve 'api.telegram.org' ([Errno 8] nodename nor servname provided, or not known)"))). Re-queueing retry 2/3 in 2.0s
2026-08-21 13:20:13,618 - WARNING - Telegram alert [GENERAL] failed (Connection Error: HTTPSConnectionPool(host='api.telegram.org', port=443): Max retries exceeded with url: /bot8865086302:AAHhh3VL9czoQRSnw8Hf9iyDEwGJnqQTtqc/sendMessage (Caused by NameResolutionError("HTTPSConnection(host='api.telegram.org', port=443): Failed to resolve 'api.telegram.org' ([Errno 8] nodename nor servname provided, or not known)"))). Re-queueing retry 3/3 in 4.0s
2026-08-21 13:20:14,624 - ERROR - Telegram alert [GENERAL] failed permanently after 3 retries: Connection Error: HTTPSConnectionPool(host='api.telegram.org', port=443): Max retries exceeded with url: /bot8865086302:AAHhh3VL9czoQRSnw8Hf9iyDEwGJnqQTtqc/sendMessage (Caused by NameResolutionError("HTTPSConnection(host='api.telegram.org', port=443): Failed to resolve 'api.telegram.org' ([Errno 8] nodename nor servname provided, or not known)"))
2026-08-21 13:24:57,009 - INFO - Running job "LiveRunner.process_cycle (trigger: interval[0:05:00], next run at: 2026-08-21 13:29:56 IST)" (scheduled at 2026-08-21 13:24:56.985715+05:30)
2026-08-21 13:24:57,016 - ERROR - [bot-1787210580556-def3] Halting runner cycle: Bot is configured with unexecutable instrument 'BTC/USDT'. Error: Fatal Non-Retryable Error: binance GET https://api.binance.com/api/v3/klines?interval=5m&limit=1000&symbol=BTCUSDT
2026-08-21 13:24:57,097 - INFO - Job "LiveRunner.process_cycle (trigger: interval[0:05:00], next run at: 2026-08-21 13:29:56 IST)" executed successfully
2026-08-21 13:29:57,000 - INFO - Running job "LiveRunner.process_cycle (trigger: interval[0:05:00], next run at: 2026-08-21 13:34:56 IST)" (scheduled at 2026-08-21 13:29:56.985715+05:30)
2026-08-21 13:29:57,000 - ERROR - [bot-1787210580556-def3] Halting runner cycle: Bot is configured with unexecutable instrument 'BTC/USDT'. Error: Fatal Non-Retryable Error: binance GET https://api.binance.com/api/v3/klines?interval=5m&limit=1000&symbol=BTCUSDT
2026-08-21 13:29:57,114 - INFO - Job "LiveRunner.process_cycle (trigger: interval[0:05:00], next run at: 2026-08-21 13:34:56 IST)" executed successfully
2026-08-21 13:34:57,042 - INFO - Running job "LiveRunner.process_cycle (trigger: interval[0:05:00], next run at: 2026-08-21 13:39:56 IST)" (scheduled at 2026-08-21 13:34:56.985715+05:30)
2026-08-21 13:34:57,060 - ERROR - [bot-1787210580556-def3] Halting runner cycle: Bot is configured with unexecutable instrument 'BTC/USDT'. Error: Fatal Non-Retryable Error: binance GET https://api.binance.com/api/v3/klines?interval=5m&limit=1000&symbol=BTCUSDT
2026-08-21 13:34:57,117 - INFO - Job "LiveRunner.process_cycle (trigger: interval[0:05:00], next run at: 2026-08-21 13:39:56 IST)" executed successfully
/Users/ashishparadkar/Downloads/algo-code-main/.venv/lib/python3.9/site-packages/urllib3/__init__.py:35: NotOpenSSLWarning: urllib3 v2 only supports OpenSSL 1.1.1+, currently the 'ssl' module is compiled with 'LibreSSL 2.8.3'. See: https://github.com/urllib3/urllib3/issues/3020
  warnings.warn(
2026-08-21 14:50:33,006 - INFO - Bot state startup reconciliation finished: 0 bot(s) reconciled to STOPPED.
2026-08-21 14:50:33,281 - INFO - Telegram notification service initialized successfully (Chat ID: 5657...)
2026-08-21 14:50:33,306 - INFO - Initializing scheduled trading bot live runner for bot-1787210580556-def3...
2026-08-21 14:50:33,616 - INFO - SQLite database tables verified/created.
2026-08-21 14:50:33,923 - INFO - Initializing CCXT Binance in TESTNET mode.
2026-08-21 14:50:48,563 - INFO - [bot-1787210580556-def3] Pre-flight instrument resolved: BTC/USDT (SPOT via binance_spot)
2026-08-21 14:50:49,117 - INFO - [bot-1787210580556-def3] Starting signal check cycle for BTC/USDT (5m)...
2026-08-21 14:50:49,255 - INFO - Fetching recent candles for BTC/USDT (5m) [Bot: bot-1787210580556-def3] via ProviderManager...
/Users/ashishparadkar/Downloads/algo-code-main/.venv/lib/python3.9/site-packages/urllib3/__init__.py:35: NotOpenSSLWarning: urllib3 v2 only supports OpenSSL 1.1.1+, currently the 'ssl' module is compiled with 'LibreSSL 2.8.3'. See: https://github.com/urllib3/urllib3/issues/3020
  warnings.warn(
2026-08-21 15:30:02,557 - INFO - Bot state startup reconciliation finished: 0 bot(s) reconciled to STOPPED.
2026-08-21 15:30:02,644 - INFO - Telegram notification service initialized successfully (Chat ID: 5657...)
2026-08-21 15:30:02,653 - INFO - Initializing scheduled trading bot live runner for bot-1787210580556-def3...
2026-08-21 15:30:02,912 - INFO - SQLite database tables verified/created.
2026-08-21 15:30:03,114 - INFO - Initializing CCXT Binance in TESTNET mode.
2026-08-21 15:30:14,813 - INFO - [bot-1787210580556-def3] Pre-flight instrument resolved: BTC/USDT (SPOT via binance_spot)
2026-08-21 15:30:14,933 - INFO - [bot-1787210580556-def3] Starting signal check cycle for BTC/USDT (5m)...
2026-08-21 15:30:14,944 - INFO - Fetching recent candles for BTC/USDT (5m) [Bot: bot-1787210580556-def3] via ProviderManager...
2026-08-21 15:31:20,998 - INFO - Indicators computed | close=77844.83 ema_9=77950.72 ema_20=77742.89 ema_50=76970.68 ema_200=74752.40 macd=332.3246 poc=64250.0 val=64025.0 vah=72475.0
2026-08-21 15:31:21,021 - INFO - [bot-1787210580556-def3] Evaluating strategy on completed candle: 2026-08-21 09:55:00+00:00 at Close price: 77910.71
2026-08-21 15:31:24,406 - INFO - Confluence Evaluation | Regime: TRENDING (ADX=33.1) | Direction: HOLD | BullScore: 32.6% | BearScore: 34.8% | Active: ['ema', 'macd', 'rsi', 'vp']
2026-08-21 15:31:25,668 - INFO - Signal evaluated: HOLD. Reason/Details: Confluence score: 35% (HOLD)
2026-08-21 15:31:26,781 - INFO - Logged heartbeat status: OK
2026-08-21 15:31:26,815 - INFO - Adding job tentatively -- it will be properly scheduled when the scheduler starts
2026-08-21 15:31:26,816 - INFO - Bot bot-1787210580556-def3 scheduled to check every 5 minutes.
2026-08-21 15:31:26,824 - INFO - Added job "LiveRunner.process_cycle" to job store "default"
2026-08-21 15:31:26,825 - INFO - Scheduler started
/Users/ashishparadkar/Downloads/algo-code-main/.venv/lib/python3.9/site-packages/urllib3/__init__.py:35: NotOpenSSLWarning: urllib3 v2 only supports OpenSSL 1.1.1+, currently the 'ssl' module is compiled with 'LibreSSL 2.8.3'. See: https://github.com/urllib3/urllib3/issues/3020
  warnings.warn(
2026-08-21 18:13:10,279 - INFO - Bot state startup reconciliation finished: 0 bot(s) reconciled to STOPPED.
2026-08-21 18:13:10,697 - INFO - Telegram notification service initialized successfully (Chat ID: 5657...)
2026-08-21 18:13:10,742 - INFO - Initializing scheduled trading bot live runner for bot-1787210580556-def3...
2026-08-21 18:13:10,789 - INFO - SQLite database tables verified/created.
2026-08-21 18:13:11,290 - INFO - Initializing CCXT Binance in TESTNET mode.
2026-08-21 18:13:25,528 - INFO - [bot-1787210580556-def3] Pre-flight instrument resolved: BTC/USDT (SPOT via binance_spot)
2026-08-21 18:13:25,573 - INFO - [bot-1787210580556-def3] Starting signal check cycle for BTC/USDT (5m)...
2026-08-21 18:13:25,589 - INFO - Fetching recent candles for BTC/USDT (5m) [Bot: bot-1787210580556-def3] via ProviderManager...
2026-08-21 18:14:39,371 - INFO - Indicators computed | close=77434.71 ema_9=76998.44 ema_20=77077.61 ema_50=77129.39 ema_200=75448.50 macd=-134.2950 poc=64250.0 val=64025.0 vah=72775.0
2026-08-21 18:14:39,995 - INFO - [bot-1787210580556-def3] Evaluating strategy on completed candle: 2026-08-21 12:35:00+00:00 at Close price: 77230.98
2026-08-21 18:14:42,416 - INFO - Confluence Evaluation | Regime: TRENDING (ADX=60.3) | Direction: HOLD | BullScore: 32.6% | BearScore: 34.8% | Active: ['ema', 'macd', 'rsi', 'vp']
2026-08-21 18:14:43,310 - INFO - Signal evaluated: HOLD. Reason/Details: Confluence score: 35% (HOLD)
2026-08-21 18:14:47,274 - INFO - Logged heartbeat status: OK
2026-08-21 18:14:49,359 - INFO - Adding job tentatively -- it will be properly scheduled when the scheduler starts
2026-08-21 18:14:49,359 - INFO - Bot bot-1787210580556-def3 scheduled to check every 5 minutes.
2026-08-21 18:14:49,923 - INFO - Added job "LiveRunner.process_cycle" to job store "default"
2026-08-21 18:14:49,923 - INFO - Scheduler started
/Users/ashishparadkar/Downloads/algo-code-main/.venv/lib/python3.9/site-packages/urllib3/__init__.py:35: NotOpenSSLWarning: urllib3 v2 only supports OpenSSL 1.1.1+, currently the 'ssl' module is compiled with 'LibreSSL 2.8.3'. See: https://github.com/urllib3/urllib3/issues/3020
  warnings.warn(
2026-08-21 20:26:40,549 - INFO - Bot state startup reconciliation finished: 0 bot(s) reconciled to STOPPED.
2026-08-21 20:26:40,937 - INFO - Telegram notification service initialized successfully (Chat ID: 5657...)
2026-08-21 20:26:41,109 - INFO - Initializing scheduled trading bot live runner for bot-1787210580556-def3...
2026-08-21 20:26:41,243 - INFO - SQLite database tables verified/created.
2026-08-21 20:26:41,331 - INFO - Initializing CCXT Binance in TESTNET mode.
2026-08-21 20:26:58,528 - INFO - [bot-1787210580556-def3] Pre-flight instrument resolved: BTC/USDT (SPOT via binance_spot)
2026-08-21 20:26:58,630 - INFO - [bot-1787210580556-def3] Starting signal check cycle for BTC/USDT (5m)...
2026-08-21 20:26:58,957 - INFO - Fetching recent candles for BTC/USDT (5m) [Bot: bot-1787210580556-def3] via ProviderManager...
2026-08-21 20:28:23,666 - INFO - Indicators computed | close=77364.95 ema_9=77172.13 ema_20=77113.73 ema_50=77112.46 ema_200=75840.40 macd=30.8718 poc=64250.0 val=64025.0 vah=73700.0
2026-08-21 20:28:24,880 - INFO - [bot-1787210580556-def3] Evaluating strategy on completed candle: 2026-08-21 14:50:00+00:00 at Close price: 77307.08
2026-08-21 20:28:27,809 - INFO - Confluence Evaluation | Regime: RANGING (ADX=13.6) | Direction: HOLD | BullScore: 34.8% | BearScore: 65.2% | Active: ['ema', 'macd', 'rsi', 'vp']
2026-08-21 20:28:27,905 - INFO - Signal evaluated: HOLD. Reason/Details: Confluence score: 65% (HOLD)
2026-08-21 20:28:30,108 - INFO - Logged heartbeat status: OK
2026-08-21 20:28:32,605 - INFO - Adding job tentatively -- it will be properly scheduled when the scheduler starts
2026-08-21 20:28:32,613 - INFO - Bot bot-1787210580556-def3 scheduled to check every 5 minutes.
2026-08-21 20:28:32,664 - INFO - Added job "LiveRunner.process_cycle" to job store "default"
2026-08-21 20:28:32,665 - INFO - Scheduler started
/Users/ashishparadkar/Downloads/algo-code-main/.venv/lib/python3.9/site-packages/urllib3/__init__.py:35: NotOpenSSLWarning: urllib3 v2 only supports OpenSSL 1.1.1+, currently the 'ssl' module is compiled with 'LibreSSL 2.8.3'. See: https://github.com/urllib3/urllib3/issues/3020
  warnings.warn(
2026-08-21 21:32:19,200 - INFO - Bot state startup reconciliation finished: 0 bot(s) reconciled to STOPPED.
2026-08-21 21:32:19,931 - INFO - Telegram notification service initialized successfully (Chat ID: 5657...)
2026-08-21 21:32:19,950 - INFO - Initializing scheduled trading bot live runner for bot-1787210580556-def3...
2026-08-21 21:32:20,667 - INFO - SQLite database tables verified/created.
2026-08-21 21:32:21,030 - INFO - Initializing CCXT Binance in TESTNET mode.
2026-08-21 21:32:48,937 - INFO - [bot-1787210580556-def3] Pre-flight instrument resolved: BTC/USDT (SPOT via binance_spot)
2026-08-21 21:32:48,983 - INFO - [bot-1787210580556-def3] Starting signal check cycle for BTC/USDT (5m)...
2026-08-21 21:32:49,002 - INFO - Fetching recent candles for BTC/USDT (5m) [Bot: bot-1787210580556-def3] via ProviderManager...
2026-08-21 21:36:33,275 - INFO - Indicators computed | close=77068.01 ema_9=77292.63 ema_20=77321.40 ema_50=77251.77 ema_200=76052.09 macd=11.5466 poc=64250.0 val=64025.0 vah=74275.0
2026-08-21 21:36:34,780 - INFO - [bot-1787210580556-def3] Evaluating strategy on completed candle: 2026-08-21 16:00:00+00:00 at Close price: 77088.00
2026-08-21 21:36:41,379 - INFO - Confluence Evaluation | Regime: TRENDING (ADX=29.5) | Direction: HOLD | BullScore: 0.0% | BearScore: 34.8% | Active: ['ema', 'macd', 'rsi', 'vp']
2026-08-21 21:36:44,292 - INFO - Signal evaluated: HOLD. Reason/Details: Confluence score: 35% (HOLD)
2026-08-21 21:36:48,007 - INFO - Logged heartbeat status: OK
2026-08-21 21:36:55,057 - INFO - Adding job tentatively -- it will be properly scheduled when the scheduler starts
2026-08-21 21:36:55,062 - INFO - Bot bot-1787210580556-def3 scheduled to check every 5 minutes.
2026-08-21 21:36:55,093 - INFO - Added job "LiveRunner.process_cycle" to job store "default"
2026-08-21 21:36:55,094 - INFO - Scheduler started
2026-08-21 21:42:06,378 - WARNING - Run time of job "LiveRunner.process_cycle (trigger: interval[0:05:00], next run at: 2026-08-21 21:46:54 IST)" was missed by 0:00:10.959081
2026-08-21 21:46:57,117 - WARNING - Run time of job "LiveRunner.process_cycle (trigger: interval[0:05:00], next run at: 2026-08-21 21:51:54 IST)" was missed by 0:00:01.417394
2026-08-21 21:51:58,049 - WARNING - Run time of job "LiveRunner.process_cycle (trigger: interval[0:05:00], next run at: 2026-08-21 21:56:54 IST)" was missed by 0:00:02.274551
2026-08-21 21:56:57,393 - WARNING - Run time of job "LiveRunner.process_cycle (trigger: interval[0:05:00], next run at: 2026-08-21 22:01:54 IST)" was missed by 0:00:01.932936
2026-08-21 22:01:55,430 - INFO - Running job "LiveRunner.process_cycle (trigger: interval[0:05:00], next run at: 2026-08-21 22:06:54 IST)" (scheduled at 2026-08-21 22:01:54.983209+05:30)
2026-08-21 22:02:01,093 - INFO - [bot-1787210580556-def3] Starting signal check cycle for BTC/USDT (5m)...
2026-08-21 22:02:03,399 - INFO - Fetching recent candles for BTC/USDT (5m) [Bot: bot-1787210580556-def3] via ProviderManager...
2026-08-21 22:02:48,180 - INFO - Indicators computed | close=77309.99 ema_9=77234.02 ema_20=77263.68 ema_50=77234.82 ema_200=76105.62 macd=-15.9243 poc=69350.0 val=64025.0 vah=74450.0
2026-08-21 22:02:48,537 - INFO - [bot-1787210580556-def3] Evaluating strategy on completed candle: 2026-08-21 16:25:00+00:00 at Close price: 77383.87
2026-08-21 22:02:50,798 - INFO - Confluence Evaluation | Regime: TRENDING (ADX=39.1) | Direction: HOLD | BullScore: 32.6% | BearScore: 67.4% | Active: ['ema', 'macd', 'rsi', 'vp']
2026-08-21 22:02:51,728 - INFO - Signal evaluated: HOLD. Reason/Details: Confluence score: 67% (HOLD)
2026-08-21 22:02:52,949 - INFO - Logged heartbeat status: OK
2026-08-21 22:02:52,979 - INFO - Job "LiveRunner.process_cycle (trigger: interval[0:05:00], next run at: 2026-08-21 22:06:54 IST)" executed successfully
2026-08-21 22:06:56,264 - WARNING - Run time of job "LiveRunner.process_cycle (trigger: interval[0:05:00], next run at: 2026-08-21 22:06:54 IST)" was missed by 0:00:01.277790
2026-08-21 22:11:55,018 - INFO - Running job "LiveRunner.process_cycle (trigger: interval[0:05:00], next run at: 2026-08-21 22:16:54 IST)" (scheduled at 2026-08-21 22:11:54.983209+05:30)
2026-08-21 22:11:55,146 - INFO - [bot-1787210580556-def3] Starting signal check cycle for BTC/USDT (5m)...
2026-08-21 22:11:55,268 - INFO - Fetching recent candles for BTC/USDT (5m) [Bot: bot-1787210580556-def3] via ProviderManager...
2026-08-21 22:11:56,685 - INFO - Indicators computed | close=77327.99 ema_9=77269.58 ema_20=77276.53 ema_50=77242.56 ema_200=76129.98 macd=-1.6161 poc=69350.0 val=64025.0 vah=74475.0
2026-08-21 22:11:56,693 - INFO - [bot-1787210580556-def3] Evaluating strategy on completed candle: 2026-08-21 16:35:00+00:00 at Close price: 77316.28
2026-08-21 22:11:56,800 - INFO - Confluence Evaluation | Regime: TRENDING (ADX=39.7) | Direction: HOLD | BullScore: 32.6% | BearScore: 67.4% | Active: ['ema', 'macd', 'rsi', 'vp']
2026-08-21 22:11:56,916 - INFO - Signal evaluated: HOLD. Reason/Details: Confluence score: 67% (HOLD)
2026-08-21 22:11:57,144 - INFO - Logged heartbeat status: OK
2026-08-21 22:11:57,145 - INFO - Job "LiveRunner.process_cycle (trigger: interval[0:05:00], next run at: 2026-08-21 22:16:54 IST)" executed successfully
2026-08-21 22:16:55,013 - INFO - Running job "LiveRunner.process_cycle (trigger: interval[0:05:00], next run at: 2026-08-21 22:21:54 IST)" (scheduled at 2026-08-21 22:16:54.983209+05:30)
2026-08-21 22:16:55,028 - INFO - [bot-1787210580556-def3] Starting signal check cycle for BTC/USDT (5m)...
2026-08-21 22:16:55,084 - INFO - Fetching recent candles for BTC/USDT (5m) [Bot: bot-1787210580556-def3] via ProviderManager...
2026-08-21 22:16:55,634 - INFO - Indicators computed | close=77425.25 ema_9=77306.16 ema_20=77293.63 ema_50=77251.01 ema_200=76143.21 macd=12.8582 poc=69350.0 val=64025.0 vah=74500.0
2026-08-21 22:16:55,636 - INFO - [bot-1787210580556-def3] Evaluating strategy on completed candle: 2026-08-21 16:40:00+00:00 at Close price: 77362.04
2026-08-21 22:16:55,730 - INFO - Confluence Evaluation | Regime: TRENDING (ADX=40.2) | Direction: HOLD | BullScore: 32.6% | BearScore: 34.8% | Active: ['ema', 'macd', 'rsi', 'vp']
2026-08-21 22:16:55,828 - INFO - Signal evaluated: HOLD. Reason/Details: Confluence score: 35% (HOLD)
2026-08-21 22:16:56,043 - INFO - Logged heartbeat status: OK
2026-08-21 22:16:56,043 - INFO - Job "LiveRunner.process_cycle (trigger: interval[0:05:00], next run at: 2026-08-21 22:21:54 IST)" executed successfully
2026-08-21 22:21:55,050 - INFO - Running job "LiveRunner.process_cycle (trigger: interval[0:05:00], next run at: 2026-08-21 22:26:54 IST)" (scheduled at 2026-08-21 22:21:54.983209+05:30)
2026-08-21 22:21:55,102 - INFO - [bot-1787210580556-def3] Starting signal check cycle for BTC/USDT (5m)...
2026-08-21 22:21:55,154 - INFO - Fetching recent candles for BTC/USDT (5m) [Bot: bot-1787210580556-def3] via ProviderManager...
2026-08-21 22:21:56,031 - INFO - Indicators computed | close=77520.28 ema_9=77365.77 ema_20=77324.26 ema_50=77265.52 ema_200=76157.94 macd=35.9679 poc=69350.0 val=64025.0 vah=74525.0
2026-08-21 22:21:56,032 - INFO - [bot-1787210580556-def3] Evaluating strategy on completed candle: 2026-08-21 16:45:00+00:00 at Close price: 77530.19
2026-08-21 22:21:56,157 - INFO - LONG signal blocked | Location blocked (Close 77530.19 outside Value Area [62744.50 - 76015.50], VAL=64025.00, VAH=74525.00) | context={'close': 77530.19, 'ema_9': 77327.14786556269, 'ema_20': 77303.62543003306, 'ema_50': 77255.12450110391, 'ema_200': 76144.25262187838, 'macd_line': 21.229475276821177, 'macd_signal': 6.32280964717363, 'macd_hist': 14.906665629647547, 'poc': np.float64(69350.0), 'val': np.float64(64025.0), 'vah': np.float64(74525.0)}
2026-08-21 22:21:56,198 - INFO - Confluence Evaluation | Regime: TRENDING (ADX=39.6) | Direction: HOLD | BullScore: 65.2% | BearScore: 34.8% | Active: ['ema', 'macd', 'rsi', 'vp']
2026-08-21 22:21:56,299 - INFO - Signal evaluated: HOLD. Reason/Details: LONG setup blocked: Location blocked (Close 77530.19 outside Value Area [62744.50 - 76015.50], VAL=64025.00, VAH=74525.00)
2026-08-21 22:21:56,644 - INFO - Logged heartbeat status: OK
2026-08-21 22:21:56,644 - INFO - Job "LiveRunner.process_cycle (trigger: interval[0:05:00], next run at: 2026-08-21 22:26:54 IST)" executed successfully
2026-08-21 22:26:55,029 - INFO - Running job "LiveRunner.process_cycle (trigger: interval[0:05:00], next run at: 2026-08-21 22:31:54 IST)" (scheduled at 2026-08-21 22:26:54.983209+05:30)
2026-08-21 22:26:55,073 - INFO - [bot-1787210580556-def3] Starting signal check cycle for BTC/USDT (5m)...
2026-08-21 22:26:55,121 - INFO - Fetching recent candles for BTC/USDT (5m) [Bot: bot-1787210580556-def3] via ProviderManager...
2026-08-21 22:26:55,638 - INFO - Indicators computed | close=77501.15 ema_9=77384.80 ema_20=77336.77 ema_50=77272.87 ema_200=76170.81 macd=42.4823 poc=69350.0 val=64025.0 vah=74550.0
2026-08-21 22:26:55,640 - INFO - [bot-1787210580556-def3] Evaluating strategy on completed candle: 2026-08-21 16:50:00+00:00 at Close price: 77470.00
2026-08-21 22:26:55,728 - INFO - Confluence Evaluation | Regime: TRENDING (ADX=39.0) | Direction: HOLD | BullScore: 65.2% | BearScore: 34.8% | Active: ['ema', 'macd', 'rsi', 'vp']
2026-08-21 22:26:55,821 - INFO - Signal evaluated: HOLD. Reason/Details: Confluence score: 65% (HOLD)
2026-08-21 22:26:56,063 - INFO - Logged heartbeat status: OK
2026-08-21 22:26:56,063 - INFO - Job "LiveRunner.process_cycle (trigger: interval[0:05:00], next run at: 2026-08-21 22:31:54 IST)" executed successfully
2026-08-21 22:31:55,145 - INFO - Running job "LiveRunner.process_cycle (trigger: interval[0:05:00], next run at: 2026-08-21 22:36:54 IST)" (scheduled at 2026-08-21 22:31:54.983209+05:30)
2026-08-21 22:31:55,375 - INFO - [bot-1787210580556-def3] Starting signal check cycle for BTC/USDT (5m)...
2026-08-21 22:31:55,459 - INFO - Fetching recent candles for BTC/USDT (5m) [Bot: bot-1787210580556-def3] via ProviderManager...
2026-08-21 22:31:56,466 - INFO - Indicators computed | close=77511.34 ema_9=77407.69 ema_20=77352.09 ema_50=77281.65 ema_200=76184.00 macd=50.1250 poc=69350.0 val=64025.0 vah=74550.0
2026-08-21 22:31:56,511 - INFO - [bot-1787210580556-def3] Evaluating strategy on completed candle: 2026-08-21 16:55:00+00:00 at Close price: 77486.01
2026-08-21 22:31:56,834 - INFO - Confluence Evaluation | Regime: TRENDING (ADX=37.1) | Direction: LONG | BullScore: 82.6% | BearScore: 17.4% | Active: ['ema', 'macd', 'rsi', 'vp']
2026-08-21 22:31:56,883 - INFO - Capping position size 0.618009 BTC to available cash equivalent 0.129056 BTC.
2026-08-21 22:31:57,027 - INFO - Created pending signal approval ID 247 for bot bot-1787210580556-def3 (LONG @ $77486.01, status: WAITING_APPROVAL)
2026-08-21 22:31:57,344 - INFO - [bot-1787210580556-def3] Signal LONG generated (ID: 247). Waiting for manual user approval.
2026-08-21 22:31:57,745 - INFO - Logged heartbeat status: OK
2026-08-21 22:31:57,746 - INFO - Job "LiveRunner.process_cycle (trigger: interval[0:05:00], next run at: 2026-08-21 22:36:54 IST)" executed successfully
2026-08-21 22:36:55,079 - INFO - Running job "LiveRunner.process_cycle (trigger: interval[0:05:00], next run at: 2026-08-21 22:41:54 IST)" (scheduled at 2026-08-21 22:36:54.983209+05:30)
2026-08-21 22:36:55,100 - INFO - [bot-1787210580556-def3] Starting signal check cycle for BTC/USDT (5m)...
2026-08-21 22:36:55,147 - INFO - Fetching recent candles for BTC/USDT (5m) [Bot: bot-1787210580556-def3] via ProviderManager...
2026-08-21 22:36:55,596 - INFO - Indicators computed | close=77599.99 ema_9=77447.86 ema_20=77376.62 ema_50=77294.54 ema_200=76198.20 macd=64.2162 poc=69350.0 val=64025.0 vah=74575.0
2026-08-21 22:36:55,598 - INFO - [bot-1787210580556-def3] Evaluating strategy on completed candle: 2026-08-21 17:00:00+00:00 at Close price: 77522.00
2026-08-21 22:36:55,676 - INFO - Confluence Evaluation | Regime: TRENDING (ADX=34.7) | Direction: LONG | BullScore: 82.6% | BearScore: 17.4% | Active: ['ema', 'macd', 'rsi', 'vp']
2026-08-21 22:36:55,767 - INFO - Capping position size 0.614874 BTC to available cash equivalent 0.128996 BTC.
2026-08-21 22:36:55,773 - INFO - [bot-1787210580556-def3] Signal LONG active pending approval already exists (ID: 247).
2026-08-21 22:36:55,988 - INFO - Logged heartbeat status: OK
2026-08-21 22:36:55,988 - INFO - Job "LiveRunner.process_cycle (trigger: interval[0:05:00], next run at: 2026-08-21 22:41:54 IST)" executed successfully
2026-08-21 22:41:55,059 - INFO - Running job "LiveRunner.process_cycle (trigger: interval[0:05:00], next run at: 2026-08-21 22:46:54 IST)" (scheduled at 2026-08-21 22:41:54.983209+05:30)
2026-08-21 22:41:55,114 - INFO - [bot-1787210580556-def3] Starting signal check cycle for BTC/USDT (5m)...
2026-08-21 22:41:55,160 - INFO - Fetching recent candles for BTC/USDT (5m) [Bot: bot-1787210580556-def3] via ProviderManager...
2026-08-21 22:41:55,725 - INFO - Indicators computed | close=77636.00 ema_9=77488.26 ema_20=77402.82 ema_50=77308.58 ema_200=76212.68 macd=77.8013 poc=69350.0 val=64025.0 vah=74575.0
2026-08-21 22:41:55,726 - INFO - [bot-1787210580556-def3] Evaluating strategy on completed candle: 2026-08-21 17:05:00+00:00 at Close price: 77617.37
2026-08-21 22:41:55,800 - INFO - Confluence Evaluation | Regime: TRENDING (ADX=35.6) | Direction: LONG | BullScore: 82.6% | BearScore: 17.4% | Active: ['ema', 'macd', 'rsi', 'vp']
2026-08-21 22:41:55,875 - INFO - Capping position size 0.530941 BTC to available cash equivalent 0.128837 BTC.
2026-08-21 22:41:56,117 - INFO - [bot-1787210580556-def3] Signal LONG active pending approval already exists (ID: 247).
2026-08-21 22:41:56,376 - INFO - Logged heartbeat status: OK
2026-08-21 22:41:56,376 - INFO - Job "LiveRunner.process_cycle (trigger: interval[0:05:00], next run at: 2026-08-21 22:46:54 IST)" executed successfully
/Users/ashishparadkar/Downloads/algo-code-main/.venv/lib/python3.9/site-packages/urllib3/__init__.py:35: NotOpenSSLWarning: urllib3 v2 only supports OpenSSL 1.1.1+, currently the 'ssl' module is compiled with 'LibreSSL 2.8.3'. See: https://github.com/urllib3/urllib3/issues/3020
  warnings.warn(
2026-08-21 22:44:31,314 - INFO - Bot state startup reconciliation finished: 0 bot(s) reconciled to STOPPED.
2026-08-21 22:44:31,872 - INFO - Telegram notification service initialized successfully (Chat ID: 5657...)
2026-08-21 22:44:31,882 - INFO - Initializing scheduled trading bot live runner for bot-1787210580556-def3...
2026-08-21 22:44:32,177 - INFO - SQLite database tables verified/created.
2026-08-21 22:44:32,625 - INFO - Initializing CCXT Binance in TESTNET mode.
2026-08-21 22:44:53,170 - INFO - [bot-1787210580556-def3] Pre-flight instrument resolved: BTC/USDT (SPOT via binance_spot)
2026-08-21 22:44:53,691 - INFO - [bot-1787210580556-def3] Starting signal check cycle for BTC/USDT (5m)...
2026-08-21 22:44:53,774 - INFO - Fetching recent candles for BTC/USDT (5m) [Bot: bot-1787210580556-def3] via ProviderManager...
