/Users/ashishparadkar/Downloads/algo-code-main/.venv/lib/python3.9/site-packages/urllib3/__init__.py:35: NotOpenSSLWarning: urllib3 v2 only supports OpenSSL 1.1.1+, currently the 'ssl' module is compiled with 'LibreSSL 2.8.3'. See: https://github.com/urllib3/urllib3/issues/3020
  warnings.warn(
2026-08-20 13:26:03,319 - INFO - Bot state startup reconciliation finished: 0 bot(s) reconciled to STOPPED.
2026-08-20 13:26:03,518 - INFO - Telegram notification service initialized successfully (Chat ID: 5657...)
2026-08-20 13:26:03,528 - INFO - Initializing scheduled trading bot live runner for bot-1787212199635-eab7...
2026-08-20 13:26:04,036 - INFO - SQLite database tables verified/created.
2026-08-20 13:26:04,521 - INFO - Initializing CCXT Binance in TESTNET mode.
/Users/ashishparadkar/Downloads/algo-code-main/.venv/lib/python3.9/site-packages/urllib3/__init__.py:35: NotOpenSSLWarning: urllib3 v2 only supports OpenSSL 1.1.1+, currently the 'ssl' module is compiled with 'LibreSSL 2.8.3'. See: https://github.com/urllib3/urllib3/issues/3020
  warnings.warn(
2026-08-20 22:17:21,321 - INFO - Bot state startup reconciliation finished: 0 bot(s) reconciled to STOPPED.
2026-08-20 22:17:21,942 - INFO - Telegram notification service initialized successfully (Chat ID: 5657...)
2026-08-20 22:17:22,107 - INFO - Initializing scheduled trading bot live runner for bot-1787212199635-eab7...
2026-08-20 22:17:22,594 - INFO - SQLite database tables verified/created.
2026-08-20 22:17:23,073 - INFO - Initializing CCXT Binance in TESTNET mode.
2026-08-20 22:17:57,058 - INFO - [bot-1787212199635-eab7] Pre-flight instrument resolved: BTC/USDT (SPOT via binance_spot)
2026-08-20 22:17:57,119 - INFO - [bot-1787212199635-eab7] Starting signal check cycle for BTC/USDT (5m)...
2026-08-20 22:17:57,136 - INFO - Fetching recent candles for BTC/USDT (5m) [Bot: bot-1787212199635-eab7] via ProviderManager...
2026-08-20 22:19:13,281 - INFO - Indicators computed | close=72535.51 ema_9=72451.22 ema_20=72332.89 ema_50=72094.58 ema_200=70831.05 macd=144.4969 poc=64325.0 val=63300.0 vah=69600.0
2026-08-20 22:19:13,301 - INFO - [bot-1787212199635-eab7] Evaluating strategy on completed candle: 2026-08-20 16:40:00+00:00 at Close price: 72630.89
2026-08-20 22:19:13,933 - INFO - Confluence Evaluation | Regime: TRENDING (ADX=34.9) | Direction: LONG | BullScore: 100.0% | BearScore: 0.0% | Active: ['ema_9', 'ema_20', 'rsi', 'vwap', 'supertrend', 'atr']
2026-08-20 22:19:14,671 - INFO - Capping position size 0.474631 BTC to available cash equivalent 0.137682 BTC.
2026-08-20 22:19:15,268 - INFO - Created pending signal approval ID 41 for bot bot-1787212199635-eab7 (LONG @ $72630.89, status: WAITING_APPROVAL)
2026-08-20 22:19:15,490 - INFO - [bot-1787212199635-eab7] Signal LONG generated (ID: 41). Waiting for manual user approval.
2026-08-20 22:19:16,706 - INFO - Logged heartbeat status: OK
2026-08-20 22:19:17,450 - INFO - Adding job tentatively -- it will be properly scheduled when the scheduler starts
2026-08-20 22:19:17,450 - INFO - Bot bot-1787212199635-eab7 scheduled to check every 5 minutes.
2026-08-20 22:19:17,460 - INFO - Added job "LiveRunner.process_cycle" to job store "default"
2026-08-20 22:19:17,460 - INFO - Scheduler started
2026-08-20 22:24:17,731 - INFO - Running job "LiveRunner.process_cycle (trigger: interval[0:05:00], next run at: 2026-08-20 22:24:17 IST)" (scheduled at 2026-08-20 22:24:17.449307+05:30)
2026-08-20 22:24:17,835 - INFO - [bot-1787212199635-eab7] Starting signal check cycle for BTC/USDT (5m)...
2026-08-20 22:24:17,910 - INFO - Fetching recent candles for BTC/USDT (5m) [Bot: bot-1787212199635-eab7] via ProviderManager...
2026-08-20 22:24:18,946 - INFO - Indicators computed | close=72642.51 ema_9=72494.68 ema_20=72365.18 ema_50=72117.29 ema_200=70849.39 macd=153.5927 poc=64325.0 val=63300.0 vah=69600.0
2026-08-20 22:24:18,952 - INFO - [bot-1787212199635-eab7] Evaluating strategy on completed candle: 2026-08-20 16:45:00+00:00 at Close price: 72568.00
2026-08-20 22:24:19,029 - INFO - Confluence Evaluation | Regime: TRENDING (ADX=34.0) | Direction: HOLD | BullScore: 55.9% | BearScore: 44.1% | Active: ['ema_9', 'ema_20', 'rsi', 'vwap', 'supertrend', 'atr']
2026-08-20 22:24:19,134 - INFO - Signal evaluated: HOLD. Reason/Details: Confluence score: 56% (HOLD)
2026-08-20 22:24:19,345 - INFO - Logged heartbeat status: OK
2026-08-20 22:24:19,350 - INFO - Job "LiveRunner.process_cycle (trigger: interval[0:05:00], next run at: 2026-08-20 22:29:17 IST)" executed successfully
2026-08-20 22:29:17,473 - INFO - Running job "LiveRunner.process_cycle (trigger: interval[0:05:00], next run at: 2026-08-20 22:34:17 IST)" (scheduled at 2026-08-20 22:29:17.449307+05:30)
2026-08-20 22:29:17,490 - INFO - [bot-1787212199635-eab7] Starting signal check cycle for BTC/USDT (5m)...
2026-08-20 22:29:17,547 - INFO - Fetching recent candles for BTC/USDT (5m) [Bot: bot-1787212199635-eab7] via ProviderManager...
2026-08-20 22:29:18,318 - INFO - Indicators computed | close=72811.99 ema_9=72559.34 ema_20=72408.38 ema_50=72144.81 ema_200=70869.00 macd=170.9185 poc=64325.0 val=63300.0 vah=69625.0
2026-08-20 22:29:18,319 - INFO - [bot-1787212199635-eab7] Evaluating strategy on completed candle: 2026-08-20 16:50:00+00:00 at Close price: 72649.99
2026-08-20 22:29:18,383 - INFO - Confluence Evaluation | Regime: TRENDING (ADX=33.2) | Direction: LONG | BullScore: 100.0% | BearScore: 0.0% | Active: ['ema_9', 'ema_20', 'rsi', 'vwap', 'supertrend', 'atr']
2026-08-20 22:29:18,502 - INFO - Capping position size 0.456340 BTC to available cash equivalent 0.137646 BTC.
2026-08-20 22:29:18,515 - INFO - [bot-1787212199635-eab7] Signal LONG active pending approval already exists (ID: 41).
2026-08-20 22:29:18,753 - INFO - Logged heartbeat status: OK
2026-08-20 22:29:18,753 - INFO - Job "LiveRunner.process_cycle (trigger: interval[0:05:00], next run at: 2026-08-20 22:34:17 IST)" executed successfully
2026-08-20 22:34:17,506 - INFO - Running job "LiveRunner.process_cycle (trigger: interval[0:05:00], next run at: 2026-08-20 22:39:17 IST)" (scheduled at 2026-08-20 22:34:17.449307+05:30)
2026-08-20 22:34:17,549 - INFO - [bot-1787212199635-eab7] Starting signal check cycle for BTC/USDT (5m)...
2026-08-20 22:34:17,596 - INFO - Fetching recent candles for BTC/USDT (5m) [Bot: bot-1787212199635-eab7] via ProviderManager...
2026-08-20 22:34:18,106 - INFO - Indicators computed | close=72798.00 ema_9=72611.09 ema_20=72447.65 ema_50=72171.38 ema_200=70888.44 macd=182.5112 poc=64325.0 val=63300.0 vah=69625.0
2026-08-20 22:34:18,107 - INFO - [bot-1787212199635-eab7] Evaluating strategy on completed candle: 2026-08-20 16:55:00+00:00 at Close price: 72837.15
2026-08-20 22:34:18,177 - INFO - Confluence Evaluation | Regime: TRENDING (ADX=33.1) | Direction: LONG | BullScore: 100.0% | BearScore: 0.0% | Active: ['ema_9', 'ema_20', 'rsi', 'vwap', 'supertrend', 'atr']
2026-08-20 22:34:18,303 - INFO - Capping position size 0.328165 BTC to available cash equivalent 0.137293 BTC.
2026-08-20 22:34:18,356 - INFO - [bot-1787212199635-eab7] Signal LONG active pending approval already exists (ID: 41).
2026-08-20 22:34:18,565 - INFO - Logged heartbeat status: OK
2026-08-20 22:34:18,566 - INFO - Job "LiveRunner.process_cycle (trigger: interval[0:05:00], next run at: 2026-08-20 22:39:17 IST)" executed successfully
2026-08-20 22:39:17,494 - INFO - Running job "LiveRunner.process_cycle (trigger: interval[0:05:00], next run at: 2026-08-20 22:44:17 IST)" (scheduled at 2026-08-20 22:39:17.449307+05:30)
2026-08-20 22:39:17,502 - INFO - [bot-1787212199635-eab7] Starting signal check cycle for BTC/USDT (5m)...
2026-08-20 22:39:17,540 - INFO - Fetching recent candles for BTC/USDT (5m) [Bot: bot-1787212199635-eab7] via ProviderManager...
2026-08-20 22:39:17,955 - INFO - Indicators computed | close=72722.00 ema_9=72628.17 ema_20=72471.03 ema_50=72191.77 ema_200=70906.37 macd=179.9146 poc=64325.0 val=63300.0 vah=69625.0
2026-08-20 22:39:17,956 - INFO - [bot-1787212199635-eab7] Evaluating strategy on completed candle: 2026-08-20 17:00:00+00:00 at Close price: 72766.11
2026-08-20 22:39:18,016 - INFO - Confluence Evaluation | Regime: TRENDING (ADX=31.9) | Direction: HOLD | BullScore: 55.9% | BearScore: 44.1% | Active: ['ema_9', 'ema_20', 'rsi', 'vwap', 'supertrend', 'atr']
2026-08-20 22:39:18,123 - INFO - Signal evaluated: HOLD. Reason/Details: Confluence score: 56% (HOLD)
2026-08-20 22:39:18,319 - INFO - Logged heartbeat status: OK
2026-08-20 22:39:18,320 - INFO - Job "LiveRunner.process_cycle (trigger: interval[0:05:00], next run at: 2026-08-20 22:44:17 IST)" executed successfully
2026-08-20 22:44:17,464 - INFO - Running job "LiveRunner.process_cycle (trigger: interval[0:05:00], next run at: 2026-08-20 22:49:17 IST)" (scheduled at 2026-08-20 22:44:17.449307+05:30)
2026-08-20 22:44:17,472 - INFO - [bot-1787212199635-eab7] Starting signal check cycle for BTC/USDT (5m)...
2026-08-20 22:44:17,490 - INFO - Fetching recent candles for BTC/USDT (5m) [Bot: bot-1787212199635-eab7] via ProviderManager...
2026-08-20 22:44:18,177 - INFO - Indicators computed | close=72704.00 ema_9=72634.06 ema_20=72488.22 ema_50=72209.67 ema_200=70923.68 macd=172.8149 poc=64325.0 val=63300.0 vah=69625.0
2026-08-20 22:44:18,179 - INFO - [bot-1787212199635-eab7] Evaluating strategy on completed candle: 2026-08-20 17:05:00+00:00 at Close price: 72664.00
2026-08-20 22:44:18,265 - INFO - Confluence Evaluation | Regime: TRENDING (ADX=29.5) | Direction: HOLD | BullScore: 55.9% | BearScore: 44.1% | Active: ['ema_9', 'ema_20', 'rsi', 'vwap', 'supertrend', 'atr']
2026-08-20 22:44:18,385 - INFO - Signal evaluated: HOLD. Reason/Details: Confluence score: 56% (HOLD)
2026-08-20 22:44:18,604 - INFO - Logged heartbeat status: OK
2026-08-20 22:44:18,605 - INFO - Job "LiveRunner.process_cycle (trigger: interval[0:05:00], next run at: 2026-08-20 22:49:17 IST)" executed successfully
2026-08-20 22:49:17,463 - INFO - Running job "LiveRunner.process_cycle (trigger: interval[0:05:00], next run at: 2026-08-20 22:54:17 IST)" (scheduled at 2026-08-20 22:49:17.449307+05:30)
2026-08-20 22:49:17,474 - INFO - [bot-1787212199635-eab7] Starting signal check cycle for BTC/USDT (5m)...
2026-08-20 22:49:17,496 - INFO - Fetching recent candles for BTC/USDT (5m) [Bot: bot-1787212199635-eab7] via ProviderManager...
2026-08-20 22:49:18,929 - INFO - Indicators computed | close=72656.00 ema_9=72636.53 ema_20=72503.17 ema_50=72226.72 ema_200=70940.80 macd=164.3399 poc=64325.0 val=63300.0 vah=69625.0
2026-08-20 22:49:18,932 - INFO - [bot-1787212199635-eab7] Evaluating strategy on completed candle: 2026-08-20 17:10:00+00:00 at Close price: 72692.00
2026-08-20 22:49:18,990 - INFO - Confluence Evaluation | Regime: TRENDING (ADX=28.2) | Direction: LONG | BullScore: 100.0% | BearScore: 0.0% | Active: ['ema_9', 'ema_20', 'rsi', 'vwap', 'supertrend', 'atr']
2026-08-20 22:49:19,100 - INFO - Capping position size 0.870246 BTC to available cash equivalent 0.137567 BTC.
2026-08-20 22:49:19,201 - INFO - Created pending signal approval ID 69 for bot bot-1787212199635-eab7 (LONG @ $72692.00, status: WAITING_APPROVAL)
2026-08-20 22:49:19,285 - INFO - [bot-1787212199635-eab7] Signal LONG generated (ID: 69). Waiting for manual user approval.
2026-08-20 22:49:19,459 - INFO - Logged heartbeat status: OK
2026-08-20 22:49:19,460 - INFO - Job "LiveRunner.process_cycle (trigger: interval[0:05:00], next run at: 2026-08-20 22:54:17 IST)" executed successfully
2026-08-21 00:19:16,534 - WARNING - Run time of job "LiveRunner.process_cycle (trigger: interval[0:05:00], next run at: 2026-08-21 00:19:17 IST)" was missed by 0:04:59.076655
2026-08-21 00:19:17,453 - INFO - Running job "LiveRunner.process_cycle (trigger: interval[0:05:00], next run at: 2026-08-21 00:24:17 IST)" (scheduled at 2026-08-21 00:19:17.449307+05:30)
2026-08-21 00:19:17,529 - INFO - [bot-1787212199635-eab7] Starting signal check cycle for BTC/USDT (5m)...
2026-08-21 00:19:17,595 - INFO - Fetching recent candles for BTC/USDT (5m) [Bot: bot-1787212199635-eab7] via ProviderManager...
2026-08-21 00:19:27,714 - ERROR - Binance Spot Network Error: binance GET https://api.binance.com/api/v3/klines?interval=5m&limit=1000&symbol=BTCUSDT
--- Logging error ---
Traceback (most recent call last):
  File "/Users/ashishparadkar/Downloads/algo-code-main/.venv/lib/python3.9/site-packages/urllib3/connectionpool.py", line 534, in _make_request
    response = conn.getresponse()
  File "/Users/ashishparadkar/Downloads/algo-code-main/.venv/lib/python3.9/site-packages/urllib3/connection.py", line 571, in getresponse
    httplib_response = super().getresponse()
  File "/Library/Developer/CommandLineTools/Library/Frameworks/Python3.framework/Versions/3.9/lib/python3.9/http/client.py", line 1349, in getresponse
    response.begin()
  File "/Library/Developer/CommandLineTools/Library/Frameworks/Python3.framework/Versions/3.9/lib/python3.9/http/client.py", line 316, in begin
    version, status, reason = self._read_status()
  File "/Library/Developer/CommandLineTools/Library/Frameworks/Python3.framework/Versions/3.9/lib/python3.9/http/client.py", line 277, in _read_status
    line = str(self.fp.readline(_MAXLINE + 1), "iso-8859-1")
  File "/Library/Developer/CommandLineTools/Library/Frameworks/Python3.framework/Versions/3.9/lib/python3.9/socket.py", line 704, in readinto
    return self._sock.recv_into(b)
  File "/Library/Developer/CommandLineTools/Library/Frameworks/Python3.framework/Versions/3.9/lib/python3.9/ssl.py", line 1241, in recv_into
    return self.read(nbytes, buffer)
  File "/Library/Developer/CommandLineTools/Library/Frameworks/Python3.framework/Versions/3.9/lib/python3.9/ssl.py", line 1099, in read
    return self._sslobj.read(len, buffer)
socket.timeout: The read operation timed out

The above exception was the direct cause of the following exception:

Traceback (most recent call last):
  File "/Users/ashishparadkar/Downloads/algo-code-main/.venv/lib/python3.9/site-packages/requests/adapters.py", line 644, in send
    resp = conn.urlopen(
  File "/Users/ashishparadkar/Downloads/algo-code-main/.venv/lib/python3.9/site-packages/urllib3/connectionpool.py", line 841, in urlopen
    retries = retries.increment(
  File "/Users/ashishparadkar/Downloads/algo-code-main/.venv/lib/python3.9/site-packages/urllib3/util/retry.py", line 490, in increment
    raise reraise(type(error), error, _stacktrace)
  File "/Users/ashishparadkar/Downloads/algo-code-main/.venv/lib/python3.9/site-packages/urllib3/util/util.py", line 39, in reraise
    raise value
  File "/Users/ashishparadkar/Downloads/algo-code-main/.venv/lib/python3.9/site-packages/urllib3/connectionpool.py", line 787, in urlopen
    response = self._make_request(
  File "/Users/ashishparadkar/Downloads/algo-code-main/.venv/lib/python3.9/site-packages/urllib3/connectionpool.py", line 536, in _make_request
    self._raise_timeout(err=e, url=url, timeout_value=read_timeout)
  File "/Users/ashishparadkar/Downloads/algo-code-main/.venv/lib/python3.9/site-packages/urllib3/connectionpool.py", line 367, in _raise_timeout
    raise ReadTimeoutError(
urllib3.exceptions.ReadTimeoutError: HTTPSConnectionPool(host='api.binance.com', port=443): Read timed out. (read timeout=10.0)

During handling of the above exception, another exception occurred:

Traceback (most recent call last):
  File "/Users/ashishparadkar/Downloads/algo-code-main/.venv/lib/python3.9/site-packages/ccxt/base/exchange.py", line 665, in fetch
    response = self.session.request(
  File "/Users/ashishparadkar/Downloads/algo-code-main/.venv/lib/python3.9/site-packages/requests/sessions.py", line 589, in request
    resp = self.send(prep, **send_kwargs)
  File "/Users/ashishparadkar/Downloads/algo-code-main/.venv/lib/python3.9/site-packages/requests/sessions.py", line 703, in send
    r = adapter.send(request, **kwargs)
  File "/Users/ashishparadkar/Downloads/algo-code-main/.venv/lib/python3.9/site-packages/requests/adapters.py", line 690, in send
    raise ReadTimeout(e, request=request)
requests.exceptions.ReadTimeout: HTTPSConnectionPool(host='api.binance.com', port=443): Read timed out. (read timeout=10.0)

The above exception was the direct cause of the following exception:

Traceback (most recent call last):
  File "/Users/ashishparadkar/Downloads/algo-code-main/src/provider_manager.py", line 351, in fetch_ohlcv_safe
    df = adapter.fetch_ohlcv(instrument, timeframe, limit=limit)
  File "/Users/ashishparadkar/Downloads/algo-code-main/src/provider_manager.py", line 211, in fetch_ohlcv
    raise net_err
  File "/Users/ashishparadkar/Downloads/algo-code-main/src/provider_manager.py", line 183, in fetch_ohlcv
    raw_candles = self.exchange.fetch_ohlcv(
  File "/Users/ashishparadkar/Downloads/algo-code-main/.venv/lib/python3.9/site-packages/ccxt/binance.py", line 4759, in fetch_ohlcv
    response = self.publicGetKlines(self.extend(request, params))
  File "/Users/ashishparadkar/Downloads/algo-code-main/.venv/lib/python3.9/site-packages/ccxt/base/types.py", line 35, in unbound_method
    return _self.request(self.path, self.api, self.method, params, config=self.config)
  File "/Users/ashishparadkar/Downloads/algo-code-main/.venv/lib/python3.9/site-packages/ccxt/binance.py", line 11724, in request
    response = self.fetch2(path, api, method, params, headers, body, config)
  File "/Users/ashishparadkar/Downloads/algo-code-main/.venv/lib/python3.9/site-packages/ccxt/base/exchange.py", line 5566, in fetch2
    raise e
  File "/Users/ashishparadkar/Downloads/algo-code-main/.venv/lib/python3.9/site-packages/ccxt/base/exchange.py", line 5549, in fetch2
    response = self.fetch(request['url'], request['method'], request['headers'], request['body'])
  File "/Users/ashishparadkar/Downloads/algo-code-main/.venv/lib/python3.9/site-packages/ccxt/base/exchange.py", line 698, in fetch
    raise RequestTimeout(details) from e
ccxt.base.errors.RequestTimeout: binance GET https://api.binance.com/api/v3/klines?interval=5m&limit=1000&symbol=BTCUSDT

During handling of the above exception, another exception occurred:

Traceback (most recent call last):
  File "/Library/Developer/CommandLineTools/Library/Frameworks/Python3.framework/Versions/3.9/lib/python3.9/logging/__init__.py", line 1083, in emit
    msg = self.format(record)
  File "/Library/Developer/CommandLineTools/Library/Frameworks/Python3.framework/Versions/3.9/lib/python3.9/logging/__init__.py", line 927, in format
    return fmt.format(record)
  File "/Library/Developer/CommandLineTools/Library/Frameworks/Python3.framework/Versions/3.9/lib/python3.9/logging/__init__.py", line 663, in format
    record.message = record.getMessage()
  File "/Library/Developer/CommandLineTools/Library/Frameworks/Python3.framework/Versions/3.9/lib/python3.9/logging/__init__.py", line 367, in getMessage
    msg = msg % self.args
TypeError: must be real number, not RequestTimeout
Call stack:
  File "/Library/Developer/CommandLineTools/Library/Frameworks/Python3.framework/Versions/3.9/lib/python3.9/threading.py", line 930, in _bootstrap
    self._bootstrap_inner()
  File "/Library/Developer/CommandLineTools/Library/Frameworks/Python3.framework/Versions/3.9/lib/python3.9/threading.py", line 973, in _bootstrap_inner
    self.run()
  File "/Library/Developer/CommandLineTools/Library/Frameworks/Python3.framework/Versions/3.9/lib/python3.9/threading.py", line 910, in run
    self._target(*self._args, **self._kwargs)
  File "/Library/Developer/CommandLineTools/Library/Frameworks/Python3.framework/Versions/3.9/lib/python3.9/concurrent/futures/thread.py", line 77, in _worker
    work_item.run()
  File "/Library/Developer/CommandLineTools/Library/Frameworks/Python3.framework/Versions/3.9/lib/python3.9/concurrent/futures/thread.py", line 52, in run
    result = self.fn(*self.args, **self.kwargs)
  File "/Users/ashishparadkar/Downloads/algo-code-main/.venv/lib/python3.9/site-packages/apscheduler/executors/base.py", line 131, in run_job
    retval = job.func(*job.args, **job.kwargs)
  File "/Users/ashishparadkar/Downloads/algo-code-main/src/live_runner.py", line 199, in process_cycle
    df, _ = self.provider_manager.fetch_ohlcv_safe(self.symbol, self.timeframe, limit=1000)
  File "/Users/ashishparadkar/Downloads/algo-code-main/src/provider_manager.py", line 362, in fetch_ohlcv_safe
    logger.warning(
Message: 'Retryable network failure for %s (Attempt %d/%d). Backing off %.2fs: %s'
Arguments: ('BTC/USDT', 1, 3, RequestTimeout('binance GET https://api.binance.com/api/v3/klines?interval=5m&limit=1000&symbol=BTCUSDT'))
2026-08-21 00:19:30,383 - INFO - Indicators computed | close=72520.18 ema_9=72571.10 ema_20=72600.85 ema_50=72444.75 ema_200=71225.26 macd=7.5452 poc=64325.0 val=63300.0 vah=69700.0
2026-08-21 00:19:30,384 - INFO - [bot-1787212199635-eab7] Evaluating strategy on completed candle: 2026-08-20 18:40:00+00:00 at Close price: 72501.42
2026-08-21 00:19:30,450 - INFO - Confluence Evaluation | Regime: TRENDING (ADX=27.9) | Direction: HOLD | BullScore: 44.1% | BearScore: 11.8% | Active: ['ema_9', 'ema_20', 'rsi', 'vwap', 'supertrend', 'atr']
2026-08-21 00:19:30,544 - INFO - Signal evaluated: HOLD. Reason/Details: Confluence score: 44% (HOLD)
2026-08-21 00:19:30,746 - INFO - Logged heartbeat status: OK
2026-08-21 00:19:30,746 - INFO - Job "LiveRunner.process_cycle (trigger: interval[0:05:00], next run at: 2026-08-21 00:24:17 IST)" executed successfully
2026-08-21 00:24:17,467 - INFO - Running job "LiveRunner.process_cycle (trigger: interval[0:05:00], next run at: 2026-08-21 00:29:17 IST)" (scheduled at 2026-08-21 00:24:17.449307+05:30)
2026-08-21 00:24:17,482 - INFO - [bot-1787212199635-eab7] Starting signal check cycle for BTC/USDT (5m)...
2026-08-21 00:24:17,528 - INFO - Fetching recent candles for BTC/USDT (5m) [Bot: bot-1787212199635-eab7] via ProviderManager...
2026-08-21 00:24:17,976 - INFO - Indicators computed | close=72474.52 ema_9=72554.00 ema_20=72590.01 ema_50=72446.44 ema_200=71237.83 macd=-1.4154 poc=64325.0 val=63300.0 vah=69700.0
2026-08-21 00:24:17,977 - INFO - [bot-1787212199635-eab7] Evaluating strategy on completed candle: 2026-08-20 18:45:00+00:00 at Close price: 72534.00
2026-08-21 00:24:18,039 - INFO - Confluence Evaluation | Regime: TRENDING (ADX=27.7) | Direction: HOLD | BullScore: 44.1% | BearScore: 11.8% | Active: ['ema_9', 'ema_20', 'rsi', 'vwap', 'supertrend', 'atr']
2026-08-21 00:24:18,147 - INFO - Signal evaluated: HOLD. Reason/Details: Confluence score: 44% (HOLD)
2026-08-21 00:24:18,350 - INFO - Logged heartbeat status: OK
2026-08-21 00:24:18,350 - INFO - Job "LiveRunner.process_cycle (trigger: interval[0:05:00], next run at: 2026-08-21 00:29:17 IST)" executed successfully
/Users/ashishparadkar/Downloads/algo-code-main/.venv/lib/python3.9/site-packages/urllib3/__init__.py:35: NotOpenSSLWarning: urllib3 v2 only supports OpenSSL 1.1.1+, currently the 'ssl' module is compiled with 'LibreSSL 2.8.3'. See: https://github.com/urllib3/urllib3/issues/3020
  warnings.warn(
2026-08-21 06:20:57,737 - INFO - Bot state startup reconciliation finished: 0 bot(s) reconciled to STOPPED.
2026-08-21 06:20:58,526 - INFO - Telegram notification service initialized successfully (Chat ID: 5657...)
2026-08-21 06:20:58,536 - INFO - Initializing scheduled trading bot live runner for bot-1787212199635-eab7...
2026-08-21 06:20:58,959 - INFO - SQLite database tables verified/created.
2026-08-21 06:20:59,988 - INFO - Initializing CCXT Binance in TESTNET mode.
2026-08-21 06:21:23,578 - INFO - [bot-1787212199635-eab7] Pre-flight instrument resolved: BTC/USDT (SPOT via binance_spot)
2026-08-21 06:21:23,619 - INFO - [bot-1787212199635-eab7] Starting signal check cycle for BTC/USDT (5m)...
2026-08-21 06:21:23,627 - INFO - Fetching recent candles for BTC/USDT (5m) [Bot: bot-1787212199635-eab7] via ProviderManager...
2026-08-21 06:22:42,742 - INFO - Indicators computed | close=73781.52 ema_9=73640.07 ema_20=73421.66 ema_50=73101.56 ema_200=72114.11 macd=241.9915 poc=64325.0 val=63575.0 vah=71300.0
2026-08-21 06:22:42,798 - INFO - [bot-1787212199635-eab7] Evaluating strategy on completed candle: 2026-08-21 00:45:00+00:00 at Close price: 73761.56
2026-08-21 06:22:43,441 - INFO - Confluence Evaluation | Regime: TRENDING (ADX=53.5) | Direction: LONG | BullScore: 100.0% | BearScore: 0.0% | Active: ['ema_9', 'ema_20', 'rsi', 'vwap', 'supertrend', 'atr']
2026-08-21 06:22:44,384 - INFO - Capping position size 0.657376 BTC to available cash equivalent 0.135572 BTC.
2026-08-21 06:22:44,657 - INFO - Created pending signal approval ID 94 for bot bot-1787212199635-eab7 (LONG @ $73761.56, status: WAITING_APPROVAL)
2026-08-21 06:22:45,274 - INFO - [bot-1787212199635-eab7] Signal LONG generated (ID: 94). Waiting for manual user approval.
2026-08-21 06:22:45,915 - INFO - Logged heartbeat status: OK
2026-08-21 06:22:46,292 - INFO - Adding job tentatively -- it will be properly scheduled when the scheduler starts
2026-08-21 06:22:46,292 - INFO - Bot bot-1787212199635-eab7 scheduled to check every 5 minutes.
2026-08-21 06:22:46,317 - INFO - Added job "LiveRunner.process_cycle" to job store "default"
2026-08-21 06:22:46,317 - INFO - Scheduler started
2026-08-21 06:27:46,464 - INFO - Running job "LiveRunner.process_cycle (trigger: interval[0:05:00], next run at: 2026-08-21 06:32:46 IST)" (scheduled at 2026-08-21 06:27:46.291040+05:30)
2026-08-21 06:27:46,538 - INFO - [bot-1787212199635-eab7] Starting signal check cycle for BTC/USDT (5m)...
2026-08-21 06:27:46,597 - INFO - Fetching recent candles for BTC/USDT (5m) [Bot: bot-1787212199635-eab7] via ProviderManager...
2026-08-21 06:27:47,320 - INFO - Indicators computed | close=73672.01 ema_9=73627.98 ema_20=73435.55 ema_50=73119.58 ema_200=72128.48 macd=224.7437 poc=64325.0 val=63575.0 vah=71300.0
2026-08-21 06:27:47,322 - INFO - [bot-1787212199635-eab7] Evaluating strategy on completed candle: 2026-08-21 00:50:00+00:00 at Close price: 73666.00
2026-08-21 06:27:47,382 - INFO - Confluence Evaluation | Regime: TRENDING (ADX=53.5) | Direction: HOLD | BullScore: 55.9% | BearScore: 44.1% | Active: ['ema_9', 'ema_20', 'rsi', 'vwap', 'supertrend', 'atr']
2026-08-21 06:27:47,481 - INFO - Signal evaluated: HOLD. Reason/Details: Confluence score: 56% (HOLD)
2026-08-21 06:27:47,657 - INFO - Logged heartbeat status: OK
2026-08-21 06:27:47,658 - INFO - Job "LiveRunner.process_cycle (trigger: interval[0:05:00], next run at: 2026-08-21 06:32:46 IST)" executed successfully
2026-08-21 06:32:46,372 - INFO - Running job "LiveRunner.process_cycle (trigger: interval[0:05:00], next run at: 2026-08-21 06:37:46 IST)" (scheduled at 2026-08-21 06:32:46.291040+05:30)
2026-08-21 06:32:46,386 - INFO - [bot-1787212199635-eab7] Starting signal check cycle for BTC/USDT (5m)...
2026-08-21 06:32:46,431 - INFO - Fetching recent candles for BTC/USDT (5m) [Bot: bot-1787212199635-eab7] via ProviderManager...
2026-08-21 06:32:47,132 - INFO - Indicators computed | close=73836.81 ema_9=73675.50 ema_20=73476.87 ema_50=73149.06 ema_200=72145.83 macd=231.2535 poc=64325.0 val=63575.0 vah=71300.0
2026-08-21 06:32:47,133 - INFO - [bot-1787212199635-eab7] Evaluating strategy on completed candle: 2026-08-21 00:55:00+00:00 at Close price: 73708.02
2026-08-21 06:32:47,187 - INFO - Confluence Evaluation | Regime: TRENDING (ADX=53.7) | Direction: LONG | BullScore: 100.0% | BearScore: 0.0% | Active: ['ema_9', 'ema_20', 'rsi', 'vwap', 'supertrend', 'atr']
2026-08-21 06:32:47,270 - INFO - Capping position size 0.797766 BTC to available cash equivalent 0.135670 BTC.
2026-08-21 06:32:47,282 - INFO - [bot-1787212199635-eab7] Signal LONG active pending approval already exists (ID: 94).
2026-08-21 06:32:47,465 - INFO - Logged heartbeat status: OK
2026-08-21 06:32:47,465 - INFO - Job "LiveRunner.process_cycle (trigger: interval[0:05:00], next run at: 2026-08-21 06:37:46 IST)" executed successfully
2026-08-21 06:37:46,317 - INFO - Running job "LiveRunner.process_cycle (trigger: interval[0:05:00], next run at: 2026-08-21 06:42:46 IST)" (scheduled at 2026-08-21 06:37:46.291040+05:30)
2026-08-21 06:37:46,342 - INFO - [bot-1787212199635-eab7] Starting signal check cycle for BTC/USDT (5m)...
2026-08-21 06:37:46,388 - INFO - Fetching recent candles for BTC/USDT (5m) [Bot: bot-1787212199635-eab7] via ProviderManager...
2026-08-21 06:37:47,565 - INFO - Indicators computed | close=73876.00 ema_9=73716.12 ema_20=73515.16 ema_50=73177.69 ema_200=72163.08 macd=234.7912 poc=64325.0 val=63575.0 vah=71325.0
2026-08-21 06:37:47,566 - INFO - [bot-1787212199635-eab7] Evaluating strategy on completed candle: 2026-08-21 01:00:00+00:00 at Close price: 73840.01
2026-08-21 06:37:47,629 - INFO - Confluence Evaluation | Regime: TRENDING (ADX=55.5) | Direction: LONG | BullScore: 100.0% | BearScore: 0.0% | Active: ['ema_9', 'ema_20', 'rsi', 'vwap', 'supertrend', 'atr']
2026-08-21 06:37:47,727 - INFO - Capping position size 0.522616 BTC to available cash equivalent 0.135428 BTC.
2026-08-21 06:37:47,751 - INFO - [bot-1787212199635-eab7] Signal LONG active pending approval already exists (ID: 94).
2026-08-21 06:37:47,946 - INFO - Logged heartbeat status: OK
2026-08-21 06:37:47,947 - INFO - Job "LiveRunner.process_cycle (trigger: interval[0:05:00], next run at: 2026-08-21 06:42:46 IST)" executed successfully
2026-08-21 06:42:46,310 - INFO - Running job "LiveRunner.process_cycle (trigger: interval[0:05:00], next run at: 2026-08-21 06:47:46 IST)" (scheduled at 2026-08-21 06:42:46.291040+05:30)
2026-08-21 06:42:46,335 - INFO - [bot-1787212199635-eab7] Starting signal check cycle for BTC/USDT (5m)...
2026-08-21 06:42:46,382 - INFO - Fetching recent candles for BTC/USDT (5m) [Bot: bot-1787212199635-eab7] via ProviderManager...
2026-08-21 06:42:46,879 - INFO - Indicators computed | close=73934.00 ema_9=73768.31 ema_20=73559.69 ema_50=73209.38 ema_200=72181.23 macd=242.6318 poc=64325.0 val=63575.0 vah=71325.0
2026-08-21 06:42:46,882 - INFO - [bot-1787212199635-eab7] Evaluating strategy on completed candle: 2026-08-21 01:05:00+00:00 at Close price: 73929.87
2026-08-21 06:42:46,969 - INFO - Confluence Evaluation | Regime: TRENDING (ADX=57.3) | Direction: LONG | BullScore: 100.0% | BearScore: 0.0% | Active: ['ema_9', 'ema_20', 'rsi', 'vwap', 'supertrend', 'atr']
2026-08-21 06:42:47,089 - INFO - Capping position size 0.481672 BTC to available cash equivalent 0.135263 BTC.
2026-08-21 06:42:47,099 - INFO - [bot-1787212199635-eab7] Signal LONG active pending approval already exists (ID: 94).
2026-08-21 06:42:47,293 - INFO - Logged heartbeat status: OK
2026-08-21 06:42:47,294 - INFO - Job "LiveRunner.process_cycle (trigger: interval[0:05:00], next run at: 2026-08-21 06:47:46 IST)" executed successfully
2026-08-21 06:47:46,330 - INFO - Running job "LiveRunner.process_cycle (trigger: interval[0:05:00], next run at: 2026-08-21 06:52:46 IST)" (scheduled at 2026-08-21 06:47:46.291040+05:30)
2026-08-21 06:47:46,360 - INFO - [bot-1787212199635-eab7] Starting signal check cycle for BTC/USDT (5m)...
2026-08-21 06:47:46,408 - INFO - Fetching recent candles for BTC/USDT (5m) [Bot: bot-1787212199635-eab7] via ProviderManager...
2026-08-21 06:47:46,916 - INFO - Indicators computed | close=74164.17 ema_9=73856.52 ema_20=73622.13 ema_50=73248.95 ema_200=72201.52 macd=264.4839 poc=64325.0 val=63575.0 vah=71350.0
2026-08-21 06:47:46,918 - INFO - [bot-1787212199635-eab7] Evaluating strategy on completed candle: 2026-08-21 01:10:00+00:00 at Close price: 73990.50
2026-08-21 06:47:46,977 - INFO - Confluence Evaluation | Regime: TRENDING (ADX=59.3) | Direction: LONG | BullScore: 100.0% | BearScore: 0.0% | Active: ['ema_9', 'ema_20', 'rsi', 'vwap', 'supertrend', 'atr']
2026-08-21 06:47:47,047 - INFO - Capping position size 0.420301 BTC to available cash equivalent 0.135152 BTC.
2026-08-21 06:47:47,133 - INFO - [bot-1787212199635-eab7] Signal LONG active pending approval already exists (ID: 94).
2026-08-21 06:47:47,325 - INFO - Logged heartbeat status: OK
2026-08-21 06:47:47,326 - INFO - Job "LiveRunner.process_cycle (trigger: interval[0:05:00], next run at: 2026-08-21 06:52:46 IST)" executed successfully
2026-08-21 06:52:46,302 - INFO - Running job "LiveRunner.process_cycle (trigger: interval[0:05:00], next run at: 2026-08-21 06:57:46 IST)" (scheduled at 2026-08-21 06:52:46.291040+05:30)
2026-08-21 06:52:46,310 - INFO - [bot-1787212199635-eab7] Starting signal check cycle for BTC/USDT (5m)...
2026-08-21 06:52:46,354 - INFO - Fetching recent candles for BTC/USDT (5m) [Bot: bot-1787212199635-eab7] via ProviderManager...
2026-08-21 06:52:46,870 - INFO - Indicators computed | close=74340.49 ema_9=74032.64 ema_20=73733.26 ema_50=73310.44 ema_200=72227.69 macd=319.6580 poc=64325.0 val=63575.0 vah=71425.0
2026-08-21 06:52:46,871 - INFO - [bot-1787212199635-eab7] Evaluating strategy on completed candle: 2026-08-21 01:15:00+00:00 at Close price: 74659.92
2026-08-21 06:52:46,935 - INFO - Confluence Evaluation | Regime: TRENDING (ADX=60.9) | Direction: LONG | BullScore: 100.0% | BearScore: 0.0% | Active: ['ema_9', 'ema_20', 'rsi', 'vwap', 'supertrend', 'atr']
2026-08-21 06:52:47,028 - INFO - Capping position size 0.174631 BTC to available cash equivalent 0.133941 BTC.
2026-08-21 06:52:47,113 - INFO - Created pending signal approval ID 124 for bot bot-1787212199635-eab7 (LONG @ $74659.92, status: WAITING_APPROVAL)
2026-08-21 06:52:47,237 - INFO - [bot-1787212199635-eab7] Signal LONG generated (ID: 124). Waiting for manual user approval.
2026-08-21 06:52:47,436 - INFO - Logged heartbeat status: OK
2026-08-21 06:52:47,437 - INFO - Job "LiveRunner.process_cycle (trigger: interval[0:05:00], next run at: 2026-08-21 06:57:46 IST)" executed successfully
2026-08-21 06:57:46,310 - INFO - Running job "LiveRunner.process_cycle (trigger: interval[0:05:00], next run at: 2026-08-21 07:02:46 IST)" (scheduled at 2026-08-21 06:57:46.291040+05:30)
2026-08-21 06:57:46,318 - INFO - [bot-1787212199635-eab7] Starting signal check cycle for BTC/USDT (5m)...
2026-08-21 06:57:46,369 - INFO - Fetching recent candles for BTC/USDT (5m) [Bot: bot-1787212199635-eab7] via ProviderManager...
2026-08-21 06:57:46,759 - INFO - Indicators computed | close=74687.68 ema_9=74189.42 ema_20=73838.04 ema_50=73370.52 ema_200=72253.75 macd=365.8770 poc=64325.0 val=63575.0 vah=71450.0
2026-08-21 06:57:46,760 - INFO - [bot-1787212199635-eab7] Evaluating strategy on completed candle: 2026-08-21 01:20:00+00:00 at Close price: 74501.59
2026-08-21 06:57:46,830 - INFO - Confluence Evaluation | Regime: TRENDING (ADX=62.1) | Direction: HOLD | BullScore: 55.9% | BearScore: 44.1% | Active: ['ema_9', 'ema_20', 'rsi', 'vwap', 'supertrend', 'atr']
2026-08-21 06:57:46,919 - INFO - Signal evaluated: HOLD. Reason/Details: Confluence score: 56% (HOLD)
2026-08-21 06:57:47,115 - INFO - Logged heartbeat status: OK
2026-08-21 06:57:47,115 - INFO - Job "LiveRunner.process_cycle (trigger: interval[0:05:00], next run at: 2026-08-21 07:02:46 IST)" executed successfully
2026-08-21 07:02:46,310 - INFO - Running job "LiveRunner.process_cycle (trigger: interval[0:05:00], next run at: 2026-08-21 07:07:46 IST)" (scheduled at 2026-08-21 07:02:46.291040+05:30)
2026-08-21 07:02:46,316 - INFO - [bot-1787212199635-eab7] Starting signal check cycle for BTC/USDT (5m)...
2026-08-21 07:02:46,352 - INFO - Fetching recent candles for BTC/USDT (5m) [Bot: bot-1787212199635-eab7] via ProviderManager...
2026-08-21 07:02:46,701 - INFO - Indicators computed | close=74892.84 ema_9=74336.36 ema_20=73941.86 ema_50=73431.69 ema_200=72280.40 macd=406.6238 poc=64325.0 val=63575.0 vah=71475.0
2026-08-21 07:02:46,702 - INFO - [bot-1787212199635-eab7] Evaluating strategy on completed candle: 2026-08-21 01:25:00+00:00 at Close price: 74726.77
2026-08-21 07:02:46,754 - INFO - Confluence Evaluation | Regime: TRENDING (ADX=62.4) | Direction: LONG | BullScore: 100.0% | BearScore: 0.0% | Active: ['ema_9', 'ema_20', 'rsi', 'vwap', 'supertrend', 'atr']
2026-08-21 07:02:46,835 - INFO - Capping position size 0.201495 BTC to available cash equivalent 0.133821 BTC.
2026-08-21 07:02:46,841 - INFO - [bot-1787212199635-eab7] Signal LONG active pending approval already exists (ID: 124).
2026-08-21 07:02:47,016 - INFO - Logged heartbeat status: OK
2026-08-21 07:02:47,016 - INFO - Job "LiveRunner.process_cycle (trigger: interval[0:05:00], next run at: 2026-08-21 07:07:46 IST)" executed successfully
/Users/ashishparadkar/Downloads/algo-code-main/.venv/lib/python3.9/site-packages/urllib3/__init__.py:35: NotOpenSSLWarning: urllib3 v2 only supports OpenSSL 1.1.1+, currently the 'ssl' module is compiled with 'LibreSSL 2.8.3'. See: https://github.com/urllib3/urllib3/issues/3020
  warnings.warn(
2026-08-21 12:13:33,963 - INFO - Bot state startup reconciliation finished: 0 bot(s) reconciled to STOPPED.
2026-08-21 12:13:34,713 - INFO - Telegram notification service initialized successfully (Chat ID: 5657...)
2026-08-21 12:13:34,727 - INFO - Initializing scheduled trading bot live runner for bot-1787212199635-eab7...
2026-08-21 12:13:35,058 - INFO - SQLite database tables verified/created.
2026-08-21 12:13:36,027 - INFO - Initializing CCXT Binance in TESTNET mode.
2026-08-21 12:14:02,293 - INFO - [bot-1787212199635-eab7] Pre-flight instrument resolved: BTC/USDT (SPOT via binance_spot)
2026-08-21 12:14:02,342 - INFO - [bot-1787212199635-eab7] Starting signal check cycle for BTC/USDT (5m)...
2026-08-21 12:14:02,352 - INFO - Fetching recent candles for BTC/USDT (5m) [Bot: bot-1787212199635-eab7] via ProviderManager...
2026-08-21 12:15:20,603 - INFO - Indicators computed | close=75308.34 ema_9=75410.49 ema_20=75321.46 ema_50=75010.50 ema_200=73557.43 macd=127.5506 poc=64275.0 val=64025.0 vah=71850.0
2026-08-21 12:15:20,610 - INFO - [bot-1787212199635-eab7] Evaluating strategy on completed candle: 2026-08-21 06:40:00+00:00 at Close price: 75394.97
2026-08-21 12:15:21,904 - INFO - Confluence Evaluation | Regime: TRENDING (ADX=26.8) | Direction: HOLD | BullScore: 55.9% | BearScore: 44.1% | Active: ['ema_9', 'ema_20', 'rsi', 'vwap', 'supertrend', 'atr']
2026-08-21 12:15:22,404 - INFO - Signal evaluated: HOLD. Reason/Details: Confluence score: 56% (HOLD)
2026-08-21 12:15:23,392 - INFO - Logged heartbeat status: OK
2026-08-21 12:15:24,177 - INFO - Adding job tentatively -- it will be properly scheduled when the scheduler starts
2026-08-21 12:15:24,177 - INFO - Bot bot-1787212199635-eab7 scheduled to check every 5 minutes.
2026-08-21 12:15:24,185 - INFO - Added job "LiveRunner.process_cycle" to job store "default"
2026-08-21 12:15:24,186 - INFO - Scheduler started
2026-08-21 12:20:24,443 - INFO - Running job "LiveRunner.process_cycle (trigger: interval[0:05:00], next run at: 2026-08-21 12:25:24 IST)" (scheduled at 2026-08-21 12:20:24.176711+05:30)
2026-08-21 12:20:24,553 - INFO - [bot-1787212199635-eab7] Starting signal check cycle for BTC/USDT (5m)...
2026-08-21 12:20:24,640 - INFO - Fetching recent candles for BTC/USDT (5m) [Bot: bot-1787212199635-eab7] via ProviderManager...
2026-08-21 12:20:25,635 - INFO - Indicators computed | close=75543.99 ema_9=75470.46 ema_20=75360.57 ema_50=75039.26 ema_200=73579.25 macd=143.1233 poc=64275.0 val=64025.0 vah=71850.0
2026-08-21 12:20:25,637 - INFO - [bot-1787212199635-eab7] Evaluating strategy on completed candle: 2026-08-21 06:45:00+00:00 at Close price: 75516.28
2026-08-21 12:20:25,724 - INFO - Confluence Evaluation | Regime: TRENDING (ADX=25.9) | Direction: LONG | BullScore: 100.0% | BearScore: 0.0% | Active: ['ema_9', 'ema_20', 'rsi', 'vwap', 'supertrend', 'atr']
2026-08-21 12:20:25,856 - INFO - Capping position size 0.508569 BTC to available cash equivalent 0.132422 BTC.
2026-08-21 12:20:25,942 - INFO - Created pending signal approval ID 154 for bot bot-1787212199635-eab7 (LONG @ $75516.28, status: WAITING_APPROVAL)
2026-08-21 12:20:26,026 - INFO - [bot-1787212199635-eab7] Signal LONG generated (ID: 154). Waiting for manual user approval.
2026-08-21 12:20:26,241 - INFO - Logged heartbeat status: OK
2026-08-21 12:20:26,242 - INFO - Job "LiveRunner.process_cycle (trigger: interval[0:05:00], next run at: 2026-08-21 12:25:24 IST)" executed successfully
2026-08-21 12:25:24,190 - INFO - Running job "LiveRunner.process_cycle (trigger: interval[0:05:00], next run at: 2026-08-21 12:30:24 IST)" (scheduled at 2026-08-21 12:25:24.176711+05:30)
2026-08-21 12:25:24,204 - INFO - [bot-1787212199635-eab7] Starting signal check cycle for BTC/USDT (5m)...
2026-08-21 12:25:24,252 - INFO - Fetching recent candles for BTC/USDT (5m) [Bot: bot-1787212199635-eab7] via ProviderManager...
2026-08-21 12:25:24,894 - INFO - Indicators computed | close=75612.64 ema_9=75498.90 ema_20=75384.58 ema_50=75061.74 ema_200=73599.48 macd=146.1740 poc=64275.0 val=64025.0 vah=71875.0
2026-08-21 12:25:24,896 - INFO - [bot-1787212199635-eab7] Evaluating strategy on completed candle: 2026-08-21 06:50:00+00:00 at Close price: 75544.00
2026-08-21 12:25:24,976 - INFO - Confluence Evaluation | Regime: TRENDING (ADX=25.1) | Direction: LONG | BullScore: 100.0% | BearScore: 0.0% | Active: ['ema_9', 'ema_20', 'rsi', 'vwap', 'supertrend', 'atr']
2026-08-21 12:25:25,079 - INFO - Capping position size 0.626370 BTC to available cash equivalent 0.132373 BTC.
2026-08-21 12:25:25,146 - INFO - [bot-1787212199635-eab7] Signal LONG active pending approval already exists (ID: 154).
2026-08-21 12:25:25,366 - INFO - Logged heartbeat status: OK
2026-08-21 12:25:25,366 - INFO - Job "LiveRunner.process_cycle (trigger: interval[0:05:00], next run at: 2026-08-21 12:30:24 IST)" executed successfully
2026-08-21 12:30:24,194 - INFO - Running job "LiveRunner.process_cycle (trigger: interval[0:05:00], next run at: 2026-08-21 12:35:24 IST)" (scheduled at 2026-08-21 12:30:24.176711+05:30)
2026-08-21 12:30:24,211 - INFO - [bot-1787212199635-eab7] Starting signal check cycle for BTC/USDT (5m)...
2026-08-21 12:30:24,265 - INFO - Fetching recent candles for BTC/USDT (5m) [Bot: bot-1787212199635-eab7] via ProviderManager...
2026-08-21 12:30:24,850 - INFO - Indicators computed | close=75633.18 ema_9=75531.12 ema_20=75411.15 ema_50=75085.42 ema_200=73620.05 macd=150.6038 poc=64275.0 val=64025.0 vah=71875.0
2026-08-21 12:30:24,852 - INFO - [bot-1787212199635-eab7] Evaluating strategy on completed candle: 2026-08-21 06:55:00+00:00 at Close price: 75646.21
2026-08-21 12:30:24,945 - INFO - Confluence Evaluation | Regime: RANGING (ADX=24.8) | Direction: LONG | BullScore: 100.0% | BearScore: 0.0% | Active: ['ema_9', 'ema_20', 'rsi', 'vwap', 'supertrend', 'atr']
2026-08-21 12:30:25,064 - INFO - Capping position size 0.474485 BTC to available cash equivalent 0.132194 BTC.
2026-08-21 12:30:25,115 - INFO - [bot-1787212199635-eab7] Signal LONG active pending approval already exists (ID: 154).
2026-08-21 12:30:25,327 - INFO - Logged heartbeat status: OK
2026-08-21 12:30:25,328 - INFO - Job "LiveRunner.process_cycle (trigger: interval[0:05:00], next run at: 2026-08-21 12:35:24 IST)" executed successfully
2026-08-21 12:35:24,216 - INFO - Running job "LiveRunner.process_cycle (trigger: interval[0:05:00], next run at: 2026-08-21 12:40:24 IST)" (scheduled at 2026-08-21 12:35:24.176711+05:30)
2026-08-21 12:35:24,225 - INFO - [bot-1787212199635-eab7] Starting signal check cycle for BTC/USDT (5m)...
2026-08-21 12:35:24,268 - INFO - Fetching recent candles for BTC/USDT (5m) [Bot: bot-1787212199635-eab7] via ProviderManager...
2026-08-21 12:35:24,649 - INFO - Indicators computed | close=75744.00 ema_9=75589.77 ema_20=75451.50 ema_50=75115.03 ema_200=73642.17 macd=165.2859 poc=64275.0 val=64025.0 vah=71875.0
2026-08-21 12:35:24,650 - INFO - [bot-1787212199635-eab7] Evaluating strategy on completed candle: 2026-08-21 07:00:00+00:00 at Close price: 75733.61
2026-08-21 12:35:24,709 - INFO - Confluence Evaluation | Regime: RANGING (ADX=23.7) | Direction: LONG | BullScore: 100.0% | BearScore: 0.0% | Active: ['ema_9', 'ema_20', 'rsi', 'vwap', 'supertrend', 'atr']
2026-08-21 12:35:24,809 - INFO - Capping position size 0.392997 BTC to available cash equivalent 0.132042 BTC.
2026-08-21 12:35:24,817 - INFO - [bot-1787212199635-eab7] Signal LONG active pending approval already exists (ID: 154).
2026-08-21 12:35:25,019 - INFO - Logged heartbeat status: OK
2026-08-21 12:35:25,019 - INFO - Job "LiveRunner.process_cycle (trigger: interval[0:05:00], next run at: 2026-08-21 12:40:24 IST)" executed successfully
2026-08-21 12:40:24,187 - INFO - Running job "LiveRunner.process_cycle (trigger: interval[0:05:00], next run at: 2026-08-21 12:45:24 IST)" (scheduled at 2026-08-21 12:40:24.176711+05:30)
2026-08-21 12:40:24,195 - INFO - [bot-1787212199635-eab7] Starting signal check cycle for BTC/USDT (5m)...
2026-08-21 12:40:24,214 - INFO - Fetching recent candles for BTC/USDT (5m) [Bot: bot-1787212199635-eab7] via ProviderManager...
2026-08-21 12:40:24,714 - INFO - Indicators computed | close=75939.67 ema_9=75679.63 ema_20=75508.70 ema_50=75152.05 ema_200=73666.25 macd=191.8921 poc=64275.0 val=64025.0 vah=71875.0
2026-08-21 12:40:24,716 - INFO - [bot-1787212199635-eab7] Evaluating strategy on completed candle: 2026-08-21 07:05:00+00:00 at Close price: 75868.28
2026-08-21 12:40:24,796 - INFO - Confluence Evaluation | Regime: RANGING (ADX=22.5) | Direction: LONG | BullScore: 100.0% | BearScore: 0.0% | Active: ['ema_9', 'ema_20', 'rsi', 'vwap', 'supertrend', 'atr']
2026-08-21 12:40:24,894 - INFO - Capping position size 0.310762 BTC to available cash equivalent 0.131807 BTC.
2026-08-21 12:40:24,899 - INFO - [bot-1787212199635-eab7] Signal LONG active pending approval already exists (ID: 154).
2026-08-21 12:40:25,179 - INFO - Logged heartbeat status: OK
2026-08-21 12:40:25,179 - INFO - Job "LiveRunner.process_cycle (trigger: interval[0:05:00], next run at: 2026-08-21 12:45:24 IST)" executed successfully
2026-08-21 12:45:24,185 - INFO - Running job "LiveRunner.process_cycle (trigger: interval[0:05:00], next run at: 2026-08-21 12:50:24 IST)" (scheduled at 2026-08-21 12:45:24.176711+05:30)
2026-08-21 12:45:24,192 - INFO - [bot-1787212199635-eab7] Starting signal check cycle for BTC/USDT (5m)...
2026-08-21 12:45:24,232 - INFO - Fetching recent candles for BTC/USDT (5m) [Bot: bot-1787212199635-eab7] via ProviderManager...
2026-08-21 12:45:24,635 - INFO - Indicators computed | close=76287.71 ema_9=75806.10 ema_20=75585.51 ema_50=75197.73 ema_200=73692.64 macd=232.4144 poc=64275.0 val=64025.0 vah=71875.0
2026-08-21 12:45:24,638 - INFO - [bot-1787212199635-eab7] Evaluating strategy on completed candle: 2026-08-21 07:10:00+00:00 at Close price: 75969.99
2026-08-21 12:45:24,715 - INFO - Confluence Evaluation | Regime: RANGING (ADX=21.9) | Direction: LONG | BullScore: 100.0% | BearScore: 0.0% | Active: ['ema_9', 'ema_20', 'rsi', 'vwap', 'supertrend', 'atr']
2026-08-21 12:45:24,808 - INFO - Capping position size 0.320287 BTC to available cash equivalent 0.131631 BTC.
2026-08-21 12:45:24,816 - INFO - [bot-1787212199635-eab7] Signal LONG active pending approval already exists (ID: 154).
2026-08-21 12:45:25,016 - INFO - Logged heartbeat status: OK
2026-08-21 12:45:25,016 - INFO - Job "LiveRunner.process_cycle (trigger: interval[0:05:00], next run at: 2026-08-21 12:50:24 IST)" executed successfully
2026-08-21 12:50:24,221 - INFO - Running job "LiveRunner.process_cycle (trigger: interval[0:05:00], next run at: 2026-08-21 12:55:24 IST)" (scheduled at 2026-08-21 12:50:24.176711+05:30)
2026-08-21 12:50:24,230 - INFO - [bot-1787212199635-eab7] Starting signal check cycle for BTC/USDT (5m)...
2026-08-21 12:50:24,280 - INFO - Fetching recent candles for BTC/USDT (5m) [Bot: bot-1787212199635-eab7] via ProviderManager...
2026-08-21 12:50:24,697 - INFO - Indicators computed | close=76454.62 ema_9=75967.29 ema_20=75685.23 ema_50=75254.43 ema_200=73722.06 macd=285.0529 poc=64275.0 val=64025.0 vah=71900.0
2026-08-21 12:50:24,697 - INFO - [bot-1787212199635-eab7] Evaluating strategy on completed candle: 2026-08-21 07:15:00+00:00 at Close price: 76484.48
2026-08-21 12:50:24,754 - INFO - Confluence Evaluation | Regime: RANGING (ADX=23.2) | Direction: LONG | BullScore: 100.0% | BearScore: 0.0% | Active: ['ema_9', 'ema_20', 'rsi', 'vwap', 'supertrend', 'atr']
2026-08-21 12:50:24,837 - INFO - Capping position size 0.195309 BTC to available cash equivalent 0.130745 BTC.
2026-08-21 12:50:24,889 - INFO - [bot-1787212199635-eab7] Signal LONG active pending approval already exists (ID: 154).
2026-08-21 12:50:25,107 - INFO - Logged heartbeat status: OK
2026-08-21 12:50:25,107 - INFO - Job "LiveRunner.process_cycle (trigger: interval[0:05:00], next run at: 2026-08-21 12:55:24 IST)" executed successfully
2026-08-21 12:55:24,191 - INFO - Running job "LiveRunner.process_cycle (trigger: interval[0:05:00], next run at: 2026-08-21 13:00:24 IST)" (scheduled at 2026-08-21 12:55:24.176711+05:30)
2026-08-21 12:55:24,199 - INFO - [bot-1787212199635-eab7] Starting signal check cycle for BTC/USDT (5m)...
2026-08-21 12:55:24,250 - INFO - Fetching recent candles for BTC/USDT (5m) [Bot: bot-1787212199635-eab7] via ProviderManager...
2026-08-21 12:55:24,692 - INFO - Indicators computed | close=76356.01 ema_9=76012.91 ema_20=75731.82 ema_50=75290.07 ema_200=73746.29 macd=290.5151 poc=64275.0 val=64025.0 vah=71900.0
2026-08-21 12:55:24,694 - INFO - [bot-1787212199635-eab7] Evaluating strategy on completed candle: 2026-08-21 07:20:00+00:00 at Close price: 76253.84
2026-08-21 12:55:24,768 - INFO - Confluence Evaluation | Regime: TRENDING (ADX=25.2) | Direction: HOLD | BullScore: 55.9% | BearScore: 44.1% | Active: ['ema_9', 'ema_20', 'rsi', 'vwap', 'supertrend', 'atr']
2026-08-21 12:55:24,916 - INFO - Signal evaluated: HOLD. Reason/Details: Confluence score: 56% (HOLD)
2026-08-21 12:55:25,103 - INFO - Logged heartbeat status: OK
2026-08-21 12:55:25,103 - INFO - Job "LiveRunner.process_cycle (trigger: interval[0:05:00], next run at: 2026-08-21 13:00:24 IST)" executed successfully
2026-08-21 13:00:24,195 - INFO - Running job "LiveRunner.process_cycle (trigger: interval[0:05:00], next run at: 2026-08-21 13:05:24 IST)" (scheduled at 2026-08-21 13:00:24.176711+05:30)
2026-08-21 13:00:24,219 - INFO - [bot-1787212199635-eab7] Starting signal check cycle for BTC/USDT (5m)...
2026-08-21 13:00:24,273 - INFO - Fetching recent candles for BTC/USDT (5m) [Bot: bot-1787212199635-eab7] via ProviderManager...
2026-08-21 13:00:24,803 - INFO - Indicators computed | close=76417.99 ema_9=76102.62 ema_20=75801.85 ema_50=75336.35 ema_200=73773.41 macd=312.3254 poc=64275.0 val=64025.0 vah=71925.0
2026-08-21 13:00:24,805 - INFO - [bot-1787212199635-eab7] Evaluating strategy on completed candle: 2026-08-21 07:25:00+00:00 at Close price: 76410.38
2026-08-21 13:00:24,860 - INFO - Confluence Evaluation | Regime: TRENDING (ADX=27.7) | Direction: LONG | BullScore: 100.0% | BearScore: 0.0% | Active: ['ema_9', 'ema_20', 'rsi', 'vwap', 'supertrend', 'atr']
2026-08-21 13:00:24,967 - INFO - Capping position size 0.240376 BTC to available cash equivalent 0.130872 BTC.
2026-08-21 13:00:25,078 - INFO - Created pending signal approval ID 180 for bot bot-1787212199635-eab7 (LONG @ $76410.38, status: WAITING_APPROVAL)
2026-08-21 13:00:25,142 - INFO - [bot-1787212199635-eab7] Signal LONG generated (ID: 180). Waiting for manual user approval.
2026-08-21 13:00:25,354 - INFO - Logged heartbeat status: OK
2026-08-21 13:00:25,355 - INFO - Job "LiveRunner.process_cycle (trigger: interval[0:05:00], next run at: 2026-08-21 13:05:24 IST)" executed successfully
2026-08-21 13:05:24,248 - INFO - Running job "LiveRunner.process_cycle (trigger: interval[0:05:00], next run at: 2026-08-21 13:10:24 IST)" (scheduled at 2026-08-21 13:05:24.176711+05:30)
2026-08-21 13:05:24,300 - INFO - [bot-1787212199635-eab7] Starting signal check cycle for BTC/USDT (5m)...
2026-08-21 13:05:24,330 - INFO - Fetching recent candles for BTC/USDT (5m) [Bot: bot-1787212199635-eab7] via ProviderManager...
2026-08-21 13:05:25,970 - INFO - Indicators computed | close=76466.75 ema_9=76170.11 ema_20=75862.30 ema_50=75379.42 ema_200=73799.88 macd=324.2896 poc=64325.0 val=64025.0 vah=71925.0
2026-08-21 13:05:25,972 - INFO - [bot-1787212199635-eab7] Evaluating strategy on completed candle: 2026-08-21 07:30:00+00:00 at Close price: 76384.61
2026-08-21 13:05:26,200 - INFO - Confluence Evaluation | Regime: TRENDING (ADX=33.2) | Direction: HOLD | BullScore: 55.9% | BearScore: 44.1% | Active: ['ema_9', 'ema_20', 'rsi', 'vwap', 'supertrend', 'atr']
2026-08-21 13:05:26,396 - INFO - Signal evaluated: HOLD. Reason/Details: Confluence score: 56% (HOLD)
2026-08-21 13:05:26,753 - INFO - Logged heartbeat status: OK
2026-08-21 13:05:26,754 - INFO - Job "LiveRunner.process_cycle (trigger: interval[0:05:00], next run at: 2026-08-21 13:10:24 IST)" executed successfully
2026-08-21 13:10:24,199 - INFO - Running job "LiveRunner.process_cycle (trigger: interval[0:05:00], next run at: 2026-08-21 13:15:24 IST)" (scheduled at 2026-08-21 13:10:24.176711+05:30)
2026-08-21 13:10:24,211 - INFO - [bot-1787212199635-eab7] Starting signal check cycle for BTC/USDT (5m)...
2026-08-21 13:10:24,257 - INFO - Fetching recent candles for BTC/USDT (5m) [Bot: bot-1787212199635-eab7] via ProviderManager...
2026-08-21 13:10:24,706 - INFO - Indicators computed | close=76486.40 ema_9=76242.45 ema_20=75926.63 ema_50=75424.97 ema_200=73827.17 macd=337.1186 poc=64325.0 val=64025.0 vah=71925.0
2026-08-21 13:10:24,707 - INFO - [bot-1787212199635-eab7] Evaluating strategy on completed candle: 2026-08-21 07:35:00+00:00 at Close price: 76523.53
2026-08-21 13:10:24,767 - INFO - Confluence Evaluation | Regime: TRENDING (ADX=38.7) | Direction: LONG | BullScore: 100.0% | BearScore: 0.0% | Active: ['ema_9', 'ema_20', 'rsi', 'vwap', 'supertrend', 'atr']
2026-08-21 13:10:24,885 - INFO - Capping position size 0.299549 BTC to available cash equivalent 0.130679 BTC.
2026-08-21 13:10:24,949 - INFO - [bot-1787212199635-eab7] Signal LONG active pending approval already exists (ID: 180).
2026-08-21 13:10:25,180 - INFO - Logged heartbeat status: OK
2026-08-21 13:10:25,180 - INFO - Job "LiveRunner.process_cycle (trigger: interval[0:05:00], next run at: 2026-08-21 13:15:24 IST)" executed successfully
2026-08-21 13:15:24,186 - INFO - Running job "LiveRunner.process_cycle (trigger: interval[0:05:00], next run at: 2026-08-21 13:20:24 IST)" (scheduled at 2026-08-21 13:15:24.176711+05:30)
2026-08-21 13:15:24,190 - INFO - [bot-1787212199635-eab7] Starting signal check cycle for BTC/USDT (5m)...
2026-08-21 13:15:24,233 - INFO - Fetching recent candles for BTC/USDT (5m) [Bot: bot-1787212199635-eab7] via ProviderManager...
2026-08-21 13:15:24,707 - INFO - Indicators computed | close=76630.30 ema_9=76337.54 ema_20=76003.08 ema_50=75476.36 ema_200=73856.14 macd=358.0020 poc=64325.0 val=64025.0 vah=71950.0
2026-08-21 13:15:24,709 - INFO - [bot-1787212199635-eab7] Evaluating strategy on completed candle: 2026-08-21 07:40:00+00:00 at Close price: 76595.89
2026-08-21 13:15:24,767 - INFO - Confluence Evaluation | Regime: TRENDING (ADX=43.7) | Direction: LONG | BullScore: 100.0% | BearScore: 0.0% | Active: ['ema_9', 'ema_20', 'rsi', 'vwap', 'supertrend', 'atr']
2026-08-21 13:15:24,860 - INFO - Capping position size 0.477932 BTC to available cash equivalent 0.130555 BTC.
2026-08-21 13:15:24,918 - INFO - [bot-1787212199635-eab7] Signal LONG active pending approval already exists (ID: 180).
2026-08-21 13:15:25,129 - INFO - Logged heartbeat status: OK
2026-08-21 13:15:25,130 - INFO - Job "LiveRunner.process_cycle (trigger: interval[0:05:00], next run at: 2026-08-21 13:20:24 IST)" executed successfully
2026-08-21 13:20:24,229 - INFO - Running job "LiveRunner.process_cycle (trigger: interval[0:05:00], next run at: 2026-08-21 13:25:24 IST)" (scheduled at 2026-08-21 13:20:24.176711+05:30)
2026-08-21 13:20:24,247 - INFO - [bot-1787212199635-eab7] Starting signal check cycle for BTC/USDT (5m)...
2026-08-21 13:20:24,297 - INFO - Fetching recent candles for BTC/USDT (5m) [Bot: bot-1787212199635-eab7] via ProviderManager...
2026-08-21 13:20:34,344 - ERROR - Binance Spot Network Error: binance GET https://api.binance.com/api/v3/klines?interval=5m&limit=1000&symbol=BTCUSDT
--- Logging error ---
Traceback (most recent call last):
  File "/Users/ashishparadkar/Downloads/algo-code-main/.venv/lib/python3.9/site-packages/urllib3/connectionpool.py", line 534, in _make_request
    response = conn.getresponse()
  File "/Users/ashishparadkar/Downloads/algo-code-main/.venv/lib/python3.9/site-packages/urllib3/connection.py", line 571, in getresponse
    httplib_response = super().getresponse()
  File "/Library/Developer/CommandLineTools/Library/Frameworks/Python3.framework/Versions/3.9/lib/python3.9/http/client.py", line 1349, in getresponse
    response.begin()
  File "/Library/Developer/CommandLineTools/Library/Frameworks/Python3.framework/Versions/3.9/lib/python3.9/http/client.py", line 316, in begin
    version, status, reason = self._read_status()
  File "/Library/Developer/CommandLineTools/Library/Frameworks/Python3.framework/Versions/3.9/lib/python3.9/http/client.py", line 277, in _read_status
    line = str(self.fp.readline(_MAXLINE + 1), "iso-8859-1")
  File "/Library/Developer/CommandLineTools/Library/Frameworks/Python3.framework/Versions/3.9/lib/python3.9/socket.py", line 704, in readinto
    return self._sock.recv_into(b)
  File "/Library/Developer/CommandLineTools/Library/Frameworks/Python3.framework/Versions/3.9/lib/python3.9/ssl.py", line 1241, in recv_into
    return self.read(nbytes, buffer)
  File "/Library/Developer/CommandLineTools/Library/Frameworks/Python3.framework/Versions/3.9/lib/python3.9/ssl.py", line 1099, in read
    return self._sslobj.read(len, buffer)
socket.timeout: The read operation timed out

The above exception was the direct cause of the following exception:

Traceback (most recent call last):
  File "/Users/ashishparadkar/Downloads/algo-code-main/.venv/lib/python3.9/site-packages/requests/adapters.py", line 644, in send
    resp = conn.urlopen(
  File "/Users/ashishparadkar/Downloads/algo-code-main/.venv/lib/python3.9/site-packages/urllib3/connectionpool.py", line 841, in urlopen
    retries = retries.increment(
  File "/Users/ashishparadkar/Downloads/algo-code-main/.venv/lib/python3.9/site-packages/urllib3/util/retry.py", line 490, in increment
    raise reraise(type(error), error, _stacktrace)
  File "/Users/ashishparadkar/Downloads/algo-code-main/.venv/lib/python3.9/site-packages/urllib3/util/util.py", line 39, in reraise
    raise value
  File "/Users/ashishparadkar/Downloads/algo-code-main/.venv/lib/python3.9/site-packages/urllib3/connectionpool.py", line 787, in urlopen
    response = self._make_request(
  File "/Users/ashishparadkar/Downloads/algo-code-main/.venv/lib/python3.9/site-packages/urllib3/connectionpool.py", line 536, in _make_request
    self._raise_timeout(err=e, url=url, timeout_value=read_timeout)
  File "/Users/ashishparadkar/Downloads/algo-code-main/.venv/lib/python3.9/site-packages/urllib3/connectionpool.py", line 367, in _raise_timeout
    raise ReadTimeoutError(
urllib3.exceptions.ReadTimeoutError: HTTPSConnectionPool(host='api.binance.com', port=443): Read timed out. (read timeout=10.0)

During handling of the above exception, another exception occurred:

Traceback (most recent call last):
  File "/Users/ashishparadkar/Downloads/algo-code-main/.venv/lib/python3.9/site-packages/ccxt/base/exchange.py", line 665, in fetch
    response = self.session.request(
  File "/Users/ashishparadkar/Downloads/algo-code-main/.venv/lib/python3.9/site-packages/requests/sessions.py", line 589, in request
    resp = self.send(prep, **send_kwargs)
  File "/Users/ashishparadkar/Downloads/algo-code-main/.venv/lib/python3.9/site-packages/requests/sessions.py", line 703, in send
    r = adapter.send(request, **kwargs)
  File "/Users/ashishparadkar/Downloads/algo-code-main/.venv/lib/python3.9/site-packages/requests/adapters.py", line 690, in send
    raise ReadTimeout(e, request=request)
requests.exceptions.ReadTimeout: HTTPSConnectionPool(host='api.binance.com', port=443): Read timed out. (read timeout=10.0)

The above exception was the direct cause of the following exception:

Traceback (most recent call last):
  File "/Users/ashishparadkar/Downloads/algo-code-main/src/provider_manager.py", line 351, in fetch_ohlcv_safe
    df = adapter.fetch_ohlcv(instrument, timeframe, limit=limit)
  File "/Users/ashishparadkar/Downloads/algo-code-main/src/provider_manager.py", line 211, in fetch_ohlcv
    raise net_err
  File "/Users/ashishparadkar/Downloads/algo-code-main/src/provider_manager.py", line 183, in fetch_ohlcv
    raw_candles = self.exchange.fetch_ohlcv(
  File "/Users/ashishparadkar/Downloads/algo-code-main/.venv/lib/python3.9/site-packages/ccxt/binance.py", line 4759, in fetch_ohlcv
    response = self.publicGetKlines(self.extend(request, params))
  File "/Users/ashishparadkar/Downloads/algo-code-main/.venv/lib/python3.9/site-packages/ccxt/base/types.py", line 35, in unbound_method
    return _self.request(self.path, self.api, self.method, params, config=self.config)
  File "/Users/ashishparadkar/Downloads/algo-code-main/.venv/lib/python3.9/site-packages/ccxt/binance.py", line 11724, in request
    response = self.fetch2(path, api, method, params, headers, body, config)
  File "/Users/ashishparadkar/Downloads/algo-code-main/.venv/lib/python3.9/site-packages/ccxt/base/exchange.py", line 5566, in fetch2
    raise e
  File "/Users/ashishparadkar/Downloads/algo-code-main/.venv/lib/python3.9/site-packages/ccxt/base/exchange.py", line 5549, in fetch2
    response = self.fetch(request['url'], request['method'], request['headers'], request['body'])
  File "/Users/ashishparadkar/Downloads/algo-code-main/.venv/lib/python3.9/site-packages/ccxt/base/exchange.py", line 698, in fetch
    raise RequestTimeout(details) from e
ccxt.base.errors.RequestTimeout: binance GET https://api.binance.com/api/v3/klines?interval=5m&limit=1000&symbol=BTCUSDT

During handling of the above exception, another exception occurred:

Traceback (most recent call last):
  File "/Library/Developer/CommandLineTools/Library/Frameworks/Python3.framework/Versions/3.9/lib/python3.9/logging/__init__.py", line 1083, in emit
    msg = self.format(record)
  File "/Library/Developer/CommandLineTools/Library/Frameworks/Python3.framework/Versions/3.9/lib/python3.9/logging/__init__.py", line 927, in format
    return fmt.format(record)
  File "/Library/Developer/CommandLineTools/Library/Frameworks/Python3.framework/Versions/3.9/lib/python3.9/logging/__init__.py", line 663, in format
    record.message = record.getMessage()
  File "/Library/Developer/CommandLineTools/Library/Frameworks/Python3.framework/Versions/3.9/lib/python3.9/logging/__init__.py", line 367, in getMessage
    msg = msg % self.args
TypeError: must be real number, not RequestTimeout
Call stack:
  File "/Library/Developer/CommandLineTools/Library/Frameworks/Python3.framework/Versions/3.9/lib/python3.9/threading.py", line 930, in _bootstrap
    self._bootstrap_inner()
  File "/Library/Developer/CommandLineTools/Library/Frameworks/Python3.framework/Versions/3.9/lib/python3.9/threading.py", line 973, in _bootstrap_inner
    self.run()
  File "/Library/Developer/CommandLineTools/Library/Frameworks/Python3.framework/Versions/3.9/lib/python3.9/threading.py", line 910, in run
    self._target(*self._args, **self._kwargs)
  File "/Library/Developer/CommandLineTools/Library/Frameworks/Python3.framework/Versions/3.9/lib/python3.9/concurrent/futures/thread.py", line 77, in _worker
    work_item.run()
  File "/Library/Developer/CommandLineTools/Library/Frameworks/Python3.framework/Versions/3.9/lib/python3.9/concurrent/futures/thread.py", line 52, in run
    result = self.fn(*self.args, **self.kwargs)
  File "/Users/ashishparadkar/Downloads/algo-code-main/.venv/lib/python3.9/site-packages/apscheduler/executors/base.py", line 131, in run_job
    retval = job.func(*job.args, **job.kwargs)
  File "/Users/ashishparadkar/Downloads/algo-code-main/src/live_runner.py", line 199, in process_cycle
    df, _ = self.provider_manager.fetch_ohlcv_safe(self.symbol, self.timeframe, limit=1000)
  File "/Users/ashishparadkar/Downloads/algo-code-main/src/provider_manager.py", line 362, in fetch_ohlcv_safe
    logger.warning(
Message: 'Retryable network failure for %s (Attempt %d/%d). Backing off %.2fs: %s'
Arguments: ('BTC/USDT', 1, 3, RequestTimeout('binance GET https://api.binance.com/api/v3/klines?interval=5m&limit=1000&symbol=BTCUSDT'))
2026-08-21 13:20:36,025 - ERROR - Binance Spot Network Error: binance GET https://api.binance.com/api/v3/klines?interval=5m&limit=1000&symbol=BTCUSDT
--- Logging error ---
Traceback (most recent call last):
  File "/Users/ashishparadkar/Downloads/algo-code-main/.venv/lib/python3.9/site-packages/urllib3/connection.py", line 204, in _new_conn
    sock = connection.create_connection(
  File "/Users/ashishparadkar/Downloads/algo-code-main/.venv/lib/python3.9/site-packages/urllib3/util/connection.py", line 60, in create_connection
    for res in socket.getaddrinfo(host, port, family, socket.SOCK_STREAM):
  File "/Library/Developer/CommandLineTools/Library/Frameworks/Python3.framework/Versions/3.9/lib/python3.9/socket.py", line 953, in getaddrinfo
    for res in _socket.getaddrinfo(host, port, family, type, proto, flags):
socket.gaierror: [Errno 8] nodename nor servname provided, or not known

The above exception was the direct cause of the following exception:

Traceback (most recent call last):
  File "/Users/ashishparadkar/Downloads/algo-code-main/.venv/lib/python3.9/site-packages/urllib3/connectionpool.py", line 787, in urlopen
    response = self._make_request(
  File "/Users/ashishparadkar/Downloads/algo-code-main/.venv/lib/python3.9/site-packages/urllib3/connectionpool.py", line 488, in _make_request
    raise new_e
  File "/Users/ashishparadkar/Downloads/algo-code-main/.venv/lib/python3.9/site-packages/urllib3/connectionpool.py", line 464, in _make_request
    self._validate_conn(conn)
  File "/Users/ashishparadkar/Downloads/algo-code-main/.venv/lib/python3.9/site-packages/urllib3/connectionpool.py", line 1093, in _validate_conn
    conn.connect()
  File "/Users/ashishparadkar/Downloads/algo-code-main/.venv/lib/python3.9/site-packages/urllib3/connection.py", line 759, in connect
    self.sock = sock = self._new_conn()
  File "/Users/ashishparadkar/Downloads/algo-code-main/.venv/lib/python3.9/site-packages/urllib3/connection.py", line 211, in _new_conn
    raise NameResolutionError(self.host, self, e) from e
urllib3.exceptions.NameResolutionError: HTTPSConnection(host='api.binance.com', port=443): Failed to resolve 'api.binance.com' ([Errno 8] nodename nor servname provided, or not known)

The above exception was the direct cause of the following exception:

Traceback (most recent call last):
  File "/Users/ashishparadkar/Downloads/algo-code-main/.venv/lib/python3.9/site-packages/requests/adapters.py", line 644, in send
    resp = conn.urlopen(
  File "/Users/ashishparadkar/Downloads/algo-code-main/.venv/lib/python3.9/site-packages/urllib3/connectionpool.py", line 841, in urlopen
    retries = retries.increment(
  File "/Users/ashishparadkar/Downloads/algo-code-main/.venv/lib/python3.9/site-packages/urllib3/util/retry.py", line 535, in increment
    raise MaxRetryError(_pool, url, reason) from reason  # type: ignore[arg-type]
urllib3.exceptions.MaxRetryError: HTTPSConnectionPool(host='api.binance.com', port=443): Max retries exceeded with url: /api/v3/klines?interval=5m&limit=1000&symbol=BTCUSDT (Caused by NameResolutionError("HTTPSConnection(host='api.binance.com', port=443): Failed to resolve 'api.binance.com' ([Errno 8] nodename nor servname provided, or not known)"))

During handling of the above exception, another exception occurred:

Traceback (most recent call last):
  File "/Users/ashishparadkar/Downloads/algo-code-main/.venv/lib/python3.9/site-packages/ccxt/base/exchange.py", line 665, in fetch
    response = self.session.request(
  File "/Users/ashishparadkar/Downloads/algo-code-main/.venv/lib/python3.9/site-packages/requests/sessions.py", line 589, in request
    resp = self.send(prep, **send_kwargs)
  File "/Users/ashishparadkar/Downloads/algo-code-main/.venv/lib/python3.9/site-packages/requests/sessions.py", line 703, in send
    r = adapter.send(request, **kwargs)
  File "/Users/ashishparadkar/Downloads/algo-code-main/.venv/lib/python3.9/site-packages/requests/adapters.py", line 677, in send
    raise ConnectionError(e, request=request)
requests.exceptions.ConnectionError: HTTPSConnectionPool(host='api.binance.com', port=443): Max retries exceeded with url: /api/v3/klines?interval=5m&limit=1000&symbol=BTCUSDT (Caused by NameResolutionError("HTTPSConnection(host='api.binance.com', port=443): Failed to resolve 'api.binance.com' ([Errno 8] nodename nor servname provided, or not known)"))

The above exception was the direct cause of the following exception:

Traceback (most recent call last):
  File "/Users/ashishparadkar/Downloads/algo-code-main/src/provider_manager.py", line 351, in fetch_ohlcv_safe
    df = adapter.fetch_ohlcv(instrument, timeframe, limit=limit)
  File "/Users/ashishparadkar/Downloads/algo-code-main/src/provider_manager.py", line 211, in fetch_ohlcv
    raise net_err
  File "/Users/ashishparadkar/Downloads/algo-code-main/src/provider_manager.py", line 183, in fetch_ohlcv
    raw_candles = self.exchange.fetch_ohlcv(
  File "/Users/ashishparadkar/Downloads/algo-code-main/.venv/lib/python3.9/site-packages/ccxt/binance.py", line 4759, in fetch_ohlcv
    response = self.publicGetKlines(self.extend(request, params))
  File "/Users/ashishparadkar/Downloads/algo-code-main/.venv/lib/python3.9/site-packages/ccxt/base/types.py", line 35, in unbound_method
    return _self.request(self.path, self.api, self.method, params, config=self.config)
  File "/Users/ashishparadkar/Downloads/algo-code-main/.venv/lib/python3.9/site-packages/ccxt/binance.py", line 11724, in request
    response = self.fetch2(path, api, method, params, headers, body, config)
  File "/Users/ashishparadkar/Downloads/algo-code-main/.venv/lib/python3.9/site-packages/ccxt/base/exchange.py", line 5566, in fetch2
    raise e
  File "/Users/ashishparadkar/Downloads/algo-code-main/.venv/lib/python3.9/site-packages/ccxt/base/exchange.py", line 5549, in fetch2
    response = self.fetch(request['url'], request['method'], request['headers'], request['body'])
  File "/Users/ashishparadkar/Downloads/algo-code-main/.venv/lib/python3.9/site-packages/ccxt/base/exchange.py", line 721, in fetch
    raise NetworkError(details) from e
ccxt.base.errors.NetworkError: binance GET https://api.binance.com/api/v3/klines?interval=5m&limit=1000&symbol=BTCUSDT

During handling of the above exception, another exception occurred:

Traceback (most recent call last):
  File "/Library/Developer/CommandLineTools/Library/Frameworks/Python3.framework/Versions/3.9/lib/python3.9/logging/__init__.py", line 1083, in emit
    msg = self.format(record)
  File "/Library/Developer/CommandLineTools/Library/Frameworks/Python3.framework/Versions/3.9/lib/python3.9/logging/__init__.py", line 927, in format
    return fmt.format(record)
  File "/Library/Developer/CommandLineTools/Library/Frameworks/Python3.framework/Versions/3.9/lib/python3.9/logging/__init__.py", line 663, in format
    record.message = record.getMessage()
  File "/Library/Developer/CommandLineTools/Library/Frameworks/Python3.framework/Versions/3.9/lib/python3.9/logging/__init__.py", line 367, in getMessage
    msg = msg % self.args
TypeError: must be real number, not NetworkError
Call stack:
  File "/Library/Developer/CommandLineTools/Library/Frameworks/Python3.framework/Versions/3.9/lib/python3.9/threading.py", line 930, in _bootstrap
    self._bootstrap_inner()
  File "/Library/Developer/CommandLineTools/Library/Frameworks/Python3.framework/Versions/3.9/lib/python3.9/threading.py", line 973, in _bootstrap_inner
    self.run()
  File "/Library/Developer/CommandLineTools/Library/Frameworks/Python3.framework/Versions/3.9/lib/python3.9/threading.py", line 910, in run
    self._target(*self._args, **self._kwargs)
  File "/Library/Developer/CommandLineTools/Library/Frameworks/Python3.framework/Versions/3.9/lib/python3.9/concurrent/futures/thread.py", line 77, in _worker
    work_item.run()
  File "/Library/Developer/CommandLineTools/Library/Frameworks/Python3.framework/Versions/3.9/lib/python3.9/concurrent/futures/thread.py", line 52, in run
    result = self.fn(*self.args, **self.kwargs)
  File "/Users/ashishparadkar/Downloads/algo-code-main/.venv/lib/python3.9/site-packages/apscheduler/executors/base.py", line 131, in run_job
    retval = job.func(*job.args, **job.kwargs)
  File "/Users/ashishparadkar/Downloads/algo-code-main/src/live_runner.py", line 199, in process_cycle
    df, _ = self.provider_manager.fetch_ohlcv_safe(self.symbol, self.timeframe, limit=1000)
  File "/Users/ashishparadkar/Downloads/algo-code-main/src/provider_manager.py", line 362, in fetch_ohlcv_safe
    logger.warning(
Message: 'Retryable network failure for %s (Attempt %d/%d). Backing off %.2fs: %s'
Arguments: ('BTC/USDT', 2, 3, NetworkError('binance GET https://api.binance.com/api/v3/klines?interval=5m&limit=1000&symbol=BTCUSDT'))
2026-08-21 13:20:38,268 - ERROR - Binance Spot Network Error: binance GET https://api.binance.com/api/v3/klines?interval=5m&limit=1000&symbol=BTCUSDT
2026-08-21 13:20:38,269 - ERROR - System Error in runner execution cycle: binance GET https://api.binance.com/api/v3/klines?interval=5m&limit=1000&symbol=BTCUSDT
Traceback (most recent call last):
  File "/Users/ashishparadkar/Downloads/algo-code-main/.venv/lib/python3.9/site-packages/urllib3/connection.py", line 204, in _new_conn
    sock = connection.create_connection(
  File "/Users/ashishparadkar/Downloads/algo-code-main/.venv/lib/python3.9/site-packages/urllib3/util/connection.py", line 60, in create_connection
    for res in socket.getaddrinfo(host, port, family, socket.SOCK_STREAM):
  File "/Library/Developer/CommandLineTools/Library/Frameworks/Python3.framework/Versions/3.9/lib/python3.9/socket.py", line 953, in getaddrinfo
    for res in _socket.getaddrinfo(host, port, family, type, proto, flags):
socket.gaierror: [Errno 8] nodename nor servname provided, or not known

The above exception was the direct cause of the following exception:

Traceback (most recent call last):
  File "/Users/ashishparadkar/Downloads/algo-code-main/.venv/lib/python3.9/site-packages/urllib3/connectionpool.py", line 787, in urlopen
    response = self._make_request(
  File "/Users/ashishparadkar/Downloads/algo-code-main/.venv/lib/python3.9/site-packages/urllib3/connectionpool.py", line 488, in _make_request
    raise new_e
  File "/Users/ashishparadkar/Downloads/algo-code-main/.venv/lib/python3.9/site-packages/urllib3/connectionpool.py", line 464, in _make_request
    self._validate_conn(conn)
  File "/Users/ashishparadkar/Downloads/algo-code-main/.venv/lib/python3.9/site-packages/urllib3/connectionpool.py", line 1093, in _validate_conn
    conn.connect()
  File "/Users/ashishparadkar/Downloads/algo-code-main/.venv/lib/python3.9/site-packages/urllib3/connection.py", line 759, in connect
    self.sock = sock = self._new_conn()
  File "/Users/ashishparadkar/Downloads/algo-code-main/.venv/lib/python3.9/site-packages/urllib3/connection.py", line 211, in _new_conn
    raise NameResolutionError(self.host, self, e) from e
urllib3.exceptions.NameResolutionError: HTTPSConnection(host='api.binance.com', port=443): Failed to resolve 'api.binance.com' ([Errno 8] nodename nor servname provided, or not known)

The above exception was the direct cause of the following exception:

Traceback (most recent call last):
  File "/Users/ashishparadkar/Downloads/algo-code-main/.venv/lib/python3.9/site-packages/requests/adapters.py", line 644, in send
    resp = conn.urlopen(
  File "/Users/ashishparadkar/Downloads/algo-code-main/.venv/lib/python3.9/site-packages/urllib3/connectionpool.py", line 841, in urlopen
    retries = retries.increment(
  File "/Users/ashishparadkar/Downloads/algo-code-main/.venv/lib/python3.9/site-packages/urllib3/util/retry.py", line 535, in increment
    raise MaxRetryError(_pool, url, reason) from reason  # type: ignore[arg-type]
urllib3.exceptions.MaxRetryError: HTTPSConnectionPool(host='api.binance.com', port=443): Max retries exceeded with url: /api/v3/klines?interval=5m&limit=1000&symbol=BTCUSDT (Caused by NameResolutionError("HTTPSConnection(host='api.binance.com', port=443): Failed to resolve 'api.binance.com' ([Errno 8] nodename nor servname provided, or not known)"))

During handling of the above exception, another exception occurred:

Traceback (most recent call last):
  File "/Users/ashishparadkar/Downloads/algo-code-main/.venv/lib/python3.9/site-packages/ccxt/base/exchange.py", line 665, in fetch
    response = self.session.request(
  File "/Users/ashishparadkar/Downloads/algo-code-main/.venv/lib/python3.9/site-packages/requests/sessions.py", line 589, in request
    resp = self.send(prep, **send_kwargs)
  File "/Users/ashishparadkar/Downloads/algo-code-main/.venv/lib/python3.9/site-packages/requests/sessions.py", line 703, in send
    r = adapter.send(request, **kwargs)
  File "/Users/ashishparadkar/Downloads/algo-code-main/.venv/lib/python3.9/site-packages/requests/adapters.py", line 677, in send
    raise ConnectionError(e, request=request)
requests.exceptions.ConnectionError: HTTPSConnectionPool(host='api.binance.com', port=443): Max retries exceeded with url: /api/v3/klines?interval=5m&limit=1000&symbol=BTCUSDT (Caused by NameResolutionError("HTTPSConnection(host='api.binance.com', port=443): Failed to resolve 'api.binance.com' ([Errno 8] nodename nor servname provided, or not known)"))

The above exception was the direct cause of the following exception:

Traceback (most recent call last):
  File "/Users/ashishparadkar/Downloads/algo-code-main/src/live_runner.py", line 199, in process_cycle
    df, _ = self.provider_manager.fetch_ohlcv_safe(self.symbol, self.timeframe, limit=1000)
  File "/Users/ashishparadkar/Downloads/algo-code-main/src/provider_manager.py", line 359, in fetch_ohlcv_safe
    raise retryable_err
  File "/Users/ashishparadkar/Downloads/algo-code-main/src/provider_manager.py", line 351, in fetch_ohlcv_safe
    df = adapter.fetch_ohlcv(instrument, timeframe, limit=limit)
  File "/Users/ashishparadkar/Downloads/algo-code-main/src/provider_manager.py", line 211, in fetch_ohlcv
    raise net_err
  File "/Users/ashishparadkar/Downloads/algo-code-main/src/provider_manager.py", line 183, in fetch_ohlcv
    raw_candles = self.exchange.fetch_ohlcv(
  File "/Users/ashishparadkar/Downloads/algo-code-main/.venv/lib/python3.9/site-packages/ccxt/binance.py", line 4759, in fetch_ohlcv
    response = self.publicGetKlines(self.extend(request, params))
  File "/Users/ashishparadkar/Downloads/algo-code-main/.venv/lib/python3.9/site-packages/ccxt/base/types.py", line 35, in unbound_method
    return _self.request(self.path, self.api, self.method, params, config=self.config)
  File "/Users/ashishparadkar/Downloads/algo-code-main/.venv/lib/python3.9/site-packages/ccxt/binance.py", line 11724, in request
    response = self.fetch2(path, api, method, params, headers, body, config)
  File "/Users/ashishparadkar/Downloads/algo-code-main/.venv/lib/python3.9/site-packages/ccxt/base/exchange.py", line 5566, in fetch2
    raise e
  File "/Users/ashishparadkar/Downloads/algo-code-main/.venv/lib/python3.9/site-packages/ccxt/base/exchange.py", line 5549, in fetch2
    response = self.fetch(request['url'], request['method'], request['headers'], request['body'])
  File "/Users/ashishparadkar/Downloads/algo-code-main/.venv/lib/python3.9/site-packages/ccxt/base/exchange.py", line 721, in fetch
    raise NetworkError(details) from e
ccxt.base.errors.NetworkError: binance GET https://api.binance.com/api/v3/klines?interval=5m&limit=1000&symbol=BTCUSDT
2026-08-21 13:20:38,341 - WARNING - [bot-1787212199635-eab7] Marked bot as non-retryable configuration error to prevent infinite error storm.
2026-08-21 13:20:38,447 - WARNING - Telegram alert [GENERAL] failed (Connection Error: HTTPSConnectionPool(host='api.telegram.org', port=443): Max retries exceeded with url: /bot8865086302:AAHhh3VL9czoQRSnw8Hf9iyDEwGJnqQTtqc/sendMessage (Caused by NameResolutionError("HTTPSConnection(host='api.telegram.org', port=443): Failed to resolve 'api.telegram.org' ([Errno 8] nodename nor servname provided, or not known)"))). Re-queueing retry 1/3 in 1.0s
2026-08-21 13:20:38,623 - INFO - Logged heartbeat status: ERROR
2026-08-21 13:20:38,623 - INFO - Job "LiveRunner.process_cycle (trigger: interval[0:05:00], next run at: 2026-08-21 13:25:24 IST)" executed successfully
2026-08-21 13:20:39,454 - WARNING - Telegram alert [GENERAL] failed (Connection Error: HTTPSConnectionPool(host='api.telegram.org', port=443): Max retries exceeded with url: /bot8865086302:AAHhh3VL9czoQRSnw8Hf9iyDEwGJnqQTtqc/sendMessage (Caused by NameResolutionError("HTTPSConnection(host='api.telegram.org', port=443): Failed to resolve 'api.telegram.org' ([Errno 8] nodename nor servname provided, or not known)"))). Re-queueing retry 2/3 in 2.0s
2026-08-21 13:20:40,470 - WARNING - Telegram alert [GENERAL] failed (Connection Error: HTTPSConnectionPool(host='api.telegram.org', port=443): Max retries exceeded with url: /bot8865086302:AAHhh3VL9czoQRSnw8Hf9iyDEwGJnqQTtqc/sendMessage (Caused by NameResolutionError("HTTPSConnection(host='api.telegram.org', port=443): Failed to resolve 'api.telegram.org' ([Errno 8] nodename nor servname provided, or not known)"))). Re-queueing retry 3/3 in 4.0s
2026-08-21 13:20:41,480 - ERROR - Telegram alert [GENERAL] failed permanently after 3 retries: Connection Error: HTTPSConnectionPool(host='api.telegram.org', port=443): Max retries exceeded with url: /bot8865086302:AAHhh3VL9czoQRSnw8Hf9iyDEwGJnqQTtqc/sendMessage (Caused by NameResolutionError("HTTPSConnection(host='api.telegram.org', port=443): Failed to resolve 'api.telegram.org' ([Errno 8] nodename nor servname provided, or not known)"))
2026-08-21 13:25:24,186 - INFO - Running job "LiveRunner.process_cycle (trigger: interval[0:05:00], next run at: 2026-08-21 13:30:24 IST)" (scheduled at 2026-08-21 13:25:24.176711+05:30)
2026-08-21 13:25:24,189 - ERROR - [bot-1787212199635-eab7] Halting runner cycle: Bot is configured with unexecutable instrument 'BTC/USDT'. Error: Fatal Non-Retryable Error: binance GET https://api.binance.com/api/v3/klines?interval=5m&limit=1000&symbol=BTCUSDT
2026-08-21 13:25:24,371 - INFO - Job "LiveRunner.process_cycle (trigger: interval[0:05:00], next run at: 2026-08-21 13:30:24 IST)" executed successfully
2026-08-21 13:30:24,193 - INFO - Running job "LiveRunner.process_cycle (trigger: interval[0:05:00], next run at: 2026-08-21 13:35:24 IST)" (scheduled at 2026-08-21 13:30:24.176711+05:30)
2026-08-21 13:30:24,196 - ERROR - [bot-1787212199635-eab7] Halting runner cycle: Bot is configured with unexecutable instrument 'BTC/USDT'. Error: Fatal Non-Retryable Error: binance GET https://api.binance.com/api/v3/klines?interval=5m&limit=1000&symbol=BTCUSDT
2026-08-21 13:30:24,422 - INFO - Job "LiveRunner.process_cycle (trigger: interval[0:05:00], next run at: 2026-08-21 13:35:24 IST)" executed successfully
2026-08-21 13:35:24,232 - INFO - Running job "LiveRunner.process_cycle (trigger: interval[0:05:00], next run at: 2026-08-21 13:40:24 IST)" (scheduled at 2026-08-21 13:35:24.176711+05:30)
2026-08-21 13:35:24,241 - ERROR - [bot-1787212199635-eab7] Halting runner cycle: Bot is configured with unexecutable instrument 'BTC/USDT'. Error: Fatal Non-Retryable Error: binance GET https://api.binance.com/api/v3/klines?interval=5m&limit=1000&symbol=BTCUSDT
2026-08-21 13:35:24,433 - INFO - Job "LiveRunner.process_cycle (trigger: interval[0:05:00], next run at: 2026-08-21 13:40:24 IST)" executed successfully
/Users/ashishparadkar/Downloads/algo-code-main/.venv/lib/python3.9/site-packages/urllib3/__init__.py:35: NotOpenSSLWarning: urllib3 v2 only supports OpenSSL 1.1.1+, currently the 'ssl' module is compiled with 'LibreSSL 2.8.3'. See: https://github.com/urllib3/urllib3/issues/3020
  warnings.warn(
2026-08-21 14:50:51,441 - INFO - Bot state startup reconciliation finished: 0 bot(s) reconciled to STOPPED.
2026-08-21 14:50:52,518 - INFO - Telegram notification service initialized successfully (Chat ID: 5657...)
2026-08-21 14:50:52,778 - INFO - Initializing scheduled trading bot live runner for bot-1787212199635-eab7...
2026-08-21 14:50:53,208 - INFO - SQLite database tables verified/created.
2026-08-21 14:50:53,849 - INFO - Initializing CCXT Binance in TESTNET mode.
2026-08-21 14:51:20,600 - INFO - [bot-1787212199635-eab7] Pre-flight instrument resolved: BTC/USDT (SPOT via binance_spot)
2026-08-21 14:51:20,661 - INFO - [bot-1787212199635-eab7] Starting signal check cycle for BTC/USDT (5m)...
2026-08-21 14:51:21,392 - INFO - Fetching recent candles for BTC/USDT (5m) [Bot: bot-1787212199635-eab7] via ProviderManager...
/Users/ashishparadkar/Downloads/algo-code-main/.venv/lib/python3.9/site-packages/urllib3/__init__.py:35: NotOpenSSLWarning: urllib3 v2 only supports OpenSSL 1.1.1+, currently the 'ssl' module is compiled with 'LibreSSL 2.8.3'. See: https://github.com/urllib3/urllib3/issues/3020
  warnings.warn(
2026-08-21 15:30:17,785 - INFO - Bot state startup reconciliation finished: 0 bot(s) reconciled to STOPPED.
2026-08-21 15:30:18,629 - INFO - Telegram notification service initialized successfully (Chat ID: 5657...)
2026-08-21 15:30:18,637 - INFO - Initializing scheduled trading bot live runner for bot-1787212199635-eab7...
2026-08-21 15:30:18,678 - INFO - SQLite database tables verified/created.
2026-08-21 15:30:19,028 - INFO - Initializing CCXT Binance in TESTNET mode.
2026-08-21 15:30:38,453 - INFO - [bot-1787212199635-eab7] Pre-flight instrument resolved: BTC/USDT (SPOT via binance_spot)
2026-08-21 15:30:38,496 - INFO - [bot-1787212199635-eab7] Starting signal check cycle for BTC/USDT (5m)...
2026-08-21 15:30:38,834 - INFO - Fetching recent candles for BTC/USDT (5m) [Bot: bot-1787212199635-eab7] via ProviderManager...
/Users/ashishparadkar/Downloads/algo-code-main/.venv/lib/python3.9/site-packages/urllib3/__init__.py:35: NotOpenSSLWarning: urllib3 v2 only supports OpenSSL 1.1.1+, currently the 'ssl' module is compiled with 'LibreSSL 2.8.3'. See: https://github.com/urllib3/urllib3/issues/3020
  warnings.warn(
2026-08-21 18:13:27,849 - INFO - Bot state startup reconciliation finished: 0 bot(s) reconciled to STOPPED.
2026-08-21 18:13:28,445 - INFO - Telegram notification service initialized successfully (Chat ID: 5657...)
2026-08-21 18:13:28,462 - INFO - Initializing scheduled trading bot live runner for bot-1787212199635-eab7...
2026-08-21 18:13:28,491 - INFO - SQLite database tables verified/created.
2026-08-21 18:13:29,219 - INFO - Initializing CCXT Binance in TESTNET mode.
2026-08-21 18:13:50,714 - INFO - [bot-1787212199635-eab7] Pre-flight instrument resolved: BTC/USDT (SPOT via binance_spot)
2026-08-21 18:13:50,786 - INFO - [bot-1787212199635-eab7] Starting signal check cycle for BTC/USDT (5m)...
2026-08-21 18:13:51,113 - INFO - Fetching recent candles for BTC/USDT (5m) [Bot: bot-1787212199635-eab7] via ProviderManager...
2026-08-21 18:15:55,737 - INFO - Indicators computed | close=77394.00 ema_9=77076.48 ema_20=77107.16 ema_50=77139.51 ema_200=75467.79 macd=-93.2883 poc=64250.0 val=64025.0 vah=72775.0
2026-08-21 18:15:57,091 - INFO - [bot-1787212199635-eab7] Evaluating strategy on completed candle: 2026-08-21 12:40:00+00:00 at Close price: 77428.01
2026-08-21 18:16:00,754 - INFO - Confluence Evaluation | Regime: TRENDING (ADX=57.9) | Direction: LONG | BullScore: 100.0% | BearScore: 0.0% | Active: ['ema_9', 'ema_20', 'rsi', 'vwap', 'supertrend', 'atr']
2026-08-21 18:16:02,257 - INFO - Capping position size 0.226290 BTC to available cash equivalent 0.129152 BTC.
2026-08-21 18:16:03,991 - INFO - Created pending signal approval ID 204 for bot bot-1787212199635-eab7 (LONG @ $77428.01, status: WAITING_APPROVAL)
2026-08-21 18:16:08,758 - INFO - [bot-1787212199635-eab7] Signal LONG generated (ID: 204). Waiting for manual user approval.
2026-08-21 18:16:11,485 - INFO - Logged heartbeat status: OK
2026-08-21 18:16:12,636 - INFO - Adding job tentatively -- it will be properly scheduled when the scheduler starts
2026-08-21 18:16:12,636 - INFO - Bot bot-1787212199635-eab7 scheduled to check every 5 minutes.
2026-08-21 18:16:13,238 - INFO - Added job "LiveRunner.process_cycle" to job store "default"
2026-08-21 18:16:13,238 - INFO - Scheduler started
/Users/ashishparadkar/Downloads/algo-code-main/.venv/lib/python3.9/site-packages/urllib3/__init__.py:35: NotOpenSSLWarning: urllib3 v2 only supports OpenSSL 1.1.1+, currently the 'ssl' module is compiled with 'LibreSSL 2.8.3'. See: https://github.com/urllib3/urllib3/issues/3020
  warnings.warn(
2026-08-21 20:27:01,465 - INFO - Bot state startup reconciliation finished: 0 bot(s) reconciled to STOPPED.
2026-08-21 20:27:02,248 - INFO - Telegram notification service initialized successfully (Chat ID: 5657...)
2026-08-21 20:27:02,260 - INFO - Initializing scheduled trading bot live runner for bot-1787212199635-eab7...
2026-08-21 20:27:02,699 - INFO - SQLite database tables verified/created.
2026-08-21 20:27:03,148 - INFO - Initializing CCXT Binance in TESTNET mode.
2026-08-21 20:27:25,585 - INFO - [bot-1787212199635-eab7] Pre-flight instrument resolved: BTC/USDT (SPOT via binance_spot)
2026-08-21 20:27:25,663 - INFO - [bot-1787212199635-eab7] Starting signal check cycle for BTC/USDT (5m)...
2026-08-21 20:27:26,415 - INFO - Fetching recent candles for BTC/USDT (5m) [Bot: bot-1787212199635-eab7] via ProviderManager...
/Users/ashishparadkar/Downloads/algo-code-main/.venv/lib/python3.9/site-packages/urllib3/__init__.py:35: NotOpenSSLWarning: urllib3 v2 only supports OpenSSL 1.1.1+, currently the 'ssl' module is compiled with 'LibreSSL 2.8.3'. See: https://github.com/urllib3/urllib3/issues/3020
  warnings.warn(
2026-08-21 21:32:42,047 - INFO - Bot state startup reconciliation finished: 0 bot(s) reconciled to STOPPED.
2026-08-21 21:32:42,997 - INFO - Telegram notification service initialized successfully (Chat ID: 5657...)
2026-08-21 21:32:43,333 - INFO - Initializing scheduled trading bot live runner for bot-1787212199635-eab7...
2026-08-21 21:32:44,083 - INFO - SQLite database tables verified/created.
2026-08-21 21:32:45,434 - INFO - Initializing CCXT Binance in TESTNET mode.
2026-08-21 21:33:29,040 - INFO - [bot-1787212199635-eab7] Pre-flight instrument resolved: BTC/USDT (SPOT via binance_spot)
2026-08-21 21:33:29,555 - INFO - [bot-1787212199635-eab7] Starting signal check cycle for BTC/USDT (5m)...
2026-08-21 21:33:30,211 - INFO - Fetching recent candles for BTC/USDT (5m) [Bot: bot-1787212199635-eab7] via ProviderManager...
2026-08-21 21:41:53,059 - INFO - Indicators computed | close=77066.00 ema_9=77230.34 ema_20=77287.94 ema_50=77240.49 ema_200=76061.13 macd=-16.0039 poc=64250.0 val=64025.0 vah=74325.0
2026-08-21 21:41:55,669 - INFO - [bot-1787212199635-eab7] Evaluating strategy on completed candle: 2026-08-21 16:05:00+00:00 at Close price: 76962.00
2026-08-21 21:42:09,688 - INFO - SHORT signal blocked | Trend blocked (Close 76962.00 >= EMA200 76051.04) | Momentum blocked (MACD 3.0900 >= 0) | Location blocked (Close 76962.00 outside Value Area [62744.50 - 75811.50], VAL=64025.00, VAH=74325.00) | context={'close': 76962.0, 'ema_9': 77271.42691582377, 'ema_20': 77311.30652203494, 'ema_50': 77247.61567582296, 'ema_200': 76051.03583941142, 'macd_line': 3.089965001359815, 'macd_signal': 72.7531430614222, 'macd_hist': -69.66317806006238, 'poc': np.float64(64250.0), 'val': np.float64(64025.0), 'vah': np.float64(74325.0)}
2026-08-21 21:42:12,960 - INFO - Confluence Evaluation | Regime: TRENDING (ADX=29.8) | Direction: HOLD | BullScore: 0.0% | BearScore: 55.9% | Active: ['ema_9', 'ema_20', 'rsi', 'vwap', 'supertrend', 'atr']
2026-08-21 21:42:16,701 - INFO - Signal evaluated: HOLD. Reason/Details: SHORT setup blocked: Trend blocked (Close 76962.00 >= EMA200 76051.04) | Momentum blocked (MACD 3.0900 >= 0) | Location blocked (Close 76962.00 outside Value Area [62744.50 - 75811.50], VAL=64025.00, VAH=74325.00)
2026-08-21 21:42:27,190 - INFO - Logged heartbeat status: OK
2026-08-21 21:42:39,555 - INFO - Adding job tentatively -- it will be properly scheduled when the scheduler starts
2026-08-21 21:42:39,560 - INFO - Bot bot-1787212199635-eab7 scheduled to check every 5 minutes.
2026-08-21 21:42:41,389 - INFO - Added job "LiveRunner.process_cycle" to job store "default"
2026-08-21 21:42:41,390 - INFO - Scheduler started
2026-08-21 21:47:41,256 - WARNING - Run time of job "LiveRunner.process_cycle (trigger: interval[0:05:00], next run at: 2026-08-21 21:52:37 IST)" was missed by 0:00:03.071811
2026-08-21 21:52:40,339 - WARNING - Run time of job "LiveRunner.process_cycle (trigger: interval[0:05:00], next run at: 2026-08-21 21:57:37 IST)" was missed by 0:00:02.352037
2026-08-21 21:57:38,962 - INFO - Running job "LiveRunner.process_cycle (trigger: interval[0:05:00], next run at: 2026-08-21 22:02:37 IST)" (scheduled at 2026-08-21 21:57:37.972028+05:30)
2026-08-21 21:57:46,682 - INFO - [bot-1787212199635-eab7] Starting signal check cycle for BTC/USDT (5m)...
2026-08-21 21:57:50,813 - INFO - Fetching recent candles for BTC/USDT (5m) [Bot: bot-1787212199635-eab7] via ProviderManager...
2026-08-21 21:59:55,065 - INFO - Indicators computed | close=77310.29 ema_9=77200.31 ema_20=77251.80 ema_50=77228.87 ema_200=76092.78 macd=-29.4790 poc=64250.0 val=64025.0 vah=74400.0
2026-08-21 21:59:55,768 - INFO - [bot-1787212199635-eab7] Evaluating strategy on completed candle: 2026-08-21 16:20:00+00:00 at Close price: 77150.00
2026-08-21 22:00:01,460 - INFO - Confluence Evaluation | Regime: TRENDING (ADX=38.1) | Direction: HOLD | BullScore: 44.1% | BearScore: 11.8% | Active: ['ema_9', 'ema_20', 'rsi', 'vwap', 'supertrend', 'atr']
2026-08-21 22:00:04,224 - INFO - Signal evaluated: HOLD. Reason/Details: Confluence score: 44% (HOLD)
2026-08-21 22:00:07,945 - INFO - Logged heartbeat status: OK
2026-08-21 22:00:08,021 - INFO - Job "LiveRunner.process_cycle (trigger: interval[0:05:00], next run at: 2026-08-21 22:02:37 IST)" executed successfully
2026-08-21 22:02:38,278 - INFO - Running job "LiveRunner.process_cycle (trigger: interval[0:05:00], next run at: 2026-08-21 22:02:37 IST)" (scheduled at 2026-08-21 22:02:37.972028+05:30)
2026-08-21 22:02:38,431 - INFO - [bot-1787212199635-eab7] Starting signal check cycle for BTC/USDT (5m)...
2026-08-21 22:02:38,832 - INFO - Fetching recent candles for BTC/USDT (5m) [Bot: bot-1787212199635-eab7] via ProviderManager...
2026-08-21 22:02:56,581 - INFO - Indicators computed | close=77322.84 ema_9=77236.59 ema_20=77264.91 ema_50=77235.32 ema_200=76105.75 macd=-14.8992 poc=69350.0 val=64025.0 vah=74450.0
2026-08-21 22:02:56,689 - INFO - [bot-1787212199635-eab7] Evaluating strategy on completed candle: 2026-08-21 16:25:00+00:00 at Close price: 77383.87
2026-08-21 22:02:57,693 - INFO - Confluence Evaluation | Regime: TRENDING (ADX=39.1) | Direction: LONG | BullScore: 88.2% | BearScore: 11.8% | Active: ['ema_9', 'ema_20', 'rsi', 'vwap', 'supertrend', 'atr']
2026-08-21 22:02:58,671 - INFO - Capping position size 0.295928 BTC to available cash equivalent 0.129226 BTC.
2026-08-21 22:03:00,516 - INFO - Created pending signal approval ID 215 for bot bot-1787212199635-eab7 (LONG @ $77383.87, status: WAITING_APPROVAL)
2026-08-21 22:03:01,465 - INFO - [bot-1787212199635-eab7] Signal LONG generated (ID: 215). Waiting for manual user approval.
2026-08-21 22:03:02,393 - INFO - Logged heartbeat status: OK
2026-08-21 22:03:02,426 - INFO - Job "LiveRunner.process_cycle (trigger: interval[0:05:00], next run at: 2026-08-21 22:07:37 IST)" executed successfully
2026-08-21 22:07:38,005 - INFO - Running job "LiveRunner.process_cycle (trigger: interval[0:05:00], next run at: 2026-08-21 22:12:37 IST)" (scheduled at 2026-08-21 22:07:37.972028+05:30)
2026-08-21 22:07:38,015 - INFO - [bot-1787212199635-eab7] Starting signal check cycle for BTC/USDT (5m)...
2026-08-21 22:07:38,068 - INFO - Fetching recent candles for BTC/USDT (5m) [Bot: bot-1787212199635-eab7] via ProviderManager...
2026-08-21 22:07:38,807 - INFO - Indicators computed | close=77252.00 ema_9=77242.12 ema_20=77265.00 ema_50=77236.55 ema_200=76117.30 macd=-12.6152 poc=69350.0 val=64025.0 vah=74475.0
2026-08-21 22:07:38,809 - INFO - [bot-1787212199635-eab7] Evaluating strategy on completed candle: 2026-08-21 16:30:00+00:00 at Close price: 77338.12
2026-08-21 22:07:38,923 - INFO - Confluence Evaluation | Regime: TRENDING (ADX=39.7) | Direction: HOLD | BullScore: 44.1% | BearScore: 55.9% | Active: ['ema_9', 'ema_20', 'rsi', 'vwap', 'supertrend', 'atr']
2026-08-21 22:07:39,033 - INFO - Signal evaluated: HOLD. Reason/Details: Confluence score: 56% (HOLD)
2026-08-21 22:07:39,267 - INFO - Logged heartbeat status: OK
2026-08-21 22:07:39,268 - INFO - Job "LiveRunner.process_cycle (trigger: interval[0:05:00], next run at: 2026-08-21 22:12:37 IST)" executed successfully
2026-08-21 22:12:38,010 - INFO - Running job "LiveRunner.process_cycle (trigger: interval[0:05:00], next run at: 2026-08-21 22:17:37 IST)" (scheduled at 2026-08-21 22:12:37.972028+05:30)
2026-08-21 22:12:38,076 - INFO - [bot-1787212199635-eab7] Starting signal check cycle for BTC/USDT (5m)...
2026-08-21 22:12:38,127 - INFO - Fetching recent candles for BTC/USDT (5m) [Bot: bot-1787212199635-eab7] via ProviderManager...
2026-08-21 22:12:38,700 - INFO - Indicators computed | close=77294.29 ema_9=77262.84 ema_20=77273.32 ema_50=77241.24 ema_200=76129.65 macd=-4.3044 poc=69350.0 val=64025.0 vah=74475.0
2026-08-21 22:12:38,701 - INFO - [bot-1787212199635-eab7] Evaluating strategy on completed candle: 2026-08-21 16:35:00+00:00 at Close price: 77316.28
2026-08-21 22:12:38,780 - INFO - Confluence Evaluation | Regime: TRENDING (ADX=39.7) | Direction: HOLD | BullScore: 44.1% | BearScore: 55.9% | Active: ['ema_9', 'ema_20', 'rsi', 'vwap', 'supertrend', 'atr']
2026-08-21 22:12:38,901 - INFO - Signal evaluated: HOLD. Reason/Details: Confluence score: 56% (HOLD)
2026-08-21 22:12:39,111 - INFO - Logged heartbeat status: OK
2026-08-21 22:12:39,111 - INFO - Job "LiveRunner.process_cycle (trigger: interval[0:05:00], next run at: 2026-08-21 22:17:37 IST)" executed successfully
2026-08-21 22:17:37,998 - INFO - Running job "LiveRunner.process_cycle (trigger: interval[0:05:00], next run at: 2026-08-21 22:22:37 IST)" (scheduled at 2026-08-21 22:17:37.972028+05:30)
2026-08-21 22:17:38,102 - INFO - [bot-1787212199635-eab7] Starting signal check cycle for BTC/USDT (5m)...
2026-08-21 22:17:38,153 - INFO - Fetching recent candles for BTC/USDT (5m) [Bot: bot-1787212199635-eab7] via ProviderManager...
2026-08-21 22:17:38,913 - INFO - Indicators computed | close=77398.59 ema_9=77300.83 ema_20=77291.09 ema_50=77249.96 ema_200=76142.94 macd=10.7315 poc=69350.0 val=64025.0 vah=74500.0
2026-08-21 22:17:38,916 - INFO - [bot-1787212199635-eab7] Evaluating strategy on completed candle: 2026-08-21 16:40:00+00:00 at Close price: 77362.04
2026-08-21 22:17:38,994 - INFO - Confluence Evaluation | Regime: TRENDING (ADX=40.2) | Direction: LONG | BullScore: 88.2% | BearScore: 11.8% | Active: ['ema_9', 'ema_20', 'rsi', 'vwap', 'supertrend', 'atr']
2026-08-21 22:17:39,117 - INFO - Capping position size 0.527565 BTC to available cash equivalent 0.129262 BTC.
2026-08-21 22:17:39,141 - INFO - [bot-1787212199635-eab7] Signal LONG active pending approval already exists (ID: 215).
2026-08-21 22:17:39,351 - INFO - Logged heartbeat status: OK
2026-08-21 22:17:39,351 - INFO - Job "LiveRunner.process_cycle (trigger: interval[0:05:00], next run at: 2026-08-21 22:22:37 IST)" executed successfully
2026-08-21 22:22:38,024 - INFO - Running job "LiveRunner.process_cycle (trigger: interval[0:05:00], next run at: 2026-08-21 22:27:37 IST)" (scheduled at 2026-08-21 22:22:37.972028+05:30)
2026-08-21 22:22:38,111 - INFO - [bot-1787212199635-eab7] Starting signal check cycle for BTC/USDT (5m)...
2026-08-21 22:22:38,177 - INFO - Fetching recent candles for BTC/USDT (5m) [Bot: bot-1787212199635-eab7] via ProviderManager...
2026-08-21 22:22:38,800 - INFO - Indicators computed | close=77454.00 ema_9=77352.52 ema_20=77317.95 ema_50=77262.92 ema_200=76157.28 macd=30.6806 poc=69350.0 val=64025.0 vah=74525.0
2026-08-21 22:22:38,801 - INFO - [bot-1787212199635-eab7] Evaluating strategy on completed candle: 2026-08-21 16:45:00+00:00 at Close price: 77530.19
2026-08-21 22:22:38,867 - INFO - LONG signal blocked | Location blocked (Close 77530.19 outside Value Area [62744.50 - 76015.50], VAL=64025.00, VAH=74525.00) | context={'close': 77530.19, 'ema_9': 77327.14786556269, 'ema_20': 77303.62543003306, 'ema_50': 77255.12450110391, 'ema_200': 76144.25262187838, 'macd_line': 21.229475276821177, 'macd_signal': 6.32280964717363, 'macd_hist': 14.906665629647547, 'poc': np.float64(69350.0), 'val': np.float64(64025.0), 'vah': np.float64(74525.0)}
2026-08-21 22:22:38,880 - INFO - Confluence Evaluation | Regime: TRENDING (ADX=39.6) | Direction: LONG | BullScore: 88.2% | BearScore: 11.8% | Active: ['ema_9', 'ema_20', 'rsi', 'vwap', 'supertrend', 'atr']
2026-08-21 22:22:39,012 - INFO - Signal evaluated: HOLD. Reason/Details: Confluence score: 88% (LONG) meets 75% threshold
2026-08-21 22:22:39,579 - INFO - Logged heartbeat status: OK
2026-08-21 22:22:39,579 - INFO - Job "LiveRunner.process_cycle (trigger: interval[0:05:00], next run at: 2026-08-21 22:27:37 IST)" executed successfully
2026-08-21 22:27:37,986 - INFO - Running job "LiveRunner.process_cycle (trigger: interval[0:05:00], next run at: 2026-08-21 22:32:37 IST)" (scheduled at 2026-08-21 22:27:37.972028+05:30)
2026-08-21 22:27:37,998 - INFO - [bot-1787212199635-eab7] Starting signal check cycle for BTC/USDT (5m)...
2026-08-21 22:27:38,061 - INFO - Fetching recent candles for BTC/USDT (5m) [Bot: bot-1787212199635-eab7] via ProviderManager...
2026-08-21 22:27:39,211 - INFO - Indicators computed | close=77501.99 ema_9=77384.97 ema_20=77336.85 ema_50=77272.90 ema_200=76170.82 macd=42.5493 poc=69350.0 val=64025.0 vah=74550.0
2026-08-21 22:27:39,215 - INFO - [bot-1787212199635-eab7] Evaluating strategy on completed candle: 2026-08-21 16:50:00+00:00 at Close price: 77470.00
2026-08-21 22:27:39,312 - INFO - Confluence Evaluation | Regime: TRENDING (ADX=39.0) | Direction: HOLD | BullScore: 44.1% | BearScore: 55.9% | Active: ['ema_9', 'ema_20', 'rsi', 'vwap', 'supertrend', 'atr']
2026-08-21 22:27:39,415 - INFO - Signal evaluated: HOLD. Reason/Details: Confluence score: 56% (HOLD)
2026-08-21 22:27:39,638 - INFO - Logged heartbeat status: OK
2026-08-21 22:27:39,638 - INFO - Job "LiveRunner.process_cycle (trigger: interval[0:05:00], next run at: 2026-08-21 22:32:37 IST)" executed successfully
2026-08-21 22:32:38,015 - INFO - Running job "LiveRunner.process_cycle (trigger: interval[0:05:00], next run at: 2026-08-21 22:37:37 IST)" (scheduled at 2026-08-21 22:32:37.972028+05:30)
2026-08-21 22:32:38,111 - INFO - [bot-1787212199635-eab7] Starting signal check cycle for BTC/USDT (5m)...
2026-08-21 22:32:38,326 - INFO - Fetching recent candles for BTC/USDT (5m) [Bot: bot-1787212199635-eab7] via ProviderManager...
2026-08-21 22:32:40,680 - INFO - Indicators computed | close=77615.99 ema_9=77428.62 ema_20=77362.06 ema_50=77285.75 ema_200=76185.05 macd=58.4731 poc=69350.0 val=64025.0 vah=74550.0
2026-08-21 22:32:40,935 - INFO - [bot-1787212199635-eab7] Evaluating strategy on completed candle: 2026-08-21 16:55:00+00:00 at Close price: 77486.01
2026-08-21 22:32:41,120 - INFO - Confluence Evaluation | Regime: TRENDING (ADX=37.1) | Direction: LONG | BullScore: 100.0% | BearScore: 0.0% | Active: ['ema_9', 'ema_20', 'rsi', 'vwap', 'supertrend', 'atr']
2026-08-21 22:32:41,380 - INFO - Capping position size 0.618009 BTC to available cash equivalent 0.129056 BTC.
2026-08-21 22:32:41,578 - INFO - [bot-1787212199635-eab7] Signal LONG active pending approval already exists (ID: 215).
2026-08-21 22:32:41,795 - INFO - Logged heartbeat status: OK
2026-08-21 22:32:41,796 - INFO - Job "LiveRunner.process_cycle (trigger: interval[0:05:00], next run at: 2026-08-21 22:37:37 IST)" executed successfully
2026-08-21 22:37:38,063 - INFO - Running job "LiveRunner.process_cycle (trigger: interval[0:05:00], next run at: 2026-08-21 22:42:37 IST)" (scheduled at 2026-08-21 22:37:37.972028+05:30)
2026-08-21 22:37:38,079 - INFO - [bot-1787212199635-eab7] Starting signal check cycle for BTC/USDT (5m)...
2026-08-21 22:37:38,126 - INFO - Fetching recent candles for BTC/USDT (5m) [Bot: bot-1787212199635-eab7] via ProviderManager...
2026-08-21 22:37:38,604 - INFO - Indicators computed | close=77671.95 ema_9=77462.25 ema_20=77383.48 ema_50=77297.36 ema_200=76198.91 macd=69.9566 poc=69350.0 val=64025.0 vah=74575.0
2026-08-21 22:37:38,605 - INFO - [bot-1787212199635-eab7] Evaluating strategy on completed candle: 2026-08-21 17:00:00+00:00 at Close price: 77522.00
2026-08-21 22:37:38,680 - INFO - Confluence Evaluation | Regime: TRENDING (ADX=34.7) | Direction: LONG | BullScore: 100.0% | BearScore: 0.0% | Active: ['ema_9', 'ema_20', 'rsi', 'vwap', 'supertrend', 'atr']
2026-08-21 22:37:38,743 - INFO - Capping position size 0.614874 BTC to available cash equivalent 0.128996 BTC.
2026-08-21 22:37:38,808 - INFO - Created pending signal approval ID 264 for bot bot-1787212199635-eab7 (LONG @ $77522.00, status: WAITING_APPROVAL)
2026-08-21 22:37:38,857 - INFO - [bot-1787212199635-eab7] Signal LONG generated (ID: 264). Waiting for manual user approval.
2026-08-21 22:37:39,131 - INFO - Logged heartbeat status: OK
2026-08-21 22:37:39,131 - INFO - Job "LiveRunner.process_cycle (trigger: interval[0:05:00], next run at: 2026-08-21 22:42:37 IST)" executed successfully
/Users/ashishparadkar/Downloads/algo-code-main/.venv/lib/python3.9/site-packages/urllib3/__init__.py:35: NotOpenSSLWarning: urllib3 v2 only supports OpenSSL 1.1.1+, currently the 'ssl' module is compiled with 'LibreSSL 2.8.3'. See: https://github.com/urllib3/urllib3/issues/3020
  warnings.warn(
2026-08-21 22:44:45,063 - INFO - Bot state startup reconciliation finished: 0 bot(s) reconciled to STOPPED.
2026-08-21 22:44:45,789 - INFO - Telegram notification service initialized successfully (Chat ID: 5657...)
2026-08-21 22:44:45,808 - INFO - Initializing scheduled trading bot live runner for bot-1787212199635-eab7...
2026-08-21 22:44:46,201 - INFO - SQLite database tables verified/created.
2026-08-21 22:44:47,260 - INFO - Initializing CCXT Binance in TESTNET mode.
2026-08-21 22:45:19,877 - INFO - [bot-1787212199635-eab7] Pre-flight instrument resolved: BTC/USDT (SPOT via binance_spot)
2026-08-21 22:45:22,034 - INFO - [bot-1787212199635-eab7] Starting signal check cycle for BTC/USDT (5m)...
2026-08-21 22:45:22,045 - INFO - Fetching recent candles for BTC/USDT (5m) [Bot: bot-1787212199635-eab7] via ProviderManager...
