/Users/ashishparadkar/Downloads/algo-code-main/.venv/lib/python3.9/site-packages/urllib3/__init__.py:35: NotOpenSSLWarning: urllib3 v2 only supports OpenSSL 1.1.1+, currently the 'ssl' module is compiled with 'LibreSSL 2.8.3'. See: https://github.com/urllib3/urllib3/issues/3020
  warnings.warn(
2026-08-20 22:17:48,354 - INFO - Bot state startup reconciliation finished: 0 bot(s) reconciled to STOPPED.
2026-08-20 22:17:49,986 - INFO - Telegram notification service initialized successfully (Chat ID: 5657...)
2026-08-20 22:17:50,539 - INFO - Initializing scheduled trading bot live runner for bot-1787212339345-1b01...
2026-08-20 22:17:50,988 - INFO - SQLite database tables verified/created.
2026-08-20 22:17:52,269 - INFO - Initializing CCXT Binance in TESTNET mode.
2026-08-20 22:18:26,804 - INFO - [bot-1787212339345-1b01] Pre-flight instrument resolved: BTC/USDT (SPOT via binance_spot)
2026-08-20 22:18:27,592 - INFO - [bot-1787212339345-1b01] Starting signal check cycle for BTC/USDT (5m)...
2026-08-20 22:18:27,653 - INFO - Fetching recent candles for BTC/USDT (5m) [Bot: bot-1787212339345-1b01] via ProviderManager...
2026-08-20 22:19:52,283 - INFO - Indicators computed | close=72556.65 ema_9=72455.45 ema_20=72334.91 ema_50=72095.40 ema_200=70831.26 macd=146.1833 poc=64325.0 val=63300.0 vah=69600.0
2026-08-20 22:19:52,295 - INFO - [bot-1787212339345-1b01] Evaluating strategy on completed candle: 2026-08-20 16:40:00+00:00 at Close price: 72630.89
2026-08-20 22:19:52,881 - INFO - Confluence Evaluation | Regime: TRENDING (ADX=34.9) | Direction: LONG | BullScore: 82.6% | BearScore: 17.4% | Active: ['ema', 'macd', 'rsi', 'vp']
2026-08-20 22:19:53,084 - INFO - Capping position size 0.711946 BTC to available cash equivalent 0.206524 BTC.
2026-08-20 22:19:53,333 - INFO - Created pending signal approval ID 51 for bot bot-1787212339345-1b01 (LONG @ $72630.89, status: WAITING_APPROVAL)
2026-08-20 22:19:53,428 - INFO - [bot-1787212339345-1b01] Signal LONG generated (ID: 51). Waiting for manual user approval.
2026-08-20 22:19:53,831 - INFO - Logged heartbeat status: OK
2026-08-20 22:19:53,952 - INFO - Adding job tentatively -- it will be properly scheduled when the scheduler starts
2026-08-20 22:19:53,953 - INFO - Bot bot-1787212339345-1b01 scheduled to check every 5 minutes.
2026-08-20 22:19:53,968 - INFO - Added job "LiveRunner.process_cycle" to job store "default"
2026-08-20 22:19:53,968 - INFO - Scheduler started
2026-08-20 22:24:54,316 - INFO - Running job "LiveRunner.process_cycle (trigger: interval[0:05:00], next run at: 2026-08-20 22:29:53 IST)" (scheduled at 2026-08-20 22:24:53.951233+05:30)
2026-08-20 22:24:54,506 - INFO - [bot-1787212339345-1b01] Starting signal check cycle for BTC/USDT (5m)...
2026-08-20 22:24:54,581 - INFO - Fetching recent candles for BTC/USDT (5m) [Bot: bot-1787212339345-1b01] via ProviderManager...
2026-08-20 22:24:56,571 - INFO - Indicators computed | close=72645.49 ema_9=72495.27 ema_20=72365.47 ema_50=72117.40 ema_200=70849.42 macd=153.8304 poc=64325.0 val=63300.0 vah=69600.0
2026-08-20 22:24:56,600 - INFO - [bot-1787212339345-1b01] Evaluating strategy on completed candle: 2026-08-20 16:45:00+00:00 at Close price: 72568.00
2026-08-20 22:24:56,852 - INFO - Confluence Evaluation | Regime: TRENDING (ADX=34.0) | Direction: LONG | BullScore: 82.6% | BearScore: 17.4% | Active: ['ema', 'macd', 'rsi', 'vp']
2026-08-20 22:24:57,059 - INFO - Capping position size 0.841538 BTC to available cash equivalent 0.206703 BTC.
2026-08-20 22:24:57,182 - INFO - [bot-1787212339345-1b01] Signal LONG active pending approval already exists (ID: 51).
2026-08-20 22:24:57,396 - INFO - Logged heartbeat status: OK
2026-08-20 22:24:57,398 - INFO - Job "LiveRunner.process_cycle (trigger: interval[0:05:00], next run at: 2026-08-20 22:29:53 IST)" executed successfully
2026-08-20 22:29:53,968 - INFO - Running job "LiveRunner.process_cycle (trigger: interval[0:05:00], next run at: 2026-08-20 22:34:53 IST)" (scheduled at 2026-08-20 22:29:53.951233+05:30)
2026-08-20 22:29:53,974 - INFO - [bot-1787212339345-1b01] Starting signal check cycle for BTC/USDT (5m)...
2026-08-20 22:29:54,022 - INFO - Fetching recent candles for BTC/USDT (5m) [Bot: bot-1787212339345-1b01] via ProviderManager...
2026-08-20 22:29:54,674 - INFO - Indicators computed | close=72847.83 ema_9=72566.50 ema_20=72411.79 ema_50=72146.22 ema_200=70869.35 macd=173.7775 poc=64325.0 val=63300.0 vah=69625.0
2026-08-20 22:29:54,675 - INFO - [bot-1787212339345-1b01] Evaluating strategy on completed candle: 2026-08-20 16:50:00+00:00 at Close price: 72649.99
2026-08-20 22:29:54,748 - INFO - Confluence Evaluation | Regime: TRENDING (ADX=33.2) | Direction: LONG | BullScore: 82.6% | BearScore: 17.4% | Active: ['ema', 'macd', 'rsi', 'vp']
2026-08-20 22:29:54,840 - INFO - Capping position size 0.684510 BTC to available cash equivalent 0.206469 BTC.
2026-08-20 22:29:54,897 - INFO - [bot-1787212339345-1b01] Signal LONG active pending approval already exists (ID: 51).
2026-08-20 22:29:55,077 - INFO - Logged heartbeat status: OK
2026-08-20 22:29:55,078 - INFO - Job "LiveRunner.process_cycle (trigger: interval[0:05:00], next run at: 2026-08-20 22:34:53 IST)" executed successfully
2026-08-20 22:34:53,973 - INFO - Running job "LiveRunner.process_cycle (trigger: interval[0:05:00], next run at: 2026-08-20 22:39:53 IST)" (scheduled at 2026-08-20 22:34:53.951233+05:30)
2026-08-20 22:34:53,983 - INFO - [bot-1787212339345-1b01] Starting signal check cycle for BTC/USDT (5m)...
2026-08-20 22:34:54,030 - INFO - Fetching recent candles for BTC/USDT (5m) [Bot: bot-1787212339345-1b01] via ProviderManager...
2026-08-20 22:34:54,591 - INFO - Indicators computed | close=72766.11 ema_9=72604.72 ema_20=72444.62 ema_50=72170.12 ema_200=70888.12 macd=179.9673 poc=64325.0 val=63300.0 vah=69625.0
2026-08-20 22:34:54,592 - INFO - [bot-1787212339345-1b01] Evaluating strategy on completed candle: 2026-08-20 16:55:00+00:00 at Close price: 72837.15
2026-08-20 22:34:54,665 - INFO - Confluence Evaluation | Regime: TRENDING (ADX=33.1) | Direction: LONG | BullScore: 82.6% | BearScore: 17.4% | Active: ['ema', 'macd', 'rsi', 'vp']
2026-08-20 22:34:54,749 - INFO - Capping position size 0.492247 BTC to available cash equivalent 0.205939 BTC.
2026-08-20 22:34:54,801 - INFO - [bot-1787212339345-1b01] Signal LONG active pending approval already exists (ID: 51).
2026-08-20 22:34:54,980 - INFO - Logged heartbeat status: OK
2026-08-20 22:34:54,981 - INFO - Job "LiveRunner.process_cycle (trigger: interval[0:05:00], next run at: 2026-08-20 22:39:53 IST)" executed successfully
2026-08-20 22:39:54,009 - INFO - Running job "LiveRunner.process_cycle (trigger: interval[0:05:00], next run at: 2026-08-20 22:44:53 IST)" (scheduled at 2026-08-20 22:39:53.951233+05:30)
2026-08-20 22:39:54,244 - INFO - [bot-1787212339345-1b01] Starting signal check cycle for BTC/USDT (5m)...
2026-08-20 22:39:54,331 - INFO - Fetching recent candles for BTC/USDT (5m) [Bot: bot-1787212339345-1b01] via ProviderManager...
2026-08-20 22:39:54,861 - INFO - Indicators computed | close=72671.73 ema_9=72618.12 ema_20=72466.25 ema_50=72189.80 ema_200=70905.87 macd=175.9045 poc=64325.0 val=63300.0 vah=69625.0
2026-08-20 22:39:54,863 - INFO - [bot-1787212339345-1b01] Evaluating strategy on completed candle: 2026-08-20 17:00:00+00:00 at Close price: 72766.11
2026-08-20 22:39:54,930 - INFO - Confluence Evaluation | Regime: TRENDING (ADX=31.9) | Direction: LONG | BullScore: 82.6% | BearScore: 17.4% | Active: ['ema', 'macd', 'rsi', 'vp']
2026-08-20 22:39:55,028 - INFO - Capping position size 0.772062 BTC to available cash equivalent 0.206140 BTC.
2026-08-20 22:39:55,087 - INFO - [bot-1787212339345-1b01] Signal LONG active pending approval already exists (ID: 51).
2026-08-20 22:39:55,295 - INFO - Logged heartbeat status: OK
2026-08-20 22:39:55,296 - INFO - Job "LiveRunner.process_cycle (trigger: interval[0:05:00], next run at: 2026-08-20 22:44:53 IST)" executed successfully
2026-08-20 22:44:53,961 - INFO - Running job "LiveRunner.process_cycle (trigger: interval[0:05:00], next run at: 2026-08-20 22:49:53 IST)" (scheduled at 2026-08-20 22:44:53.951233+05:30)
2026-08-20 22:44:53,971 - INFO - [bot-1787212339345-1b01] Starting signal check cycle for BTC/USDT (5m)...
2026-08-20 22:44:54,026 - INFO - Fetching recent candles for BTC/USDT (5m) [Bot: bot-1787212339345-1b01] via ProviderManager...
2026-08-20 22:44:54,451 - INFO - Indicators computed | close=72688.66 ema_9=72630.99 ema_20=72486.76 ema_50=72209.07 ema_200=70923.53 macd=171.5912 poc=64325.0 val=63300.0 vah=69625.0
2026-08-20 22:44:54,452 - INFO - [bot-1787212339345-1b01] Evaluating strategy on completed candle: 2026-08-20 17:05:00+00:00 at Close price: 72664.00
2026-08-20 22:44:54,529 - INFO - Confluence Evaluation | Regime: TRENDING (ADX=29.5) | Direction: LONG | BullScore: 82.6% | BearScore: 17.4% | Active: ['ema', 'macd', 'rsi', 'vp']
2026-08-20 22:44:54,642 - INFO - Capping position size 1.367989 BTC to available cash equivalent 0.206430 BTC.
2026-08-20 22:44:54,694 - INFO - [bot-1787212339345-1b01] Signal LONG active pending approval already exists (ID: 51).
2026-08-20 22:44:54,925 - INFO - Logged heartbeat status: OK
2026-08-20 22:44:54,925 - INFO - Job "LiveRunner.process_cycle (trigger: interval[0:05:00], next run at: 2026-08-20 22:49:53 IST)" executed successfully
2026-08-20 22:49:53,972 - INFO - Running job "LiveRunner.process_cycle (trigger: interval[0:05:00], next run at: 2026-08-20 22:54:53 IST)" (scheduled at 2026-08-20 22:49:53.951233+05:30)
2026-08-20 22:49:53,983 - INFO - [bot-1787212339345-1b01] Starting signal check cycle for BTC/USDT (5m)...
2026-08-20 22:49:54,037 - INFO - Fetching recent candles for BTC/USDT (5m) [Bot: bot-1787212339345-1b01] via ProviderManager...
2026-08-20 22:49:54,519 - INFO - Indicators computed | close=72652.44 ema_9=72635.82 ema_20=72502.83 ema_50=72226.58 ema_200=70940.77 macd=164.0559 poc=64325.0 val=63300.0 vah=69625.0
2026-08-20 22:49:54,520 - INFO - [bot-1787212339345-1b01] Evaluating strategy on completed candle: 2026-08-20 17:10:00+00:00 at Close price: 72692.00
2026-08-20 22:49:54,592 - INFO - Confluence Evaluation | Regime: TRENDING (ADX=28.2) | Direction: LONG | BullScore: 82.6% | BearScore: 17.4% | Active: ['ema', 'macd', 'rsi', 'vp']
2026-08-20 22:49:54,700 - INFO - Capping position size 1.305369 BTC to available cash equivalent 0.206350 BTC.
2026-08-20 22:49:54,818 - INFO - Created pending signal approval ID 76 for bot bot-1787212339345-1b01 (LONG @ $72692.00, status: WAITING_APPROVAL)
2026-08-20 22:49:54,940 - INFO - [bot-1787212339345-1b01] Signal LONG generated (ID: 76). Waiting for manual user approval.
2026-08-20 22:49:55,140 - INFO - Logged heartbeat status: OK
2026-08-20 22:49:55,140 - INFO - Job "LiveRunner.process_cycle (trigger: interval[0:05:00], next run at: 2026-08-20 22:54:53 IST)" executed successfully
2026-08-21 00:19:53,001 - WARNING - Run time of job "LiveRunner.process_cycle (trigger: interval[0:05:00], next run at: 2026-08-21 00:19:53 IST)" was missed by 0:04:59.050056
2026-08-21 00:19:53,955 - INFO - Running job "LiveRunner.process_cycle (trigger: interval[0:05:00], next run at: 2026-08-21 00:24:53 IST)" (scheduled at 2026-08-21 00:19:53.951233+05:30)
2026-08-21 00:19:53,979 - INFO - [bot-1787212339345-1b01] Starting signal check cycle for BTC/USDT (5m)...
2026-08-21 00:19:54,044 - INFO - Fetching recent candles for BTC/USDT (5m) [Bot: bot-1787212339345-1b01] via ProviderManager...
2026-08-21 00:20:04,154 - ERROR - Binance Spot Network Error: binance GET https://api.binance.com/api/v3/klines?interval=5m&limit=1000&symbol=BTCUSDT
--- Logging error ---
Traceback (most recent call last):
  File "/Users/ashishparadkar/Downloads/algo-code-main/.venv/lib/python3.9/site-packages/urllib3/connectionpool.py", line 534, in _make_request
    response = conn.getresponse()
  File "/Users/ashishparadkar/Downloads/algo-code-main/.venv/lib/python3.9/site-packages/urllib3/connection.py", line 571, in getresponse
    httplib_response = super().getresponse()
  File "/Library/Developer/CommandLineTools/Library/Frameworks/Python3.framework/Versions/3.9/lib/python3.9/http/client.py", line 1349, in getresponse
    response.begin()
  File "/Library/Developer/CommandLineTools/Library/Frameworks/Python3.framework/Versions/3.9/lib/python3.9/http/client.py", line 316, in begin
    version, status, reason = self._read_status()
  File "/Library/Developer/CommandLineTools/Library/Frameworks/Python3.framework/Versions/3.9/lib/python3.9/http/client.py", line 277, in _read_status
    line = str(self.fp.readline(_MAXLINE + 1), "iso-8859-1")
  File "/Library/Developer/CommandLineTools/Library/Frameworks/Python3.framework/Versions/3.9/lib/python3.9/socket.py", line 704, in readinto
    return self._sock.recv_into(b)
  File "/Library/Developer/CommandLineTools/Library/Frameworks/Python3.framework/Versions/3.9/lib/python3.9/ssl.py", line 1241, in recv_into
    return self.read(nbytes, buffer)
  File "/Library/Developer/CommandLineTools/Library/Frameworks/Python3.framework/Versions/3.9/lib/python3.9/ssl.py", line 1099, in read
    return self._sslobj.read(len, buffer)
socket.timeout: The read operation timed out

The above exception was the direct cause of the following exception:

Traceback (most recent call last):
  File "/Users/ashishparadkar/Downloads/algo-code-main/.venv/lib/python3.9/site-packages/requests/adapters.py", line 644, in send
    resp = conn.urlopen(
  File "/Users/ashishparadkar/Downloads/algo-code-main/.venv/lib/python3.9/site-packages/urllib3/connectionpool.py", line 841, in urlopen
    retries = retries.increment(
  File "/Users/ashishparadkar/Downloads/algo-code-main/.venv/lib/python3.9/site-packages/urllib3/util/retry.py", line 490, in increment
    raise reraise(type(error), error, _stacktrace)
  File "/Users/ashishparadkar/Downloads/algo-code-main/.venv/lib/python3.9/site-packages/urllib3/util/util.py", line 39, in reraise
    raise value
  File "/Users/ashishparadkar/Downloads/algo-code-main/.venv/lib/python3.9/site-packages/urllib3/connectionpool.py", line 787, in urlopen
    response = self._make_request(
  File "/Users/ashishparadkar/Downloads/algo-code-main/.venv/lib/python3.9/site-packages/urllib3/connectionpool.py", line 536, in _make_request
    self._raise_timeout(err=e, url=url, timeout_value=read_timeout)
  File "/Users/ashishparadkar/Downloads/algo-code-main/.venv/lib/python3.9/site-packages/urllib3/connectionpool.py", line 367, in _raise_timeout
    raise ReadTimeoutError(
urllib3.exceptions.ReadTimeoutError: HTTPSConnectionPool(host='api.binance.com', port=443): Read timed out. (read timeout=10.0)

During handling of the above exception, another exception occurred:

Traceback (most recent call last):
  File "/Users/ashishparadkar/Downloads/algo-code-main/.venv/lib/python3.9/site-packages/ccxt/base/exchange.py", line 665, in fetch
    response = self.session.request(
  File "/Users/ashishparadkar/Downloads/algo-code-main/.venv/lib/python3.9/site-packages/requests/sessions.py", line 589, in request
    resp = self.send(prep, **send_kwargs)
  File "/Users/ashishparadkar/Downloads/algo-code-main/.venv/lib/python3.9/site-packages/requests/sessions.py", line 703, in send
    r = adapter.send(request, **kwargs)
  File "/Users/ashishparadkar/Downloads/algo-code-main/.venv/lib/python3.9/site-packages/requests/adapters.py", line 690, in send
    raise ReadTimeout(e, request=request)
requests.exceptions.ReadTimeout: HTTPSConnectionPool(host='api.binance.com', port=443): Read timed out. (read timeout=10.0)

The above exception was the direct cause of the following exception:

Traceback (most recent call last):
  File "/Users/ashishparadkar/Downloads/algo-code-main/src/provider_manager.py", line 351, in fetch_ohlcv_safe
    df = adapter.fetch_ohlcv(instrument, timeframe, limit=limit)
  File "/Users/ashishparadkar/Downloads/algo-code-main/src/provider_manager.py", line 211, in fetch_ohlcv
    raise net_err
  File "/Users/ashishparadkar/Downloads/algo-code-main/src/provider_manager.py", line 183, in fetch_ohlcv
    raw_candles = self.exchange.fetch_ohlcv(
  File "/Users/ashishparadkar/Downloads/algo-code-main/.venv/lib/python3.9/site-packages/ccxt/binance.py", line 4759, in fetch_ohlcv
    response = self.publicGetKlines(self.extend(request, params))
  File "/Users/ashishparadkar/Downloads/algo-code-main/.venv/lib/python3.9/site-packages/ccxt/base/types.py", line 35, in unbound_method
    return _self.request(self.path, self.api, self.method, params, config=self.config)
  File "/Users/ashishparadkar/Downloads/algo-code-main/.venv/lib/python3.9/site-packages/ccxt/binance.py", line 11724, in request
    response = self.fetch2(path, api, method, params, headers, body, config)
  File "/Users/ashishparadkar/Downloads/algo-code-main/.venv/lib/python3.9/site-packages/ccxt/base/exchange.py", line 5566, in fetch2
    raise e
  File "/Users/ashishparadkar/Downloads/algo-code-main/.venv/lib/python3.9/site-packages/ccxt/base/exchange.py", line 5549, in fetch2
    response = self.fetch(request['url'], request['method'], request['headers'], request['body'])
  File "/Users/ashishparadkar/Downloads/algo-code-main/.venv/lib/python3.9/site-packages/ccxt/base/exchange.py", line 698, in fetch
    raise RequestTimeout(details) from e
ccxt.base.errors.RequestTimeout: binance GET https://api.binance.com/api/v3/klines?interval=5m&limit=1000&symbol=BTCUSDT

During handling of the above exception, another exception occurred:

Traceback (most recent call last):
  File "/Library/Developer/CommandLineTools/Library/Frameworks/Python3.framework/Versions/3.9/lib/python3.9/logging/__init__.py", line 1083, in emit
    msg = self.format(record)
  File "/Library/Developer/CommandLineTools/Library/Frameworks/Python3.framework/Versions/3.9/lib/python3.9/logging/__init__.py", line 927, in format
    return fmt.format(record)
  File "/Library/Developer/CommandLineTools/Library/Frameworks/Python3.framework/Versions/3.9/lib/python3.9/logging/__init__.py", line 663, in format
    record.message = record.getMessage()
  File "/Library/Developer/CommandLineTools/Library/Frameworks/Python3.framework/Versions/3.9/lib/python3.9/logging/__init__.py", line 367, in getMessage
    msg = msg % self.args
TypeError: must be real number, not RequestTimeout
Call stack:
  File "/Library/Developer/CommandLineTools/Library/Frameworks/Python3.framework/Versions/3.9/lib/python3.9/threading.py", line 930, in _bootstrap
    self._bootstrap_inner()
  File "/Library/Developer/CommandLineTools/Library/Frameworks/Python3.framework/Versions/3.9/lib/python3.9/threading.py", line 973, in _bootstrap_inner
    self.run()
  File "/Library/Developer/CommandLineTools/Library/Frameworks/Python3.framework/Versions/3.9/lib/python3.9/threading.py", line 910, in run
    self._target(*self._args, **self._kwargs)
  File "/Library/Developer/CommandLineTools/Library/Frameworks/Python3.framework/Versions/3.9/lib/python3.9/concurrent/futures/thread.py", line 77, in _worker
    work_item.run()
  File "/Library/Developer/CommandLineTools/Library/Frameworks/Python3.framework/Versions/3.9/lib/python3.9/concurrent/futures/thread.py", line 52, in run
    result = self.fn(*self.args, **self.kwargs)
  File "/Users/ashishparadkar/Downloads/algo-code-main/.venv/lib/python3.9/site-packages/apscheduler/executors/base.py", line 131, in run_job
    retval = job.func(*job.args, **job.kwargs)
  File "/Users/ashishparadkar/Downloads/algo-code-main/src/live_runner.py", line 199, in process_cycle
    df, _ = self.provider_manager.fetch_ohlcv_safe(self.symbol, self.timeframe, limit=1000)
  File "/Users/ashishparadkar/Downloads/algo-code-main/src/provider_manager.py", line 362, in fetch_ohlcv_safe
    logger.warning(
Message: 'Retryable network failure for %s (Attempt %d/%d). Backing off %.2fs: %s'
Arguments: ('BTC/USDT', 1, 3, RequestTimeout('binance GET https://api.binance.com/api/v3/klines?interval=5m&limit=1000&symbol=BTCUSDT'))
2026-08-21 00:20:06,631 - INFO - Indicators computed | close=72524.34 ema_9=72563.96 ema_20=72594.75 ema_50=72448.40 ema_200=71238.32 macd=2.5589 poc=64325.0 val=63300.0 vah=69700.0
2026-08-21 00:20:06,632 - INFO - [bot-1787212339345-1b01] Evaluating strategy on completed candle: 2026-08-20 18:45:00+00:00 at Close price: 72534.00
2026-08-21 00:20:06,708 - INFO - Confluence Evaluation | Regime: TRENDING (ADX=27.7) | Direction: HOLD | BullScore: 0.0% | BearScore: 34.8% | Active: ['ema', 'macd', 'rsi', 'vp']
2026-08-21 00:20:06,796 - INFO - Signal evaluated: HOLD. Reason/Details: Confluence score: 35% (HOLD)
2026-08-21 00:20:07,013 - INFO - Logged heartbeat status: OK
2026-08-21 00:20:07,013 - INFO - Job "LiveRunner.process_cycle (trigger: interval[0:05:00], next run at: 2026-08-21 00:24:53 IST)" executed successfully
2026-08-21 00:24:54,098 - INFO - Running job "LiveRunner.process_cycle (trigger: interval[0:05:00], next run at: 2026-08-21 00:29:53 IST)" (scheduled at 2026-08-21 00:24:53.951233+05:30)
2026-08-21 00:24:54,123 - INFO - [bot-1787212339345-1b01] Starting signal check cycle for BTC/USDT (5m)...
2026-08-21 00:24:54,148 - INFO - Fetching recent candles for BTC/USDT (5m) [Bot: bot-1787212339345-1b01] via ProviderManager...
2026-08-21 00:24:55,493 - INFO - Indicators computed | close=72491.99 ema_9=72557.49 ema_20=72591.67 ema_50=72447.13 ema_200=71238.00 macd=-0.0217 poc=64325.0 val=63300.0 vah=69700.0
2026-08-21 00:24:55,521 - INFO - [bot-1787212339345-1b01] Evaluating strategy on completed candle: 2026-08-20 18:45:00+00:00 at Close price: 72534.00
2026-08-21 00:24:55,771 - INFO - Confluence Evaluation | Regime: TRENDING (ADX=27.7) | Direction: HOLD | BullScore: 0.0% | BearScore: 34.8% | Active: ['ema', 'macd', 'rsi', 'vp']
2026-08-21 00:24:56,064 - INFO - Signal evaluated: HOLD. Reason/Details: Confluence score: 35% (HOLD)
2026-08-21 00:24:56,202 - INFO - Logged heartbeat status: OK
2026-08-21 00:24:56,202 - INFO - Job "LiveRunner.process_cycle (trigger: interval[0:05:00], next run at: 2026-08-21 00:29:53 IST)" executed successfully
/Users/ashishparadkar/Downloads/algo-code-main/.venv/lib/python3.9/site-packages/urllib3/__init__.py:35: NotOpenSSLWarning: urllib3 v2 only supports OpenSSL 1.1.1+, currently the 'ssl' module is compiled with 'LibreSSL 2.8.3'. See: https://github.com/urllib3/urllib3/issues/3020
  warnings.warn(
2026-08-21 06:21:18,301 - INFO - Bot state startup reconciliation finished: 0 bot(s) reconciled to STOPPED.
2026-08-21 06:21:19,274 - INFO - Telegram notification service initialized successfully (Chat ID: 5657...)
2026-08-21 06:21:19,312 - INFO - Initializing scheduled trading bot live runner for bot-1787212339345-1b01...
2026-08-21 06:21:19,823 - INFO - SQLite database tables verified/created.
2026-08-21 06:21:20,684 - INFO - Initializing CCXT Binance in TESTNET mode.
2026-08-21 06:21:47,370 - INFO - [bot-1787212339345-1b01] Pre-flight instrument resolved: BTC/USDT (SPOT via binance_spot)
2026-08-21 06:21:47,441 - INFO - [bot-1787212339345-1b01] Starting signal check cycle for BTC/USDT (5m)...
2026-08-21 06:21:48,123 - INFO - Fetching recent candles for BTC/USDT (5m) [Bot: bot-1787212339345-1b01] via ProviderManager...
2026-08-21 06:23:05,747 - INFO - Indicators computed | close=73802.01 ema_9=73644.17 ema_20=73423.61 ema_50=73102.37 ema_200=72114.32 macd=243.6260 poc=64325.0 val=63575.0 vah=71300.0
2026-08-21 06:23:05,754 - INFO - [bot-1787212339345-1b01] Evaluating strategy on completed candle: 2026-08-21 00:45:00+00:00 at Close price: 73761.56
2026-08-21 06:23:06,215 - INFO - Confluence Evaluation | Regime: TRENDING (ADX=53.5) | Direction: LONG | BullScore: 82.6% | BearScore: 17.4% | Active: ['ema', 'macd', 'rsi', 'vp']
2026-08-21 06:23:06,443 - INFO - Capping position size 0.986064 BTC to available cash equivalent 0.203358 BTC.
2026-08-21 06:23:06,581 - INFO - Created pending signal approval ID 101 for bot bot-1787212339345-1b01 (LONG @ $73761.56, status: WAITING_APPROVAL)
2026-08-21 06:23:06,795 - INFO - [bot-1787212339345-1b01] Signal LONG generated (ID: 101). Waiting for manual user approval.
2026-08-21 06:23:07,091 - INFO - Logged heartbeat status: OK
2026-08-21 06:23:07,231 - INFO - Adding job tentatively -- it will be properly scheduled when the scheduler starts
2026-08-21 06:23:07,231 - INFO - Bot bot-1787212339345-1b01 scheduled to check every 5 minutes.
2026-08-21 06:23:07,234 - INFO - Added job "LiveRunner.process_cycle" to job store "default"
2026-08-21 06:23:07,234 - INFO - Scheduler started
2026-08-21 06:28:07,471 - INFO - Running job "LiveRunner.process_cycle (trigger: interval[0:05:00], next run at: 2026-08-21 06:33:07 IST)" (scheduled at 2026-08-21 06:28:07.230686+05:30)
2026-08-21 06:28:07,558 - INFO - [bot-1787212339345-1b01] Starting signal check cycle for BTC/USDT (5m)...
2026-08-21 06:28:07,627 - INFO - Fetching recent candles for BTC/USDT (5m) [Bot: bot-1787212339345-1b01] via ProviderManager...
2026-08-21 06:28:08,375 - INFO - Indicators computed | close=73697.99 ema_9=73633.17 ema_20=73438.02 ema_50=73120.60 ema_200=72128.73 macd=226.8161 poc=64325.0 val=63575.0 vah=71300.0
2026-08-21 06:28:08,377 - INFO - [bot-1787212339345-1b01] Evaluating strategy on completed candle: 2026-08-21 00:50:00+00:00 at Close price: 73666.00
2026-08-21 06:28:08,451 - INFO - Confluence Evaluation | Regime: TRENDING (ADX=53.5) | Direction: LONG | BullScore: 82.6% | BearScore: 17.4% | Active: ['ema', 'macd', 'rsi', 'vp']
2026-08-21 06:28:08,550 - INFO - Capping position size 1.437608 BTC to available cash equivalent 0.203622 BTC.
2026-08-21 06:28:08,557 - INFO - [bot-1787212339345-1b01] Signal LONG active pending approval already exists (ID: 101).
2026-08-21 06:28:08,775 - INFO - Logged heartbeat status: OK
2026-08-21 06:28:08,776 - INFO - Job "LiveRunner.process_cycle (trigger: interval[0:05:00], next run at: 2026-08-21 06:33:07 IST)" executed successfully
2026-08-21 06:33:07,322 - INFO - Running job "LiveRunner.process_cycle (trigger: interval[0:05:00], next run at: 2026-08-21 06:38:07 IST)" (scheduled at 2026-08-21 06:33:07.230686+05:30)
2026-08-21 06:33:07,362 - INFO - [bot-1787212339345-1b01] Starting signal check cycle for BTC/USDT (5m)...
2026-08-21 06:33:07,390 - INFO - Fetching recent candles for BTC/USDT (5m) [Bot: bot-1787212339345-1b01] via ProviderManager...
2026-08-21 06:33:08,206 - INFO - Indicators computed | close=73832.00 ema_9=73674.54 ema_20=73476.41 ema_50=73148.88 ema_200=72145.78 macd=230.8698 poc=64325.0 val=63575.0 vah=71300.0
2026-08-21 06:33:08,207 - INFO - [bot-1787212339345-1b01] Evaluating strategy on completed candle: 2026-08-21 00:55:00+00:00 at Close price: 73708.02
2026-08-21 06:33:08,280 - INFO - Confluence Evaluation | Regime: TRENDING (ADX=53.7) | Direction: LONG | BullScore: 82.6% | BearScore: 17.4% | Active: ['ema', 'macd', 'rsi', 'vp']
2026-08-21 06:33:08,374 - INFO - Capping position size 1.196649 BTC to available cash equivalent 0.203506 BTC.
2026-08-21 06:33:08,427 - INFO - [bot-1787212339345-1b01] Signal LONG active pending approval already exists (ID: 101).
2026-08-21 06:33:08,627 - INFO - Logged heartbeat status: OK
2026-08-21 06:33:08,627 - INFO - Job "LiveRunner.process_cycle (trigger: interval[0:05:00], next run at: 2026-08-21 06:38:07 IST)" executed successfully
2026-08-21 06:38:07,248 - INFO - Running job "LiveRunner.process_cycle (trigger: interval[0:05:00], next run at: 2026-08-21 06:43:07 IST)" (scheduled at 2026-08-21 06:38:07.230686+05:30)
2026-08-21 06:38:07,262 - INFO - [bot-1787212339345-1b01] Starting signal check cycle for BTC/USDT (5m)...
2026-08-21 06:38:07,308 - INFO - Fetching recent candles for BTC/USDT (5m) [Bot: bot-1787212339345-1b01] via ProviderManager...
2026-08-21 06:38:08,332 - INFO - Indicators computed | close=73896.76 ema_9=73720.27 ema_20=73517.13 ema_50=73178.51 ema_200=72163.28 macd=236.4472 poc=64325.0 val=63575.0 vah=71325.0
2026-08-21 06:38:08,334 - INFO - [bot-1787212339345-1b01] Evaluating strategy on completed candle: 2026-08-21 01:00:00+00:00 at Close price: 73840.01
2026-08-21 06:38:08,454 - INFO - Confluence Evaluation | Regime: TRENDING (ADX=55.5) | Direction: LONG | BullScore: 82.6% | BearScore: 17.4% | Active: ['ema', 'macd', 'rsi', 'vp']
2026-08-21 06:38:08,565 - INFO - Capping position size 0.783924 BTC to available cash equivalent 0.203142 BTC.
2026-08-21 06:38:08,577 - INFO - [bot-1787212339345-1b01] Signal LONG active pending approval already exists (ID: 101).
2026-08-21 06:38:08,835 - INFO - Logged heartbeat status: OK
2026-08-21 06:38:08,836 - INFO - Job "LiveRunner.process_cycle (trigger: interval[0:05:00], next run at: 2026-08-21 06:43:07 IST)" executed successfully
2026-08-21 06:43:07,249 - INFO - Running job "LiveRunner.process_cycle (trigger: interval[0:05:00], next run at: 2026-08-21 06:48:07 IST)" (scheduled at 2026-08-21 06:43:07.230686+05:30)
2026-08-21 06:43:07,273 - INFO - [bot-1787212339345-1b01] Starting signal check cycle for BTC/USDT (5m)...
2026-08-21 06:43:07,331 - INFO - Fetching recent candles for BTC/USDT (5m) [Bot: bot-1787212339345-1b01] via ProviderManager...
2026-08-21 06:43:08,447 - INFO - Indicators computed | close=73963.95 ema_9=73774.30 ema_20=73562.54 ema_50=73210.55 ema_200=72181.53 macd=245.0210 poc=64325.0 val=63575.0 vah=71325.0
2026-08-21 06:43:08,452 - INFO - [bot-1787212339345-1b01] Evaluating strategy on completed candle: 2026-08-21 01:05:00+00:00 at Close price: 73929.87
2026-08-21 06:43:08,743 - INFO - Confluence Evaluation | Regime: TRENDING (ADX=57.3) | Direction: LONG | BullScore: 82.6% | BearScore: 17.4% | Active: ['ema', 'macd', 'rsi', 'vp']
2026-08-21 06:43:08,984 - INFO - Capping position size 0.722509 BTC to available cash equivalent 0.202895 BTC.
2026-08-21 06:43:09,147 - INFO - [bot-1787212339345-1b01] Signal LONG active pending approval already exists (ID: 101).
2026-08-21 06:43:09,706 - INFO - Logged heartbeat status: OK
2026-08-21 06:43:09,706 - INFO - Job "LiveRunner.process_cycle (trigger: interval[0:05:00], next run at: 2026-08-21 06:48:07 IST)" executed successfully
2026-08-21 06:48:07,291 - INFO - Running job "LiveRunner.process_cycle (trigger: interval[0:05:00], next run at: 2026-08-21 06:53:07 IST)" (scheduled at 2026-08-21 06:48:07.230686+05:30)
2026-08-21 06:48:07,402 - INFO - [bot-1787212339345-1b01] Starting signal check cycle for BTC/USDT (5m)...
2026-08-21 06:48:07,476 - INFO - Fetching recent candles for BTC/USDT (5m) [Bot: bot-1787212339345-1b01] via ProviderManager...
2026-08-21 06:48:08,426 - INFO - Indicators computed | close=74462.54 ema_9=73916.20 ema_20=73650.54 ema_50=73260.65 ema_200=72204.49 macd=288.2855 poc=64325.0 val=63575.0 vah=71350.0
2026-08-21 06:48:08,431 - INFO - [bot-1787212339345-1b01] Evaluating strategy on completed candle: 2026-08-21 01:10:00+00:00 at Close price: 73990.50
2026-08-21 06:48:08,541 - INFO - Confluence Evaluation | Regime: TRENDING (ADX=59.3) | Direction: LONG | BullScore: 82.6% | BearScore: 17.4% | Active: ['ema', 'macd', 'rsi', 'vp']
2026-08-21 06:48:08,701 - INFO - Capping position size 0.630451 BTC to available cash equivalent 0.202729 BTC.
2026-08-21 06:48:08,774 - INFO - [bot-1787212339345-1b01] Signal LONG active pending approval already exists (ID: 101).
2026-08-21 06:48:09,044 - INFO - Logged heartbeat status: OK
2026-08-21 06:48:09,045 - INFO - Job "LiveRunner.process_cycle (trigger: interval[0:05:00], next run at: 2026-08-21 06:53:07 IST)" executed successfully
2026-08-21 06:53:07,248 - INFO - Running job "LiveRunner.process_cycle (trigger: interval[0:05:00], next run at: 2026-08-21 06:58:07 IST)" (scheduled at 2026-08-21 06:53:07.230686+05:30)
2026-08-21 06:53:07,259 - INFO - [bot-1787212339345-1b01] Starting signal check cycle for BTC/USDT (5m)...
2026-08-21 06:53:07,268 - INFO - Fetching recent candles for BTC/USDT (5m) [Bot: bot-1787212339345-1b01] via ProviderManager...
2026-08-21 06:53:07,760 - INFO - Indicators computed | close=74344.08 ema_9=74033.35 ema_20=73733.60 ema_50=73310.58 ema_200=72227.72 macd=319.9444 poc=64325.0 val=63575.0 vah=71425.0
2026-08-21 06:53:07,763 - INFO - [bot-1787212339345-1b01] Evaluating strategy on completed candle: 2026-08-21 01:15:00+00:00 at Close price: 74659.92
2026-08-21 06:53:07,831 - INFO - Confluence Evaluation | Regime: TRENDING (ADX=60.9) | Direction: LONG | BullScore: 82.6% | BearScore: 17.4% | Active: ['ema', 'macd', 'rsi', 'vp']
2026-08-21 06:53:07,956 - INFO - Capping position size 0.261947 BTC to available cash equivalent 0.200911 BTC.
2026-08-21 06:53:08,008 - INFO - Created pending signal approval ID 131 for bot bot-1787212339345-1b01 (LONG @ $74659.92, status: WAITING_APPROVAL)
2026-08-21 06:53:08,092 - INFO - [bot-1787212339345-1b01] Signal LONG generated (ID: 131). Waiting for manual user approval.
2026-08-21 06:53:08,304 - INFO - Logged heartbeat status: OK
2026-08-21 06:53:08,304 - INFO - Job "LiveRunner.process_cycle (trigger: interval[0:05:00], next run at: 2026-08-21 06:58:07 IST)" executed successfully
2026-08-21 06:58:07,252 - INFO - Running job "LiveRunner.process_cycle (trigger: interval[0:05:00], next run at: 2026-08-21 07:03:07 IST)" (scheduled at 2026-08-21 06:58:07.230686+05:30)
2026-08-21 06:58:07,263 - INFO - [bot-1787212339345-1b01] Starting signal check cycle for BTC/USDT (5m)...
2026-08-21 06:58:07,308 - INFO - Fetching recent candles for BTC/USDT (5m) [Bot: bot-1787212339345-1b01] via ProviderManager...
2026-08-21 06:58:07,949 - INFO - Indicators computed | close=74692.83 ema_9=74190.45 ema_20=73838.53 ema_50=73370.72 ema_200=72253.80 macd=366.2878 poc=64325.0 val=63575.0 vah=71450.0
2026-08-21 06:58:07,951 - INFO - [bot-1787212339345-1b01] Evaluating strategy on completed candle: 2026-08-21 01:20:00+00:00 at Close price: 74501.59
2026-08-21 06:58:08,009 - INFO - Confluence Evaluation | Regime: TRENDING (ADX=62.1) | Direction: LONG | BullScore: 82.6% | BearScore: 17.4% | Active: ['ema', 'macd', 'rsi', 'vp']
2026-08-21 06:58:08,119 - INFO - Capping position size 0.330666 BTC to available cash equivalent 0.201338 BTC.
2026-08-21 06:58:08,125 - INFO - [bot-1787212339345-1b01] Signal LONG active pending approval already exists (ID: 131).
2026-08-21 06:58:08,323 - INFO - Logged heartbeat status: OK
2026-08-21 06:58:08,323 - INFO - Job "LiveRunner.process_cycle (trigger: interval[0:05:00], next run at: 2026-08-21 07:03:07 IST)" executed successfully
2026-08-21 07:03:07,249 - INFO - Running job "LiveRunner.process_cycle (trigger: interval[0:05:00], next run at: 2026-08-21 07:08:07 IST)" (scheduled at 2026-08-21 07:03:07.230686+05:30)
2026-08-21 07:03:07,297 - INFO - [bot-1787212339345-1b01] Starting signal check cycle for BTC/USDT (5m)...
2026-08-21 07:03:07,347 - INFO - Fetching recent candles for BTC/USDT (5m) [Bot: bot-1787212339345-1b01] via ProviderManager...
2026-08-21 07:03:07,722 - INFO - Indicators computed | close=74944.61 ema_9=74346.71 ema_20=73946.79 ema_50=73433.72 ema_200=72280.91 macd=410.7536 poc=64325.0 val=63575.0 vah=71475.0
2026-08-21 07:03:07,723 - INFO - [bot-1787212339345-1b01] Evaluating strategy on completed candle: 2026-08-21 01:25:00+00:00 at Close price: 74726.77
2026-08-21 07:03:07,785 - INFO - Confluence Evaluation | Regime: TRENDING (ADX=62.4) | Direction: LONG | BullScore: 82.6% | BearScore: 17.4% | Active: ['ema', 'macd', 'rsi', 'vp']
2026-08-21 07:03:07,876 - INFO - Capping position size 0.302243 BTC to available cash equivalent 0.200731 BTC.
2026-08-21 07:03:07,883 - INFO - [bot-1787212339345-1b01] Signal LONG active pending approval already exists (ID: 131).
2026-08-21 07:03:08,058 - INFO - Logged heartbeat status: OK
2026-08-21 07:03:08,059 - INFO - Job "LiveRunner.process_cycle (trigger: interval[0:05:00], next run at: 2026-08-21 07:08:07 IST)" executed successfully
/Users/ashishparadkar/Downloads/algo-code-main/.venv/lib/python3.9/site-packages/urllib3/__init__.py:35: NotOpenSSLWarning: urllib3 v2 only supports OpenSSL 1.1.1+, currently the 'ssl' module is compiled with 'LibreSSL 2.8.3'. See: https://github.com/urllib3/urllib3/issues/3020
  warnings.warn(
2026-08-21 12:13:58,977 - INFO - Bot state startup reconciliation finished: 0 bot(s) reconciled to STOPPED.
2026-08-21 12:14:00,003 - INFO - Telegram notification service initialized successfully (Chat ID: 5657...)
2026-08-21 12:14:00,245 - INFO - Initializing scheduled trading bot live runner for bot-1787212339345-1b01...
2026-08-21 12:14:00,897 - INFO - SQLite database tables verified/created.
2026-08-21 12:14:01,433 - INFO - Initializing CCXT Binance in TESTNET mode.
2026-08-21 12:14:31,404 - INFO - [bot-1787212339345-1b01] Pre-flight instrument resolved: BTC/USDT (SPOT via binance_spot)
2026-08-21 12:14:31,893 - INFO - [bot-1787212339345-1b01] Starting signal check cycle for BTC/USDT (5m)...
2026-08-21 12:14:31,916 - INFO - Fetching recent candles for BTC/USDT (5m) [Bot: bot-1787212339345-1b01] via ProviderManager...
2026-08-21 12:15:48,842 - INFO - Indicators computed | close=75348.70 ema_9=75418.56 ema_20=75325.30 ema_50=75012.09 ema_200=73557.83 macd=130.7702 poc=64275.0 val=64025.0 vah=71850.0
2026-08-21 12:15:48,857 - INFO - [bot-1787212339345-1b01] Evaluating strategy on completed candle: 2026-08-21 06:40:00+00:00 at Close price: 75394.97
2026-08-21 12:15:49,606 - INFO - Confluence Evaluation | Regime: TRENDING (ADX=26.8) | Direction: HOLD | BullScore: 50.0% | BearScore: 17.4% | Active: ['ema', 'macd', 'rsi', 'vp']
2026-08-21 12:15:49,661 - INFO - Signal evaluated: HOLD. Reason/Details: Confluence score: 50% (HOLD)
2026-08-21 12:15:50,011 - INFO - Logged heartbeat status: OK
2026-08-21 12:15:50,068 - INFO - Adding job tentatively -- it will be properly scheduled when the scheduler starts
2026-08-21 12:15:50,068 - INFO - Bot bot-1787212339345-1b01 scheduled to check every 5 minutes.
2026-08-21 12:15:50,073 - INFO - Added job "LiveRunner.process_cycle" to job store "default"
2026-08-21 12:15:50,073 - INFO - Scheduler started
2026-08-21 12:20:50,188 - INFO - Running job "LiveRunner.process_cycle (trigger: interval[0:05:00], next run at: 2026-08-21 12:25:50 IST)" (scheduled at 2026-08-21 12:20:50.065321+05:30)
2026-08-21 12:20:50,229 - INFO - [bot-1787212339345-1b01] Starting signal check cycle for BTC/USDT (5m)...
2026-08-21 12:20:50,308 - INFO - Fetching recent candles for BTC/USDT (5m) [Bot: bot-1787212339345-1b01] via ProviderManager...
2026-08-21 12:20:51,114 - INFO - Indicators computed | close=75492.00 ema_9=75460.06 ema_20=75355.62 ema_50=75037.22 ema_200=73578.73 macd=138.9760 poc=64275.0 val=64025.0 vah=71850.0
2026-08-21 12:20:51,115 - INFO - [bot-1787212339345-1b01] Evaluating strategy on completed candle: 2026-08-21 06:45:00+00:00 at Close price: 75516.28
2026-08-21 12:20:51,193 - INFO - Confluence Evaluation | Regime: TRENDING (ADX=25.9) | Direction: HOLD | BullScore: 50.0% | BearScore: 17.4% | Active: ['ema', 'macd', 'rsi', 'vp']
2026-08-21 12:20:51,284 - INFO - Signal evaluated: HOLD. Reason/Details: Confluence score: 50% (HOLD)
2026-08-21 12:20:51,498 - INFO - Logged heartbeat status: OK
2026-08-21 12:20:51,498 - INFO - Job "LiveRunner.process_cycle (trigger: interval[0:05:00], next run at: 2026-08-21 12:25:50 IST)" executed successfully
2026-08-21 12:25:50,088 - INFO - Running job "LiveRunner.process_cycle (trigger: interval[0:05:00], next run at: 2026-08-21 12:25:50 IST)" (scheduled at 2026-08-21 12:25:50.065321+05:30)
2026-08-21 12:25:50,103 - INFO - [bot-1787212339345-1b01] Starting signal check cycle for BTC/USDT (5m)...
2026-08-21 12:25:50,154 - INFO - Fetching recent candles for BTC/USDT (5m) [Bot: bot-1787212339345-1b01] via ProviderManager...
2026-08-21 12:25:50,941 - INFO - Indicators computed | close=75581.43 ema_9=75492.65 ema_20=75381.60 ema_50=75060.52 ema_200=73599.17 macd=143.6843 poc=64275.0 val=64025.0 vah=71875.0
2026-08-21 12:25:50,942 - INFO - [bot-1787212339345-1b01] Evaluating strategy on completed candle: 2026-08-21 06:50:00+00:00 at Close price: 75544.00
2026-08-21 12:25:51,166 - INFO - Confluence Evaluation | Regime: TRENDING (ADX=25.1) | Direction: HOLD | BullScore: 50.0% | BearScore: 17.4% | Active: ['ema', 'macd', 'rsi', 'vp']
2026-08-21 12:25:51,283 - INFO - Signal evaluated: HOLD. Reason/Details: Confluence score: 50% (HOLD)
2026-08-21 12:25:51,767 - INFO - Logged heartbeat status: OK
2026-08-21 12:25:51,768 - INFO - Job "LiveRunner.process_cycle (trigger: interval[0:05:00], next run at: 2026-08-21 12:30:50 IST)" executed successfully
2026-08-21 12:30:50,078 - INFO - Running job "LiveRunner.process_cycle (trigger: interval[0:05:00], next run at: 2026-08-21 12:35:50 IST)" (scheduled at 2026-08-21 12:30:50.065321+05:30)
2026-08-21 12:30:50,089 - INFO - [bot-1787212339345-1b01] Starting signal check cycle for BTC/USDT (5m)...
2026-08-21 12:30:50,138 - INFO - Fetching recent candles for BTC/USDT (5m) [Bot: bot-1787212339345-1b01] via ProviderManager...
2026-08-21 12:30:50,651 - INFO - Indicators computed | close=75691.99 ema_9=75542.89 ema_20=75416.75 ema_50=75087.72 ema_200=73620.63 macd=155.2952 poc=64275.0 val=64025.0 vah=71875.0
2026-08-21 12:30:50,654 - INFO - [bot-1787212339345-1b01] Evaluating strategy on completed candle: 2026-08-21 06:55:00+00:00 at Close price: 75646.21
2026-08-21 12:30:50,789 - INFO - Confluence Evaluation | Regime: RANGING (ADX=24.8) | Direction: HOLD | BullScore: 67.4% | BearScore: 32.6% | Active: ['ema', 'macd', 'rsi', 'vp']
2026-08-21 12:30:50,911 - INFO - Signal evaluated: HOLD. Reason/Details: Confluence score: 67% (HOLD)
2026-08-21 12:30:51,186 - INFO - Logged heartbeat status: OK
2026-08-21 12:30:51,187 - INFO - Job "LiveRunner.process_cycle (trigger: interval[0:05:00], next run at: 2026-08-21 12:35:50 IST)" executed successfully
2026-08-21 12:35:50,105 - INFO - Running job "LiveRunner.process_cycle (trigger: interval[0:05:00], next run at: 2026-08-21 12:40:50 IST)" (scheduled at 2026-08-21 12:35:50.065321+05:30)
2026-08-21 12:35:50,113 - INFO - [bot-1787212339345-1b01] Starting signal check cycle for BTC/USDT (5m)...
2026-08-21 12:35:50,159 - INFO - Fetching recent candles for BTC/USDT (5m) [Bot: bot-1787212339345-1b01] via ProviderManager...
2026-08-21 12:35:50,566 - INFO - Indicators computed | close=75702.00 ema_9=75581.37 ema_20=75447.50 ema_50=75113.38 ema_200=73641.75 macd=161.9355 poc=64275.0 val=64025.0 vah=71875.0
2026-08-21 12:35:50,567 - INFO - [bot-1787212339345-1b01] Evaluating strategy on completed candle: 2026-08-21 07:00:00+00:00 at Close price: 75733.61
2026-08-21 12:35:50,631 - INFO - Confluence Evaluation | Regime: RANGING (ADX=23.7) | Direction: HOLD | BullScore: 67.4% | BearScore: 32.6% | Active: ['ema', 'macd', 'rsi', 'vp']
2026-08-21 12:35:50,725 - INFO - Signal evaluated: HOLD. Reason/Details: Confluence score: 67% (HOLD)
2026-08-21 12:35:51,106 - INFO - Logged heartbeat status: OK
2026-08-21 12:35:51,106 - INFO - Job "LiveRunner.process_cycle (trigger: interval[0:05:00], next run at: 2026-08-21 12:40:50 IST)" executed successfully
2026-08-21 12:40:50,076 - INFO - Running job "LiveRunner.process_cycle (trigger: interval[0:05:00], next run at: 2026-08-21 12:45:50 IST)" (scheduled at 2026-08-21 12:40:50.065321+05:30)
2026-08-21 12:40:50,083 - INFO - [bot-1787212339345-1b01] Starting signal check cycle for BTC/USDT (5m)...
2026-08-21 12:40:50,127 - INFO - Fetching recent candles for BTC/USDT (5m) [Bot: bot-1787212339345-1b01] via ProviderManager...
2026-08-21 12:40:50,567 - INFO - Indicators computed | close=75910.20 ema_9=75673.74 ema_20=75505.89 ema_50=75150.89 ema_200=73665.96 macd=189.5412 poc=64275.0 val=64025.0 vah=71875.0
2026-08-21 12:40:50,568 - INFO - [bot-1787212339345-1b01] Evaluating strategy on completed candle: 2026-08-21 07:05:00+00:00 at Close price: 75868.28
2026-08-21 12:40:50,633 - INFO - Confluence Evaluation | Regime: RANGING (ADX=22.5) | Direction: HOLD | BullScore: 67.4% | BearScore: 32.6% | Active: ['ema', 'macd', 'rsi', 'vp']
2026-08-21 12:40:50,722 - INFO - Signal evaluated: HOLD. Reason/Details: Confluence score: 67% (HOLD)
2026-08-21 12:40:51,107 - INFO - Logged heartbeat status: OK
2026-08-21 12:40:51,108 - INFO - Job "LiveRunner.process_cycle (trigger: interval[0:05:00], next run at: 2026-08-21 12:45:50 IST)" executed successfully
2026-08-21 12:45:50,078 - INFO - Running job "LiveRunner.process_cycle (trigger: interval[0:05:00], next run at: 2026-08-21 12:50:50 IST)" (scheduled at 2026-08-21 12:45:50.065321+05:30)
2026-08-21 12:45:50,085 - INFO - [bot-1787212339345-1b01] Starting signal check cycle for BTC/USDT (5m)...
2026-08-21 12:45:50,127 - INFO - Fetching recent candles for BTC/USDT (5m) [Bot: bot-1787212339345-1b01] via ProviderManager...
2026-08-21 12:45:50,523 - INFO - Indicators computed | close=76232.51 ema_9=75795.06 ema_20=75580.25 ema_50=75195.56 ema_200=73692.09 macd=228.0110 poc=64275.0 val=64025.0 vah=71875.0
2026-08-21 12:45:50,523 - INFO - [bot-1787212339345-1b01] Evaluating strategy on completed candle: 2026-08-21 07:10:00+00:00 at Close price: 75969.99
2026-08-21 12:45:50,581 - INFO - Confluence Evaluation | Regime: RANGING (ADX=21.9) | Direction: HOLD | BullScore: 67.4% | BearScore: 32.6% | Active: ['ema', 'macd', 'rsi', 'vp']
2026-08-21 12:45:50,678 - INFO - Signal evaluated: HOLD. Reason/Details: Confluence score: 67% (HOLD)
2026-08-21 12:45:50,896 - INFO - Logged heartbeat status: OK
2026-08-21 12:45:50,897 - INFO - Job "LiveRunner.process_cycle (trigger: interval[0:05:00], next run at: 2026-08-21 12:50:50 IST)" executed successfully
2026-08-21 12:50:50,118 - INFO - Running job "LiveRunner.process_cycle (trigger: interval[0:05:00], next run at: 2026-08-21 12:55:50 IST)" (scheduled at 2026-08-21 12:50:50.065321+05:30)
2026-08-21 12:50:50,131 - INFO - [bot-1787212339345-1b01] Starting signal check cycle for BTC/USDT (5m)...
2026-08-21 12:50:50,176 - INFO - Fetching recent candles for BTC/USDT (5m) [Bot: bot-1787212339345-1b01] via ProviderManager...
2026-08-21 12:50:50,682 - INFO - Indicators computed | close=76424.59 ema_9=75961.28 ema_20=75682.37 ema_50=75253.25 ema_200=73721.76 macd=282.6574 poc=64275.0 val=64025.0 vah=71900.0
2026-08-21 12:50:50,685 - INFO - [bot-1787212339345-1b01] Evaluating strategy on completed candle: 2026-08-21 07:15:00+00:00 at Close price: 76484.48
2026-08-21 12:50:50,745 - INFO - Confluence Evaluation | Regime: RANGING (ADX=23.2) | Direction: HOLD | BullScore: 67.4% | BearScore: 32.6% | Active: ['ema', 'macd', 'rsi', 'vp']
2026-08-21 12:50:50,832 - INFO - Signal evaluated: HOLD. Reason/Details: Confluence score: 67% (HOLD)
2026-08-21 12:50:51,022 - INFO - Logged heartbeat status: OK
2026-08-21 12:50:51,026 - INFO - Job "LiveRunner.process_cycle (trigger: interval[0:05:00], next run at: 2026-08-21 12:55:50 IST)" executed successfully
2026-08-21 12:55:50,096 - INFO - Running job "LiveRunner.process_cycle (trigger: interval[0:05:00], next run at: 2026-08-21 13:00:50 IST)" (scheduled at 2026-08-21 12:55:50.065321+05:30)
2026-08-21 12:55:50,104 - INFO - [bot-1787212339345-1b01] Starting signal check cycle for BTC/USDT (5m)...
2026-08-21 12:55:50,146 - INFO - Fetching recent candles for BTC/USDT (5m) [Bot: bot-1787212339345-1b01] via ProviderManager...
2026-08-21 12:55:50,592 - INFO - Indicators computed | close=76355.09 ema_9=76012.72 ema_20=75731.73 ema_50=75290.03 ema_200=73746.28 macd=290.4417 poc=64275.0 val=64025.0 vah=71900.0
2026-08-21 12:55:50,595 - INFO - [bot-1787212339345-1b01] Evaluating strategy on completed candle: 2026-08-21 07:20:00+00:00 at Close price: 76253.84
2026-08-21 12:55:50,664 - INFO - Confluence Evaluation | Regime: TRENDING (ADX=25.2) | Direction: LONG | BullScore: 82.6% | BearScore: 17.4% | Active: ['ema', 'macd', 'rsi', 'vp']
2026-08-21 12:55:50,780 - INFO - Capping position size 0.422857 BTC to available cash equivalent 0.196711 BTC.
2026-08-21 12:55:50,904 - INFO - Created pending signal approval ID 171 for bot bot-1787212339345-1b01 (LONG @ $76253.84, status: WAITING_APPROVAL)
2026-08-21 12:55:51,041 - INFO - [bot-1787212339345-1b01] Signal LONG generated (ID: 171). Waiting for manual user approval.
2026-08-21 12:55:51,249 - INFO - Logged heartbeat status: OK
2026-08-21 12:55:51,249 - INFO - Job "LiveRunner.process_cycle (trigger: interval[0:05:00], next run at: 2026-08-21 13:00:50 IST)" executed successfully
2026-08-21 13:00:50,080 - INFO - Running job "LiveRunner.process_cycle (trigger: interval[0:05:00], next run at: 2026-08-21 13:05:50 IST)" (scheduled at 2026-08-21 13:00:50.065321+05:30)
2026-08-21 13:00:50,094 - INFO - [bot-1787212339345-1b01] Starting signal check cycle for BTC/USDT (5m)...
2026-08-21 13:00:50,156 - INFO - Fetching recent candles for BTC/USDT (5m) [Bot: bot-1787212339345-1b01] via ProviderManager...
2026-08-21 13:00:50,999 - INFO - Indicators computed | close=76475.71 ema_9=76114.17 ema_20=75807.35 ema_50=75338.61 ema_200=73773.98 macd=316.9298 poc=64275.0 val=64025.0 vah=71925.0
2026-08-21 13:00:51,001 - INFO - [bot-1787212339345-1b01] Evaluating strategy on completed candle: 2026-08-21 07:25:00+00:00 at Close price: 76410.38
2026-08-21 13:00:51,079 - INFO - Confluence Evaluation | Regime: TRENDING (ADX=27.7) | Direction: LONG | BullScore: 82.6% | BearScore: 17.4% | Active: ['ema', 'macd', 'rsi', 'vp']
2026-08-21 13:00:51,183 - INFO - Capping position size 0.360564 BTC to available cash equivalent 0.196308 BTC.
2026-08-21 13:00:51,190 - INFO - [bot-1787212339345-1b01] Signal LONG active pending approval already exists (ID: 171).
2026-08-21 13:00:51,435 - INFO - Logged heartbeat status: OK
2026-08-21 13:00:51,436 - INFO - Job "LiveRunner.process_cycle (trigger: interval[0:05:00], next run at: 2026-08-21 13:05:50 IST)" executed successfully
2026-08-21 13:05:50,134 - INFO - Running job "LiveRunner.process_cycle (trigger: interval[0:05:00], next run at: 2026-08-21 13:10:50 IST)" (scheduled at 2026-08-21 13:05:50.065321+05:30)
2026-08-21 13:05:50,178 - INFO - [bot-1787212339345-1b01] Starting signal check cycle for BTC/USDT (5m)...
2026-08-21 13:05:50,238 - INFO - Fetching recent candles for BTC/USDT (5m) [Bot: bot-1787212339345-1b01] via ProviderManager...
2026-08-21 13:05:50,985 - INFO - Indicators computed | close=76371.87 ema_9=76151.13 ema_20=75853.26 ema_50=75375.70 ema_200=73798.94 macd=316.7209 poc=64325.0 val=64025.0 vah=71925.0
2026-08-21 13:05:50,988 - INFO - [bot-1787212339345-1b01] Evaluating strategy on completed candle: 2026-08-21 07:30:00+00:00 at Close price: 76384.61
2026-08-21 13:05:51,164 - INFO - Confluence Evaluation | Regime: TRENDING (ADX=33.2) | Direction: LONG | BullScore: 82.6% | BearScore: 17.4% | Active: ['ema', 'macd', 'rsi', 'vp']
2026-08-21 13:05:51,241 - INFO - Capping position size 0.506586 BTC to available cash equivalent 0.196375 BTC.
2026-08-21 13:05:51,317 - INFO - [bot-1787212339345-1b01] Signal LONG active pending approval already exists (ID: 171).
2026-08-21 13:05:51,603 - INFO - Logged heartbeat status: OK
2026-08-21 13:05:51,603 - INFO - Job "LiveRunner.process_cycle (trigger: interval[0:05:00], next run at: 2026-08-21 13:10:50 IST)" executed successfully
2026-08-21 13:10:50,093 - INFO - Running job "LiveRunner.process_cycle (trigger: interval[0:05:00], next run at: 2026-08-21 13:15:50 IST)" (scheduled at 2026-08-21 13:10:50.065321+05:30)
2026-08-21 13:10:50,118 - INFO - [bot-1787212339345-1b01] Starting signal check cycle for BTC/USDT (5m)...
2026-08-21 13:10:50,173 - INFO - Fetching recent candles for BTC/USDT (5m) [Bot: bot-1787212339345-1b01] via ProviderManager...
2026-08-21 13:10:50,785 - INFO - Indicators computed | close=76535.47 ema_9=76252.26 ema_20=75931.30 ema_50=75426.89 ema_200=73827.66 macd=341.0330 poc=64325.0 val=64025.0 vah=71925.0
2026-08-21 13:10:50,786 - INFO - [bot-1787212339345-1b01] Evaluating strategy on completed candle: 2026-08-21 07:35:00+00:00 at Close price: 76523.53
2026-08-21 13:10:50,854 - INFO - Confluence Evaluation | Regime: TRENDING (ADX=38.7) | Direction: LONG | BullScore: 82.6% | BearScore: 17.4% | Active: ['ema', 'macd', 'rsi', 'vp']
2026-08-21 13:10:50,918 - INFO - Capping position size 0.449324 BTC to available cash equivalent 0.196018 BTC.
2026-08-21 13:10:50,962 - INFO - [bot-1787212339345-1b01] Signal LONG active pending approval already exists (ID: 171).
2026-08-21 13:10:51,209 - INFO - Logged heartbeat status: OK
2026-08-21 13:10:51,209 - INFO - Job "LiveRunner.process_cycle (trigger: interval[0:05:00], next run at: 2026-08-21 13:15:50 IST)" executed successfully
2026-08-21 13:15:50,080 - INFO - Running job "LiveRunner.process_cycle (trigger: interval[0:05:00], next run at: 2026-08-21 13:20:50 IST)" (scheduled at 2026-08-21 13:15:50.065321+05:30)
2026-08-21 13:15:50,087 - INFO - [bot-1787212339345-1b01] Starting signal check cycle for BTC/USDT (5m)...
2026-08-21 13:15:50,129 - INFO - Fetching recent candles for BTC/USDT (5m) [Bot: bot-1787212339345-1b01] via ProviderManager...
2026-08-21 13:15:50,557 - INFO - Indicators computed | close=76530.00 ema_9=76317.48 ema_20=75993.53 ema_50=75472.43 ema_200=73855.14 macd=350.0009 poc=64325.0 val=64025.0 vah=71950.0
2026-08-21 13:15:50,558 - INFO - [bot-1787212339345-1b01] Evaluating strategy on completed candle: 2026-08-21 07:40:00+00:00 at Close price: 76595.89
2026-08-21 13:15:50,626 - INFO - Confluence Evaluation | Regime: TRENDING (ADX=43.7) | Direction: LONG | BullScore: 82.6% | BearScore: 17.4% | Active: ['ema', 'macd', 'rsi', 'vp']
2026-08-21 13:15:50,748 - INFO - Capping position size 0.716897 BTC to available cash equivalent 0.195833 BTC.
2026-08-21 13:15:50,756 - INFO - [bot-1787212339345-1b01] Signal LONG active pending approval already exists (ID: 171).
2026-08-21 13:15:50,927 - INFO - Logged heartbeat status: OK
2026-08-21 13:15:50,927 - INFO - Job "LiveRunner.process_cycle (trigger: interval[0:05:00], next run at: 2026-08-21 13:20:50 IST)" executed successfully
2026-08-21 13:20:50,122 - INFO - Running job "LiveRunner.process_cycle (trigger: interval[0:05:00], next run at: 2026-08-21 13:25:50 IST)" (scheduled at 2026-08-21 13:20:50.065321+05:30)
2026-08-21 13:20:50,137 - INFO - [bot-1787212339345-1b01] Starting signal check cycle for BTC/USDT (5m)...
2026-08-21 13:20:50,184 - INFO - Fetching recent candles for BTC/USDT (5m) [Bot: bot-1787212339345-1b01] via ProviderManager...
2026-08-21 13:21:00,244 - ERROR - Binance Spot Network Error: binance GET https://api.binance.com/api/v3/klines?interval=5m&limit=1000&symbol=BTCUSDT
--- Logging error ---
Traceback (most recent call last):
  File "/Users/ashishparadkar/Downloads/algo-code-main/.venv/lib/python3.9/site-packages/urllib3/connectionpool.py", line 534, in _make_request
    response = conn.getresponse()
  File "/Users/ashishparadkar/Downloads/algo-code-main/.venv/lib/python3.9/site-packages/urllib3/connection.py", line 571, in getresponse
    httplib_response = super().getresponse()
  File "/Library/Developer/CommandLineTools/Library/Frameworks/Python3.framework/Versions/3.9/lib/python3.9/http/client.py", line 1349, in getresponse
    response.begin()
  File "/Library/Developer/CommandLineTools/Library/Frameworks/Python3.framework/Versions/3.9/lib/python3.9/http/client.py", line 316, in begin
    version, status, reason = self._read_status()
  File "/Library/Developer/CommandLineTools/Library/Frameworks/Python3.framework/Versions/3.9/lib/python3.9/http/client.py", line 277, in _read_status
    line = str(self.fp.readline(_MAXLINE + 1), "iso-8859-1")
  File "/Library/Developer/CommandLineTools/Library/Frameworks/Python3.framework/Versions/3.9/lib/python3.9/socket.py", line 704, in readinto
    return self._sock.recv_into(b)
  File "/Library/Developer/CommandLineTools/Library/Frameworks/Python3.framework/Versions/3.9/lib/python3.9/ssl.py", line 1241, in recv_into
    return self.read(nbytes, buffer)
  File "/Library/Developer/CommandLineTools/Library/Frameworks/Python3.framework/Versions/3.9/lib/python3.9/ssl.py", line 1099, in read
    return self._sslobj.read(len, buffer)
socket.timeout: The read operation timed out

The above exception was the direct cause of the following exception:

Traceback (most recent call last):
  File "/Users/ashishparadkar/Downloads/algo-code-main/.venv/lib/python3.9/site-packages/requests/adapters.py", line 644, in send
    resp = conn.urlopen(
  File "/Users/ashishparadkar/Downloads/algo-code-main/.venv/lib/python3.9/site-packages/urllib3/connectionpool.py", line 841, in urlopen
    retries = retries.increment(
  File "/Users/ashishparadkar/Downloads/algo-code-main/.venv/lib/python3.9/site-packages/urllib3/util/retry.py", line 490, in increment
    raise reraise(type(error), error, _stacktrace)
  File "/Users/ashishparadkar/Downloads/algo-code-main/.venv/lib/python3.9/site-packages/urllib3/util/util.py", line 39, in reraise
    raise value
  File "/Users/ashishparadkar/Downloads/algo-code-main/.venv/lib/python3.9/site-packages/urllib3/connectionpool.py", line 787, in urlopen
    response = self._make_request(
  File "/Users/ashishparadkar/Downloads/algo-code-main/.venv/lib/python3.9/site-packages/urllib3/connectionpool.py", line 536, in _make_request
    self._raise_timeout(err=e, url=url, timeout_value=read_timeout)
  File "/Users/ashishparadkar/Downloads/algo-code-main/.venv/lib/python3.9/site-packages/urllib3/connectionpool.py", line 367, in _raise_timeout
    raise ReadTimeoutError(
urllib3.exceptions.ReadTimeoutError: HTTPSConnectionPool(host='api.binance.com', port=443): Read timed out. (read timeout=10.0)

During handling of the above exception, another exception occurred:

Traceback (most recent call last):
  File "/Users/ashishparadkar/Downloads/algo-code-main/.venv/lib/python3.9/site-packages/ccxt/base/exchange.py", line 665, in fetch
    response = self.session.request(
  File "/Users/ashishparadkar/Downloads/algo-code-main/.venv/lib/python3.9/site-packages/requests/sessions.py", line 589, in request
    resp = self.send(prep, **send_kwargs)
  File "/Users/ashishparadkar/Downloads/algo-code-main/.venv/lib/python3.9/site-packages/requests/sessions.py", line 703, in send
    r = adapter.send(request, **kwargs)
  File "/Users/ashishparadkar/Downloads/algo-code-main/.venv/lib/python3.9/site-packages/requests/adapters.py", line 690, in send
    raise ReadTimeout(e, request=request)
requests.exceptions.ReadTimeout: HTTPSConnectionPool(host='api.binance.com', port=443): Read timed out. (read timeout=10.0)

The above exception was the direct cause of the following exception:

Traceback (most recent call last):
  File "/Users/ashishparadkar/Downloads/algo-code-main/src/provider_manager.py", line 351, in fetch_ohlcv_safe
    df = adapter.fetch_ohlcv(instrument, timeframe, limit=limit)
  File "/Users/ashishparadkar/Downloads/algo-code-main/src/provider_manager.py", line 211, in fetch_ohlcv
    raise net_err
  File "/Users/ashishparadkar/Downloads/algo-code-main/src/provider_manager.py", line 183, in fetch_ohlcv
    raw_candles = self.exchange.fetch_ohlcv(
  File "/Users/ashishparadkar/Downloads/algo-code-main/.venv/lib/python3.9/site-packages/ccxt/binance.py", line 4759, in fetch_ohlcv
    response = self.publicGetKlines(self.extend(request, params))
  File "/Users/ashishparadkar/Downloads/algo-code-main/.venv/lib/python3.9/site-packages/ccxt/base/types.py", line 35, in unbound_method
    return _self.request(self.path, self.api, self.method, params, config=self.config)
  File "/Users/ashishparadkar/Downloads/algo-code-main/.venv/lib/python3.9/site-packages/ccxt/binance.py", line 11724, in request
    response = self.fetch2(path, api, method, params, headers, body, config)
  File "/Users/ashishparadkar/Downloads/algo-code-main/.venv/lib/python3.9/site-packages/ccxt/base/exchange.py", line 5566, in fetch2
    raise e
  File "/Users/ashishparadkar/Downloads/algo-code-main/.venv/lib/python3.9/site-packages/ccxt/base/exchange.py", line 5549, in fetch2
    response = self.fetch(request['url'], request['method'], request['headers'], request['body'])
  File "/Users/ashishparadkar/Downloads/algo-code-main/.venv/lib/python3.9/site-packages/ccxt/base/exchange.py", line 698, in fetch
    raise RequestTimeout(details) from e
ccxt.base.errors.RequestTimeout: binance GET https://api.binance.com/api/v3/klines?interval=5m&limit=1000&symbol=BTCUSDT

During handling of the above exception, another exception occurred:

Traceback (most recent call last):
  File "/Library/Developer/CommandLineTools/Library/Frameworks/Python3.framework/Versions/3.9/lib/python3.9/logging/__init__.py", line 1083, in emit
    msg = self.format(record)
  File "/Library/Developer/CommandLineTools/Library/Frameworks/Python3.framework/Versions/3.9/lib/python3.9/logging/__init__.py", line 927, in format
    return fmt.format(record)
  File "/Library/Developer/CommandLineTools/Library/Frameworks/Python3.framework/Versions/3.9/lib/python3.9/logging/__init__.py", line 663, in format
    record.message = record.getMessage()
  File "/Library/Developer/CommandLineTools/Library/Frameworks/Python3.framework/Versions/3.9/lib/python3.9/logging/__init__.py", line 367, in getMessage
    msg = msg % self.args
TypeError: must be real number, not RequestTimeout
Call stack:
  File "/Library/Developer/CommandLineTools/Library/Frameworks/Python3.framework/Versions/3.9/lib/python3.9/threading.py", line 930, in _bootstrap
    self._bootstrap_inner()
  File "/Library/Developer/CommandLineTools/Library/Frameworks/Python3.framework/Versions/3.9/lib/python3.9/threading.py", line 973, in _bootstrap_inner
    self.run()
  File "/Library/Developer/CommandLineTools/Library/Frameworks/Python3.framework/Versions/3.9/lib/python3.9/threading.py", line 910, in run
    self._target(*self._args, **self._kwargs)
  File "/Library/Developer/CommandLineTools/Library/Frameworks/Python3.framework/Versions/3.9/lib/python3.9/concurrent/futures/thread.py", line 77, in _worker
    work_item.run()
  File "/Library/Developer/CommandLineTools/Library/Frameworks/Python3.framework/Versions/3.9/lib/python3.9/concurrent/futures/thread.py", line 52, in run
    result = self.fn(*self.args, **self.kwargs)
  File "/Users/ashishparadkar/Downloads/algo-code-main/.venv/lib/python3.9/site-packages/apscheduler/executors/base.py", line 131, in run_job
    retval = job.func(*job.args, **job.kwargs)
  File "/Users/ashishparadkar/Downloads/algo-code-main/src/live_runner.py", line 199, in process_cycle
    df, _ = self.provider_manager.fetch_ohlcv_safe(self.symbol, self.timeframe, limit=1000)
  File "/Users/ashishparadkar/Downloads/algo-code-main/src/provider_manager.py", line 362, in fetch_ohlcv_safe
    logger.warning(
Message: 'Retryable network failure for %s (Attempt %d/%d). Backing off %.2fs: %s'
Arguments: ('BTC/USDT', 1, 3, RequestTimeout('binance GET https://api.binance.com/api/v3/klines?interval=5m&limit=1000&symbol=BTCUSDT'))
2026-08-21 13:21:01,892 - ERROR - Binance Spot Network Error: binance GET https://api.binance.com/api/v3/klines?interval=5m&limit=1000&symbol=BTCUSDT
--- Logging error ---
Traceback (most recent call last):
  File "/Users/ashishparadkar/Downloads/algo-code-main/.venv/lib/python3.9/site-packages/urllib3/connection.py", line 204, in _new_conn
    sock = connection.create_connection(
  File "/Users/ashishparadkar/Downloads/algo-code-main/.venv/lib/python3.9/site-packages/urllib3/util/connection.py", line 60, in create_connection
    for res in socket.getaddrinfo(host, port, family, socket.SOCK_STREAM):
  File "/Library/Developer/CommandLineTools/Library/Frameworks/Python3.framework/Versions/3.9/lib/python3.9/socket.py", line 953, in getaddrinfo
    for res in _socket.getaddrinfo(host, port, family, type, proto, flags):
socket.gaierror: [Errno 8] nodename nor servname provided, or not known

The above exception was the direct cause of the following exception:

Traceback (most recent call last):
  File "/Users/ashishparadkar/Downloads/algo-code-main/.venv/lib/python3.9/site-packages/urllib3/connectionpool.py", line 787, in urlopen
    response = self._make_request(
  File "/Users/ashishparadkar/Downloads/algo-code-main/.venv/lib/python3.9/site-packages/urllib3/connectionpool.py", line 488, in _make_request
    raise new_e
  File "/Users/ashishparadkar/Downloads/algo-code-main/.venv/lib/python3.9/site-packages/urllib3/connectionpool.py", line 464, in _make_request
    self._validate_conn(conn)
  File "/Users/ashishparadkar/Downloads/algo-code-main/.venv/lib/python3.9/site-packages/urllib3/connectionpool.py", line 1093, in _validate_conn
    conn.connect()
  File "/Users/ashishparadkar/Downloads/algo-code-main/.venv/lib/python3.9/site-packages/urllib3/connection.py", line 759, in connect
    self.sock = sock = self._new_conn()
  File "/Users/ashishparadkar/Downloads/algo-code-main/.venv/lib/python3.9/site-packages/urllib3/connection.py", line 211, in _new_conn
    raise NameResolutionError(self.host, self, e) from e
urllib3.exceptions.NameResolutionError: HTTPSConnection(host='api.binance.com', port=443): Failed to resolve 'api.binance.com' ([Errno 8] nodename nor servname provided, or not known)

The above exception was the direct cause of the following exception:

Traceback (most recent call last):
  File "/Users/ashishparadkar/Downloads/algo-code-main/.venv/lib/python3.9/site-packages/requests/adapters.py", line 644, in send
    resp = conn.urlopen(
  File "/Users/ashishparadkar/Downloads/algo-code-main/.venv/lib/python3.9/site-packages/urllib3/connectionpool.py", line 841, in urlopen
    retries = retries.increment(
  File "/Users/ashishparadkar/Downloads/algo-code-main/.venv/lib/python3.9/site-packages/urllib3/util/retry.py", line 535, in increment
    raise MaxRetryError(_pool, url, reason) from reason  # type: ignore[arg-type]
urllib3.exceptions.MaxRetryError: HTTPSConnectionPool(host='api.binance.com', port=443): Max retries exceeded with url: /api/v3/klines?interval=5m&limit=1000&symbol=BTCUSDT (Caused by NameResolutionError("HTTPSConnection(host='api.binance.com', port=443): Failed to resolve 'api.binance.com' ([Errno 8] nodename nor servname provided, or not known)"))

During handling of the above exception, another exception occurred:

Traceback (most recent call last):
  File "/Users/ashishparadkar/Downloads/algo-code-main/.venv/lib/python3.9/site-packages/ccxt/base/exchange.py", line 665, in fetch
    response = self.session.request(
  File "/Users/ashishparadkar/Downloads/algo-code-main/.venv/lib/python3.9/site-packages/requests/sessions.py", line 589, in request
    resp = self.send(prep, **send_kwargs)
  File "/Users/ashishparadkar/Downloads/algo-code-main/.venv/lib/python3.9/site-packages/requests/sessions.py", line 703, in send
    r = adapter.send(request, **kwargs)
  File "/Users/ashishparadkar/Downloads/algo-code-main/.venv/lib/python3.9/site-packages/requests/adapters.py", line 677, in send
    raise ConnectionError(e, request=request)
requests.exceptions.ConnectionError: HTTPSConnectionPool(host='api.binance.com', port=443): Max retries exceeded with url: /api/v3/klines?interval=5m&limit=1000&symbol=BTCUSDT (Caused by NameResolutionError("HTTPSConnection(host='api.binance.com', port=443): Failed to resolve 'api.binance.com' ([Errno 8] nodename nor servname provided, or not known)"))

The above exception was the direct cause of the following exception:

Traceback (most recent call last):
  File "/Users/ashishparadkar/Downloads/algo-code-main/src/provider_manager.py", line 351, in fetch_ohlcv_safe
    df = adapter.fetch_ohlcv(instrument, timeframe, limit=limit)
  File "/Users/ashishparadkar/Downloads/algo-code-main/src/provider_manager.py", line 211, in fetch_ohlcv
    raise net_err
  File "/Users/ashishparadkar/Downloads/algo-code-main/src/provider_manager.py", line 183, in fetch_ohlcv
    raw_candles = self.exchange.fetch_ohlcv(
  File "/Users/ashishparadkar/Downloads/algo-code-main/.venv/lib/python3.9/site-packages/ccxt/binance.py", line 4759, in fetch_ohlcv
    response = self.publicGetKlines(self.extend(request, params))
  File "/Users/ashishparadkar/Downloads/algo-code-main/.venv/lib/python3.9/site-packages/ccxt/base/types.py", line 35, in unbound_method
    return _self.request(self.path, self.api, self.method, params, config=self.config)
  File "/Users/ashishparadkar/Downloads/algo-code-main/.venv/lib/python3.9/site-packages/ccxt/binance.py", line 11724, in request
    response = self.fetch2(path, api, method, params, headers, body, config)
  File "/Users/ashishparadkar/Downloads/algo-code-main/.venv/lib/python3.9/site-packages/ccxt/base/exchange.py", line 5566, in fetch2
    raise e
  File "/Users/ashishparadkar/Downloads/algo-code-main/.venv/lib/python3.9/site-packages/ccxt/base/exchange.py", line 5549, in fetch2
    response = self.fetch(request['url'], request['method'], request['headers'], request['body'])
  File "/Users/ashishparadkar/Downloads/algo-code-main/.venv/lib/python3.9/site-packages/ccxt/base/exchange.py", line 721, in fetch
    raise NetworkError(details) from e
ccxt.base.errors.NetworkError: binance GET https://api.binance.com/api/v3/klines?interval=5m&limit=1000&symbol=BTCUSDT

During handling of the above exception, another exception occurred:

Traceback (most recent call last):
  File "/Library/Developer/CommandLineTools/Library/Frameworks/Python3.framework/Versions/3.9/lib/python3.9/logging/__init__.py", line 1083, in emit
    msg = self.format(record)
  File "/Library/Developer/CommandLineTools/Library/Frameworks/Python3.framework/Versions/3.9/lib/python3.9/logging/__init__.py", line 927, in format
    return fmt.format(record)
  File "/Library/Developer/CommandLineTools/Library/Frameworks/Python3.framework/Versions/3.9/lib/python3.9/logging/__init__.py", line 663, in format
    record.message = record.getMessage()
  File "/Library/Developer/CommandLineTools/Library/Frameworks/Python3.framework/Versions/3.9/lib/python3.9/logging/__init__.py", line 367, in getMessage
    msg = msg % self.args
TypeError: must be real number, not NetworkError
Call stack:
  File "/Library/Developer/CommandLineTools/Library/Frameworks/Python3.framework/Versions/3.9/lib/python3.9/threading.py", line 930, in _bootstrap
    self._bootstrap_inner()
  File "/Library/Developer/CommandLineTools/Library/Frameworks/Python3.framework/Versions/3.9/lib/python3.9/threading.py", line 973, in _bootstrap_inner
    self.run()
  File "/Library/Developer/CommandLineTools/Library/Frameworks/Python3.framework/Versions/3.9/lib/python3.9/threading.py", line 910, in run
    self._target(*self._args, **self._kwargs)
  File "/Library/Developer/CommandLineTools/Library/Frameworks/Python3.framework/Versions/3.9/lib/python3.9/concurrent/futures/thread.py", line 77, in _worker
    work_item.run()
  File "/Library/Developer/CommandLineTools/Library/Frameworks/Python3.framework/Versions/3.9/lib/python3.9/concurrent/futures/thread.py", line 52, in run
    result = self.fn(*self.args, **self.kwargs)
  File "/Users/ashishparadkar/Downloads/algo-code-main/.venv/lib/python3.9/site-packages/apscheduler/executors/base.py", line 131, in run_job
    retval = job.func(*job.args, **job.kwargs)
  File "/Users/ashishparadkar/Downloads/algo-code-main/src/live_runner.py", line 199, in process_cycle
    df, _ = self.provider_manager.fetch_ohlcv_safe(self.symbol, self.timeframe, limit=1000)
  File "/Users/ashishparadkar/Downloads/algo-code-main/src/provider_manager.py", line 362, in fetch_ohlcv_safe
    logger.warning(
Message: 'Retryable network failure for %s (Attempt %d/%d). Backing off %.2fs: %s'
Arguments: ('BTC/USDT', 2, 3, NetworkError('binance GET https://api.binance.com/api/v3/klines?interval=5m&limit=1000&symbol=BTCUSDT'))
2026-08-21 13:21:04,221 - ERROR - Binance Spot Network Error: binance GET https://api.binance.com/api/v3/klines?interval=5m&limit=1000&symbol=BTCUSDT
2026-08-21 13:21:04,222 - ERROR - System Error in runner execution cycle: binance GET https://api.binance.com/api/v3/klines?interval=5m&limit=1000&symbol=BTCUSDT
Traceback (most recent call last):
  File "/Users/ashishparadkar/Downloads/algo-code-main/.venv/lib/python3.9/site-packages/urllib3/connection.py", line 204, in _new_conn
    sock = connection.create_connection(
  File "/Users/ashishparadkar/Downloads/algo-code-main/.venv/lib/python3.9/site-packages/urllib3/util/connection.py", line 60, in create_connection
    for res in socket.getaddrinfo(host, port, family, socket.SOCK_STREAM):
  File "/Library/Developer/CommandLineTools/Library/Frameworks/Python3.framework/Versions/3.9/lib/python3.9/socket.py", line 953, in getaddrinfo
    for res in _socket.getaddrinfo(host, port, family, type, proto, flags):
socket.gaierror: [Errno 8] nodename nor servname provided, or not known

The above exception was the direct cause of the following exception:

Traceback (most recent call last):
  File "/Users/ashishparadkar/Downloads/algo-code-main/.venv/lib/python3.9/site-packages/urllib3/connectionpool.py", line 787, in urlopen
    response = self._make_request(
  File "/Users/ashishparadkar/Downloads/algo-code-main/.venv/lib/python3.9/site-packages/urllib3/connectionpool.py", line 488, in _make_request
    raise new_e
  File "/Users/ashishparadkar/Downloads/algo-code-main/.venv/lib/python3.9/site-packages/urllib3/connectionpool.py", line 464, in _make_request
    self._validate_conn(conn)
  File "/Users/ashishparadkar/Downloads/algo-code-main/.venv/lib/python3.9/site-packages/urllib3/connectionpool.py", line 1093, in _validate_conn
    conn.connect()
  File "/Users/ashishparadkar/Downloads/algo-code-main/.venv/lib/python3.9/site-packages/urllib3/connection.py", line 759, in connect
    self.sock = sock = self._new_conn()
  File "/Users/ashishparadkar/Downloads/algo-code-main/.venv/lib/python3.9/site-packages/urllib3/connection.py", line 211, in _new_conn
    raise NameResolutionError(self.host, self, e) from e
urllib3.exceptions.NameResolutionError: HTTPSConnection(host='api.binance.com', port=443): Failed to resolve 'api.binance.com' ([Errno 8] nodename nor servname provided, or not known)

The above exception was the direct cause of the following exception:

Traceback (most recent call last):
  File "/Users/ashishparadkar/Downloads/algo-code-main/.venv/lib/python3.9/site-packages/requests/adapters.py", line 644, in send
    resp = conn.urlopen(
  File "/Users/ashishparadkar/Downloads/algo-code-main/.venv/lib/python3.9/site-packages/urllib3/connectionpool.py", line 841, in urlopen
    retries = retries.increment(
  File "/Users/ashishparadkar/Downloads/algo-code-main/.venv/lib/python3.9/site-packages/urllib3/util/retry.py", line 535, in increment
    raise MaxRetryError(_pool, url, reason) from reason  # type: ignore[arg-type]
urllib3.exceptions.MaxRetryError: HTTPSConnectionPool(host='api.binance.com', port=443): Max retries exceeded with url: /api/v3/klines?interval=5m&limit=1000&symbol=BTCUSDT (Caused by NameResolutionError("HTTPSConnection(host='api.binance.com', port=443): Failed to resolve 'api.binance.com' ([Errno 8] nodename nor servname provided, or not known)"))

During handling of the above exception, another exception occurred:

Traceback (most recent call last):
  File "/Users/ashishparadkar/Downloads/algo-code-main/.venv/lib/python3.9/site-packages/ccxt/base/exchange.py", line 665, in fetch
    response = self.session.request(
  File "/Users/ashishparadkar/Downloads/algo-code-main/.venv/lib/python3.9/site-packages/requests/sessions.py", line 589, in request
    resp = self.send(prep, **send_kwargs)
  File "/Users/ashishparadkar/Downloads/algo-code-main/.venv/lib/python3.9/site-packages/requests/sessions.py", line 703, in send
    r = adapter.send(request, **kwargs)
  File "/Users/ashishparadkar/Downloads/algo-code-main/.venv/lib/python3.9/site-packages/requests/adapters.py", line 677, in send
    raise ConnectionError(e, request=request)
requests.exceptions.ConnectionError: HTTPSConnectionPool(host='api.binance.com', port=443): Max retries exceeded with url: /api/v3/klines?interval=5m&limit=1000&symbol=BTCUSDT (Caused by NameResolutionError("HTTPSConnection(host='api.binance.com', port=443): Failed to resolve 'api.binance.com' ([Errno 8] nodename nor servname provided, or not known)"))

The above exception was the direct cause of the following exception:

Traceback (most recent call last):
  File "/Users/ashishparadkar/Downloads/algo-code-main/src/live_runner.py", line 199, in process_cycle
    df, _ = self.provider_manager.fetch_ohlcv_safe(self.symbol, self.timeframe, limit=1000)
  File "/Users/ashishparadkar/Downloads/algo-code-main/src/provider_manager.py", line 359, in fetch_ohlcv_safe
    raise retryable_err
  File "/Users/ashishparadkar/Downloads/algo-code-main/src/provider_manager.py", line 351, in fetch_ohlcv_safe
    df = adapter.fetch_ohlcv(instrument, timeframe, limit=limit)
  File "/Users/ashishparadkar/Downloads/algo-code-main/src/provider_manager.py", line 211, in fetch_ohlcv
    raise net_err
  File "/Users/ashishparadkar/Downloads/algo-code-main/src/provider_manager.py", line 183, in fetch_ohlcv
    raw_candles = self.exchange.fetch_ohlcv(
  File "/Users/ashishparadkar/Downloads/algo-code-main/.venv/lib/python3.9/site-packages/ccxt/binance.py", line 4759, in fetch_ohlcv
    response = self.publicGetKlines(self.extend(request, params))
  File "/Users/ashishparadkar/Downloads/algo-code-main/.venv/lib/python3.9/site-packages/ccxt/base/types.py", line 35, in unbound_method
    return _self.request(self.path, self.api, self.method, params, config=self.config)
  File "/Users/ashishparadkar/Downloads/algo-code-main/.venv/lib/python3.9/site-packages/ccxt/binance.py", line 11724, in request
    response = self.fetch2(path, api, method, params, headers, body, config)
  File "/Users/ashishparadkar/Downloads/algo-code-main/.venv/lib/python3.9/site-packages/ccxt/base/exchange.py", line 5566, in fetch2
    raise e
  File "/Users/ashishparadkar/Downloads/algo-code-main/.venv/lib/python3.9/site-packages/ccxt/base/exchange.py", line 5549, in fetch2
    response = self.fetch(request['url'], request['method'], request['headers'], request['body'])
  File "/Users/ashishparadkar/Downloads/algo-code-main/.venv/lib/python3.9/site-packages/ccxt/base/exchange.py", line 721, in fetch
    raise NetworkError(details) from e
ccxt.base.errors.NetworkError: binance GET https://api.binance.com/api/v3/klines?interval=5m&limit=1000&symbol=BTCUSDT
2026-08-21 13:21:04,327 - WARNING - [bot-1787212339345-1b01] Marked bot as non-retryable configuration error to prevent infinite error storm.
2026-08-21 13:21:04,433 - WARNING - Telegram alert [GENERAL] failed (Connection Error: HTTPSConnectionPool(host='api.telegram.org', port=443): Max retries exceeded with url: /bot8865086302:AAHhh3VL9czoQRSnw8Hf9iyDEwGJnqQTtqc/sendMessage (Caused by NameResolutionError("HTTPSConnection(host='api.telegram.org', port=443): Failed to resolve 'api.telegram.org' ([Errno 8] nodename nor servname provided, or not known)"))). Re-queueing retry 1/3 in 1.0s
2026-08-21 13:21:04,624 - INFO - Logged heartbeat status: ERROR
2026-08-21 13:21:04,624 - INFO - Job "LiveRunner.process_cycle (trigger: interval[0:05:00], next run at: 2026-08-21 13:25:50 IST)" executed successfully
2026-08-21 13:21:05,449 - WARNING - Telegram alert [GENERAL] failed (Connection Error: HTTPSConnectionPool(host='api.telegram.org', port=443): Max retries exceeded with url: /bot8865086302:AAHhh3VL9czoQRSnw8Hf9iyDEwGJnqQTtqc/sendMessage (Caused by NameResolutionError("HTTPSConnection(host='api.telegram.org', port=443): Failed to resolve 'api.telegram.org' ([Errno 8] nodename nor servname provided, or not known)"))). Re-queueing retry 2/3 in 2.0s
2026-08-21 13:21:06,455 - WARNING - Telegram alert [GENERAL] failed (Connection Error: HTTPSConnectionPool(host='api.telegram.org', port=443): Max retries exceeded with url: /bot8865086302:AAHhh3VL9czoQRSnw8Hf9iyDEwGJnqQTtqc/sendMessage (Caused by NameResolutionError("HTTPSConnection(host='api.telegram.org', port=443): Failed to resolve 'api.telegram.org' ([Errno 8] nodename nor servname provided, or not known)"))). Re-queueing retry 3/3 in 4.0s
2026-08-21 13:21:07,471 - ERROR - Telegram alert [GENERAL] failed permanently after 3 retries: Connection Error: HTTPSConnectionPool(host='api.telegram.org', port=443): Max retries exceeded with url: /bot8865086302:AAHhh3VL9czoQRSnw8Hf9iyDEwGJnqQTtqc/sendMessage (Caused by NameResolutionError("HTTPSConnection(host='api.telegram.org', port=443): Failed to resolve 'api.telegram.org' ([Errno 8] nodename nor servname provided, or not known)"))
2026-08-21 13:25:50,075 - INFO - Running job "LiveRunner.process_cycle (trigger: interval[0:05:00], next run at: 2026-08-21 13:30:50 IST)" (scheduled at 2026-08-21 13:25:50.065321+05:30)
2026-08-21 13:25:50,080 - ERROR - [bot-1787212339345-1b01] Halting runner cycle: Bot is configured with unexecutable instrument 'BTC/USDT'. Error: Fatal Non-Retryable Error: binance GET https://api.binance.com/api/v3/klines?interval=5m&limit=1000&symbol=BTCUSDT
2026-08-21 13:25:50,235 - INFO - Job "LiveRunner.process_cycle (trigger: interval[0:05:00], next run at: 2026-08-21 13:30:50 IST)" executed successfully
2026-08-21 13:30:50,079 - INFO - Running job "LiveRunner.process_cycle (trigger: interval[0:05:00], next run at: 2026-08-21 13:35:50 IST)" (scheduled at 2026-08-21 13:30:50.065321+05:30)
2026-08-21 13:30:50,084 - ERROR - [bot-1787212339345-1b01] Halting runner cycle: Bot is configured with unexecutable instrument 'BTC/USDT'. Error: Fatal Non-Retryable Error: binance GET https://api.binance.com/api/v3/klines?interval=5m&limit=1000&symbol=BTCUSDT
2026-08-21 13:30:50,272 - INFO - Job "LiveRunner.process_cycle (trigger: interval[0:05:00], next run at: 2026-08-21 13:35:50 IST)" executed successfully
2026-08-21 13:35:50,151 - INFO - Running job "LiveRunner.process_cycle (trigger: interval[0:05:00], next run at: 2026-08-21 13:40:50 IST)" (scheduled at 2026-08-21 13:35:50.065321+05:30)
2026-08-21 13:35:50,155 - ERROR - [bot-1787212339345-1b01] Halting runner cycle: Bot is configured with unexecutable instrument 'BTC/USDT'. Error: Fatal Non-Retryable Error: binance GET https://api.binance.com/api/v3/klines?interval=5m&limit=1000&symbol=BTCUSDT
2026-08-21 13:35:50,497 - INFO - Job "LiveRunner.process_cycle (trigger: interval[0:05:00], next run at: 2026-08-21 13:40:50 IST)" executed successfully
/Users/ashishparadkar/Downloads/algo-code-main/.venv/lib/python3.9/site-packages/urllib3/__init__.py:35: NotOpenSSLWarning: urllib3 v2 only supports OpenSSL 1.1.1+, currently the 'ssl' module is compiled with 'LibreSSL 2.8.3'. See: https://github.com/urllib3/urllib3/issues/3020
  warnings.warn(
2026-08-21 14:51:17,462 - INFO - Bot state startup reconciliation finished: 0 bot(s) reconciled to STOPPED.
2026-08-21 14:51:18,492 - INFO - Telegram notification service initialized successfully (Chat ID: 5657...)
2026-08-21 14:51:18,501 - INFO - Initializing scheduled trading bot live runner for bot-1787212339345-1b01...
2026-08-21 14:51:18,994 - INFO - SQLite database tables verified/created.
2026-08-21 14:51:19,726 - INFO - Initializing CCXT Binance in TESTNET mode.
/Users/ashishparadkar/Downloads/algo-code-main/.venv/lib/python3.9/site-packages/urllib3/__init__.py:35: NotOpenSSLWarning: urllib3 v2 only supports OpenSSL 1.1.1+, currently the 'ssl' module is compiled with 'LibreSSL 2.8.3'. See: https://github.com/urllib3/urllib3/issues/3020
  warnings.warn(
2026-08-21 15:30:34,230 - INFO - Bot state startup reconciliation finished: 0 bot(s) reconciled to STOPPED.
2026-08-21 15:30:34,486 - INFO - Telegram notification service initialized successfully (Chat ID: 5657...)
2026-08-21 15:30:34,498 - INFO - Initializing scheduled trading bot live runner for bot-1787212339345-1b01...
2026-08-21 15:30:35,233 - INFO - SQLite database tables verified/created.
2026-08-21 15:30:35,994 - INFO - Initializing CCXT Binance in TESTNET mode.
2026-08-21 15:31:04,700 - INFO - [bot-1787212339345-1b01] Pre-flight instrument resolved: BTC/USDT (SPOT via binance_spot)
2026-08-21 15:31:04,781 - INFO - [bot-1787212339345-1b01] Starting signal check cycle for BTC/USDT (5m)...
2026-08-21 15:31:05,448 - INFO - Fetching recent candles for BTC/USDT (5m) [Bot: bot-1787212339345-1b01] via ProviderManager...
/Users/ashishparadkar/Downloads/algo-code-main/.venv/lib/python3.9/site-packages/urllib3/__init__.py:35: NotOpenSSLWarning: urllib3 v2 only supports OpenSSL 1.1.1+, currently the 'ssl' module is compiled with 'LibreSSL 2.8.3'. See: https://github.com/urllib3/urllib3/issues/3020
  warnings.warn(
2026-08-21 18:13:48,140 - INFO - Bot state startup reconciliation finished: 0 bot(s) reconciled to STOPPED.
2026-08-21 18:13:48,744 - INFO - Telegram notification service initialized successfully (Chat ID: 5657...)
2026-08-21 18:13:48,770 - INFO - Initializing scheduled trading bot live runner for bot-1787212339345-1b01...
2026-08-21 18:13:49,244 - INFO - SQLite database tables verified/created.
2026-08-21 18:13:49,889 - INFO - Initializing CCXT Binance in TESTNET mode.
2026-08-21 18:14:25,222 - INFO - [bot-1787212339345-1b01] Pre-flight instrument resolved: BTC/USDT (SPOT via binance_spot)
2026-08-21 18:14:27,087 - INFO - [bot-1787212339345-1b01] Starting signal check cycle for BTC/USDT (5m)...
2026-08-21 18:14:27,476 - INFO - Fetching recent candles for BTC/USDT (5m) [Bot: bot-1787212339345-1b01] via ProviderManager...
/Users/ashishparadkar/Downloads/algo-code-main/.venv/lib/python3.9/site-packages/urllib3/__init__.py:35: NotOpenSSLWarning: urllib3 v2 only supports OpenSSL 1.1.1+, currently the 'ssl' module is compiled with 'LibreSSL 2.8.3'. See: https://github.com/urllib3/urllib3/issues/3020
  warnings.warn(
2026-08-21 20:27:19,419 - INFO - Bot state startup reconciliation finished: 0 bot(s) reconciled to STOPPED.
2026-08-21 20:27:20,000 - INFO - Telegram notification service initialized successfully (Chat ID: 5657...)
2026-08-21 20:27:20,505 - INFO - Initializing scheduled trading bot live runner for bot-1787212339345-1b01...
2026-08-21 20:27:20,877 - INFO - SQLite database tables verified/created.
2026-08-21 20:27:21,698 - INFO - Initializing CCXT Binance in TESTNET mode.
2026-08-21 20:28:03,265 - INFO - [bot-1787212339345-1b01] Pre-flight instrument resolved: BTC/USDT (SPOT via binance_spot)
2026-08-21 20:28:06,021 - INFO - [bot-1787212339345-1b01] Starting signal check cycle for BTC/USDT (5m)...
2026-08-21 20:28:06,519 - INFO - Fetching recent candles for BTC/USDT (5m) [Bot: bot-1787212339345-1b01] via ProviderManager...
/Users/ashishparadkar/Downloads/algo-code-main/.venv/lib/python3.9/site-packages/urllib3/__init__.py:35: NotOpenSSLWarning: urllib3 v2 only supports OpenSSL 1.1.1+, currently the 'ssl' module is compiled with 'LibreSSL 2.8.3'. See: https://github.com/urllib3/urllib3/issues/3020
  warnings.warn(
2026-08-21 21:33:21,783 - INFO - Bot state startup reconciliation finished: 0 bot(s) reconciled to STOPPED.
2026-08-21 21:33:23,805 - INFO - Telegram notification service initialized successfully (Chat ID: 5657...)
2026-08-21 21:33:24,216 - INFO - Initializing scheduled trading bot live runner for bot-1787212339345-1b01...
2026-08-21 21:33:24,653 - INFO - SQLite database tables verified/created.
2026-08-21 21:33:26,597 - INFO - Initializing CCXT Binance in TESTNET mode.
2026-08-21 21:34:22,174 - INFO - [bot-1787212339345-1b01] Pre-flight instrument resolved: BTC/USDT (SPOT via binance_spot)
2026-08-21 21:34:23,330 - INFO - [bot-1787212339345-1b01] Starting signal check cycle for BTC/USDT (5m)...
2026-08-21 21:34:24,126 - INFO - Fetching recent candles for BTC/USDT (5m) [Bot: bot-1787212339345-1b01] via ProviderManager...
2026-08-21 21:45:34,805 - INFO - Indicators computed | close=76871.07 ema_9=77191.36 ema_20=77269.38 ema_50=77232.85 ema_200=76059.20 macd=-31.5539 poc=64250.0 val=64025.0 vah=74350.0
2026-08-21 21:45:36,609 - INFO - [bot-1787212339345-1b01] Evaluating strategy on completed candle: 2026-08-21 16:05:00+00:00 at Close price: 76962.00
2026-08-21 21:45:42,404 - INFO - SHORT signal blocked | Trend blocked (Close 76962.00 >= EMA200 76051.04) | Momentum blocked (MACD 3.0900 >= 0) | Location blocked (Close 76962.00 outside Value Area [62744.50 - 75837.00], VAL=64025.00, VAH=74350.00) | context={'close': 76962.0, 'ema_9': 77271.42691582377, 'ema_20': 77311.30652203494, 'ema_50': 77247.61567582296, 'ema_200': 76051.03583941142, 'macd_line': 3.089965001359815, 'macd_signal': 72.7531430614222, 'macd_hist': -69.66317806006238, 'poc': np.float64(64250.0), 'val': np.float64(64025.0), 'vah': np.float64(74350.0)}
2026-08-21 21:45:45,469 - INFO - Confluence Evaluation | Regime: TRENDING (ADX=29.8) | Direction: HOLD | BullScore: 0.0% | BearScore: 34.8% | Active: ['ema', 'macd', 'rsi', 'vp']
2026-08-21 21:45:48,088 - INFO - Signal evaluated: HOLD. Reason/Details: SHORT setup blocked: Trend blocked (Close 76962.00 >= EMA200 76051.04) | Momentum blocked (MACD 3.0900 >= 0) | Location blocked (Close 76962.00 outside Value Area [62744.50 - 75837.00], VAL=64025.00, VAH=74350.00)
2026-08-21 21:45:55,655 - INFO - Logged heartbeat status: OK
2026-08-21 21:46:04,434 - INFO - Adding job tentatively -- it will be properly scheduled when the scheduler starts
2026-08-21 21:46:04,454 - INFO - Bot bot-1787212339345-1b01 scheduled to check every 5 minutes.
2026-08-21 21:46:06,900 - INFO - Added job "LiveRunner.process_cycle" to job store "default"
2026-08-21 21:46:06,905 - INFO - Scheduler started
2026-08-21 21:51:10,047 - WARNING - Run time of job "LiveRunner.process_cycle (trigger: interval[0:05:00], next run at: 2026-08-21 21:56:03 IST)" was missed by 0:00:05.814763
2026-08-21 21:56:07,747 - WARNING - Run time of job "LiveRunner.process_cycle (trigger: interval[0:05:00], next run at: 2026-08-21 22:01:03 IST)" was missed by 0:00:03.489818
2026-08-21 22:01:05,066 - WARNING - Run time of job "LiveRunner.process_cycle (trigger: interval[0:05:00], next run at: 2026-08-21 22:06:03 IST)" was missed by 0:00:01.351426
2026-08-21 22:06:03,701 - INFO - Running job "LiveRunner.process_cycle (trigger: interval[0:05:00], next run at: 2026-08-21 22:11:03 IST)" (scheduled at 2026-08-21 22:06:03.675359+05:30)
2026-08-21 22:06:04,062 - INFO - [bot-1787212339345-1b01] Starting signal check cycle for BTC/USDT (5m)...
2026-08-21 22:06:04,242 - INFO - Fetching recent candles for BTC/USDT (5m) [Bot: bot-1787212339345-1b01] via ProviderManager...
2026-08-21 22:06:10,080 - INFO - Indicators computed | close=77327.49 ema_9=77257.22 ema_20=77272.18 ema_50=77239.51 ema_200=76118.06 macd=-6.5932 poc=69350.0 val=64025.0 vah=74475.0
2026-08-21 22:06:10,093 - INFO - [bot-1787212339345-1b01] Evaluating strategy on completed candle: 2026-08-21 16:30:00+00:00 at Close price: 77338.12
2026-08-21 22:06:10,223 - INFO - Confluence Evaluation | Regime: TRENDING (ADX=39.7) | Direction: HOLD | BullScore: 32.6% | BearScore: 67.4% | Active: ['ema', 'macd', 'rsi', 'vp']
2026-08-21 22:06:10,347 - INFO - Signal evaluated: HOLD. Reason/Details: Confluence score: 67% (HOLD)
2026-08-21 22:06:10,741 - INFO - Logged heartbeat status: OK
2026-08-21 22:06:10,758 - INFO - Job "LiveRunner.process_cycle (trigger: interval[0:05:00], next run at: 2026-08-21 22:11:03 IST)" executed successfully
2026-08-21 22:11:03,755 - INFO - Running job "LiveRunner.process_cycle (trigger: interval[0:05:00], next run at: 2026-08-21 22:16:03 IST)" (scheduled at 2026-08-21 22:11:03.675359+05:30)
2026-08-21 22:11:03,837 - INFO - [bot-1787212339345-1b01] Starting signal check cycle for BTC/USDT (5m)...
2026-08-21 22:11:03,936 - INFO - Fetching recent candles for BTC/USDT (5m) [Bot: bot-1787212339345-1b01] via ProviderManager...
2026-08-21 22:11:06,471 - INFO - Indicators computed | close=77304.00 ema_9=77264.78 ema_20=77274.25 ema_50=77241.62 ema_200=76129.75 macd=-3.5298 poc=69350.0 val=64025.0 vah=74475.0
2026-08-21 22:11:06,472 - INFO - [bot-1787212339345-1b01] Evaluating strategy on completed candle: 2026-08-21 16:35:00+00:00 at Close price: 77316.28
2026-08-21 22:11:06,653 - INFO - Confluence Evaluation | Regime: TRENDING (ADX=39.7) | Direction: HOLD | BullScore: 32.6% | BearScore: 67.4% | Active: ['ema', 'macd', 'rsi', 'vp']
2026-08-21 22:11:06,787 - INFO - Signal evaluated: HOLD. Reason/Details: Confluence score: 67% (HOLD)
2026-08-21 22:11:07,026 - INFO - Logged heartbeat status: OK
2026-08-21 22:11:07,026 - INFO - Job "LiveRunner.process_cycle (trigger: interval[0:05:00], next run at: 2026-08-21 22:16:03 IST)" executed successfully
2026-08-21 22:16:03,711 - INFO - Running job "LiveRunner.process_cycle (trigger: interval[0:05:00], next run at: 2026-08-21 22:21:03 IST)" (scheduled at 2026-08-21 22:16:03.675359+05:30)
2026-08-21 22:16:03,761 - INFO - [bot-1787212339345-1b01] Starting signal check cycle for BTC/USDT (5m)...
2026-08-21 22:16:03,818 - INFO - Fetching recent candles for BTC/USDT (5m) [Bot: bot-1787212339345-1b01] via ProviderManager...
2026-08-21 22:16:04,530 - INFO - Indicators computed | close=77344.75 ema_9=77290.06 ema_20=77285.96 ema_50=77247.85 ema_200=76142.41 macd=6.4365 poc=69350.0 val=64025.0 vah=74500.0
2026-08-21 22:16:04,534 - INFO - [bot-1787212339345-1b01] Evaluating strategy on completed candle: 2026-08-21 16:40:00+00:00 at Close price: 77362.04
2026-08-21 22:16:04,671 - INFO - Confluence Evaluation | Regime: TRENDING (ADX=40.2) | Direction: HOLD | BullScore: 32.6% | BearScore: 34.8% | Active: ['ema', 'macd', 'rsi', 'vp']
2026-08-21 22:16:04,811 - INFO - Signal evaluated: HOLD. Reason/Details: Confluence score: 35% (HOLD)
2026-08-21 22:16:04,953 - INFO - Logged heartbeat status: OK
2026-08-21 22:16:04,957 - INFO - Job "LiveRunner.process_cycle (trigger: interval[0:05:00], next run at: 2026-08-21 22:21:03 IST)" executed successfully
2026-08-21 22:21:03,699 - INFO - Running job "LiveRunner.process_cycle (trigger: interval[0:05:00], next run at: 2026-08-21 22:26:03 IST)" (scheduled at 2026-08-21 22:21:03.675359+05:30)
2026-08-21 22:21:03,746 - INFO - [bot-1787212339345-1b01] Starting signal check cycle for BTC/USDT (5m)...
2026-08-21 22:21:03,815 - INFO - Fetching recent candles for BTC/USDT (5m) [Bot: bot-1787212339345-1b01] via ProviderManager...
2026-08-21 22:21:04,415 - INFO - Indicators computed | close=77522.47 ema_9=77366.21 ema_20=77324.47 ema_50=77265.61 ema_200=76157.97 macd=36.1426 poc=69350.0 val=64025.0 vah=74525.0
2026-08-21 22:21:04,417 - INFO - [bot-1787212339345-1b01] Evaluating strategy on completed candle: 2026-08-21 16:45:00+00:00 at Close price: 77530.19
2026-08-21 22:21:04,500 - INFO - LONG signal blocked | Location blocked (Close 77530.19 outside Value Area [62744.50 - 76015.50], VAL=64025.00, VAH=74525.00) | context={'close': 77530.19, 'ema_9': 77327.14786556269, 'ema_20': 77303.62543003306, 'ema_50': 77255.12450110391, 'ema_200': 76144.25262187838, 'macd_line': 21.229475276821177, 'macd_signal': 6.32280964717363, 'macd_hist': 14.906665629647547, 'poc': np.float64(69350.0), 'val': np.float64(64025.0), 'vah': np.float64(74525.0)}
2026-08-21 22:21:04,530 - INFO - Confluence Evaluation | Regime: TRENDING (ADX=39.6) | Direction: HOLD | BullScore: 65.2% | BearScore: 34.8% | Active: ['ema', 'macd', 'rsi', 'vp']
2026-08-21 22:21:04,652 - INFO - Signal evaluated: HOLD. Reason/Details: LONG setup blocked: Location blocked (Close 77530.19 outside Value Area [62744.50 - 76015.50], VAL=64025.00, VAH=74525.00)
2026-08-21 22:21:05,037 - INFO - Logged heartbeat status: OK
2026-08-21 22:21:05,037 - INFO - Job "LiveRunner.process_cycle (trigger: interval[0:05:00], next run at: 2026-08-21 22:26:03 IST)" executed successfully
2026-08-21 22:26:03,711 - INFO - Running job "LiveRunner.process_cycle (trigger: interval[0:05:00], next run at: 2026-08-21 22:31:03 IST)" (scheduled at 2026-08-21 22:26:03.675359+05:30)
2026-08-21 22:26:03,747 - INFO - [bot-1787212339345-1b01] Starting signal check cycle for BTC/USDT (5m)...
2026-08-21 22:26:03,805 - INFO - Fetching recent candles for BTC/USDT (5m) [Bot: bot-1787212339345-1b01] via ProviderManager...
2026-08-21 22:26:04,349 - INFO - Indicators computed | close=77486.72 ema_9=77381.92 ema_20=77335.40 ema_50=77272.30 ema_200=76170.67 macd=41.3312 poc=69350.0 val=64025.0 vah=74525.0
2026-08-21 22:26:04,350 - INFO - [bot-1787212339345-1b01] Evaluating strategy on completed candle: 2026-08-21 16:50:00+00:00 at Close price: 77470.00
2026-08-21 22:26:04,430 - INFO - Confluence Evaluation | Regime: TRENDING (ADX=39.0) | Direction: HOLD | BullScore: 65.2% | BearScore: 34.8% | Active: ['ema', 'macd', 'rsi', 'vp']
2026-08-21 22:26:04,518 - INFO - Signal evaluated: HOLD. Reason/Details: Confluence score: 65% (HOLD)
2026-08-21 22:26:04,773 - INFO - Logged heartbeat status: OK
2026-08-21 22:26:04,774 - INFO - Job "LiveRunner.process_cycle (trigger: interval[0:05:00], next run at: 2026-08-21 22:31:03 IST)" executed successfully
2026-08-21 22:31:03,713 - INFO - Running job "LiveRunner.process_cycle (trigger: interval[0:05:00], next run at: 2026-08-21 22:36:03 IST)" (scheduled at 2026-08-21 22:31:03.675359+05:30)
2026-08-21 22:31:03,827 - INFO - [bot-1787212339345-1b01] Starting signal check cycle for BTC/USDT (5m)...
2026-08-21 22:31:03,905 - INFO - Fetching recent candles for BTC/USDT (5m) [Bot: bot-1787212339345-1b01] via ProviderManager...
2026-08-21 22:31:05,410 - INFO - Indicators computed | close=77507.88 ema_9=77407.00 ema_20=77351.76 ema_50=77281.51 ema_200=76183.97 macd=49.8490 poc=69350.0 val=64025.0 vah=74550.0
2026-08-21 22:31:05,422 - INFO - [bot-1787212339345-1b01] Evaluating strategy on completed candle: 2026-08-21 16:55:00+00:00 at Close price: 77486.01
2026-08-21 22:31:05,753 - INFO - Confluence Evaluation | Regime: TRENDING (ADX=37.1) | Direction: LONG | BullScore: 82.6% | BearScore: 17.4% | Active: ['ema', 'macd', 'rsi', 'vp']
2026-08-21 22:31:06,028 - INFO - Capping position size 0.927013 BTC to available cash equivalent 0.193583 BTC.
2026-08-21 22:31:06,389 - INFO - Created pending signal approval ID 244 for bot bot-1787212339345-1b01 (LONG @ $77486.01, status: WAITING_APPROVAL)
2026-08-21 22:31:06,608 - INFO - [bot-1787212339345-1b01] Signal LONG generated (ID: 244). Waiting for manual user approval.
2026-08-21 22:31:06,761 - INFO - Logged heartbeat status: OK
2026-08-21 22:31:06,786 - INFO - Job "LiveRunner.process_cycle (trigger: interval[0:05:00], next run at: 2026-08-21 22:36:03 IST)" executed successfully
2026-08-21 22:36:03,786 - INFO - Running job "LiveRunner.process_cycle (trigger: interval[0:05:00], next run at: 2026-08-21 22:41:03 IST)" (scheduled at 2026-08-21 22:36:03.675359+05:30)
2026-08-21 22:36:03,801 - INFO - [bot-1787212339345-1b01] Starting signal check cycle for BTC/USDT (5m)...
2026-08-21 22:36:03,855 - INFO - Fetching recent candles for BTC/USDT (5m) [Bot: bot-1787212339345-1b01] via ProviderManager...
2026-08-21 22:36:04,456 - INFO - Indicators computed | close=77556.48 ema_9=77439.15 ema_20=77372.48 ema_50=77292.83 ema_200=76197.77 macd=60.7453 poc=69350.0 val=64025.0 vah=74575.0
2026-08-21 22:36:04,458 - INFO - [bot-1787212339345-1b01] Evaluating strategy on completed candle: 2026-08-21 17:00:00+00:00 at Close price: 77522.00
2026-08-21 22:36:04,507 - INFO - Confluence Evaluation | Regime: TRENDING (ADX=34.7) | Direction: LONG | BullScore: 82.6% | BearScore: 17.4% | Active: ['ema', 'macd', 'rsi', 'vp']
2026-08-21 22:36:04,565 - INFO - Capping position size 0.922311 BTC to available cash equivalent 0.193493 BTC.
2026-08-21 22:36:04,624 - INFO - [bot-1787212339345-1b01] Signal LONG active pending approval already exists (ID: 244).
2026-08-21 22:36:04,754 - INFO - Logged heartbeat status: OK
2026-08-21 22:36:04,754 - INFO - Job "LiveRunner.process_cycle (trigger: interval[0:05:00], next run at: 2026-08-21 22:41:03 IST)" executed successfully
2026-08-21 22:41:03,791 - INFO - Running job "LiveRunner.process_cycle (trigger: interval[0:05:00], next run at: 2026-08-21 22:46:03 IST)" (scheduled at 2026-08-21 22:41:03.675359+05:30)
2026-08-21 22:41:03,848 - INFO - [bot-1787212339345-1b01] Starting signal check cycle for BTC/USDT (5m)...
2026-08-21 22:41:03,924 - INFO - Fetching recent candles for BTC/USDT (5m) [Bot: bot-1787212339345-1b01] via ProviderManager...
2026-08-21 22:41:04,668 - INFO - Indicators computed | close=77604.01 ema_9=77481.87 ema_20=77399.78 ema_50=77307.33 ema_200=76212.36 macd=75.2494 poc=69350.0 val=64025.0 vah=74575.0
2026-08-21 22:41:04,671 - INFO - [bot-1787212339345-1b01] Evaluating strategy on completed candle: 2026-08-21 17:05:00+00:00 at Close price: 77617.37
2026-08-21 22:41:04,806 - INFO - Confluence Evaluation | Regime: TRENDING (ADX=35.6) | Direction: LONG | BullScore: 82.6% | BearScore: 17.4% | Active: ['ema', 'macd', 'rsi', 'vp']
2026-08-21 22:41:04,959 - INFO - Capping position size 0.796411 BTC to available cash equivalent 0.193256 BTC.
2026-08-21 22:41:05,006 - INFO - [bot-1787212339345-1b01] Signal LONG active pending approval already exists (ID: 244).
2026-08-21 22:41:05,122 - INFO - Logged heartbeat status: OK
2026-08-21 22:41:05,123 - INFO - Job "LiveRunner.process_cycle (trigger: interval[0:05:00], next run at: 2026-08-21 22:46:03 IST)" executed successfully
/Users/ashishparadkar/Downloads/algo-code-main/.venv/lib/python3.9/site-packages/urllib3/__init__.py:35: NotOpenSSLWarning: urllib3 v2 only supports OpenSSL 1.1.1+, currently the 'ssl' module is compiled with 'LibreSSL 2.8.3'. See: https://github.com/urllib3/urllib3/issues/3020
  warnings.warn(
2026-08-21 22:45:14,100 - INFO - Bot state startup reconciliation finished: 0 bot(s) reconciled to STOPPED.
2026-08-21 22:45:14,864 - INFO - Telegram notification service initialized successfully (Chat ID: 5657...)
2026-08-21 22:45:15,283 - INFO - Initializing scheduled trading bot live runner for bot-1787212339345-1b01...
2026-08-21 22:45:15,608 - INFO - SQLite database tables verified/created.
2026-08-21 22:45:16,924 - INFO - Initializing CCXT Binance in TESTNET mode.
