/Users/ashishparadkar/Downloads/algo-code-main/.venv/lib/python3.9/site-packages/urllib3/__init__.py:35: NotOpenSSLWarning: urllib3 v2 only supports OpenSSL 1.1.1+, currently the 'ssl' module is compiled with 'LibreSSL 2.8.3'. See: https://github.com/urllib3/urllib3/issues/3020
  warnings.warn(
/Users/ashishparadkar/Downloads/algo-code-main/.venv/lib/python3.9/site-packages/urllib3/__init__.py:35: NotOpenSSLWarning: urllib3 v2 only supports OpenSSL 1.1.1+, currently the 'ssl' module is compiled with 'LibreSSL 2.8.3'. See: https://github.com/urllib3/urllib3/issues/3020
  warnings.warn(
2026-08-20 13:25:57,387 - INFO - Bot state startup reconciliation finished: 0 bot(s) reconciled to STOPPED.
2026-08-20 13:25:57,751 - INFO - Telegram notification service initialized successfully (Chat ID: 5657...)
2026-08-20 13:25:57,767 - INFO - Initializing scheduled trading bot live runner for bot-1787212103720-47e3...
2026-08-20 13:25:58,272 - INFO - SQLite database tables verified/created.
2026-08-20 13:25:58,861 - INFO - Initializing CCXT Binance in TESTNET mode.
/Users/ashishparadkar/Downloads/algo-code-main/.venv/lib/python3.9/site-packages/urllib3/__init__.py:35: NotOpenSSLWarning: urllib3 v2 only supports OpenSSL 1.1.1+, currently the 'ssl' module is compiled with 'LibreSSL 2.8.3'. See: https://github.com/urllib3/urllib3/issues/3020
  warnings.warn(
2026-08-20 22:17:16,067 - INFO - Bot state startup reconciliation finished: 0 bot(s) reconciled to STOPPED.
2026-08-20 22:17:16,519 - INFO - Telegram notification service initialized successfully (Chat ID: 5657...)
2026-08-20 22:17:16,944 - INFO - Initializing scheduled trading bot live runner for bot-1787212103720-47e3...
2026-08-20 22:17:17,226 - INFO - SQLite database tables verified/created.
2026-08-20 22:17:17,396 - INFO - Initializing CCXT Binance in TESTNET mode.
2026-08-20 22:17:47,477 - INFO - [bot-1787212103720-47e3] Pre-flight instrument resolved: ETH/USDT (SPOT via binance_spot)
2026-08-20 22:17:48,068 - INFO - [bot-1787212103720-47e3] Starting signal check cycle for ETH/USDT (5m)...
2026-08-20 22:17:48,090 - INFO - Fetching recent candles for ETH/USDT (5m) [Bot: bot-1787212103720-47e3] via ProviderManager...
2026-08-20 22:19:17,947 - INFO - Indicators computed | close=2342.77 ema_9=2331.22 ema_20=2320.02 ema_50=2304.31 ema_200=2258.18 macd=12.2925 poc=1900.0 val=1875.0 vah=2250.0
2026-08-20 22:19:17,997 - INFO - [bot-1787212103720-47e3] Evaluating strategy on completed candle: 2026-08-20 16:40:00+00:00 at Close price: 2348.94
2026-08-20 22:19:19,126 - INFO - Confluence Evaluation | Regime: TRENDING (ADX=59.9) | Direction: LONG | BullScore: 82.6% | BearScore: 17.4% | Active: ['ema', 'macd', 'rsi', 'vp']
2026-08-20 22:19:19,447 - INFO - Capping position size 11.947431 BTC to available cash equivalent 8.514479 BTC.
2026-08-20 22:19:19,873 - INFO - Created pending signal approval ID 43 for bot bot-1787212103720-47e3 (LONG @ $2348.94, status: WAITING_APPROVAL)
2026-08-20 22:19:20,219 - INFO - [bot-1787212103720-47e3] Signal LONG generated (ID: 43). Waiting for manual user approval.
2026-08-20 22:19:20,612 - INFO - Logged heartbeat status: OK
2026-08-20 22:19:21,004 - INFO - Adding job tentatively -- it will be properly scheduled when the scheduler starts
2026-08-20 22:19:21,012 - INFO - Bot bot-1787212103720-47e3 scheduled to check every 5 minutes.
2026-08-20 22:19:21,023 - INFO - Added job "LiveRunner.process_cycle" to job store "default"
2026-08-20 22:19:21,023 - INFO - Scheduler started
2026-08-20 22:24:21,296 - INFO - Running job "LiveRunner.process_cycle (trigger: interval[0:05:00], next run at: 2026-08-20 22:29:21 IST)" (scheduled at 2026-08-20 22:24:21.002381+05:30)
2026-08-20 22:24:21,372 - INFO - [bot-1787212103720-47e3] Starting signal check cycle for ETH/USDT (5m)...
2026-08-20 22:24:21,448 - INFO - Fetching recent candles for ETH/USDT (5m) [Bot: bot-1787212103720-47e3] via ProviderManager...
2026-08-20 22:24:22,361 - INFO - Indicators computed | close=2340.77 ema_9=2333.14 ema_20=2322.00 ema_50=2305.74 ema_200=2259.01 macd=12.4192 poc=1900.0 val=1875.0 vah=2250.0
2026-08-20 22:24:22,362 - INFO - [bot-1787212103720-47e3] Evaluating strategy on completed candle: 2026-08-20 16:45:00+00:00 at Close price: 2342.79
2026-08-20 22:24:22,443 - INFO - Confluence Evaluation | Regime: TRENDING (ADX=61.0) | Direction: LONG | BullScore: 82.6% | BearScore: 17.4% | Active: ['ema', 'macd', 'rsi', 'vp']
2026-08-20 22:24:22,556 - INFO - Capping position size 15.100038 BTC to available cash equivalent 8.536830 BTC.
2026-08-20 22:24:22,564 - INFO - [bot-1787212103720-47e3] Signal LONG active pending approval already exists (ID: 43).
2026-08-20 22:24:22,792 - INFO - Logged heartbeat status: OK
2026-08-20 22:24:22,793 - INFO - Job "LiveRunner.process_cycle (trigger: interval[0:05:00], next run at: 2026-08-20 22:29:21 IST)" executed successfully
2026-08-20 22:29:21,020 - INFO - Running job "LiveRunner.process_cycle (trigger: interval[0:05:00], next run at: 2026-08-20 22:34:21 IST)" (scheduled at 2026-08-20 22:29:21.002381+05:30)
2026-08-20 22:29:21,053 - INFO - [bot-1787212103720-47e3] Starting signal check cycle for ETH/USDT (5m)...
2026-08-20 22:29:21,085 - INFO - Fetching recent candles for ETH/USDT (5m) [Bot: bot-1787212103720-47e3] via ProviderManager...
2026-08-20 22:29:21,868 - INFO - Indicators computed | close=2345.20 ema_9=2335.61 ema_20=2324.24 ema_50=2307.30 ema_200=2259.87 macd=12.7537 poc=1900.0 val=1875.0 vah=2250.0
2026-08-20 22:29:21,869 - INFO - [bot-1787212103720-47e3] Evaluating strategy on completed candle: 2026-08-20 16:50:00+00:00 at Close price: 2341.17
2026-08-20 22:29:21,951 - INFO - Confluence Evaluation | Regime: TRENDING (ADX=61.9) | Direction: LONG | BullScore: 82.6% | BearScore: 17.4% | Active: ['ema', 'macd', 'rsi', 'vp']
2026-08-20 22:29:22,054 - INFO - Capping position size 17.323517 BTC to available cash equivalent 8.542737 BTC.
2026-08-20 22:29:22,067 - INFO - [bot-1787212103720-47e3] Signal LONG active pending approval already exists (ID: 43).
2026-08-20 22:29:22,325 - INFO - Logged heartbeat status: OK
2026-08-20 22:29:22,327 - INFO - Job "LiveRunner.process_cycle (trigger: interval[0:05:00], next run at: 2026-08-20 22:34:21 IST)" executed successfully
2026-08-20 22:34:21,050 - INFO - Running job "LiveRunner.process_cycle (trigger: interval[0:05:00], next run at: 2026-08-20 22:39:21 IST)" (scheduled at 2026-08-20 22:34:21.002381+05:30)
2026-08-20 22:34:21,087 - INFO - [bot-1787212103720-47e3] Starting signal check cycle for ETH/USDT (5m)...
2026-08-20 22:34:21,135 - INFO - Fetching recent candles for ETH/USDT (5m) [Bot: bot-1787212103720-47e3] via ProviderManager...
2026-08-20 22:34:21,618 - INFO - Indicators computed | close=2342.17 ema_9=2336.81 ema_20=2325.89 ema_50=2308.64 ema_200=2260.68 macd=12.5593 poc=1900.0 val=1875.0 vah=2250.0
2026-08-20 22:34:21,619 - INFO - [bot-1787212103720-47e3] Evaluating strategy on completed candle: 2026-08-20 16:55:00+00:00 at Close price: 2344.48
2026-08-20 22:34:21,701 - INFO - Confluence Evaluation | Regime: TRENDING (ADX=61.7) | Direction: LONG | BullScore: 82.6% | BearScore: 17.4% | Active: ['ema', 'macd', 'rsi', 'vp']
2026-08-20 22:34:21,810 - INFO - Capping position size 18.214936 BTC to available cash equivalent 8.530676 BTC.
2026-08-20 22:34:21,866 - INFO - [bot-1787212103720-47e3] Signal LONG active pending approval already exists (ID: 43).
2026-08-20 22:34:22,071 - INFO - Logged heartbeat status: OK
2026-08-20 22:34:22,073 - INFO - Job "LiveRunner.process_cycle (trigger: interval[0:05:00], next run at: 2026-08-20 22:39:21 IST)" executed successfully
2026-08-20 22:39:21,046 - INFO - Running job "LiveRunner.process_cycle (trigger: interval[0:05:00], next run at: 2026-08-20 22:44:21 IST)" (scheduled at 2026-08-20 22:39:21.002381+05:30)
2026-08-20 22:39:21,055 - INFO - [bot-1787212103720-47e3] Starting signal check cycle for ETH/USDT (5m)...
2026-08-20 22:39:21,105 - INFO - Fetching recent candles for ETH/USDT (5m) [Bot: bot-1787212103720-47e3] via ProviderManager...
2026-08-20 22:39:21,499 - INFO - Indicators computed | close=2340.97 ema_9=2337.18 ema_20=2327.08 ema_50=2309.80 ema_200=2261.45 macd=12.0358 poc=1900.0 val=1875.0 vah=2250.0
2026-08-20 22:39:21,500 - INFO - [bot-1787212103720-47e3] Evaluating strategy on completed candle: 2026-08-20 17:00:00+00:00 at Close price: 2339.29
2026-08-20 22:39:21,570 - INFO - Confluence Evaluation | Regime: TRENDING (ADX=59.6) | Direction: LONG | BullScore: 82.6% | BearScore: 17.4% | Active: ['ema', 'macd', 'rsi', 'vp']
2026-08-20 22:39:21,663 - INFO - Capping position size 32.786885 BTC to available cash equivalent 8.549603 BTC.
2026-08-20 22:39:21,671 - INFO - [bot-1787212103720-47e3] Signal LONG active pending approval already exists (ID: 43).
2026-08-20 22:39:21,874 - INFO - Logged heartbeat status: OK
2026-08-20 22:39:21,875 - INFO - Job "LiveRunner.process_cycle (trigger: interval[0:05:00], next run at: 2026-08-20 22:44:21 IST)" executed successfully
2026-08-20 22:44:21,017 - INFO - Running job "LiveRunner.process_cycle (trigger: interval[0:05:00], next run at: 2026-08-20 22:49:21 IST)" (scheduled at 2026-08-20 22:44:21.002381+05:30)
2026-08-20 22:44:21,026 - INFO - [bot-1787212103720-47e3] Starting signal check cycle for ETH/USDT (5m)...
2026-08-20 22:44:21,075 - INFO - Fetching recent candles for ETH/USDT (5m) [Bot: bot-1787212103720-47e3] via ProviderManager...
2026-08-20 22:44:21,483 - INFO - Indicators computed | close=2337.15 ema_9=2336.92 ema_20=2327.90 ema_50=2310.81 ema_200=2262.19 macd=11.2659 poc=1900.0 val=1875.0 vah=2250.0
2026-08-20 22:44:21,486 - INFO - [bot-1787212103720-47e3] Evaluating strategy on completed candle: 2026-08-20 17:05:00+00:00 at Close price: 2339.38
2026-08-20 22:44:21,566 - INFO - Confluence Evaluation | Regime: TRENDING (ADX=56.4) | Direction: LONG | BullScore: 82.6% | BearScore: 17.4% | Active: ['ema', 'macd', 'rsi', 'vp']
2026-08-20 22:44:21,669 - INFO - Capping position size 63.593005 BTC to available cash equivalent 8.549274 BTC.
2026-08-20 22:44:21,725 - INFO - [bot-1787212103720-47e3] Signal LONG active pending approval already exists (ID: 43).
2026-08-20 22:44:21,927 - INFO - Logged heartbeat status: OK
2026-08-20 22:44:21,927 - INFO - Job "LiveRunner.process_cycle (trigger: interval[0:05:00], next run at: 2026-08-20 22:49:21 IST)" executed successfully
2026-08-20 22:49:21,014 - INFO - Running job "LiveRunner.process_cycle (trigger: interval[0:05:00], next run at: 2026-08-20 22:54:21 IST)" (scheduled at 2026-08-20 22:49:21.002381+05:30)
2026-08-20 22:49:21,024 - INFO - [bot-1787212103720-47e3] Starting signal check cycle for ETH/USDT (5m)...
2026-08-20 22:49:21,075 - INFO - Fetching recent candles for ETH/USDT (5m) [Bot: bot-1787212103720-47e3] via ProviderManager...
2026-08-20 22:49:21,499 - INFO - Indicators computed | close=2339.80 ema_9=2337.59 ema_20=2329.08 ema_50=2311.97 ema_200=2262.97 macd=10.8807 poc=1900.0 val=1875.0 vah=2250.0
2026-08-20 22:49:21,499 - INFO - [bot-1787212103720-47e3] Evaluating strategy on completed candle: 2026-08-20 17:10:00+00:00 at Close price: 2337.73
2026-08-20 22:49:21,570 - INFO - Confluence Evaluation | Regime: TRENDING (ADX=54.7) | Direction: HOLD | BullScore: 50.0% | BearScore: 17.4% | Active: ['ema', 'macd', 'rsi', 'vp']
2026-08-20 22:49:21,715 - INFO - Signal evaluated: HOLD. Reason/Details: Confluence score: 50% (HOLD)
2026-08-20 22:49:21,936 - INFO - Logged heartbeat status: OK
2026-08-20 22:49:21,936 - INFO - Job "LiveRunner.process_cycle (trigger: interval[0:05:00], next run at: 2026-08-20 22:54:21 IST)" executed successfully
2026-08-21 00:19:20,133 - WARNING - Run time of job "LiveRunner.process_cycle (trigger: interval[0:05:00], next run at: 2026-08-21 00:19:21 IST)" was missed by 0:04:59.118969
2026-08-21 00:19:21,043 - INFO - Running job "LiveRunner.process_cycle (trigger: interval[0:05:00], next run at: 2026-08-21 00:24:21 IST)" (scheduled at 2026-08-21 00:19:21.002381+05:30)
2026-08-21 00:19:21,085 - INFO - [bot-1787212103720-47e3] Starting signal check cycle for ETH/USDT (5m)...
2026-08-21 00:19:21,141 - INFO - Fetching recent candles for ETH/USDT (5m) [Bot: bot-1787212103720-47e3] via ProviderManager...
2026-08-21 00:19:31,235 - ERROR - Binance Spot Network Error: binance GET https://api.binance.com/api/v3/klines?interval=5m&limit=1000&symbol=ETHUSDT
--- Logging error ---
Traceback (most recent call last):
  File "/Users/ashishparadkar/Downloads/algo-code-main/.venv/lib/python3.9/site-packages/urllib3/connectionpool.py", line 534, in _make_request
    response = conn.getresponse()
  File "/Users/ashishparadkar/Downloads/algo-code-main/.venv/lib/python3.9/site-packages/urllib3/connection.py", line 571, in getresponse
    httplib_response = super().getresponse()
  File "/Library/Developer/CommandLineTools/Library/Frameworks/Python3.framework/Versions/3.9/lib/python3.9/http/client.py", line 1349, in getresponse
    response.begin()
  File "/Library/Developer/CommandLineTools/Library/Frameworks/Python3.framework/Versions/3.9/lib/python3.9/http/client.py", line 316, in begin
    version, status, reason = self._read_status()
  File "/Library/Developer/CommandLineTools/Library/Frameworks/Python3.framework/Versions/3.9/lib/python3.9/http/client.py", line 277, in _read_status
    line = str(self.fp.readline(_MAXLINE + 1), "iso-8859-1")
  File "/Library/Developer/CommandLineTools/Library/Frameworks/Python3.framework/Versions/3.9/lib/python3.9/socket.py", line 704, in readinto
    return self._sock.recv_into(b)
  File "/Library/Developer/CommandLineTools/Library/Frameworks/Python3.framework/Versions/3.9/lib/python3.9/ssl.py", line 1241, in recv_into
    return self.read(nbytes, buffer)
  File "/Library/Developer/CommandLineTools/Library/Frameworks/Python3.framework/Versions/3.9/lib/python3.9/ssl.py", line 1099, in read
    return self._sslobj.read(len, buffer)
socket.timeout: The read operation timed out

The above exception was the direct cause of the following exception:

Traceback (most recent call last):
  File "/Users/ashishparadkar/Downloads/algo-code-main/.venv/lib/python3.9/site-packages/requests/adapters.py", line 644, in send
    resp = conn.urlopen(
  File "/Users/ashishparadkar/Downloads/algo-code-main/.venv/lib/python3.9/site-packages/urllib3/connectionpool.py", line 841, in urlopen
    retries = retries.increment(
  File "/Users/ashishparadkar/Downloads/algo-code-main/.venv/lib/python3.9/site-packages/urllib3/util/retry.py", line 490, in increment
    raise reraise(type(error), error, _stacktrace)
  File "/Users/ashishparadkar/Downloads/algo-code-main/.venv/lib/python3.9/site-packages/urllib3/util/util.py", line 39, in reraise
    raise value
  File "/Users/ashishparadkar/Downloads/algo-code-main/.venv/lib/python3.9/site-packages/urllib3/connectionpool.py", line 787, in urlopen
    response = self._make_request(
  File "/Users/ashishparadkar/Downloads/algo-code-main/.venv/lib/python3.9/site-packages/urllib3/connectionpool.py", line 536, in _make_request
    self._raise_timeout(err=e, url=url, timeout_value=read_timeout)
  File "/Users/ashishparadkar/Downloads/algo-code-main/.venv/lib/python3.9/site-packages/urllib3/connectionpool.py", line 367, in _raise_timeout
    raise ReadTimeoutError(
urllib3.exceptions.ReadTimeoutError: HTTPSConnectionPool(host='api.binance.com', port=443): Read timed out. (read timeout=10.0)

During handling of the above exception, another exception occurred:

Traceback (most recent call last):
  File "/Users/ashishparadkar/Downloads/algo-code-main/.venv/lib/python3.9/site-packages/ccxt/base/exchange.py", line 665, in fetch
    response = self.session.request(
  File "/Users/ashishparadkar/Downloads/algo-code-main/.venv/lib/python3.9/site-packages/requests/sessions.py", line 589, in request
    resp = self.send(prep, **send_kwargs)
  File "/Users/ashishparadkar/Downloads/algo-code-main/.venv/lib/python3.9/site-packages/requests/sessions.py", line 703, in send
    r = adapter.send(request, **kwargs)
  File "/Users/ashishparadkar/Downloads/algo-code-main/.venv/lib/python3.9/site-packages/requests/adapters.py", line 690, in send
    raise ReadTimeout(e, request=request)
requests.exceptions.ReadTimeout: HTTPSConnectionPool(host='api.binance.com', port=443): Read timed out. (read timeout=10.0)

The above exception was the direct cause of the following exception:

Traceback (most recent call last):
  File "/Users/ashishparadkar/Downloads/algo-code-main/src/provider_manager.py", line 351, in fetch_ohlcv_safe
    df = adapter.fetch_ohlcv(instrument, timeframe, limit=limit)
  File "/Users/ashishparadkar/Downloads/algo-code-main/src/provider_manager.py", line 211, in fetch_ohlcv
    raise net_err
  File "/Users/ashishparadkar/Downloads/algo-code-main/src/provider_manager.py", line 183, in fetch_ohlcv
    raw_candles = self.exchange.fetch_ohlcv(
  File "/Users/ashishparadkar/Downloads/algo-code-main/.venv/lib/python3.9/site-packages/ccxt/binance.py", line 4759, in fetch_ohlcv
    response = self.publicGetKlines(self.extend(request, params))
  File "/Users/ashishparadkar/Downloads/algo-code-main/.venv/lib/python3.9/site-packages/ccxt/base/types.py", line 35, in unbound_method
    return _self.request(self.path, self.api, self.method, params, config=self.config)
  File "/Users/ashishparadkar/Downloads/algo-code-main/.venv/lib/python3.9/site-packages/ccxt/binance.py", line 11724, in request
    response = self.fetch2(path, api, method, params, headers, body, config)
  File "/Users/ashishparadkar/Downloads/algo-code-main/.venv/lib/python3.9/site-packages/ccxt/base/exchange.py", line 5566, in fetch2
    raise e
  File "/Users/ashishparadkar/Downloads/algo-code-main/.venv/lib/python3.9/site-packages/ccxt/base/exchange.py", line 5549, in fetch2
    response = self.fetch(request['url'], request['method'], request['headers'], request['body'])
  File "/Users/ashishparadkar/Downloads/algo-code-main/.venv/lib/python3.9/site-packages/ccxt/base/exchange.py", line 698, in fetch
    raise RequestTimeout(details) from e
ccxt.base.errors.RequestTimeout: binance GET https://api.binance.com/api/v3/klines?interval=5m&limit=1000&symbol=ETHUSDT

During handling of the above exception, another exception occurred:

Traceback (most recent call last):
  File "/Library/Developer/CommandLineTools/Library/Frameworks/Python3.framework/Versions/3.9/lib/python3.9/logging/__init__.py", line 1083, in emit
    msg = self.format(record)
  File "/Library/Developer/CommandLineTools/Library/Frameworks/Python3.framework/Versions/3.9/lib/python3.9/logging/__init__.py", line 927, in format
    return fmt.format(record)
  File "/Library/Developer/CommandLineTools/Library/Frameworks/Python3.framework/Versions/3.9/lib/python3.9/logging/__init__.py", line 663, in format
    record.message = record.getMessage()
  File "/Library/Developer/CommandLineTools/Library/Frameworks/Python3.framework/Versions/3.9/lib/python3.9/logging/__init__.py", line 367, in getMessage
    msg = msg % self.args
TypeError: must be real number, not RequestTimeout
Call stack:
  File "/Library/Developer/CommandLineTools/Library/Frameworks/Python3.framework/Versions/3.9/lib/python3.9/threading.py", line 930, in _bootstrap
    self._bootstrap_inner()
  File "/Library/Developer/CommandLineTools/Library/Frameworks/Python3.framework/Versions/3.9/lib/python3.9/threading.py", line 973, in _bootstrap_inner
    self.run()
  File "/Library/Developer/CommandLineTools/Library/Frameworks/Python3.framework/Versions/3.9/lib/python3.9/threading.py", line 910, in run
    self._target(*self._args, **self._kwargs)
  File "/Library/Developer/CommandLineTools/Library/Frameworks/Python3.framework/Versions/3.9/lib/python3.9/concurrent/futures/thread.py", line 77, in _worker
    work_item.run()
  File "/Library/Developer/CommandLineTools/Library/Frameworks/Python3.framework/Versions/3.9/lib/python3.9/concurrent/futures/thread.py", line 52, in run
    result = self.fn(*self.args, **self.kwargs)
  File "/Users/ashishparadkar/Downloads/algo-code-main/.venv/lib/python3.9/site-packages/apscheduler/executors/base.py", line 131, in run_job
    retval = job.func(*job.args, **job.kwargs)
  File "/Users/ashishparadkar/Downloads/algo-code-main/src/live_runner.py", line 199, in process_cycle
    df, _ = self.provider_manager.fetch_ohlcv_safe(self.symbol, self.timeframe, limit=1000)
  File "/Users/ashishparadkar/Downloads/algo-code-main/src/provider_manager.py", line 362, in fetch_ohlcv_safe
    logger.warning(
Message: 'Retryable network failure for %s (Attempt %d/%d). Backing off %.2fs: %s'
Arguments: ('ETH/USDT', 1, 3, RequestTimeout('binance GET https://api.binance.com/api/v3/klines?interval=5m&limit=1000&symbol=ETHUSDT'))
2026-08-21 00:19:33,923 - INFO - Indicators computed | close=2318.94 ema_9=2323.05 ema_20=2328.09 ema_50=2321.79 ema_200=2274.46 macd=-2.6359 poc=2250.0 val=2000.0 vah=2350.0
2026-08-21 00:19:33,931 - INFO - [bot-1787212103720-47e3] Evaluating strategy on completed candle: 2026-08-20 18:40:00+00:00 at Close price: 2316.79
2026-08-21 00:19:34,017 - INFO - Confluence Evaluation | Regime: TRENDING (ADX=41.8) | Direction: HOLD | BullScore: 0.0% | BearScore: 50.0% | Active: ['ema', 'macd', 'rsi', 'vp']
2026-08-21 00:19:34,127 - INFO - Signal evaluated: HOLD. Reason/Details: Confluence score: 50% (HOLD)
2026-08-21 00:19:34,400 - INFO - Logged heartbeat status: OK
2026-08-21 00:19:34,400 - INFO - Job "LiveRunner.process_cycle (trigger: interval[0:05:00], next run at: 2026-08-21 00:24:21 IST)" executed successfully
2026-08-21 00:24:21,023 - INFO - Running job "LiveRunner.process_cycle (trigger: interval[0:05:00], next run at: 2026-08-21 00:29:21 IST)" (scheduled at 2026-08-21 00:24:21.002381+05:30)
2026-08-21 00:24:21,039 - INFO - [bot-1787212103720-47e3] Starting signal check cycle for ETH/USDT (5m)...
2026-08-21 00:24:21,104 - INFO - Fetching recent candles for ETH/USDT (5m) [Bot: bot-1787212103720-47e3] via ProviderManager...
2026-08-21 00:24:21,524 - INFO - Indicators computed | close=2319.16 ema_9=2322.29 ema_20=2327.25 ema_50=2321.69 ema_200=2274.91 macd=-2.9255 poc=2250.0 val=2000.0 vah=2350.0
2026-08-21 00:24:21,525 - INFO - [bot-1787212103720-47e3] Evaluating strategy on completed candle: 2026-08-20 18:45:00+00:00 at Close price: 2319.07
2026-08-21 00:24:21,595 - INFO - Confluence Evaluation | Regime: TRENDING (ADX=43.4) | Direction: HOLD | BullScore: 0.0% | BearScore: 50.0% | Active: ['ema', 'macd', 'rsi', 'vp']
2026-08-21 00:24:21,709 - INFO - Signal evaluated: HOLD. Reason/Details: Confluence score: 50% (HOLD)
2026-08-21 00:24:21,842 - INFO - Logged heartbeat status: OK
2026-08-21 00:24:21,842 - INFO - Job "LiveRunner.process_cycle (trigger: interval[0:05:00], next run at: 2026-08-21 00:29:21 IST)" executed successfully
/Users/ashishparadkar/Downloads/algo-code-main/.venv/lib/python3.9/site-packages/urllib3/__init__.py:35: NotOpenSSLWarning: urllib3 v2 only supports OpenSSL 1.1.1+, currently the 'ssl' module is compiled with 'LibreSSL 2.8.3'. See: https://github.com/urllib3/urllib3/issues/3020
  warnings.warn(
2026-08-21 06:20:52,427 - INFO - Bot state startup reconciliation finished: 0 bot(s) reconciled to STOPPED.
2026-08-21 06:20:52,923 - INFO - Telegram notification service initialized successfully (Chat ID: 5657...)
2026-08-21 06:20:53,058 - INFO - Initializing scheduled trading bot live runner for bot-1787212103720-47e3...
2026-08-21 06:20:53,268 - INFO - SQLite database tables verified/created.
2026-08-21 06:20:53,664 - INFO - Initializing CCXT Binance in TESTNET mode.
2026-08-21 06:21:17,352 - INFO - [bot-1787212103720-47e3] Pre-flight instrument resolved: ETH/USDT (SPOT via binance_spot)
2026-08-21 06:21:17,821 - INFO - [bot-1787212103720-47e3] Starting signal check cycle for ETH/USDT (5m)...
2026-08-21 06:21:18,129 - INFO - Fetching recent candles for ETH/USDT (5m) [Bot: bot-1787212103720-47e3] via ProviderManager...
2026-08-21 06:22:30,758 - INFO - Indicators computed | close=2348.56 ema_9=2340.83 ema_20=2334.81 ema_50=2327.80 ema_200=2300.44 macd=6.3172 poc=2250.0 val=2050.0 vah=2350.0
2026-08-21 06:22:30,783 - INFO - [bot-1787212103720-47e3] Evaluating strategy on completed candle: 2026-08-21 00:45:00+00:00 at Close price: 2347.29
2026-08-21 06:22:32,467 - INFO - Confluence Evaluation | Regime: TRENDING (ADX=62.5) | Direction: LONG | BullScore: 82.6% | BearScore: 17.4% | Active: ['ema', 'macd', 'rsi', 'vp']
2026-08-21 06:22:33,044 - INFO - Capping position size 22.740193 BTC to available cash equivalent 8.520464 BTC.
2026-08-21 06:22:33,542 - INFO - Created pending signal approval ID 91 for bot bot-1787212103720-47e3 (LONG @ $2347.29, status: WAITING_APPROVAL)
2026-08-21 06:22:34,026 - INFO - [bot-1787212103720-47e3] Signal LONG generated (ID: 91). Waiting for manual user approval.
2026-08-21 06:22:34,288 - INFO - Logged heartbeat status: OK
2026-08-21 06:22:34,753 - INFO - Adding job tentatively -- it will be properly scheduled when the scheduler starts
2026-08-21 06:22:34,754 - INFO - Bot bot-1787212103720-47e3 scheduled to check every 5 minutes.
2026-08-21 06:22:34,765 - INFO - Added job "LiveRunner.process_cycle" to job store "default"
2026-08-21 06:22:34,765 - INFO - Scheduler started
2026-08-21 06:27:34,942 - INFO - Running job "LiveRunner.process_cycle (trigger: interval[0:05:00], next run at: 2026-08-21 06:32:34 IST)" (scheduled at 2026-08-21 06:27:34.751113+05:30)
2026-08-21 06:27:35,024 - INFO - [bot-1787212103720-47e3] Starting signal check cycle for ETH/USDT (5m)...
2026-08-21 06:27:35,096 - INFO - Fetching recent candles for ETH/USDT (5m) [Bot: bot-1787212103720-47e3] via ProviderManager...
2026-08-21 06:27:35,905 - INFO - Indicators computed | close=2337.32 ema_9=2339.04 ema_20=2334.47 ema_50=2327.92 ema_200=2300.74 macd=5.3066 poc=2250.0 val=2050.0 vah=2350.0
2026-08-21 06:27:35,907 - INFO - [bot-1787212103720-47e3] Evaluating strategy on completed candle: 2026-08-21 00:50:00+00:00 at Close price: 2341.81
2026-08-21 06:27:35,962 - INFO - Confluence Evaluation | Regime: TRENDING (ADX=62.6) | Direction: LONG | BullScore: 82.6% | BearScore: 17.4% | Active: ['ema', 'macd', 'rsi', 'vp']
2026-08-21 06:27:36,048 - INFO - Capping position size 33.030553 BTC to available cash equivalent 8.540403 BTC.
2026-08-21 06:27:36,102 - INFO - [bot-1787212103720-47e3] Signal LONG active pending approval already exists (ID: 91).
2026-08-21 06:27:36,277 - INFO - Logged heartbeat status: OK
2026-08-21 06:27:36,278 - INFO - Job "LiveRunner.process_cycle (trigger: interval[0:05:00], next run at: 2026-08-21 06:32:34 IST)" executed successfully
2026-08-21 06:32:34,847 - INFO - Running job "LiveRunner.process_cycle (trigger: interval[0:05:00], next run at: 2026-08-21 06:37:34 IST)" (scheduled at 2026-08-21 06:32:34.751113+05:30)
2026-08-21 06:32:34,872 - INFO - [bot-1787212103720-47e3] Starting signal check cycle for ETH/USDT (5m)...
2026-08-21 06:32:34,919 - INFO - Fetching recent candles for ETH/USDT (5m) [Bot: bot-1787212103720-47e3] via ProviderManager...
2026-08-21 06:32:35,611 - INFO - Indicators computed | close=2341.48 ema_9=2340.09 ema_20=2335.44 ema_50=2328.59 ema_200=2301.18 macd=5.4236 poc=2250.0 val=2050.0 vah=2350.0
2026-08-21 06:32:35,617 - INFO - [bot-1787212103720-47e3] Evaluating strategy on completed candle: 2026-08-21 00:55:00+00:00 at Close price: 2340.82
2026-08-21 06:32:35,745 - INFO - Confluence Evaluation | Regime: TRENDING (ADX=61.1) | Direction: LONG | BullScore: 82.6% | BearScore: 17.4% | Active: ['ema', 'macd', 'rsi', 'vp']
2026-08-21 06:32:35,833 - INFO - Capping position size 35.971223 BTC to available cash equivalent 8.544014 BTC.
2026-08-21 06:32:35,839 - INFO - [bot-1787212103720-47e3] Signal LONG active pending approval already exists (ID: 91).
2026-08-21 06:32:36,027 - INFO - Logged heartbeat status: OK
2026-08-21 06:32:36,027 - INFO - Job "LiveRunner.process_cycle (trigger: interval[0:05:00], next run at: 2026-08-21 06:37:34 IST)" executed successfully
2026-08-21 06:37:34,771 - INFO - Running job "LiveRunner.process_cycle (trigger: interval[0:05:00], next run at: 2026-08-21 06:42:34 IST)" (scheduled at 2026-08-21 06:37:34.751113+05:30)
2026-08-21 06:37:34,787 - INFO - [bot-1787212103720-47e3] Starting signal check cycle for ETH/USDT (5m)...
2026-08-21 06:37:34,836 - INFO - Fetching recent candles for ETH/USDT (5m) [Bot: bot-1787212103720-47e3] via ProviderManager...
2026-08-21 06:37:35,866 - INFO - Indicators computed | close=2343.67 ema_9=2340.99 ema_20=2336.32 ema_50=2329.22 ema_200=2301.62 macd=5.4814 poc=2250.0 val=2050.0 vah=2350.0
2026-08-21 06:37:35,868 - INFO - [bot-1787212103720-47e3] Evaluating strategy on completed candle: 2026-08-21 01:00:00+00:00 at Close price: 2342.65
2026-08-21 06:37:35,939 - INFO - Confluence Evaluation | Regime: TRENDING (ADX=60.2) | Direction: LONG | BullScore: 82.6% | BearScore: 17.4% | Active: ['ema', 'macd', 'rsi', 'vp']
2026-08-21 06:37:36,038 - INFO - Capping position size 30.888031 BTC to available cash equivalent 8.537340 BTC.
2026-08-21 06:37:36,093 - INFO - [bot-1787212103720-47e3] Signal LONG active pending approval already exists (ID: 91).
2026-08-21 06:37:36,285 - INFO - Logged heartbeat status: OK
2026-08-21 06:37:36,285 - INFO - Job "LiveRunner.process_cycle (trigger: interval[0:05:00], next run at: 2026-08-21 06:42:34 IST)" executed successfully
2026-08-21 06:42:34,775 - INFO - Running job "LiveRunner.process_cycle (trigger: interval[0:05:00], next run at: 2026-08-21 06:47:34 IST)" (scheduled at 2026-08-21 06:42:34.751113+05:30)
2026-08-21 06:42:34,803 - INFO - [bot-1787212103720-47e3] Starting signal check cycle for ETH/USDT (5m)...
2026-08-21 06:42:34,850 - INFO - Fetching recent candles for ETH/USDT (5m) [Bot: bot-1787212103720-47e3] via ProviderManager...
2026-08-21 06:42:36,855 - INFO - Indicators computed | close=2346.47 ema_9=2342.51 ema_20=2337.52 ema_50=2330.00 ema_200=2302.09 macd=5.7778 poc=2250.0 val=2050.0 vah=2350.0
2026-08-21 06:42:36,866 - INFO - [bot-1787212103720-47e3] Evaluating strategy on completed candle: 2026-08-21 01:05:00+00:00 at Close price: 2346.32
2026-08-21 06:42:36,942 - INFO - Confluence Evaluation | Regime: TRENDING (ADX=59.3) | Direction: LONG | BullScore: 82.6% | BearScore: 17.4% | Active: ['ema', 'macd', 'rsi', 'vp']
2026-08-21 06:42:37,103 - INFO - Capping position size 28.149191 BTC to available cash equivalent 8.523986 BTC.
2026-08-21 06:42:37,127 - INFO - [bot-1787212103720-47e3] Signal LONG active pending approval already exists (ID: 91).
2026-08-21 06:42:37,277 - INFO - Logged heartbeat status: OK
2026-08-21 06:42:37,277 - INFO - Job "LiveRunner.process_cycle (trigger: interval[0:05:00], next run at: 2026-08-21 06:47:34 IST)" executed successfully
2026-08-21 06:47:34,808 - INFO - Running job "LiveRunner.process_cycle (trigger: interval[0:05:00], next run at: 2026-08-21 06:52:34 IST)" (scheduled at 2026-08-21 06:47:34.751113+05:30)
2026-08-21 06:47:34,868 - INFO - [bot-1787212103720-47e3] Starting signal check cycle for ETH/USDT (5m)...
2026-08-21 06:47:34,927 - INFO - Fetching recent candles for ETH/USDT (5m) [Bot: bot-1787212103720-47e3] via ProviderManager...
2026-08-21 06:47:35,565 - INFO - Indicators computed | close=2349.12 ema_9=2343.72 ema_20=2338.56 ema_50=2330.72 ema_200=2302.55 macd=5.9455 poc=2250.0 val=2050.0 vah=2350.0
2026-08-21 06:47:35,573 - INFO - [bot-1787212103720-47e3] Evaluating strategy on completed candle: 2026-08-21 01:10:00+00:00 at Close price: 2345.75
2026-08-21 06:47:35,688 - INFO - Confluence Evaluation | Regime: TRENDING (ADX=58.8) | Direction: LONG | BullScore: 82.6% | BearScore: 17.4% | Active: ['ema', 'macd', 'rsi', 'vp']
2026-08-21 06:47:35,808 - INFO - Capping position size 29.325513 BTC to available cash equivalent 8.526058 BTC.
2026-08-21 06:47:35,816 - INFO - [bot-1787212103720-47e3] Signal LONG active pending approval already exists (ID: 91).
2026-08-21 06:47:36,056 - INFO - Logged heartbeat status: OK
2026-08-21 06:47:36,060 - INFO - Job "LiveRunner.process_cycle (trigger: interval[0:05:00], next run at: 2026-08-21 06:52:34 IST)" executed successfully
2026-08-21 06:52:34,764 - INFO - Running job "LiveRunner.process_cycle (trigger: interval[0:05:00], next run at: 2026-08-21 06:57:34 IST)" (scheduled at 2026-08-21 06:52:34.751113+05:30)
2026-08-21 06:52:34,772 - INFO - [bot-1787212103720-47e3] Starting signal check cycle for ETH/USDT (5m)...
2026-08-21 06:52:34,818 - INFO - Fetching recent candles for ETH/USDT (5m) [Bot: bot-1787212103720-47e3] via ProviderManager...
2026-08-21 06:52:35,186 - INFO - Indicators computed | close=2343.98 ema_9=2345.15 ema_20=2339.82 ema_50=2331.57 ema_200=2303.05 macd=6.1739 poc=2250.0 val=2050.0 vah=2350.0
2026-08-21 06:52:35,187 - INFO - [bot-1787212103720-47e3] Evaluating strategy on completed candle: 2026-08-21 01:15:00+00:00 at Close price: 2357.72
2026-08-21 06:52:35,257 - INFO - Confluence Evaluation | Regime: TRENDING (ADX=58.6) | Direction: LONG | BullScore: 82.6% | BearScore: 17.4% | Active: ['ema', 'macd', 'rsi', 'vp']
2026-08-21 06:52:35,356 - INFO - Capping position size 15.618899 BTC to available cash equivalent 8.482771 BTC.
2026-08-21 06:52:35,473 - INFO - Created pending signal approval ID 121 for bot bot-1787212103720-47e3 (LONG @ $2357.72, status: WAITING_APPROVAL)
2026-08-21 06:52:35,607 - INFO - [bot-1787212103720-47e3] Signal LONG generated (ID: 121). Waiting for manual user approval.
2026-08-21 06:52:35,821 - INFO - Logged heartbeat status: OK
2026-08-21 06:52:35,822 - INFO - Job "LiveRunner.process_cycle (trigger: interval[0:05:00], next run at: 2026-08-21 06:57:34 IST)" executed successfully
2026-08-21 06:57:34,767 - INFO - Running job "LiveRunner.process_cycle (trigger: interval[0:05:00], next run at: 2026-08-21 07:02:34 IST)" (scheduled at 2026-08-21 06:57:34.751113+05:30)
2026-08-21 06:57:34,775 - INFO - [bot-1787212103720-47e3] Starting signal check cycle for ETH/USDT (5m)...
2026-08-21 06:57:34,813 - INFO - Fetching recent candles for ETH/USDT (5m) [Bot: bot-1787212103720-47e3] via ProviderManager...
2026-08-21 06:57:35,650 - INFO - Indicators computed | close=2347.29 ema_9=2345.81 ema_20=2340.65 ema_50=2332.24 ema_200=2303.50 macd=6.0970 poc=2250.0 val=2050.0 vah=2350.0
2026-08-21 06:57:35,651 - INFO - [bot-1787212103720-47e3] Evaluating strategy on completed candle: 2026-08-21 01:20:00+00:00 at Close price: 2345.41
2026-08-21 06:57:35,761 - INFO - Confluence Evaluation | Regime: TRENDING (ADX=56.9) | Direction: LONG | BullScore: 82.6% | BearScore: 17.4% | Active: ['ema', 'macd', 'rsi', 'vp']
2026-08-21 06:57:35,856 - INFO - Capping position size 41.025641 BTC to available cash equivalent 8.527294 BTC.
2026-08-21 06:57:35,863 - INFO - [bot-1787212103720-47e3] Signal LONG active pending approval already exists (ID: 121).
2026-08-21 06:57:36,077 - INFO - Logged heartbeat status: OK
2026-08-21 06:57:36,077 - INFO - Job "LiveRunner.process_cycle (trigger: interval[0:05:00], next run at: 2026-08-21 07:02:34 IST)" executed successfully
2026-08-21 07:02:34,771 - INFO - Running job "LiveRunner.process_cycle (trigger: interval[0:05:00], next run at: 2026-08-21 07:07:34 IST)" (scheduled at 2026-08-21 07:02:34.751113+05:30)
2026-08-21 07:02:34,776 - INFO - [bot-1787212103720-47e3] Starting signal check cycle for ETH/USDT (5m)...
2026-08-21 07:02:34,813 - INFO - Fetching recent candles for ETH/USDT (5m) [Bot: bot-1787212103720-47e3] via ProviderManager...
2026-08-21 07:02:35,270 - INFO - Indicators computed | close=2361.13 ema_9=2349.80 ema_20=2343.10 ema_50=2333.59 ema_200=2304.13 macd=7.3398 poc=2250.0 val=2050.0 vah=2350.0
2026-08-21 07:02:35,272 - INFO - [bot-1787212103720-47e3] Evaluating strategy on completed candle: 2026-08-21 01:25:00+00:00 at Close price: 2353.10
2026-08-21 07:02:35,349 - INFO - Confluence Evaluation | Regime: TRENDING (ADX=54.3) | Direction: LONG | BullScore: 82.6% | BearScore: 17.4% | Active: ['ema', 'macd', 'rsi', 'vp']
2026-08-21 07:02:35,446 - INFO - Capping position size 23.752969 BTC to available cash equivalent 8.499426 BTC.
2026-08-21 07:02:35,542 - INFO - [bot-1787212103720-47e3] Signal LONG active pending approval already exists (ID: 121).
2026-08-21 07:02:35,649 - INFO - Logged heartbeat status: OK
2026-08-21 07:02:35,649 - INFO - Job "LiveRunner.process_cycle (trigger: interval[0:05:00], next run at: 2026-08-21 07:07:34 IST)" executed successfully
/Users/ashishparadkar/Downloads/algo-code-main/.venv/lib/python3.9/site-packages/urllib3/__init__.py:35: NotOpenSSLWarning: urllib3 v2 only supports OpenSSL 1.1.1+, currently the 'ssl' module is compiled with 'LibreSSL 2.8.3'. See: https://github.com/urllib3/urllib3/issues/3020
  warnings.warn(
2026-08-21 12:13:25,885 - INFO - Bot state startup reconciliation finished: 0 bot(s) reconciled to STOPPED.
2026-08-21 12:13:26,514 - INFO - Telegram notification service initialized successfully (Chat ID: 5657...)
2026-08-21 12:13:26,530 - INFO - Initializing scheduled trading bot live runner for bot-1787212103720-47e3...
2026-08-21 12:13:26,996 - INFO - SQLite database tables verified/created.
2026-08-21 12:13:27,054 - INFO - Initializing CCXT Binance in TESTNET mode.
2026-08-21 12:13:52,743 - INFO - [bot-1787212103720-47e3] Pre-flight instrument resolved: ETH/USDT (SPOT via binance_spot)
2026-08-21 12:13:53,501 - INFO - [bot-1787212103720-47e3] Starting signal check cycle for ETH/USDT (5m)...
2026-08-21 12:13:53,899 - INFO - Fetching recent candles for ETH/USDT (5m) [Bot: bot-1787212103720-47e3] via ProviderManager...
2026-08-21 12:15:09,252 - INFO - Indicators computed | close=2369.90 ema_9=2367.52 ema_20=2363.63 ema_50=2356.69 ema_200=2328.32 macd=4.4892 poc=2250.0 val=2075.0 vah=2350.0
2026-08-21 12:15:09,648 - INFO - [bot-1787212103720-47e3] Evaluating strategy on completed candle: 2026-08-21 06:40:00+00:00 at Close price: 2369.66
2026-08-21 12:15:11,192 - INFO - Confluence Evaluation | Regime: RANGING (ADX=20.1) | Direction: HOLD | BullScore: 67.4% | BearScore: 32.6% | Active: ['ema', 'macd', 'rsi', 'vp']
2026-08-21 12:15:12,224 - INFO - Signal evaluated: HOLD. Reason/Details: Confluence score: 67% (HOLD)
2026-08-21 12:15:13,483 - INFO - Logged heartbeat status: OK
2026-08-21 12:15:13,932 - INFO - Adding job tentatively -- it will be properly scheduled when the scheduler starts
2026-08-21 12:15:13,933 - INFO - Bot bot-1787212103720-47e3 scheduled to check every 5 minutes.
2026-08-21 12:15:13,949 - INFO - Added job "LiveRunner.process_cycle" to job store "default"
2026-08-21 12:15:13,949 - INFO - Scheduler started
2026-08-21 12:20:14,274 - INFO - Running job "LiveRunner.process_cycle (trigger: interval[0:05:00], next run at: 2026-08-21 12:25:13 IST)" (scheduled at 2026-08-21 12:20:13.909747+05:30)
2026-08-21 12:20:14,499 - INFO - [bot-1787212103720-47e3] Starting signal check cycle for ETH/USDT (5m)...
2026-08-21 12:20:14,563 - INFO - Fetching recent candles for ETH/USDT (5m) [Bot: bot-1787212103720-47e3] via ProviderManager...
2026-08-21 12:20:16,011 - INFO - Indicators computed | close=2376.69 ema_9=2370.55 ema_20=2365.51 ema_50=2357.76 ema_200=2328.87 macd=5.4388 poc=2250.0 val=2075.0 vah=2375.0
2026-08-21 12:20:16,014 - INFO - [bot-1787212103720-47e3] Evaluating strategy on completed candle: 2026-08-21 06:45:00+00:00 at Close price: 2377.38
2026-08-21 12:20:16,132 - INFO - Confluence Evaluation | Regime: RANGING (ADX=22.0) | Direction: HOLD | BullScore: 67.4% | BearScore: 32.6% | Active: ['ema', 'macd', 'rsi', 'vp']
2026-08-21 12:20:16,216 - INFO - Signal evaluated: HOLD. Reason/Details: Confluence score: 67% (HOLD)
2026-08-21 12:20:16,426 - INFO - Logged heartbeat status: OK
2026-08-21 12:20:16,427 - INFO - Job "LiveRunner.process_cycle (trigger: interval[0:05:00], next run at: 2026-08-21 12:25:13 IST)" executed successfully
2026-08-21 12:25:13,929 - INFO - Running job "LiveRunner.process_cycle (trigger: interval[0:05:00], next run at: 2026-08-21 12:30:13 IST)" (scheduled at 2026-08-21 12:25:13.909747+05:30)
2026-08-21 12:25:13,955 - INFO - [bot-1787212103720-47e3] Starting signal check cycle for ETH/USDT (5m)...
2026-08-21 12:25:14,000 - INFO - Fetching recent candles for ETH/USDT (5m) [Bot: bot-1787212103720-47e3] via ProviderManager...
2026-08-21 12:25:15,095 - INFO - Indicators computed | close=2372.30 ema_9=2369.99 ema_20=2365.67 ema_50=2358.11 ema_200=2329.25 macd=4.9526 poc=2250.0 val=2075.0 vah=2375.0
2026-08-21 12:25:15,098 - INFO - [bot-1787212103720-47e3] Evaluating strategy on completed candle: 2026-08-21 06:50:00+00:00 at Close price: 2371.00
2026-08-21 12:25:15,193 - INFO - Confluence Evaluation | Regime: RANGING (ADX=24.3) | Direction: HOLD | BullScore: 67.4% | BearScore: 32.6% | Active: ['ema', 'macd', 'rsi', 'vp']
2026-08-21 12:25:15,328 - INFO - Signal evaluated: HOLD. Reason/Details: Confluence score: 67% (HOLD)
2026-08-21 12:25:15,511 - INFO - Logged heartbeat status: OK
2026-08-21 12:25:15,512 - INFO - Job "LiveRunner.process_cycle (trigger: interval[0:05:00], next run at: 2026-08-21 12:30:13 IST)" executed successfully
2026-08-21 12:30:13,922 - INFO - Running job "LiveRunner.process_cycle (trigger: interval[0:05:00], next run at: 2026-08-21 12:35:13 IST)" (scheduled at 2026-08-21 12:30:13.909747+05:30)
2026-08-21 12:30:13,932 - INFO - [bot-1787212103720-47e3] Starting signal check cycle for ETH/USDT (5m)...
2026-08-21 12:30:13,978 - INFO - Fetching recent candles for ETH/USDT (5m) [Bot: bot-1787212103720-47e3] via ProviderManager...
2026-08-21 12:30:14,441 - INFO - Indicators computed | close=2370.91 ema_9=2370.20 ema_20=2366.18 ema_50=2358.62 ema_200=2329.66 macd=4.7705 poc=2250.0 val=2075.0 vah=2375.0
2026-08-21 12:30:14,443 - INFO - [bot-1787212103720-47e3] Evaluating strategy on completed candle: 2026-08-21 06:55:00+00:00 at Close price: 2372.47
2026-08-21 12:30:14,521 - INFO - Confluence Evaluation | Regime: TRENDING (ADX=26.6) | Direction: LONG | BullScore: 82.6% | BearScore: 17.4% | Active: ['ema', 'macd', 'rsi', 'vp']
2026-08-21 12:30:14,622 - INFO - Capping position size 34.965035 BTC to available cash equivalent 8.430033 BTC.
2026-08-21 12:30:14,801 - INFO - Created pending signal approval ID 159 for bot bot-1787212103720-47e3 (LONG @ $2372.47, status: WAITING_APPROVAL)
2026-08-21 12:30:14,927 - INFO - [bot-1787212103720-47e3] Signal LONG generated (ID: 159). Waiting for manual user approval.
2026-08-21 12:30:15,047 - INFO - Logged heartbeat status: OK
2026-08-21 12:30:15,048 - INFO - Job "LiveRunner.process_cycle (trigger: interval[0:05:00], next run at: 2026-08-21 12:35:13 IST)" executed successfully
2026-08-21 12:35:13,949 - INFO - Running job "LiveRunner.process_cycle (trigger: interval[0:05:00], next run at: 2026-08-21 12:40:13 IST)" (scheduled at 2026-08-21 12:35:13.909747+05:30)
2026-08-21 12:35:13,958 - INFO - [bot-1787212103720-47e3] Starting signal check cycle for ETH/USDT (5m)...
2026-08-21 12:35:14,003 - INFO - Fetching recent candles for ETH/USDT (5m) [Bot: bot-1787212103720-47e3] via ProviderManager...
2026-08-21 12:35:14,429 - INFO - Indicators computed | close=2374.32 ema_9=2371.48 ema_20=2367.20 ema_50=2359.34 ema_200=2330.14 macd=5.0109 poc=2250.0 val=2075.0 vah=2375.0
2026-08-21 12:35:14,430 - INFO - [bot-1787212103720-47e3] Evaluating strategy on completed candle: 2026-08-21 07:00:00+00:00 at Close price: 2373.77
2026-08-21 12:35:14,505 - INFO - Confluence Evaluation | Regime: TRENDING (ADX=27.5) | Direction: LONG | BullScore: 82.6% | BearScore: 17.4% | Active: ['ema', 'macd', 'rsi', 'vp']
2026-08-21 12:35:14,590 - INFO - Capping position size 31.397174 BTC to available cash equivalent 8.425416 BTC.
2026-08-21 12:35:14,647 - INFO - [bot-1787212103720-47e3] Signal LONG active pending approval already exists (ID: 159).
2026-08-21 12:35:14,785 - INFO - Logged heartbeat status: OK
2026-08-21 12:35:14,785 - INFO - Job "LiveRunner.process_cycle (trigger: interval[0:05:00], next run at: 2026-08-21 12:40:13 IST)" executed successfully
2026-08-21 12:40:13,919 - INFO - Running job "LiveRunner.process_cycle (trigger: interval[0:05:00], next run at: 2026-08-21 12:45:13 IST)" (scheduled at 2026-08-21 12:40:13.909747+05:30)
2026-08-21 12:40:13,927 - INFO - [bot-1787212103720-47e3] Starting signal check cycle for ETH/USDT (5m)...
2026-08-21 12:40:13,977 - INFO - Fetching recent candles for ETH/USDT (5m) [Bot: bot-1787212103720-47e3] via ProviderManager...
2026-08-21 12:40:14,904 - INFO - Indicators computed | close=2378.32 ema_9=2373.16 ema_20=2368.43 ema_50=2360.16 ema_200=2330.64 macd=5.4002 poc=2250.0 val=2075.0 vah=2375.0
2026-08-21 12:40:14,936 - INFO - [bot-1787212103720-47e3] Evaluating strategy on completed candle: 2026-08-21 07:05:00+00:00 at Close price: 2376.23
2026-08-21 12:40:15,083 - INFO - Confluence Evaluation | Regime: TRENDING (ADX=27.6) | Direction: LONG | BullScore: 82.6% | BearScore: 17.4% | Active: ['ema', 'macd', 'rsi', 'vp']
2026-08-21 12:40:15,187 - INFO - Capping position size 28.632785 BTC to available cash equivalent 8.416694 BTC.
2026-08-21 12:40:15,197 - INFO - [bot-1787212103720-47e3] Signal LONG active pending approval already exists (ID: 159).
2026-08-21 12:40:15,519 - INFO - Logged heartbeat status: OK
2026-08-21 12:40:15,519 - INFO - Job "LiveRunner.process_cycle (trigger: interval[0:05:00], next run at: 2026-08-21 12:45:13 IST)" executed successfully
2026-08-21 12:45:13,924 - INFO - Running job "LiveRunner.process_cycle (trigger: interval[0:05:00], next run at: 2026-08-21 12:50:13 IST)" (scheduled at 2026-08-21 12:45:13.909747+05:30)
2026-08-21 12:45:13,931 - INFO - [bot-1787212103720-47e3] Starting signal check cycle for ETH/USDT (5m)...
2026-08-21 12:45:13,975 - INFO - Fetching recent candles for ETH/USDT (5m) [Bot: bot-1787212103720-47e3] via ProviderManager...
2026-08-21 12:45:14,375 - INFO - Indicators computed | close=2385.73 ema_9=2376.97 ema_20=2370.78 ema_50=2361.47 ema_200=2331.26 macd=6.6174 poc=2250.0 val=2075.0 vah=2375.0
2026-08-21 12:45:14,376 - INFO - [bot-1787212103720-47e3] Evaluating strategy on completed candle: 2026-08-21 07:10:00+00:00 at Close price: 2386.47
2026-08-21 12:45:14,447 - INFO - Confluence Evaluation | Regime: TRENDING (ADX=26.9) | Direction: LONG | BullScore: 82.6% | BearScore: 17.4% | Active: ['ema', 'macd', 'rsi', 'vp']
2026-08-21 12:45:14,526 - INFO - Capping position size 20.345880 BTC to available cash equivalent 8.380579 BTC.
2026-08-21 12:45:14,531 - INFO - [bot-1787212103720-47e3] Signal LONG active pending approval already exists (ID: 159).
2026-08-21 12:45:14,689 - INFO - Logged heartbeat status: OK
2026-08-21 12:45:14,690 - INFO - Job "LiveRunner.process_cycle (trigger: interval[0:05:00], next run at: 2026-08-21 12:50:13 IST)" executed successfully
2026-08-21 12:50:13,959 - INFO - Running job "LiveRunner.process_cycle (trigger: interval[0:05:00], next run at: 2026-08-21 12:55:13 IST)" (scheduled at 2026-08-21 12:50:13.909747+05:30)
2026-08-21 12:50:13,968 - INFO - [bot-1787212103720-47e3] Starting signal check cycle for ETH/USDT (5m)...
2026-08-21 12:50:14,012 - INFO - Fetching recent candles for ETH/USDT (5m) [Bot: bot-1787212103720-47e3] via ProviderManager...
2026-08-21 12:50:14,469 - INFO - Indicators computed | close=2387.45 ema_9=2379.17 ema_20=2372.42 ema_50=2362.51 ema_200=2331.83 macd=7.1604 poc=2250.0 val=2075.0 vah=2375.0
2026-08-21 12:50:14,470 - INFO - [bot-1787212103720-47e3] Evaluating strategy on completed candle: 2026-08-21 07:15:00+00:00 at Close price: 2386.33
2026-08-21 12:50:14,601 - INFO - Confluence Evaluation | Regime: TRENDING (ADX=26.3) | Direction: LONG | BullScore: 82.6% | BearScore: 17.4% | Active: ['ema', 'macd', 'rsi', 'vp']
2026-08-21 12:50:14,707 - INFO - Capping position size 22.234575 BTC to available cash equivalent 8.381071 BTC.
2026-08-21 12:50:14,752 - INFO - [bot-1787212103720-47e3] Signal LONG active pending approval already exists (ID: 159).
2026-08-21 12:50:15,970 - INFO - Logged heartbeat status: OK
2026-08-21 12:50:15,971 - INFO - Job "LiveRunner.process_cycle (trigger: interval[0:05:00], next run at: 2026-08-21 12:55:13 IST)" executed successfully
2026-08-21 12:55:13,923 - INFO - Running job "LiveRunner.process_cycle (trigger: interval[0:05:00], next run at: 2026-08-21 13:00:13 IST)" (scheduled at 2026-08-21 12:55:13.909747+05:30)
2026-08-21 12:55:13,935 - INFO - [bot-1787212103720-47e3] Starting signal check cycle for ETH/USDT (5m)...
2026-08-21 12:55:13,985 - INFO - Fetching recent candles for ETH/USDT (5m) [Bot: bot-1787212103720-47e3] via ProviderManager...
2026-08-21 12:55:14,392 - INFO - Indicators computed | close=2380.29 ema_9=2377.91 ema_20=2372.37 ema_50=2362.86 ema_200=2332.22 macd=6.3252 poc=2250.0 val=2075.0 vah=2375.0
2026-08-21 12:55:14,395 - INFO - [bot-1787212103720-47e3] Evaluating strategy on completed candle: 2026-08-21 07:20:00+00:00 at Close price: 2378.19
2026-08-21 12:55:14,471 - INFO - Confluence Evaluation | Regime: TRENDING (ADX=26.5) | Direction: LONG | BullScore: 82.6% | BearScore: 17.4% | Active: ['ema', 'macd', 'rsi', 'vp']
2026-08-21 12:55:14,560 - INFO - Capping position size 40.609137 BTC to available cash equivalent 8.409757 BTC.
2026-08-21 12:55:14,611 - INFO - [bot-1787212103720-47e3] Signal LONG active pending approval already exists (ID: 159).
2026-08-21 12:55:14,680 - INFO - Logged heartbeat status: OK
2026-08-21 12:55:14,680 - INFO - Job "LiveRunner.process_cycle (trigger: interval[0:05:00], next run at: 2026-08-21 13:00:13 IST)" executed successfully
2026-08-21 13:00:13,923 - INFO - Running job "LiveRunner.process_cycle (trigger: interval[0:05:00], next run at: 2026-08-21 13:05:13 IST)" (scheduled at 2026-08-21 13:00:13.909747+05:30)
2026-08-21 13:00:13,967 - INFO - [bot-1787212103720-47e3] Starting signal check cycle for ETH/USDT (5m)...
2026-08-21 13:00:14,018 - INFO - Fetching recent candles for ETH/USDT (5m) [Bot: bot-1787212103720-47e3] via ProviderManager...
2026-08-21 13:00:14,474 - INFO - Indicators computed | close=2381.75 ema_9=2378.91 ema_20=2373.39 ema_50=2363.66 ema_200=2332.73 macd=6.3833 poc=2250.0 val=2075.0 vah=2375.0
2026-08-21 13:00:14,475 - INFO - [bot-1787212103720-47e3] Evaluating strategy on completed candle: 2026-08-21 07:25:00+00:00 at Close price: 2381.74
2026-08-21 13:00:14,544 - INFO - Confluence Evaluation | Regime: TRENDING (ADX=27.1) | Direction: LONG | BullScore: 82.6% | BearScore: 17.4% | Active: ['ema', 'macd', 'rsi', 'vp']
2026-08-21 13:00:14,637 - INFO - Capping position size 33.726813 BTC to available cash equivalent 8.397222 BTC.
2026-08-21 13:00:14,660 - INFO - [bot-1787212103720-47e3] Signal LONG active pending approval already exists (ID: 159).
2026-08-21 13:00:14,726 - INFO - Logged heartbeat status: OK
2026-08-21 13:00:14,727 - INFO - Job "LiveRunner.process_cycle (trigger: interval[0:05:00], next run at: 2026-08-21 13:05:13 IST)" executed successfully
2026-08-21 13:05:13,992 - INFO - Running job "LiveRunner.process_cycle (trigger: interval[0:05:00], next run at: 2026-08-21 13:10:13 IST)" (scheduled at 2026-08-21 13:05:13.909747+05:30)
2026-08-21 13:05:14,037 - INFO - [bot-1787212103720-47e3] Starting signal check cycle for ETH/USDT (5m)...
2026-08-21 13:05:14,136 - INFO - Fetching recent candles for ETH/USDT (5m) [Bot: bot-1787212103720-47e3] via ProviderManager...
2026-08-21 13:05:15,139 - INFO - Indicators computed | close=2378.39 ema_9=2378.42 ema_20=2373.66 ema_50=2364.14 ema_200=2333.16 macd=5.8502 poc=2250.0 val=2075.0 vah=2375.0
2026-08-21 13:05:15,143 - INFO - [bot-1787212103720-47e3] Evaluating strategy on completed candle: 2026-08-21 07:30:00+00:00 at Close price: 2379.36
2026-08-21 13:05:15,258 - INFO - Confluence Evaluation | Regime: TRENDING (ADX=31.3) | Direction: LONG | BullScore: 82.6% | BearScore: 17.4% | Active: ['ema', 'macd', 'rsi', 'vp']
2026-08-21 13:05:15,415 - INFO - Capping position size 72.595281 BTC to available cash equivalent 8.405622 BTC.
2026-08-21 13:05:15,436 - INFO - Created pending signal approval ID 186 for bot bot-1787212103720-47e3 (LONG @ $2379.36, status: WAITING_APPROVAL)
2026-08-21 13:05:15,668 - INFO - [bot-1787212103720-47e3] Signal LONG generated (ID: 186). Waiting for manual user approval.
2026-08-21 13:05:15,897 - INFO - Logged heartbeat status: OK
2026-08-21 13:05:15,899 - INFO - Job "LiveRunner.process_cycle (trigger: interval[0:05:00], next run at: 2026-08-21 13:10:13 IST)" executed successfully
2026-08-21 13:10:13,929 - INFO - Running job "LiveRunner.process_cycle (trigger: interval[0:05:00], next run at: 2026-08-21 13:15:13 IST)" (scheduled at 2026-08-21 13:10:13.909747+05:30)
2026-08-21 13:10:13,942 - INFO - [bot-1787212103720-47e3] Starting signal check cycle for ETH/USDT (5m)...
2026-08-21 13:10:13,991 - INFO - Fetching recent candles for ETH/USDT (5m) [Bot: bot-1787212103720-47e3] via ProviderManager...
2026-08-21 13:10:14,460 - INFO - Indicators computed | close=2380.02 ema_9=2379.34 ema_20=2374.59 ema_50=2364.91 ema_200=2333.66 macd=5.8769 poc=2250.0 val=2075.0 vah=2375.0
2026-08-21 13:10:14,461 - INFO - [bot-1787212103720-47e3] Evaluating strategy on completed candle: 2026-08-21 07:35:00+00:00 at Close price: 2382.15
2026-08-21 13:10:14,529 - INFO - Confluence Evaluation | Regime: TRENDING (ADX=34.7) | Direction: LONG | BullScore: 82.6% | BearScore: 17.4% | Active: ['ema', 'macd', 'rsi', 'vp']
2026-08-21 13:10:14,612 - INFO - Capping position size 32.414911 BTC to available cash equivalent 8.395777 BTC.
2026-08-21 13:10:14,655 - INFO - [bot-1787212103720-47e3] Signal LONG active pending approval already exists (ID: 186).
2026-08-21 13:10:14,829 - INFO - Logged heartbeat status: OK
2026-08-21 13:10:14,829 - INFO - Job "LiveRunner.process_cycle (trigger: interval[0:05:00], next run at: 2026-08-21 13:15:13 IST)" executed successfully
2026-08-21 13:15:13,919 - INFO - Running job "LiveRunner.process_cycle (trigger: interval[0:05:00], next run at: 2026-08-21 13:20:13 IST)" (scheduled at 2026-08-21 13:15:13.909747+05:30)
2026-08-21 13:15:13,928 - INFO - [bot-1787212103720-47e3] Starting signal check cycle for ETH/USDT (5m)...
2026-08-21 13:15:13,984 - INFO - Fetching recent candles for ETH/USDT (5m) [Bot: bot-1787212103720-47e3] via ProviderManager...
2026-08-21 13:15:14,481 - INFO - Indicators computed | close=2380.96 ema_9=2379.79 ema_20=2375.26 ema_50=2365.57 ema_200=2334.14 macd=5.7176 poc=2250.0 val=2075.0 vah=2375.0
2026-08-21 13:15:14,486 - INFO - [bot-1787212103720-47e3] Evaluating strategy on completed candle: 2026-08-21 07:40:00+00:00 at Close price: 2380.78
2026-08-21 13:15:14,606 - INFO - Confluence Evaluation | Regime: TRENDING (ADX=37.0) | Direction: LONG | BullScore: 82.6% | BearScore: 17.4% | Active: ['ema', 'macd', 'rsi', 'vp']
2026-08-21 13:15:14,689 - INFO - Capping position size 36.463081 BTC to available cash equivalent 8.400608 BTC.
2026-08-21 13:15:14,697 - INFO - [bot-1787212103720-47e3] Signal LONG active pending approval already exists (ID: 186).
2026-08-21 13:15:14,941 - INFO - Logged heartbeat status: OK
2026-08-21 13:15:14,941 - INFO - Job "LiveRunner.process_cycle (trigger: interval[0:05:00], next run at: 2026-08-21 13:20:13 IST)" executed successfully
2026-08-21 13:20:13,969 - INFO - Running job "LiveRunner.process_cycle (trigger: interval[0:05:00], next run at: 2026-08-21 13:25:13 IST)" (scheduled at 2026-08-21 13:20:13.909747+05:30)
2026-08-21 13:20:13,980 - INFO - [bot-1787212103720-47e3] Starting signal check cycle for ETH/USDT (5m)...
2026-08-21 13:20:14,030 - INFO - Fetching recent candles for ETH/USDT (5m) [Bot: bot-1787212103720-47e3] via ProviderManager...
2026-08-21 13:20:24,088 - ERROR - Binance Spot Network Error: binance GET https://api.binance.com/api/v3/klines?interval=5m&limit=1000&symbol=ETHUSDT
--- Logging error ---
Traceback (most recent call last):
  File "/Users/ashishparadkar/Downloads/algo-code-main/.venv/lib/python3.9/site-packages/urllib3/connectionpool.py", line 534, in _make_request
    response = conn.getresponse()
  File "/Users/ashishparadkar/Downloads/algo-code-main/.venv/lib/python3.9/site-packages/urllib3/connection.py", line 571, in getresponse
    httplib_response = super().getresponse()
  File "/Library/Developer/CommandLineTools/Library/Frameworks/Python3.framework/Versions/3.9/lib/python3.9/http/client.py", line 1349, in getresponse
    response.begin()
  File "/Library/Developer/CommandLineTools/Library/Frameworks/Python3.framework/Versions/3.9/lib/python3.9/http/client.py", line 316, in begin
    version, status, reason = self._read_status()
  File "/Library/Developer/CommandLineTools/Library/Frameworks/Python3.framework/Versions/3.9/lib/python3.9/http/client.py", line 277, in _read_status
    line = str(self.fp.readline(_MAXLINE + 1), "iso-8859-1")
  File "/Library/Developer/CommandLineTools/Library/Frameworks/Python3.framework/Versions/3.9/lib/python3.9/socket.py", line 704, in readinto
    return self._sock.recv_into(b)
  File "/Library/Developer/CommandLineTools/Library/Frameworks/Python3.framework/Versions/3.9/lib/python3.9/ssl.py", line 1241, in recv_into
    return self.read(nbytes, buffer)
  File "/Library/Developer/CommandLineTools/Library/Frameworks/Python3.framework/Versions/3.9/lib/python3.9/ssl.py", line 1099, in read
    return self._sslobj.read(len, buffer)
socket.timeout: The read operation timed out

The above exception was the direct cause of the following exception:

Traceback (most recent call last):
  File "/Users/ashishparadkar/Downloads/algo-code-main/.venv/lib/python3.9/site-packages/requests/adapters.py", line 644, in send
    resp = conn.urlopen(
  File "/Users/ashishparadkar/Downloads/algo-code-main/.venv/lib/python3.9/site-packages/urllib3/connectionpool.py", line 841, in urlopen
    retries = retries.increment(
  File "/Users/ashishparadkar/Downloads/algo-code-main/.venv/lib/python3.9/site-packages/urllib3/util/retry.py", line 490, in increment
    raise reraise(type(error), error, _stacktrace)
  File "/Users/ashishparadkar/Downloads/algo-code-main/.venv/lib/python3.9/site-packages/urllib3/util/util.py", line 39, in reraise
    raise value
  File "/Users/ashishparadkar/Downloads/algo-code-main/.venv/lib/python3.9/site-packages/urllib3/connectionpool.py", line 787, in urlopen
    response = self._make_request(
  File "/Users/ashishparadkar/Downloads/algo-code-main/.venv/lib/python3.9/site-packages/urllib3/connectionpool.py", line 536, in _make_request
    self._raise_timeout(err=e, url=url, timeout_value=read_timeout)
  File "/Users/ashishparadkar/Downloads/algo-code-main/.venv/lib/python3.9/site-packages/urllib3/connectionpool.py", line 367, in _raise_timeout
    raise ReadTimeoutError(
urllib3.exceptions.ReadTimeoutError: HTTPSConnectionPool(host='api.binance.com', port=443): Read timed out. (read timeout=10.0)

During handling of the above exception, another exception occurred:

Traceback (most recent call last):
  File "/Users/ashishparadkar/Downloads/algo-code-main/.venv/lib/python3.9/site-packages/ccxt/base/exchange.py", line 665, in fetch
    response = self.session.request(
  File "/Users/ashishparadkar/Downloads/algo-code-main/.venv/lib/python3.9/site-packages/requests/sessions.py", line 589, in request
    resp = self.send(prep, **send_kwargs)
  File "/Users/ashishparadkar/Downloads/algo-code-main/.venv/lib/python3.9/site-packages/requests/sessions.py", line 703, in send
    r = adapter.send(request, **kwargs)
  File "/Users/ashishparadkar/Downloads/algo-code-main/.venv/lib/python3.9/site-packages/requests/adapters.py", line 690, in send
    raise ReadTimeout(e, request=request)
requests.exceptions.ReadTimeout: HTTPSConnectionPool(host='api.binance.com', port=443): Read timed out. (read timeout=10.0)

The above exception was the direct cause of the following exception:

Traceback (most recent call last):
  File "/Users/ashishparadkar/Downloads/algo-code-main/src/provider_manager.py", line 351, in fetch_ohlcv_safe
    df = adapter.fetch_ohlcv(instrument, timeframe, limit=limit)
  File "/Users/ashishparadkar/Downloads/algo-code-main/src/provider_manager.py", line 211, in fetch_ohlcv
    raise net_err
  File "/Users/ashishparadkar/Downloads/algo-code-main/src/provider_manager.py", line 183, in fetch_ohlcv
    raw_candles = self.exchange.fetch_ohlcv(
  File "/Users/ashishparadkar/Downloads/algo-code-main/.venv/lib/python3.9/site-packages/ccxt/binance.py", line 4759, in fetch_ohlcv
    response = self.publicGetKlines(self.extend(request, params))
  File "/Users/ashishparadkar/Downloads/algo-code-main/.venv/lib/python3.9/site-packages/ccxt/base/types.py", line 35, in unbound_method
    return _self.request(self.path, self.api, self.method, params, config=self.config)
  File "/Users/ashishparadkar/Downloads/algo-code-main/.venv/lib/python3.9/site-packages/ccxt/binance.py", line 11724, in request
    response = self.fetch2(path, api, method, params, headers, body, config)
  File "/Users/ashishparadkar/Downloads/algo-code-main/.venv/lib/python3.9/site-packages/ccxt/base/exchange.py", line 5566, in fetch2
    raise e
  File "/Users/ashishparadkar/Downloads/algo-code-main/.venv/lib/python3.9/site-packages/ccxt/base/exchange.py", line 5549, in fetch2
    response = self.fetch(request['url'], request['method'], request['headers'], request['body'])
  File "/Users/ashishparadkar/Downloads/algo-code-main/.venv/lib/python3.9/site-packages/ccxt/base/exchange.py", line 698, in fetch
    raise RequestTimeout(details) from e
ccxt.base.errors.RequestTimeout: binance GET https://api.binance.com/api/v3/klines?interval=5m&limit=1000&symbol=ETHUSDT

During handling of the above exception, another exception occurred:

Traceback (most recent call last):
  File "/Library/Developer/CommandLineTools/Library/Frameworks/Python3.framework/Versions/3.9/lib/python3.9/logging/__init__.py", line 1083, in emit
    msg = self.format(record)
  File "/Library/Developer/CommandLineTools/Library/Frameworks/Python3.framework/Versions/3.9/lib/python3.9/logging/__init__.py", line 927, in format
    return fmt.format(record)
  File "/Library/Developer/CommandLineTools/Library/Frameworks/Python3.framework/Versions/3.9/lib/python3.9/logging/__init__.py", line 663, in format
    record.message = record.getMessage()
  File "/Library/Developer/CommandLineTools/Library/Frameworks/Python3.framework/Versions/3.9/lib/python3.9/logging/__init__.py", line 367, in getMessage
    msg = msg % self.args
TypeError: must be real number, not RequestTimeout
Call stack:
  File "/Library/Developer/CommandLineTools/Library/Frameworks/Python3.framework/Versions/3.9/lib/python3.9/threading.py", line 930, in _bootstrap
    self._bootstrap_inner()
  File "/Library/Developer/CommandLineTools/Library/Frameworks/Python3.framework/Versions/3.9/lib/python3.9/threading.py", line 973, in _bootstrap_inner
    self.run()
  File "/Library/Developer/CommandLineTools/Library/Frameworks/Python3.framework/Versions/3.9/lib/python3.9/threading.py", line 910, in run
    self._target(*self._args, **self._kwargs)
  File "/Library/Developer/CommandLineTools/Library/Frameworks/Python3.framework/Versions/3.9/lib/python3.9/concurrent/futures/thread.py", line 77, in _worker
    work_item.run()
  File "/Library/Developer/CommandLineTools/Library/Frameworks/Python3.framework/Versions/3.9/lib/python3.9/concurrent/futures/thread.py", line 52, in run
    result = self.fn(*self.args, **self.kwargs)
  File "/Users/ashishparadkar/Downloads/algo-code-main/.venv/lib/python3.9/site-packages/apscheduler/executors/base.py", line 131, in run_job
    retval = job.func(*job.args, **job.kwargs)
  File "/Users/ashishparadkar/Downloads/algo-code-main/src/live_runner.py", line 199, in process_cycle
    df, _ = self.provider_manager.fetch_ohlcv_safe(self.symbol, self.timeframe, limit=1000)
  File "/Users/ashishparadkar/Downloads/algo-code-main/src/provider_manager.py", line 362, in fetch_ohlcv_safe
    logger.warning(
Message: 'Retryable network failure for %s (Attempt %d/%d). Backing off %.2fs: %s'
Arguments: ('ETH/USDT', 1, 3, RequestTimeout('binance GET https://api.binance.com/api/v3/klines?interval=5m&limit=1000&symbol=ETHUSDT'))
2026-08-21 13:20:25,815 - ERROR - Binance Spot Network Error: binance GET https://api.binance.com/api/v3/klines?interval=5m&limit=1000&symbol=ETHUSDT
--- Logging error ---
Traceback (most recent call last):
  File "/Users/ashishparadkar/Downloads/algo-code-main/.venv/lib/python3.9/site-packages/urllib3/connection.py", line 204, in _new_conn
    sock = connection.create_connection(
  File "/Users/ashishparadkar/Downloads/algo-code-main/.venv/lib/python3.9/site-packages/urllib3/util/connection.py", line 60, in create_connection
    for res in socket.getaddrinfo(host, port, family, socket.SOCK_STREAM):
  File "/Library/Developer/CommandLineTools/Library/Frameworks/Python3.framework/Versions/3.9/lib/python3.9/socket.py", line 953, in getaddrinfo
    for res in _socket.getaddrinfo(host, port, family, type, proto, flags):
socket.gaierror: [Errno 8] nodename nor servname provided, or not known

The above exception was the direct cause of the following exception:

Traceback (most recent call last):
  File "/Users/ashishparadkar/Downloads/algo-code-main/.venv/lib/python3.9/site-packages/urllib3/connectionpool.py", line 787, in urlopen
    response = self._make_request(
  File "/Users/ashishparadkar/Downloads/algo-code-main/.venv/lib/python3.9/site-packages/urllib3/connectionpool.py", line 488, in _make_request
    raise new_e
  File "/Users/ashishparadkar/Downloads/algo-code-main/.venv/lib/python3.9/site-packages/urllib3/connectionpool.py", line 464, in _make_request
    self._validate_conn(conn)
  File "/Users/ashishparadkar/Downloads/algo-code-main/.venv/lib/python3.9/site-packages/urllib3/connectionpool.py", line 1093, in _validate_conn
    conn.connect()
  File "/Users/ashishparadkar/Downloads/algo-code-main/.venv/lib/python3.9/site-packages/urllib3/connection.py", line 759, in connect
    self.sock = sock = self._new_conn()
  File "/Users/ashishparadkar/Downloads/algo-code-main/.venv/lib/python3.9/site-packages/urllib3/connection.py", line 211, in _new_conn
    raise NameResolutionError(self.host, self, e) from e
urllib3.exceptions.NameResolutionError: HTTPSConnection(host='api.binance.com', port=443): Failed to resolve 'api.binance.com' ([Errno 8] nodename nor servname provided, or not known)

The above exception was the direct cause of the following exception:

Traceback (most recent call last):
  File "/Users/ashishparadkar/Downloads/algo-code-main/.venv/lib/python3.9/site-packages/requests/adapters.py", line 644, in send
    resp = conn.urlopen(
  File "/Users/ashishparadkar/Downloads/algo-code-main/.venv/lib/python3.9/site-packages/urllib3/connectionpool.py", line 841, in urlopen
    retries = retries.increment(
  File "/Users/ashishparadkar/Downloads/algo-code-main/.venv/lib/python3.9/site-packages/urllib3/util/retry.py", line 535, in increment
    raise MaxRetryError(_pool, url, reason) from reason  # type: ignore[arg-type]
urllib3.exceptions.MaxRetryError: HTTPSConnectionPool(host='api.binance.com', port=443): Max retries exceeded with url: /api/v3/klines?interval=5m&limit=1000&symbol=ETHUSDT (Caused by NameResolutionError("HTTPSConnection(host='api.binance.com', port=443): Failed to resolve 'api.binance.com' ([Errno 8] nodename nor servname provided, or not known)"))

During handling of the above exception, another exception occurred:

Traceback (most recent call last):
  File "/Users/ashishparadkar/Downloads/algo-code-main/.venv/lib/python3.9/site-packages/ccxt/base/exchange.py", line 665, in fetch
    response = self.session.request(
  File "/Users/ashishparadkar/Downloads/algo-code-main/.venv/lib/python3.9/site-packages/requests/sessions.py", line 589, in request
    resp = self.send(prep, **send_kwargs)
  File "/Users/ashishparadkar/Downloads/algo-code-main/.venv/lib/python3.9/site-packages/requests/sessions.py", line 703, in send
    r = adapter.send(request, **kwargs)
  File "/Users/ashishparadkar/Downloads/algo-code-main/.venv/lib/python3.9/site-packages/requests/adapters.py", line 677, in send
    raise ConnectionError(e, request=request)
requests.exceptions.ConnectionError: HTTPSConnectionPool(host='api.binance.com', port=443): Max retries exceeded with url: /api/v3/klines?interval=5m&limit=1000&symbol=ETHUSDT (Caused by NameResolutionError("HTTPSConnection(host='api.binance.com', port=443): Failed to resolve 'api.binance.com' ([Errno 8] nodename nor servname provided, or not known)"))

The above exception was the direct cause of the following exception:

Traceback (most recent call last):
  File "/Users/ashishparadkar/Downloads/algo-code-main/src/provider_manager.py", line 351, in fetch_ohlcv_safe
    df = adapter.fetch_ohlcv(instrument, timeframe, limit=limit)
  File "/Users/ashishparadkar/Downloads/algo-code-main/src/provider_manager.py", line 211, in fetch_ohlcv
    raise net_err
  File "/Users/ashishparadkar/Downloads/algo-code-main/src/provider_manager.py", line 183, in fetch_ohlcv
    raw_candles = self.exchange.fetch_ohlcv(
  File "/Users/ashishparadkar/Downloads/algo-code-main/.venv/lib/python3.9/site-packages/ccxt/binance.py", line 4759, in fetch_ohlcv
    response = self.publicGetKlines(self.extend(request, params))
  File "/Users/ashishparadkar/Downloads/algo-code-main/.venv/lib/python3.9/site-packages/ccxt/base/types.py", line 35, in unbound_method
    return _self.request(self.path, self.api, self.method, params, config=self.config)
  File "/Users/ashishparadkar/Downloads/algo-code-main/.venv/lib/python3.9/site-packages/ccxt/binance.py", line 11724, in request
    response = self.fetch2(path, api, method, params, headers, body, config)
  File "/Users/ashishparadkar/Downloads/algo-code-main/.venv/lib/python3.9/site-packages/ccxt/base/exchange.py", line 5566, in fetch2
    raise e
  File "/Users/ashishparadkar/Downloads/algo-code-main/.venv/lib/python3.9/site-packages/ccxt/base/exchange.py", line 5549, in fetch2
    response = self.fetch(request['url'], request['method'], request['headers'], request['body'])
  File "/Users/ashishparadkar/Downloads/algo-code-main/.venv/lib/python3.9/site-packages/ccxt/base/exchange.py", line 721, in fetch
    raise NetworkError(details) from e
ccxt.base.errors.NetworkError: binance GET https://api.binance.com/api/v3/klines?interval=5m&limit=1000&symbol=ETHUSDT

During handling of the above exception, another exception occurred:

Traceback (most recent call last):
  File "/Library/Developer/CommandLineTools/Library/Frameworks/Python3.framework/Versions/3.9/lib/python3.9/logging/__init__.py", line 1083, in emit
    msg = self.format(record)
  File "/Library/Developer/CommandLineTools/Library/Frameworks/Python3.framework/Versions/3.9/lib/python3.9/logging/__init__.py", line 927, in format
    return fmt.format(record)
  File "/Library/Developer/CommandLineTools/Library/Frameworks/Python3.framework/Versions/3.9/lib/python3.9/logging/__init__.py", line 663, in format
    record.message = record.getMessage()
  File "/Library/Developer/CommandLineTools/Library/Frameworks/Python3.framework/Versions/3.9/lib/python3.9/logging/__init__.py", line 367, in getMessage
    msg = msg % self.args
TypeError: must be real number, not NetworkError
Call stack:
  File "/Library/Developer/CommandLineTools/Library/Frameworks/Python3.framework/Versions/3.9/lib/python3.9/threading.py", line 930, in _bootstrap
    self._bootstrap_inner()
  File "/Library/Developer/CommandLineTools/Library/Frameworks/Python3.framework/Versions/3.9/lib/python3.9/threading.py", line 973, in _bootstrap_inner
    self.run()
  File "/Library/Developer/CommandLineTools/Library/Frameworks/Python3.framework/Versions/3.9/lib/python3.9/threading.py", line 910, in run
    self._target(*self._args, **self._kwargs)
  File "/Library/Developer/CommandLineTools/Library/Frameworks/Python3.framework/Versions/3.9/lib/python3.9/concurrent/futures/thread.py", line 77, in _worker
    work_item.run()
  File "/Library/Developer/CommandLineTools/Library/Frameworks/Python3.framework/Versions/3.9/lib/python3.9/concurrent/futures/thread.py", line 52, in run
    result = self.fn(*self.args, **self.kwargs)
  File "/Users/ashishparadkar/Downloads/algo-code-main/.venv/lib/python3.9/site-packages/apscheduler/executors/base.py", line 131, in run_job
    retval = job.func(*job.args, **job.kwargs)
  File "/Users/ashishparadkar/Downloads/algo-code-main/src/live_runner.py", line 199, in process_cycle
    df, _ = self.provider_manager.fetch_ohlcv_safe(self.symbol, self.timeframe, limit=1000)
  File "/Users/ashishparadkar/Downloads/algo-code-main/src/provider_manager.py", line 362, in fetch_ohlcv_safe
    logger.warning(
Message: 'Retryable network failure for %s (Attempt %d/%d). Backing off %.2fs: %s'
Arguments: ('ETH/USDT', 2, 3, NetworkError('binance GET https://api.binance.com/api/v3/klines?interval=5m&limit=1000&symbol=ETHUSDT'))
2026-08-21 13:20:27,967 - ERROR - Binance Spot Network Error: binance GET https://api.binance.com/api/v3/klines?interval=5m&limit=1000&symbol=ETHUSDT
2026-08-21 13:20:27,968 - ERROR - System Error in runner execution cycle: binance GET https://api.binance.com/api/v3/klines?interval=5m&limit=1000&symbol=ETHUSDT
Traceback (most recent call last):
  File "/Users/ashishparadkar/Downloads/algo-code-main/.venv/lib/python3.9/site-packages/urllib3/connection.py", line 204, in _new_conn
    sock = connection.create_connection(
  File "/Users/ashishparadkar/Downloads/algo-code-main/.venv/lib/python3.9/site-packages/urllib3/util/connection.py", line 60, in create_connection
    for res in socket.getaddrinfo(host, port, family, socket.SOCK_STREAM):
  File "/Library/Developer/CommandLineTools/Library/Frameworks/Python3.framework/Versions/3.9/lib/python3.9/socket.py", line 953, in getaddrinfo
    for res in _socket.getaddrinfo(host, port, family, type, proto, flags):
socket.gaierror: [Errno 8] nodename nor servname provided, or not known

The above exception was the direct cause of the following exception:

Traceback (most recent call last):
  File "/Users/ashishparadkar/Downloads/algo-code-main/.venv/lib/python3.9/site-packages/urllib3/connectionpool.py", line 787, in urlopen
    response = self._make_request(
  File "/Users/ashishparadkar/Downloads/algo-code-main/.venv/lib/python3.9/site-packages/urllib3/connectionpool.py", line 488, in _make_request
    raise new_e
  File "/Users/ashishparadkar/Downloads/algo-code-main/.venv/lib/python3.9/site-packages/urllib3/connectionpool.py", line 464, in _make_request
    self._validate_conn(conn)
  File "/Users/ashishparadkar/Downloads/algo-code-main/.venv/lib/python3.9/site-packages/urllib3/connectionpool.py", line 1093, in _validate_conn
    conn.connect()
  File "/Users/ashishparadkar/Downloads/algo-code-main/.venv/lib/python3.9/site-packages/urllib3/connection.py", line 759, in connect
    self.sock = sock = self._new_conn()
  File "/Users/ashishparadkar/Downloads/algo-code-main/.venv/lib/python3.9/site-packages/urllib3/connection.py", line 211, in _new_conn
    raise NameResolutionError(self.host, self, e) from e
urllib3.exceptions.NameResolutionError: HTTPSConnection(host='api.binance.com', port=443): Failed to resolve 'api.binance.com' ([Errno 8] nodename nor servname provided, or not known)

The above exception was the direct cause of the following exception:

Traceback (most recent call last):
  File "/Users/ashishparadkar/Downloads/algo-code-main/.venv/lib/python3.9/site-packages/requests/adapters.py", line 644, in send
    resp = conn.urlopen(
  File "/Users/ashishparadkar/Downloads/algo-code-main/.venv/lib/python3.9/site-packages/urllib3/connectionpool.py", line 841, in urlopen
    retries = retries.increment(
  File "/Users/ashishparadkar/Downloads/algo-code-main/.venv/lib/python3.9/site-packages/urllib3/util/retry.py", line 535, in increment
    raise MaxRetryError(_pool, url, reason) from reason  # type: ignore[arg-type]
urllib3.exceptions.MaxRetryError: HTTPSConnectionPool(host='api.binance.com', port=443): Max retries exceeded with url: /api/v3/klines?interval=5m&limit=1000&symbol=ETHUSDT (Caused by NameResolutionError("HTTPSConnection(host='api.binance.com', port=443): Failed to resolve 'api.binance.com' ([Errno 8] nodename nor servname provided, or not known)"))

During handling of the above exception, another exception occurred:

Traceback (most recent call last):
  File "/Users/ashishparadkar/Downloads/algo-code-main/.venv/lib/python3.9/site-packages/ccxt/base/exchange.py", line 665, in fetch
    response = self.session.request(
  File "/Users/ashishparadkar/Downloads/algo-code-main/.venv/lib/python3.9/site-packages/requests/sessions.py", line 589, in request
    resp = self.send(prep, **send_kwargs)
  File "/Users/ashishparadkar/Downloads/algo-code-main/.venv/lib/python3.9/site-packages/requests/sessions.py", line 703, in send
    r = adapter.send(request, **kwargs)
  File "/Users/ashishparadkar/Downloads/algo-code-main/.venv/lib/python3.9/site-packages/requests/adapters.py", line 677, in send
    raise ConnectionError(e, request=request)
requests.exceptions.ConnectionError: HTTPSConnectionPool(host='api.binance.com', port=443): Max retries exceeded with url: /api/v3/klines?interval=5m&limit=1000&symbol=ETHUSDT (Caused by NameResolutionError("HTTPSConnection(host='api.binance.com', port=443): Failed to resolve 'api.binance.com' ([Errno 8] nodename nor servname provided, or not known)"))

The above exception was the direct cause of the following exception:

Traceback (most recent call last):
  File "/Users/ashishparadkar/Downloads/algo-code-main/src/live_runner.py", line 199, in process_cycle
    df, _ = self.provider_manager.fetch_ohlcv_safe(self.symbol, self.timeframe, limit=1000)
  File "/Users/ashishparadkar/Downloads/algo-code-main/src/provider_manager.py", line 359, in fetch_ohlcv_safe
    raise retryable_err
  File "/Users/ashishparadkar/Downloads/algo-code-main/src/provider_manager.py", line 351, in fetch_ohlcv_safe
    df = adapter.fetch_ohlcv(instrument, timeframe, limit=limit)
  File "/Users/ashishparadkar/Downloads/algo-code-main/src/provider_manager.py", line 211, in fetch_ohlcv
    raise net_err
  File "/Users/ashishparadkar/Downloads/algo-code-main/src/provider_manager.py", line 183, in fetch_ohlcv
    raw_candles = self.exchange.fetch_ohlcv(
  File "/Users/ashishparadkar/Downloads/algo-code-main/.venv/lib/python3.9/site-packages/ccxt/binance.py", line 4759, in fetch_ohlcv
    response = self.publicGetKlines(self.extend(request, params))
  File "/Users/ashishparadkar/Downloads/algo-code-main/.venv/lib/python3.9/site-packages/ccxt/base/types.py", line 35, in unbound_method
    return _self.request(self.path, self.api, self.method, params, config=self.config)
  File "/Users/ashishparadkar/Downloads/algo-code-main/.venv/lib/python3.9/site-packages/ccxt/binance.py", line 11724, in request
    response = self.fetch2(path, api, method, params, headers, body, config)
  File "/Users/ashishparadkar/Downloads/algo-code-main/.venv/lib/python3.9/site-packages/ccxt/base/exchange.py", line 5566, in fetch2
    raise e
  File "/Users/ashishparadkar/Downloads/algo-code-main/.venv/lib/python3.9/site-packages/ccxt/base/exchange.py", line 5549, in fetch2
    response = self.fetch(request['url'], request['method'], request['headers'], request['body'])
  File "/Users/ashishparadkar/Downloads/algo-code-main/.venv/lib/python3.9/site-packages/ccxt/base/exchange.py", line 721, in fetch
    raise NetworkError(details) from e
ccxt.base.errors.NetworkError: binance GET https://api.binance.com/api/v3/klines?interval=5m&limit=1000&symbol=ETHUSDT
2026-08-21 13:20:28,059 - WARNING - [bot-1787212103720-47e3] Marked bot as non-retryable configuration error to prevent infinite error storm.
2026-08-21 13:20:28,184 - WARNING - Telegram alert [GENERAL] failed (Connection Error: HTTPSConnectionPool(host='api.telegram.org', port=443): Max retries exceeded with url: /bot8865086302:AAHhh3VL9czoQRSnw8Hf9iyDEwGJnqQTtqc/sendMessage (Caused by NameResolutionError("HTTPSConnection(host='api.telegram.org', port=443): Failed to resolve 'api.telegram.org' ([Errno 8] nodename nor servname provided, or not known)"))). Re-queueing retry 1/3 in 1.0s
2026-08-21 13:20:28,361 - INFO - Logged heartbeat status: ERROR
2026-08-21 13:20:28,361 - INFO - Job "LiveRunner.process_cycle (trigger: interval[0:05:00], next run at: 2026-08-21 13:25:13 IST)" executed successfully
2026-08-21 13:20:29,200 - WARNING - Telegram alert [GENERAL] failed (Connection Error: HTTPSConnectionPool(host='api.telegram.org', port=443): Max retries exceeded with url: /bot8865086302:AAHhh3VL9czoQRSnw8Hf9iyDEwGJnqQTtqc/sendMessage (Caused by NameResolutionError("HTTPSConnection(host='api.telegram.org', port=443): Failed to resolve 'api.telegram.org' ([Errno 8] nodename nor servname provided, or not known)"))). Re-queueing retry 2/3 in 2.0s
2026-08-21 13:20:30,211 - WARNING - Telegram alert [GENERAL] failed (Connection Error: HTTPSConnectionPool(host='api.telegram.org', port=443): Max retries exceeded with url: /bot8865086302:AAHhh3VL9czoQRSnw8Hf9iyDEwGJnqQTtqc/sendMessage (Caused by NameResolutionError("HTTPSConnection(host='api.telegram.org', port=443): Failed to resolve 'api.telegram.org' ([Errno 8] nodename nor servname provided, or not known)"))). Re-queueing retry 3/3 in 4.0s
2026-08-21 13:20:31,216 - ERROR - Telegram alert [GENERAL] failed permanently after 3 retries: Connection Error: HTTPSConnectionPool(host='api.telegram.org', port=443): Max retries exceeded with url: /bot8865086302:AAHhh3VL9czoQRSnw8Hf9iyDEwGJnqQTtqc/sendMessage (Caused by NameResolutionError("HTTPSConnection(host='api.telegram.org', port=443): Failed to resolve 'api.telegram.org' ([Errno 8] nodename nor servname provided, or not known)"))
2026-08-21 13:25:13,927 - INFO - Running job "LiveRunner.process_cycle (trigger: interval[0:05:00], next run at: 2026-08-21 13:30:13 IST)" (scheduled at 2026-08-21 13:25:13.909747+05:30)
2026-08-21 13:25:13,932 - ERROR - [bot-1787212103720-47e3] Halting runner cycle: Bot is configured with unexecutable instrument 'ETH/USDT'. Error: Fatal Non-Retryable Error: binance GET https://api.binance.com/api/v3/klines?interval=5m&limit=1000&symbol=ETHUSDT
2026-08-21 13:25:14,079 - INFO - Job "LiveRunner.process_cycle (trigger: interval[0:05:00], next run at: 2026-08-21 13:30:13 IST)" executed successfully
2026-08-21 13:30:13,921 - INFO - Running job "LiveRunner.process_cycle (trigger: interval[0:05:00], next run at: 2026-08-21 13:35:13 IST)" (scheduled at 2026-08-21 13:30:13.909747+05:30)
2026-08-21 13:30:13,921 - ERROR - [bot-1787212103720-47e3] Halting runner cycle: Bot is configured with unexecutable instrument 'ETH/USDT'. Error: Fatal Non-Retryable Error: binance GET https://api.binance.com/api/v3/klines?interval=5m&limit=1000&symbol=ETHUSDT
2026-08-21 13:30:14,115 - INFO - Job "LiveRunner.process_cycle (trigger: interval[0:05:00], next run at: 2026-08-21 13:35:13 IST)" executed successfully
2026-08-21 13:35:13,982 - INFO - Running job "LiveRunner.process_cycle (trigger: interval[0:05:00], next run at: 2026-08-21 13:40:13 IST)" (scheduled at 2026-08-21 13:35:13.909747+05:30)
2026-08-21 13:35:13,997 - ERROR - [bot-1787212103720-47e3] Halting runner cycle: Bot is configured with unexecutable instrument 'ETH/USDT'. Error: Fatal Non-Retryable Error: binance GET https://api.binance.com/api/v3/klines?interval=5m&limit=1000&symbol=ETHUSDT
2026-08-21 13:35:14,349 - INFO - Job "LiveRunner.process_cycle (trigger: interval[0:05:00], next run at: 2026-08-21 13:40:13 IST)" executed successfully
/Users/ashishparadkar/Downloads/algo-code-main/.venv/lib/python3.9/site-packages/urllib3/__init__.py:35: NotOpenSSLWarning: urllib3 v2 only supports OpenSSL 1.1.1+, currently the 'ssl' module is compiled with 'LibreSSL 2.8.3'. See: https://github.com/urllib3/urllib3/issues/3020
  warnings.warn(
2026-08-21 14:50:46,297 - INFO - Bot state startup reconciliation finished: 0 bot(s) reconciled to STOPPED.
2026-08-21 14:50:46,928 - INFO - Telegram notification service initialized successfully (Chat ID: 5657...)
2026-08-21 14:50:47,065 - INFO - Initializing scheduled trading bot live runner for bot-1787212103720-47e3...
2026-08-21 14:50:47,373 - INFO - SQLite database tables verified/created.
2026-08-21 14:50:47,620 - INFO - Initializing CCXT Binance in TESTNET mode.
2026-08-21 14:51:13,235 - INFO - [bot-1787212103720-47e3] Pre-flight instrument resolved: ETH/USDT (SPOT via binance_spot)
2026-08-21 14:51:13,632 - INFO - [bot-1787212103720-47e3] Starting signal check cycle for ETH/USDT (5m)...
2026-08-21 14:51:13,830 - INFO - Fetching recent candles for ETH/USDT (5m) [Bot: bot-1787212103720-47e3] via ProviderManager...
/Users/ashishparadkar/Downloads/algo-code-main/.venv/lib/python3.9/site-packages/urllib3/__init__.py:35: NotOpenSSLWarning: urllib3 v2 only supports OpenSSL 1.1.1+, currently the 'ssl' module is compiled with 'LibreSSL 2.8.3'. See: https://github.com/urllib3/urllib3/issues/3020
  warnings.warn(
2026-08-21 15:30:12,916 - INFO - Bot state startup reconciliation finished: 0 bot(s) reconciled to STOPPED.
2026-08-21 15:30:13,762 - INFO - Telegram notification service initialized successfully (Chat ID: 5657...)
2026-08-21 15:30:13,771 - INFO - Initializing scheduled trading bot live runner for bot-1787212103720-47e3...
2026-08-21 15:30:13,919 - INFO - SQLite database tables verified/created.
2026-08-21 15:30:14,521 - INFO - Initializing CCXT Binance in TESTNET mode.
2026-08-21 15:30:32,801 - INFO - [bot-1787212103720-47e3] Pre-flight instrument resolved: ETH/USDT (SPOT via binance_spot)
2026-08-21 15:30:32,846 - INFO - [bot-1787212103720-47e3] Starting signal check cycle for ETH/USDT (5m)...
2026-08-21 15:30:32,855 - INFO - Fetching recent candles for ETH/USDT (5m) [Bot: bot-1787212103720-47e3] via ProviderManager...
/Users/ashishparadkar/Downloads/algo-code-main/.venv/lib/python3.9/site-packages/urllib3/__init__.py:35: NotOpenSSLWarning: urllib3 v2 only supports OpenSSL 1.1.1+, currently the 'ssl' module is compiled with 'LibreSSL 2.8.3'. See: https://github.com/urllib3/urllib3/issues/3020
  warnings.warn(
2026-08-21 18:13:21,826 - INFO - Bot state startup reconciliation finished: 0 bot(s) reconciled to STOPPED.
2026-08-21 18:13:22,464 - INFO - Telegram notification service initialized successfully (Chat ID: 5657...)
2026-08-21 18:13:22,591 - INFO - Initializing scheduled trading bot live runner for bot-1787212103720-47e3...
2026-08-21 18:13:22,815 - INFO - SQLite database tables verified/created.
2026-08-21 18:13:23,257 - INFO - Initializing CCXT Binance in TESTNET mode.
2026-08-21 18:13:42,939 - INFO - [bot-1787212103720-47e3] Pre-flight instrument resolved: ETH/USDT (SPOT via binance_spot)
2026-08-21 18:13:42,974 - INFO - [bot-1787212103720-47e3] Starting signal check cycle for ETH/USDT (5m)...
2026-08-21 18:13:42,984 - INFO - Fetching recent candles for ETH/USDT (5m) [Bot: bot-1787212103720-47e3] via ProviderManager...
2026-08-21 18:15:37,243 - INFO - Indicators computed | close=2394.62 ema_9=2384.20 ema_20=2382.84 ema_50=2384.95 ema_200=2359.57 macd=-0.6940 poc=2250.0 val=2075.0 vah=2425.0
2026-08-21 18:15:37,573 - INFO - [bot-1787212103720-47e3] Evaluating strategy on completed candle: 2026-08-21 12:40:00+00:00 at Close price: 2394.58
2026-08-21 18:15:41,440 - INFO - Confluence Evaluation | Regime: TRENDING (ADX=66.6) | Direction: HOLD | BullScore: 50.0% | BearScore: 0.0% | Active: ['ema', 'macd', 'rsi', 'vp']
2026-08-21 18:15:42,565 - INFO - Signal evaluated: HOLD. Reason/Details: Confluence score: 50% (HOLD)
2026-08-21 18:15:43,386 - INFO - Logged heartbeat status: OK
2026-08-21 18:15:45,250 - INFO - Adding job tentatively -- it will be properly scheduled when the scheduler starts
2026-08-21 18:15:45,250 - INFO - Bot bot-1787212103720-47e3 scheduled to check every 5 minutes.
2026-08-21 18:15:45,289 - INFO - Added job "LiveRunner.process_cycle" to job store "default"
2026-08-21 18:15:45,289 - INFO - Scheduler started
/Users/ashishparadkar/Downloads/algo-code-main/.venv/lib/python3.9/site-packages/urllib3/__init__.py:35: NotOpenSSLWarning: urllib3 v2 only supports OpenSSL 1.1.1+, currently the 'ssl' module is compiled with 'LibreSSL 2.8.3'. See: https://github.com/urllib3/urllib3/issues/3020
  warnings.warn(
2026-08-21 20:26:54,099 - INFO - Bot state startup reconciliation finished: 0 bot(s) reconciled to STOPPED.
2026-08-21 20:26:54,959 - INFO - Telegram notification service initialized successfully (Chat ID: 5657...)
2026-08-21 20:26:55,160 - INFO - Initializing scheduled trading bot live runner for bot-1787212103720-47e3...
2026-08-21 20:26:55,530 - INFO - SQLite database tables verified/created.
2026-08-21 20:26:56,228 - INFO - Initializing CCXT Binance in TESTNET mode.
2026-08-21 20:27:17,856 - INFO - [bot-1787212103720-47e3] Pre-flight instrument resolved: ETH/USDT (SPOT via binance_spot)
2026-08-21 20:27:17,890 - INFO - [bot-1787212103720-47e3] Starting signal check cycle for ETH/USDT (5m)...
2026-08-21 20:27:17,898 - INFO - Fetching recent candles for ETH/USDT (5m) [Bot: bot-1787212103720-47e3] via ProviderManager...
2026-08-21 20:31:05,980 - INFO - Indicators computed | close=2392.49 ema_9=2388.75 ema_20=2387.07 ema_50=2386.30 ema_200=2366.05 macd=1.2977 poc=2250.0 val=2100.0 vah=2425.0
2026-08-21 20:31:08,177 - INFO - [bot-1787212103720-47e3] Evaluating strategy on completed candle: 2026-08-21 14:55:00+00:00 at Close price: 2393.67
2026-08-21 20:31:20,265 - INFO - Confluence Evaluation | Regime: RANGING (ADX=21.7) | Direction: HOLD | BullScore: 34.8% | BearScore: 32.6% | Active: ['ema', 'macd', 'rsi', 'vp']
2026-08-21 20:31:25,117 - INFO - Signal evaluated: HOLD. Reason/Details: Confluence score: 35% (HOLD)
2026-08-21 20:31:32,342 - INFO - Logged heartbeat status: OK
2026-08-21 20:31:39,356 - INFO - Adding job tentatively -- it will be properly scheduled when the scheduler starts
2026-08-21 20:31:39,370 - INFO - Bot bot-1787212103720-47e3 scheduled to check every 5 minutes.
2026-08-21 20:31:41,089 - INFO - Added job "LiveRunner.process_cycle" to job store "default"
2026-08-21 20:31:41,089 - INFO - Scheduler started
/Users/ashishparadkar/Downloads/algo-code-main/.venv/lib/python3.9/site-packages/urllib3/__init__.py:35: NotOpenSSLWarning: urllib3 v2 only supports OpenSSL 1.1.1+, currently the 'ssl' module is compiled with 'LibreSSL 2.8.3'. See: https://github.com/urllib3/urllib3/issues/3020
  warnings.warn(
2026-08-21 21:32:32,962 - INFO - Bot state startup reconciliation finished: 0 bot(s) reconciled to STOPPED.
2026-08-21 21:32:33,996 - INFO - Telegram notification service initialized successfully (Chat ID: 5657...)
2026-08-21 21:32:34,032 - INFO - Initializing scheduled trading bot live runner for bot-1787212103720-47e3...
2026-08-21 21:32:34,950 - INFO - SQLite database tables verified/created.
2026-08-21 21:32:35,683 - INFO - Initializing CCXT Binance in TESTNET mode.
2026-08-21 21:33:14,194 - INFO - [bot-1787212103720-47e3] Pre-flight instrument resolved: ETH/USDT (SPOT via binance_spot)
2026-08-21 21:33:14,291 - INFO - [bot-1787212103720-47e3] Starting signal check cycle for ETH/USDT (5m)...
2026-08-21 21:33:14,816 - INFO - Fetching recent candles for ETH/USDT (5m) [Bot: bot-1787212103720-47e3] via ProviderManager...
2026-08-21 21:40:00,672 - INFO - Indicators computed | close=2387.97 ema_9=2394.43 ema_20=2394.00 ema_50=2390.87 ema_200=2369.95 macd=1.5016 poc=2250.0 val=2100.0 vah=2425.0
2026-08-21 21:40:02,919 - INFO - [bot-1787212103720-47e3] Evaluating strategy on completed candle: 2026-08-21 16:00:00+00:00 at Close price: 2391.15
2026-08-21 21:40:11,538 - INFO - Confluence Evaluation | Regime: TRENDING (ADX=26.3) | Direction: HOLD | BullScore: 17.4% | BearScore: 0.0% | Active: ['ema', 'macd', 'rsi', 'vp']
2026-08-21 21:40:13,442 - INFO - Signal evaluated: HOLD. Reason/Details: Confluence score: 17% (HOLD)
2026-08-21 21:40:18,192 - INFO - Logged heartbeat status: OK
2026-08-21 21:40:25,571 - INFO - Adding job tentatively -- it will be properly scheduled when the scheduler starts
2026-08-21 21:40:25,623 - INFO - Bot bot-1787212103720-47e3 scheduled to check every 5 minutes.
2026-08-21 21:40:26,987 - INFO - Added job "LiveRunner.process_cycle" to job store "default"
2026-08-21 21:40:27,002 - INFO - Scheduler started
2026-08-21 21:45:29,811 - WARNING - Run time of job "LiveRunner.process_cycle (trigger: interval[0:05:00], next run at: 2026-08-21 21:50:24 IST)" was missed by 0:00:04.820860
2026-08-21 21:50:28,988 - WARNING - Run time of job "LiveRunner.process_cycle (trigger: interval[0:05:00], next run at: 2026-08-21 21:55:24 IST)" was missed by 0:00:03.692946
2026-08-21 21:55:29,979 - WARNING - Run time of job "LiveRunner.process_cycle (trigger: interval[0:05:00], next run at: 2026-08-21 22:00:24 IST)" was missed by 0:00:04.212005
2026-08-21 22:00:27,327 - WARNING - Run time of job "LiveRunner.process_cycle (trigger: interval[0:05:00], next run at: 2026-08-21 22:05:24 IST)" was missed by 0:00:02.062891
2026-08-21 22:05:25,007 - INFO - Running job "LiveRunner.process_cycle (trigger: interval[0:05:00], next run at: 2026-08-21 22:10:24 IST)" (scheduled at 2026-08-21 22:05:24.912159+05:30)
2026-08-21 22:05:26,873 - INFO - [bot-1787212103720-47e3] Starting signal check cycle for ETH/USDT (5m)...
2026-08-21 22:05:27,538 - INFO - Fetching recent candles for ETH/USDT (5m) [Bot: bot-1787212103720-47e3] via ProviderManager...
2026-08-21 22:05:36,849 - INFO - Indicators computed | close=2401.82 ema_9=2397.94 ema_20=2395.90 ema_50=2392.32 ema_200=2371.55 macd=2.2915 poc=2250.0 val=2100.0 vah=2425.0
2026-08-21 22:05:36,856 - INFO - [bot-1787212103720-47e3] Evaluating strategy on completed candle: 2026-08-21 16:30:00+00:00 at Close price: 2402.31
2026-08-21 22:05:37,004 - INFO - Confluence Evaluation | Regime: RANGING (ADX=23.6) | Direction: HOLD | BullScore: 67.4% | BearScore: 0.0% | Active: ['ema', 'macd', 'rsi', 'vp']
2026-08-21 22:05:37,139 - INFO - Signal evaluated: HOLD. Reason/Details: Confluence score: 67% (HOLD)
2026-08-21 22:05:37,409 - INFO - Logged heartbeat status: OK
2026-08-21 22:05:37,413 - INFO - Job "LiveRunner.process_cycle (trigger: interval[0:05:00], next run at: 2026-08-21 22:10:24 IST)" executed successfully
2026-08-21 22:10:24,971 - INFO - Running job "LiveRunner.process_cycle (trigger: interval[0:05:00], next run at: 2026-08-21 22:15:24 IST)" (scheduled at 2026-08-21 22:10:24.912159+05:30)
2026-08-21 22:10:25,028 - INFO - [bot-1787212103720-47e3] Starting signal check cycle for ETH/USDT (5m)...
2026-08-21 22:10:25,087 - INFO - Fetching recent candles for ETH/USDT (5m) [Bot: bot-1787212103720-47e3] via ProviderManager...
2026-08-21 22:10:26,308 - INFO - Indicators computed | close=2400.91 ema_9=2398.48 ema_20=2396.35 ema_50=2392.64 ema_200=2371.84 macd=2.3923 poc=2250.0 val=2100.0 vah=2425.0
2026-08-21 22:10:26,309 - INFO - [bot-1787212103720-47e3] Evaluating strategy on completed candle: 2026-08-21 16:35:00+00:00 at Close price: 2401.50
2026-08-21 22:10:26,458 - INFO - Confluence Evaluation | Regime: RANGING (ADX=22.0) | Direction: HOLD | BullScore: 67.4% | BearScore: 0.0% | Active: ['ema', 'macd', 'rsi', 'vp']
2026-08-21 22:10:26,623 - INFO - Signal evaluated: HOLD. Reason/Details: Confluence score: 67% (HOLD)
2026-08-21 22:10:26,868 - INFO - Logged heartbeat status: OK
2026-08-21 22:10:26,868 - INFO - Job "LiveRunner.process_cycle (trigger: interval[0:05:00], next run at: 2026-08-21 22:15:24 IST)" executed successfully
2026-08-21 22:15:25,015 - INFO - Running job "LiveRunner.process_cycle (trigger: interval[0:05:00], next run at: 2026-08-21 22:20:24 IST)" (scheduled at 2026-08-21 22:15:24.912159+05:30)
2026-08-21 22:15:25,110 - INFO - [bot-1787212103720-47e3] Starting signal check cycle for ETH/USDT (5m)...
2026-08-21 22:15:25,173 - INFO - Fetching recent candles for ETH/USDT (5m) [Bot: bot-1787212103720-47e3] via ProviderManager...
2026-08-21 22:15:26,303 - INFO - Indicators computed | close=2401.27 ema_9=2399.15 ema_20=2396.88 ema_50=2393.01 ema_200=2372.14 macd=2.5353 poc=2250.0 val=2100.0 vah=2425.0
2026-08-21 22:15:26,315 - INFO - [bot-1787212103720-47e3] Evaluating strategy on completed candle: 2026-08-21 16:40:00+00:00 at Close price: 2401.60
2026-08-21 22:15:26,603 - INFO - Confluence Evaluation | Regime: RANGING (ADX=20.1) | Direction: HOLD | BullScore: 67.4% | BearScore: 0.0% | Active: ['ema', 'macd', 'rsi', 'vp']
2026-08-21 22:15:26,777 - INFO - Signal evaluated: HOLD. Reason/Details: Confluence score: 67% (HOLD)
2026-08-21 22:15:27,186 - INFO - Logged heartbeat status: OK
2026-08-21 22:15:27,187 - INFO - Job "LiveRunner.process_cycle (trigger: interval[0:05:00], next run at: 2026-08-21 22:20:24 IST)" executed successfully
2026-08-21 22:20:24,948 - INFO - Running job "LiveRunner.process_cycle (trigger: interval[0:05:00], next run at: 2026-08-21 22:25:24 IST)" (scheduled at 2026-08-21 22:20:24.912159+05:30)
2026-08-21 22:20:25,003 - INFO - [bot-1787212103720-47e3] Starting signal check cycle for ETH/USDT (5m)...
2026-08-21 22:20:25,083 - INFO - Fetching recent candles for ETH/USDT (5m) [Bot: bot-1787212103720-47e3] via ProviderManager...
2026-08-21 22:20:25,638 - INFO - Indicators computed | close=2409.03 ema_9=2402.33 ema_20=2398.68 ema_50=2393.92 ema_200=2372.58 macd=3.6581 poc=2250.0 val=2100.0 vah=2425.0
2026-08-21 22:20:25,641 - INFO - [bot-1787212103720-47e3] Evaluating strategy on completed candle: 2026-08-21 16:45:00+00:00 at Close price: 2408.80
2026-08-21 22:20:25,725 - INFO - Confluence Evaluation | Regime: RANGING (ADX=19.2) | Direction: HOLD | BullScore: 67.4% | BearScore: 0.0% | Active: ['ema', 'macd', 'rsi', 'vp']
2026-08-21 22:20:25,829 - INFO - Signal evaluated: HOLD. Reason/Details: Confluence score: 67% (HOLD)
2026-08-21 22:20:26,088 - INFO - Logged heartbeat status: OK
2026-08-21 22:20:26,089 - INFO - Job "LiveRunner.process_cycle (trigger: interval[0:05:00], next run at: 2026-08-21 22:25:24 IST)" executed successfully
2026-08-21 22:25:24,951 - INFO - Running job "LiveRunner.process_cycle (trigger: interval[0:05:00], next run at: 2026-08-21 22:30:24 IST)" (scheduled at 2026-08-21 22:25:24.912159+05:30)
2026-08-21 22:25:24,992 - INFO - [bot-1787212103720-47e3] Starting signal check cycle for ETH/USDT (5m)...
2026-08-21 22:25:25,020 - INFO - Fetching recent candles for ETH/USDT (5m) [Bot: bot-1787212103720-47e3] via ProviderManager...
2026-08-21 22:25:25,512 - INFO - Indicators computed | close=2407.79 ema_9=2403.56 ema_20=2399.63 ema_50=2394.50 ema_200=2372.94 macd=3.9807 poc=2250.0 val=2100.0 vah=2425.0
2026-08-21 22:25:25,513 - INFO - [bot-1787212103720-47e3] Evaluating strategy on completed candle: 2026-08-21 16:50:00+00:00 at Close price: 2409.91
2026-08-21 22:25:25,594 - INFO - Confluence Evaluation | Regime: RANGING (ADX=18.7) | Direction: HOLD | BullScore: 67.4% | BearScore: 0.0% | Active: ['ema', 'macd', 'rsi', 'vp']
2026-08-21 22:25:25,695 - INFO - Signal evaluated: HOLD. Reason/Details: Confluence score: 67% (HOLD)
2026-08-21 22:25:25,912 - INFO - Logged heartbeat status: OK
2026-08-21 22:25:25,912 - INFO - Job "LiveRunner.process_cycle (trigger: interval[0:05:00], next run at: 2026-08-21 22:30:24 IST)" executed successfully
2026-08-21 22:30:24,966 - INFO - Running job "LiveRunner.process_cycle (trigger: interval[0:05:00], next run at: 2026-08-21 22:35:24 IST)" (scheduled at 2026-08-21 22:30:24.912159+05:30)
2026-08-21 22:30:25,074 - INFO - [bot-1787212103720-47e3] Starting signal check cycle for ETH/USDT (5m)...
2026-08-21 22:30:25,136 - INFO - Fetching recent candles for ETH/USDT (5m) [Bot: bot-1787212103720-47e3] via ProviderManager...
2026-08-21 22:30:26,468 - INFO - Indicators computed | close=2404.62 ema_9=2403.48 ema_20=2399.95 ema_50=2394.83 ema_200=2373.24 macd=3.7681 poc=2250.0 val=2100.0 vah=2425.0
2026-08-21 22:30:26,474 - INFO - [bot-1787212103720-47e3] Evaluating strategy on completed candle: 2026-08-21 16:55:00+00:00 at Close price: 2405.97
2026-08-21 22:30:26,635 - INFO - Confluence Evaluation | Regime: RANGING (ADX=14.6) | Direction: HOLD | BullScore: 67.4% | BearScore: 0.0% | Active: ['ema', 'macd', 'rsi', 'vp']
2026-08-21 22:30:26,748 - INFO - Signal evaluated: HOLD. Reason/Details: Confluence score: 67% (HOLD)
2026-08-21 22:30:26,979 - INFO - Logged heartbeat status: OK
2026-08-21 22:30:26,979 - INFO - Job "LiveRunner.process_cycle (trigger: interval[0:05:00], next run at: 2026-08-21 22:35:24 IST)" executed successfully
2026-08-21 22:35:24,937 - INFO - Running job "LiveRunner.process_cycle (trigger: interval[0:05:00], next run at: 2026-08-21 22:40:24 IST)" (scheduled at 2026-08-21 22:35:24.912159+05:30)
2026-08-21 22:35:24,953 - INFO - [bot-1787212103720-47e3] Starting signal check cycle for ETH/USDT (5m)...
2026-08-21 22:35:25,004 - INFO - Fetching recent candles for ETH/USDT (5m) [Bot: bot-1787212103720-47e3] via ProviderManager...
2026-08-21 22:35:25,497 - INFO - Indicators computed | close=2407.82 ema_9=2404.93 ema_20=2401.01 ema_50=2395.47 ema_200=2373.62 macd=4.1494 poc=2250.0 val=2100.0 vah=2425.0
2026-08-21 22:35:25,500 - INFO - [bot-1787212103720-47e3] Evaluating strategy on completed candle: 2026-08-21 17:00:00+00:00 at Close price: 2408.22
2026-08-21 22:35:25,586 - INFO - Confluence Evaluation | Regime: RANGING (ADX=15.3) | Direction: HOLD | BullScore: 67.4% | BearScore: 0.0% | Active: ['ema', 'macd', 'rsi', 'vp']
2026-08-21 22:35:25,701 - INFO - Signal evaluated: HOLD. Reason/Details: Confluence score: 67% (HOLD)
2026-08-21 22:35:25,967 - INFO - Logged heartbeat status: OK
2026-08-21 22:35:25,968 - INFO - Job "LiveRunner.process_cycle (trigger: interval[0:05:00], next run at: 2026-08-21 22:40:24 IST)" executed successfully
2026-08-21 22:40:25,022 - INFO - Running job "LiveRunner.process_cycle (trigger: interval[0:05:00], next run at: 2026-08-21 22:45:24 IST)" (scheduled at 2026-08-21 22:40:24.912159+05:30)
2026-08-21 22:40:25,085 - INFO - [bot-1787212103720-47e3] Starting signal check cycle for ETH/USDT (5m)...
2026-08-21 22:40:25,143 - INFO - Fetching recent candles for ETH/USDT (5m) [Bot: bot-1787212103720-47e3] via ProviderManager...
2026-08-21 22:40:25,733 - INFO - Indicators computed | close=2416.97 ema_9=2408.60 ema_20=2403.21 ema_50=2396.61 ema_200=2374.13 macd=5.3942 poc=2250.0 val=2100.0 vah=2425.0
2026-08-21 22:40:25,734 - INFO - [bot-1787212103720-47e3] Evaluating strategy on completed candle: 2026-08-21 17:05:00+00:00 at Close price: 2415.75
2026-08-21 22:40:25,813 - INFO - Confluence Evaluation | Regime: RANGING (ADX=17.9) | Direction: HOLD | BullScore: 67.4% | BearScore: 32.6% | Active: ['ema', 'macd', 'rsi', 'vp']
2026-08-21 22:40:25,907 - INFO - Signal evaluated: HOLD. Reason/Details: Confluence score: 67% (HOLD)
2026-08-21 22:40:26,131 - INFO - Logged heartbeat status: OK
2026-08-21 22:40:26,131 - INFO - Job "LiveRunner.process_cycle (trigger: interval[0:05:00], next run at: 2026-08-21 22:45:24 IST)" executed successfully
/Users/ashishparadkar/Downloads/algo-code-main/.venv/lib/python3.9/site-packages/urllib3/__init__.py:35: NotOpenSSLWarning: urllib3 v2 only supports OpenSSL 1.1.1+, currently the 'ssl' module is compiled with 'LibreSSL 2.8.3'. See: https://github.com/urllib3/urllib3/issues/3020
  warnings.warn(
2026-08-21 22:44:37,680 - INFO - Bot state startup reconciliation finished: 0 bot(s) reconciled to STOPPED.
2026-08-21 22:44:38,146 - INFO - Telegram notification service initialized successfully (Chat ID: 5657...)
2026-08-21 22:44:38,157 - INFO - Initializing scheduled trading bot live runner for bot-1787212103720-47e3...
2026-08-21 22:44:39,005 - INFO - SQLite database tables verified/created.
2026-08-21 22:44:39,347 - INFO - Initializing CCXT Binance in TESTNET mode.
2026-08-21 22:45:09,133 - INFO - [bot-1787212103720-47e3] Pre-flight instrument resolved: ETH/USDT (SPOT via binance_spot)
2026-08-21 22:45:09,175 - INFO - [bot-1787212103720-47e3] Starting signal check cycle for ETH/USDT (5m)...
2026-08-21 22:45:09,193 - INFO - Fetching recent candles for ETH/USDT (5m) [Bot: bot-1787212103720-47e3] via ProviderManager...
