/Users/ashishparadkar/Downloads/algo-code-main/.venv/lib/python3.9/site-packages/urllib3/__init__.py:35: NotOpenSSLWarning: urllib3 v2 only supports OpenSSL 1.1.1+, currently the 'ssl' module is compiled with 'LibreSSL 2.8.3'. See: https://github.com/urllib3/urllib3/issues/3020
  warnings.warn(
2026-08-20 13:24:17,559 - INFO - Bot state startup reconciliation finished: 0 bot(s) reconciled to STOPPED.
/Users/ashishparadkar/Downloads/algo-code-main/.venv/lib/python3.9/site-packages/urllib3/__init__.py:35: NotOpenSSLWarning: urllib3 v2 only supports OpenSSL 1.1.1+, currently the 'ssl' module is compiled with 'LibreSSL 2.8.3'. See: https://github.com/urllib3/urllib3/issues/3020
  warnings.warn(
2026-08-20 13:25:52,337 - INFO - Bot state startup reconciliation finished: 0 bot(s) reconciled to STOPPED.
2026-08-20 13:25:53,075 - INFO - Telegram notification service initialized successfully (Chat ID: 5657...)
2026-08-20 13:25:53,084 - INFO - Initializing scheduled trading bot live runner for bot-1787212103292-65b5...
2026-08-20 13:25:53,375 - INFO - SQLite database tables verified/created.
2026-08-20 13:25:53,915 - INFO - Initializing CCXT Binance in TESTNET mode.
/Users/ashishparadkar/Downloads/algo-code-main/.venv/lib/python3.9/site-packages/urllib3/__init__.py:35: NotOpenSSLWarning: urllib3 v2 only supports OpenSSL 1.1.1+, currently the 'ssl' module is compiled with 'LibreSSL 2.8.3'. See: https://github.com/urllib3/urllib3/issues/3020
  warnings.warn(
2026-08-20 22:17:06,732 - INFO - Bot state startup reconciliation finished: 0 bot(s) reconciled to STOPPED.
2026-08-20 22:17:07,234 - INFO - Telegram notification service initialized successfully (Chat ID: 5657...)
2026-08-20 22:17:07,904 - INFO - Initializing scheduled trading bot live runner for bot-1787212103292-65b5...
2026-08-20 22:17:08,540 - INFO - SQLite database tables verified/created.
2026-08-20 22:17:09,307 - INFO - Initializing CCXT Binance in TESTNET mode.
2026-08-20 22:17:32,302 - INFO - [bot-1787212103292-65b5] Pre-flight instrument resolved: BTC/USDT (SPOT via binance_spot)
2026-08-20 22:17:32,348 - INFO - [bot-1787212103292-65b5] Starting signal check cycle for BTC/USDT (5m)...
2026-08-20 22:17:33,157 - INFO - Fetching recent candles for BTC/USDT (5m) [Bot: bot-1787212103292-65b5] via ProviderManager...
2026-08-20 22:18:55,718 - INFO - Indicators computed | close=72571.99 ema_9=72458.52 ema_20=72336.37 ema_50=72096.01 ema_200=70831.41 macd=147.4070 poc=64325.0 val=63300.0 vah=69600.0
2026-08-20 22:18:55,792 - INFO - [bot-1787212103292-65b5] Evaluating strategy on completed candle: 2026-08-20 16:40:00+00:00 at Close price: 72630.89
2026-08-20 22:18:56,569 - INFO - Confluence Evaluation | Regime: TRENDING (ADX=34.9) | Direction: LONG | BullScore: 82.6% | BearScore: 17.4% | Active: ['ema', 'macd', 'rsi', 'vp']
2026-08-20 22:18:57,087 - INFO - Capping position size 0.711946 BTC to available cash equivalent 0.206524 BTC.
2026-08-20 22:18:57,596 - INFO - Created pending signal approval ID 40 for bot bot-1787212103292-65b5 (LONG @ $72630.89, status: WAITING_APPROVAL)
2026-08-20 22:18:57,932 - INFO - [bot-1787212103292-65b5] Signal LONG generated (ID: 40). Waiting for manual user approval.
2026-08-20 22:18:59,117 - INFO - Logged heartbeat status: OK
2026-08-20 22:18:59,643 - INFO - Adding job tentatively -- it will be properly scheduled when the scheduler starts
2026-08-20 22:18:59,643 - INFO - Bot bot-1787212103292-65b5 scheduled to check every 5 minutes.
2026-08-20 22:18:59,650 - INFO - Added job "LiveRunner.process_cycle" to job store "default"
2026-08-20 22:18:59,650 - INFO - Scheduler started
2026-08-20 22:23:59,959 - INFO - Running job "LiveRunner.process_cycle (trigger: interval[0:05:00], next run at: 2026-08-20 22:28:59 IST)" (scheduled at 2026-08-20 22:23:59.642198+05:30)
2026-08-20 22:24:00,062 - INFO - [bot-1787212103292-65b5] Starting signal check cycle for BTC/USDT (5m)...
2026-08-20 22:24:00,131 - INFO - Fetching recent candles for BTC/USDT (5m) [Bot: bot-1787212103292-65b5] via ProviderManager...
2026-08-20 22:24:00,820 - INFO - Indicators computed | close=72640.01 ema_9=72494.18 ema_20=72364.94 ema_50=72117.19 ema_200=70849.37 macd=153.3933 poc=64325.0 val=63300.0 vah=69600.0
2026-08-20 22:24:00,821 - INFO - [bot-1787212103292-65b5] Evaluating strategy on completed candle: 2026-08-20 16:45:00+00:00 at Close price: 72568.00
2026-08-20 22:24:00,899 - INFO - Confluence Evaluation | Regime: TRENDING (ADX=34.0) | Direction: LONG | BullScore: 82.6% | BearScore: 17.4% | Active: ['ema', 'macd', 'rsi', 'vp']
2026-08-20 22:24:01,005 - INFO - Capping position size 0.841538 BTC to available cash equivalent 0.206703 BTC.
2026-08-20 22:24:01,017 - INFO - [bot-1787212103292-65b5] Signal LONG active pending approval already exists (ID: 40).
2026-08-20 22:24:01,219 - INFO - Logged heartbeat status: OK
2026-08-20 22:24:01,220 - INFO - Job "LiveRunner.process_cycle (trigger: interval[0:05:00], next run at: 2026-08-20 22:28:59 IST)" executed successfully
2026-08-20 22:28:59,671 - INFO - Running job "LiveRunner.process_cycle (trigger: interval[0:05:00], next run at: 2026-08-20 22:33:59 IST)" (scheduled at 2026-08-20 22:28:59.642198+05:30)
2026-08-20 22:28:59,698 - INFO - [bot-1787212103292-65b5] Starting signal check cycle for BTC/USDT (5m)...
2026-08-20 22:28:59,747 - INFO - Fetching recent candles for BTC/USDT (5m) [Bot: bot-1787212103292-65b5] via ProviderManager...
2026-08-20 22:29:00,456 - INFO - Indicators computed | close=72790.99 ema_9=72555.14 ema_20=72406.38 ema_50=72143.99 ema_200=70868.79 macd=169.2433 poc=64325.0 val=63300.0 vah=69625.0
2026-08-20 22:29:00,457 - INFO - [bot-1787212103292-65b5] Evaluating strategy on completed candle: 2026-08-20 16:50:00+00:00 at Close price: 72649.99
2026-08-20 22:29:00,532 - INFO - Confluence Evaluation | Regime: TRENDING (ADX=33.2) | Direction: LONG | BullScore: 82.6% | BearScore: 17.4% | Active: ['ema', 'macd', 'rsi', 'vp']
2026-08-20 22:29:00,630 - INFO - Capping position size 0.684510 BTC to available cash equivalent 0.206469 BTC.
2026-08-20 22:29:00,639 - INFO - [bot-1787212103292-65b5] Signal LONG active pending approval already exists (ID: 40).
2026-08-20 22:29:00,847 - INFO - Logged heartbeat status: OK
2026-08-20 22:29:00,847 - INFO - Job "LiveRunner.process_cycle (trigger: interval[0:05:00], next run at: 2026-08-20 22:33:59 IST)" executed successfully
2026-08-20 22:33:59,701 - INFO - Running job "LiveRunner.process_cycle (trigger: interval[0:05:00], next run at: 2026-08-20 22:38:59 IST)" (scheduled at 2026-08-20 22:33:59.642198+05:30)
2026-08-20 22:33:59,749 - INFO - [bot-1787212103292-65b5] Starting signal check cycle for BTC/USDT (5m)...
2026-08-20 22:33:59,798 - INFO - Fetching recent candles for BTC/USDT (5m) [Bot: bot-1787212103292-65b5] via ProviderManager...
2026-08-20 22:34:00,292 - INFO - Indicators computed | close=72844.01 ema_9=72620.30 ema_20=72452.04 ema_50=72173.18 ema_200=70888.90 macd=186.1815 poc=64325.0 val=63300.0 vah=69625.0
2026-08-20 22:34:00,293 - INFO - [bot-1787212103292-65b5] Evaluating strategy on completed candle: 2026-08-20 16:55:00+00:00 at Close price: 72837.15
2026-08-20 22:34:00,362 - INFO - Confluence Evaluation | Regime: TRENDING (ADX=33.1) | Direction: LONG | BullScore: 82.6% | BearScore: 17.4% | Active: ['ema', 'macd', 'rsi', 'vp']
2026-08-20 22:34:00,463 - INFO - Capping position size 0.492247 BTC to available cash equivalent 0.205939 BTC.
2026-08-20 22:34:00,472 - INFO - [bot-1787212103292-65b5] Signal LONG active pending approval already exists (ID: 40).
2026-08-20 22:34:00,676 - INFO - Logged heartbeat status: OK
2026-08-20 22:34:00,676 - INFO - Job "LiveRunner.process_cycle (trigger: interval[0:05:00], next run at: 2026-08-20 22:38:59 IST)" executed successfully
2026-08-20 22:38:59,688 - INFO - Running job "LiveRunner.process_cycle (trigger: interval[0:05:00], next run at: 2026-08-20 22:43:59 IST)" (scheduled at 2026-08-20 22:38:59.642198+05:30)
2026-08-20 22:38:59,696 - INFO - [bot-1787212103292-65b5] Starting signal check cycle for BTC/USDT (5m)...
2026-08-20 22:38:59,749 - INFO - Fetching recent candles for BTC/USDT (5m) [Bot: bot-1787212103292-65b5] via ProviderManager...
2026-08-20 22:39:00,201 - INFO - Indicators computed | close=72710.43 ema_9=72625.86 ema_20=72469.93 ema_50=72191.31 ema_200=70906.25 macd=178.9916 poc=64325.0 val=63300.0 vah=69625.0
2026-08-20 22:39:00,202 - INFO - [bot-1787212103292-65b5] Evaluating strategy on completed candle: 2026-08-20 17:00:00+00:00 at Close price: 72766.11
2026-08-20 22:39:00,273 - INFO - Confluence Evaluation | Regime: TRENDING (ADX=31.9) | Direction: LONG | BullScore: 82.6% | BearScore: 17.4% | Active: ['ema', 'macd', 'rsi', 'vp']
2026-08-20 22:39:00,371 - INFO - Capping position size 0.772062 BTC to available cash equivalent 0.206140 BTC.
2026-08-20 22:39:00,382 - INFO - [bot-1787212103292-65b5] Signal LONG active pending approval already exists (ID: 40).
2026-08-20 22:39:00,585 - INFO - Logged heartbeat status: OK
2026-08-20 22:39:00,585 - INFO - Job "LiveRunner.process_cycle (trigger: interval[0:05:00], next run at: 2026-08-20 22:43:59 IST)" executed successfully
2026-08-20 22:43:59,663 - INFO - Running job "LiveRunner.process_cycle (trigger: interval[0:05:00], next run at: 2026-08-20 22:48:59 IST)" (scheduled at 2026-08-20 22:43:59.642198+05:30)
2026-08-20 22:43:59,672 - INFO - [bot-1787212103292-65b5] Starting signal check cycle for BTC/USDT (5m)...
2026-08-20 22:43:59,714 - INFO - Fetching recent candles for BTC/USDT (5m) [Bot: bot-1787212103292-65b5] via ProviderManager...
2026-08-20 22:44:00,090 - INFO - Indicators computed | close=72686.00 ema_9=72630.46 ema_20=72486.51 ema_50=72208.96 ema_200=70923.50 macd=171.3790 poc=64325.0 val=63300.0 vah=69625.0
2026-08-20 22:44:00,091 - INFO - [bot-1787212103292-65b5] Evaluating strategy on completed candle: 2026-08-20 17:05:00+00:00 at Close price: 72664.00
2026-08-20 22:44:00,152 - INFO - Confluence Evaluation | Regime: TRENDING (ADX=29.5) | Direction: LONG | BullScore: 82.6% | BearScore: 17.4% | Active: ['ema', 'macd', 'rsi', 'vp']
2026-08-20 22:44:00,244 - INFO - Capping position size 1.367989 BTC to available cash equivalent 0.206430 BTC.
2026-08-20 22:44:00,251 - INFO - [bot-1787212103292-65b5] Signal LONG active pending approval already exists (ID: 40).
2026-08-20 22:44:00,455 - INFO - Logged heartbeat status: OK
2026-08-20 22:44:00,455 - INFO - Job "LiveRunner.process_cycle (trigger: interval[0:05:00], next run at: 2026-08-20 22:48:59 IST)" executed successfully
2026-08-20 22:48:59,652 - INFO - Running job "LiveRunner.process_cycle (trigger: interval[0:05:00], next run at: 2026-08-20 22:53:59 IST)" (scheduled at 2026-08-20 22:48:59.642198+05:30)
2026-08-20 22:48:59,660 - INFO - [bot-1787212103292-65b5] Starting signal check cycle for BTC/USDT (5m)...
2026-08-20 22:48:59,701 - INFO - Fetching recent candles for BTC/USDT (5m) [Bot: bot-1787212103292-65b5] via ProviderManager...
2026-08-20 22:49:00,150 - INFO - Indicators computed | close=72668.01 ema_9=72638.93 ema_20=72504.31 ema_50=72227.19 ema_200=70940.92 macd=165.2979 poc=64325.0 val=63300.0 vah=69625.0
2026-08-20 22:49:00,151 - INFO - [bot-1787212103292-65b5] Evaluating strategy on completed candle: 2026-08-20 17:10:00+00:00 at Close price: 72692.00
2026-08-20 22:49:00,218 - INFO - Confluence Evaluation | Regime: TRENDING (ADX=28.2) | Direction: LONG | BullScore: 82.6% | BearScore: 17.4% | Active: ['ema', 'macd', 'rsi', 'vp']
2026-08-20 22:49:00,306 - INFO - Capping position size 1.305369 BTC to available cash equivalent 0.206350 BTC.
2026-08-20 22:49:00,412 - INFO - Created pending signal approval ID 68 for bot bot-1787212103292-65b5 (LONG @ $72692.00, status: WAITING_APPROVAL)
2026-08-20 22:49:00,488 - INFO - [bot-1787212103292-65b5] Signal LONG generated (ID: 68). Waiting for manual user approval.
2026-08-20 22:49:00,636 - INFO - Logged heartbeat status: OK
2026-08-20 22:49:00,637 - INFO - Job "LiveRunner.process_cycle (trigger: interval[0:05:00], next run at: 2026-08-20 22:53:59 IST)" executed successfully
2026-08-21 00:18:58,722 - WARNING - Run time of job "LiveRunner.process_cycle (trigger: interval[0:05:00], next run at: 2026-08-21 00:18:59 IST)" was missed by 0:04:59.068695
2026-08-21 00:18:59,645 - INFO - Running job "LiveRunner.process_cycle (trigger: interval[0:05:00], next run at: 2026-08-21 00:23:59 IST)" (scheduled at 2026-08-21 00:18:59.642198+05:30)
2026-08-21 00:18:59,673 - INFO - [bot-1787212103292-65b5] Starting signal check cycle for BTC/USDT (5m)...
2026-08-21 00:18:59,728 - INFO - Fetching recent candles for BTC/USDT (5m) [Bot: bot-1787212103292-65b5] via ProviderManager...
2026-08-21 00:19:09,830 - ERROR - Binance Spot Network Error: binance GET https://api.binance.com/api/v3/klines?interval=5m&limit=1000&symbol=BTCUSDT
--- Logging error ---
Traceback (most recent call last):
  File "/Users/ashishparadkar/Downloads/algo-code-main/.venv/lib/python3.9/site-packages/urllib3/connectionpool.py", line 534, in _make_request
    response = conn.getresponse()
  File "/Users/ashishparadkar/Downloads/algo-code-main/.venv/lib/python3.9/site-packages/urllib3/connection.py", line 571, in getresponse
    httplib_response = super().getresponse()
  File "/Library/Developer/CommandLineTools/Library/Frameworks/Python3.framework/Versions/3.9/lib/python3.9/http/client.py", line 1349, in getresponse
    response.begin()
  File "/Library/Developer/CommandLineTools/Library/Frameworks/Python3.framework/Versions/3.9/lib/python3.9/http/client.py", line 316, in begin
    version, status, reason = self._read_status()
  File "/Library/Developer/CommandLineTools/Library/Frameworks/Python3.framework/Versions/3.9/lib/python3.9/http/client.py", line 277, in _read_status
    line = str(self.fp.readline(_MAXLINE + 1), "iso-8859-1")
  File "/Library/Developer/CommandLineTools/Library/Frameworks/Python3.framework/Versions/3.9/lib/python3.9/socket.py", line 704, in readinto
    return self._sock.recv_into(b)
  File "/Library/Developer/CommandLineTools/Library/Frameworks/Python3.framework/Versions/3.9/lib/python3.9/ssl.py", line 1241, in recv_into
    return self.read(nbytes, buffer)
  File "/Library/Developer/CommandLineTools/Library/Frameworks/Python3.framework/Versions/3.9/lib/python3.9/ssl.py", line 1099, in read
    return self._sslobj.read(len, buffer)
socket.timeout: The read operation timed out

The above exception was the direct cause of the following exception:

Traceback (most recent call last):
  File "/Users/ashishparadkar/Downloads/algo-code-main/.venv/lib/python3.9/site-packages/requests/adapters.py", line 644, in send
    resp = conn.urlopen(
  File "/Users/ashishparadkar/Downloads/algo-code-main/.venv/lib/python3.9/site-packages/urllib3/connectionpool.py", line 841, in urlopen
    retries = retries.increment(
  File "/Users/ashishparadkar/Downloads/algo-code-main/.venv/lib/python3.9/site-packages/urllib3/util/retry.py", line 490, in increment
    raise reraise(type(error), error, _stacktrace)
  File "/Users/ashishparadkar/Downloads/algo-code-main/.venv/lib/python3.9/site-packages/urllib3/util/util.py", line 39, in reraise
    raise value
  File "/Users/ashishparadkar/Downloads/algo-code-main/.venv/lib/python3.9/site-packages/urllib3/connectionpool.py", line 787, in urlopen
    response = self._make_request(
  File "/Users/ashishparadkar/Downloads/algo-code-main/.venv/lib/python3.9/site-packages/urllib3/connectionpool.py", line 536, in _make_request
    self._raise_timeout(err=e, url=url, timeout_value=read_timeout)
  File "/Users/ashishparadkar/Downloads/algo-code-main/.venv/lib/python3.9/site-packages/urllib3/connectionpool.py", line 367, in _raise_timeout
    raise ReadTimeoutError(
urllib3.exceptions.ReadTimeoutError: HTTPSConnectionPool(host='api.binance.com', port=443): Read timed out. (read timeout=10.0)

During handling of the above exception, another exception occurred:

Traceback (most recent call last):
  File "/Users/ashishparadkar/Downloads/algo-code-main/.venv/lib/python3.9/site-packages/ccxt/base/exchange.py", line 665, in fetch
    response = self.session.request(
  File "/Users/ashishparadkar/Downloads/algo-code-main/.venv/lib/python3.9/site-packages/requests/sessions.py", line 589, in request
    resp = self.send(prep, **send_kwargs)
  File "/Users/ashishparadkar/Downloads/algo-code-main/.venv/lib/python3.9/site-packages/requests/sessions.py", line 703, in send
    r = adapter.send(request, **kwargs)
  File "/Users/ashishparadkar/Downloads/algo-code-main/.venv/lib/python3.9/site-packages/requests/adapters.py", line 690, in send
    raise ReadTimeout(e, request=request)
requests.exceptions.ReadTimeout: HTTPSConnectionPool(host='api.binance.com', port=443): Read timed out. (read timeout=10.0)

The above exception was the direct cause of the following exception:

Traceback (most recent call last):
  File "/Users/ashishparadkar/Downloads/algo-code-main/src/provider_manager.py", line 351, in fetch_ohlcv_safe
    df = adapter.fetch_ohlcv(instrument, timeframe, limit=limit)
  File "/Users/ashishparadkar/Downloads/algo-code-main/src/provider_manager.py", line 211, in fetch_ohlcv
    raise net_err
  File "/Users/ashishparadkar/Downloads/algo-code-main/src/provider_manager.py", line 183, in fetch_ohlcv
    raw_candles = self.exchange.fetch_ohlcv(
  File "/Users/ashishparadkar/Downloads/algo-code-main/.venv/lib/python3.9/site-packages/ccxt/binance.py", line 4759, in fetch_ohlcv
    response = self.publicGetKlines(self.extend(request, params))
  File "/Users/ashishparadkar/Downloads/algo-code-main/.venv/lib/python3.9/site-packages/ccxt/base/types.py", line 35, in unbound_method
    return _self.request(self.path, self.api, self.method, params, config=self.config)
  File "/Users/ashishparadkar/Downloads/algo-code-main/.venv/lib/python3.9/site-packages/ccxt/binance.py", line 11724, in request
    response = self.fetch2(path, api, method, params, headers, body, config)
  File "/Users/ashishparadkar/Downloads/algo-code-main/.venv/lib/python3.9/site-packages/ccxt/base/exchange.py", line 5566, in fetch2
    raise e
  File "/Users/ashishparadkar/Downloads/algo-code-main/.venv/lib/python3.9/site-packages/ccxt/base/exchange.py", line 5549, in fetch2
    response = self.fetch(request['url'], request['method'], request['headers'], request['body'])
  File "/Users/ashishparadkar/Downloads/algo-code-main/.venv/lib/python3.9/site-packages/ccxt/base/exchange.py", line 698, in fetch
    raise RequestTimeout(details) from e
ccxt.base.errors.RequestTimeout: binance GET https://api.binance.com/api/v3/klines?interval=5m&limit=1000&symbol=BTCUSDT

During handling of the above exception, another exception occurred:

Traceback (most recent call last):
  File "/Library/Developer/CommandLineTools/Library/Frameworks/Python3.framework/Versions/3.9/lib/python3.9/logging/__init__.py", line 1083, in emit
    msg = self.format(record)
  File "/Library/Developer/CommandLineTools/Library/Frameworks/Python3.framework/Versions/3.9/lib/python3.9/logging/__init__.py", line 927, in format
    return fmt.format(record)
  File "/Library/Developer/CommandLineTools/Library/Frameworks/Python3.framework/Versions/3.9/lib/python3.9/logging/__init__.py", line 663, in format
    record.message = record.getMessage()
  File "/Library/Developer/CommandLineTools/Library/Frameworks/Python3.framework/Versions/3.9/lib/python3.9/logging/__init__.py", line 367, in getMessage
    msg = msg % self.args
TypeError: must be real number, not RequestTimeout
Call stack:
  File "/Library/Developer/CommandLineTools/Library/Frameworks/Python3.framework/Versions/3.9/lib/python3.9/threading.py", line 930, in _bootstrap
    self._bootstrap_inner()
  File "/Library/Developer/CommandLineTools/Library/Frameworks/Python3.framework/Versions/3.9/lib/python3.9/threading.py", line 973, in _bootstrap_inner
    self.run()
  File "/Library/Developer/CommandLineTools/Library/Frameworks/Python3.framework/Versions/3.9/lib/python3.9/threading.py", line 910, in run
    self._target(*self._args, **self._kwargs)
  File "/Library/Developer/CommandLineTools/Library/Frameworks/Python3.framework/Versions/3.9/lib/python3.9/concurrent/futures/thread.py", line 77, in _worker
    work_item.run()
  File "/Library/Developer/CommandLineTools/Library/Frameworks/Python3.framework/Versions/3.9/lib/python3.9/concurrent/futures/thread.py", line 52, in run
    result = self.fn(*self.args, **self.kwargs)
  File "/Users/ashishparadkar/Downloads/algo-code-main/.venv/lib/python3.9/site-packages/apscheduler/executors/base.py", line 131, in run_job
    retval = job.func(*job.args, **job.kwargs)
  File "/Users/ashishparadkar/Downloads/algo-code-main/src/live_runner.py", line 199, in process_cycle
    df, _ = self.provider_manager.fetch_ohlcv_safe(self.symbol, self.timeframe, limit=1000)
  File "/Users/ashishparadkar/Downloads/algo-code-main/src/provider_manager.py", line 362, in fetch_ohlcv_safe
    logger.warning(
Message: 'Retryable network failure for %s (Attempt %d/%d). Backing off %.2fs: %s'
Arguments: ('BTC/USDT', 1, 3, RequestTimeout('binance GET https://api.binance.com/api/v3/klines?interval=5m&limit=1000&symbol=BTCUSDT'))
2026-08-21 00:19:12,534 - INFO - Indicators computed | close=72534.00 ema_9=72573.87 ema_20=72602.17 ema_50=72445.30 ema_200=71225.40 macd=8.6477 poc=64325.0 val=63300.0 vah=69700.0
2026-08-21 00:19:12,535 - INFO - [bot-1787212103292-65b5] Evaluating strategy on completed candle: 2026-08-20 18:40:00+00:00 at Close price: 72501.42
2026-08-21 00:19:12,614 - INFO - Confluence Evaluation | Regime: TRENDING (ADX=27.9) | Direction: HOLD | BullScore: 0.0% | BearScore: 34.8% | Active: ['ema', 'macd', 'rsi', 'vp']
2026-08-21 00:19:12,712 - INFO - Signal evaluated: HOLD. Reason/Details: Confluence score: 35% (HOLD)
2026-08-21 00:19:12,907 - INFO - Logged heartbeat status: OK
2026-08-21 00:19:12,911 - INFO - Job "LiveRunner.process_cycle (trigger: interval[0:05:00], next run at: 2026-08-21 00:23:59 IST)" executed successfully
2026-08-21 00:23:59,685 - INFO - Running job "LiveRunner.process_cycle (trigger: interval[0:05:00], next run at: 2026-08-21 00:28:59 IST)" (scheduled at 2026-08-21 00:23:59.642198+05:30)
2026-08-21 00:23:59,705 - INFO - [bot-1787212103292-65b5] Starting signal check cycle for BTC/USDT (5m)...
2026-08-21 00:23:59,757 - INFO - Fetching recent candles for BTC/USDT (5m) [Bot: bot-1787212103292-65b5] via ProviderManager...
2026-08-21 00:24:00,173 - INFO - Indicators computed | close=72518.00 ema_9=72562.70 ema_20=72594.15 ema_50=72448.15 ema_200=71238.26 macd=2.0531 poc=64325.0 val=63300.0 vah=69700.0
2026-08-21 00:24:00,175 - INFO - [bot-1787212103292-65b5] Evaluating strategy on completed candle: 2026-08-20 18:45:00+00:00 at Close price: 72534.00
2026-08-21 00:24:00,249 - INFO - Confluence Evaluation | Regime: TRENDING (ADX=27.7) | Direction: HOLD | BullScore: 0.0% | BearScore: 34.8% | Active: ['ema', 'macd', 'rsi', 'vp']
2026-08-21 00:24:00,347 - INFO - Signal evaluated: HOLD. Reason/Details: Confluence score: 35% (HOLD)
2026-08-21 00:24:00,536 - INFO - Logged heartbeat status: OK
2026-08-21 00:24:00,537 - INFO - Job "LiveRunner.process_cycle (trigger: interval[0:05:00], next run at: 2026-08-21 00:28:59 IST)" executed successfully
/Users/ashishparadkar/Downloads/algo-code-main/.venv/lib/python3.9/site-packages/urllib3/__init__.py:35: NotOpenSSLWarning: urllib3 v2 only supports OpenSSL 1.1.1+, currently the 'ssl' module is compiled with 'LibreSSL 2.8.3'. See: https://github.com/urllib3/urllib3/issues/3020
  warnings.warn(
2026-08-21 06:20:44,118 - INFO - Bot state startup reconciliation finished: 0 bot(s) reconciled to STOPPED.
2026-08-21 06:20:44,506 - INFO - Telegram notification service initialized successfully (Chat ID: 5657...)
2026-08-21 06:20:44,516 - INFO - Initializing scheduled trading bot live runner for bot-1787212103292-65b5...
2026-08-21 06:20:44,812 - INFO - SQLite database tables verified/created.
2026-08-21 06:20:45,186 - INFO - Initializing CCXT Binance in TESTNET mode.
2026-08-21 06:21:01,994 - INFO - [bot-1787212103292-65b5] Pre-flight instrument resolved: BTC/USDT (SPOT via binance_spot)
2026-08-21 06:21:02,031 - INFO - [bot-1787212103292-65b5] Starting signal check cycle for BTC/USDT (5m)...
2026-08-21 06:21:02,038 - INFO - Fetching recent candles for BTC/USDT (5m) [Bot: bot-1787212103292-65b5] via ProviderManager...
2026-08-21 06:22:05,559 - INFO - Indicators computed | close=73775.26 ema_9=73638.82 ema_20=73421.06 ema_50=73101.32 ema_200=72114.05 macd=241.4921 poc=64325.0 val=63575.0 vah=71275.0
2026-08-21 06:22:05,582 - INFO - [bot-1787212103292-65b5] Evaluating strategy on completed candle: 2026-08-21 00:45:00+00:00 at Close price: 73761.56
2026-08-21 06:22:06,747 - INFO - Confluence Evaluation | Regime: TRENDING (ADX=53.5) | Direction: LONG | BullScore: 82.6% | BearScore: 17.4% | Active: ['ema', 'macd', 'rsi', 'vp']
2026-08-21 06:22:07,623 - INFO - Capping position size 0.986064 BTC to available cash equivalent 0.203358 BTC.
2026-08-21 06:22:07,674 - INFO - Created pending signal approval ID 90 for bot bot-1787212103292-65b5 (LONG @ $73761.56, status: WAITING_APPROVAL)
2026-08-21 06:22:07,716 - INFO - [bot-1787212103292-65b5] Signal LONG generated (ID: 90). Waiting for manual user approval.
2026-08-21 06:22:08,596 - INFO - Logged heartbeat status: OK
2026-08-21 06:22:09,068 - INFO - Adding job tentatively -- it will be properly scheduled when the scheduler starts
2026-08-21 06:22:09,069 - INFO - Bot bot-1787212103292-65b5 scheduled to check every 5 minutes.
2026-08-21 06:22:09,089 - INFO - Added job "LiveRunner.process_cycle" to job store "default"
2026-08-21 06:22:09,089 - INFO - Scheduler started
2026-08-21 06:27:09,112 - INFO - Running job "LiveRunner.process_cycle (trigger: interval[0:05:00], next run at: 2026-08-21 06:32:08 IST)" (scheduled at 2026-08-21 06:27:08.993342+05:30)
2026-08-21 06:27:09,163 - INFO - [bot-1787212103292-65b5] Starting signal check cycle for BTC/USDT (5m)...
2026-08-21 06:27:09,224 - INFO - Fetching recent candles for BTC/USDT (5m) [Bot: bot-1787212103292-65b5] via ProviderManager...
2026-08-21 06:27:09,778 - INFO - Indicators computed | close=73642.00 ema_9=73621.97 ema_20=73432.69 ema_50=73118.40 ema_200=72128.18 macd=222.3497 poc=64325.0 val=63575.0 vah=71300.0
2026-08-21 06:27:09,779 - INFO - [bot-1787212103292-65b5] Evaluating strategy on completed candle: 2026-08-21 00:50:00+00:00 at Close price: 73666.00
2026-08-21 06:27:09,842 - INFO - Confluence Evaluation | Regime: TRENDING (ADX=53.5) | Direction: LONG | BullScore: 82.6% | BearScore: 17.4% | Active: ['ema', 'macd', 'rsi', 'vp']
2026-08-21 06:27:09,930 - INFO - Capping position size 1.437608 BTC to available cash equivalent 0.203622 BTC.
2026-08-21 06:27:09,940 - INFO - [bot-1787212103292-65b5] Signal LONG active pending approval already exists (ID: 90).
2026-08-21 06:27:10,127 - INFO - Logged heartbeat status: OK
2026-08-21 06:27:10,127 - INFO - Job "LiveRunner.process_cycle (trigger: interval[0:05:00], next run at: 2026-08-21 06:32:08 IST)" executed successfully
2026-08-21 06:32:09,084 - INFO - Running job "LiveRunner.process_cycle (trigger: interval[0:05:00], next run at: 2026-08-21 06:37:08 IST)" (scheduled at 2026-08-21 06:32:08.993342+05:30)
2026-08-21 06:32:09,116 - INFO - [bot-1787212103292-65b5] Starting signal check cycle for BTC/USDT (5m)...
2026-08-21 06:32:09,165 - INFO - Fetching recent candles for BTC/USDT (5m) [Bot: bot-1787212103292-65b5] via ProviderManager...
2026-08-21 06:32:10,286 - INFO - Indicators computed | close=73800.00 ema_9=73668.14 ema_20=73473.36 ema_50=73147.62 ema_200=72145.46 macd=228.3171 poc=64325.0 val=63575.0 vah=71300.0
2026-08-21 06:32:10,287 - INFO - [bot-1787212103292-65b5] Evaluating strategy on completed candle: 2026-08-21 00:55:00+00:00 at Close price: 73708.02
2026-08-21 06:32:10,443 - INFO - Confluence Evaluation | Regime: TRENDING (ADX=53.7) | Direction: LONG | BullScore: 82.6% | BearScore: 17.4% | Active: ['ema', 'macd', 'rsi', 'vp']
2026-08-21 06:32:10,551 - INFO - Capping position size 1.196649 BTC to available cash equivalent 0.203506 BTC.
2026-08-21 06:32:10,599 - INFO - [bot-1787212103292-65b5] Signal LONG active pending approval already exists (ID: 90).
2026-08-21 06:32:10,799 - INFO - Logged heartbeat status: OK
2026-08-21 06:32:10,799 - INFO - Job "LiveRunner.process_cycle (trigger: interval[0:05:00], next run at: 2026-08-21 06:37:08 IST)" executed successfully
2026-08-21 06:37:09,021 - INFO - Running job "LiveRunner.process_cycle (trigger: interval[0:05:00], next run at: 2026-08-21 06:42:08 IST)" (scheduled at 2026-08-21 06:37:08.993342+05:30)
2026-08-21 06:37:09,039 - INFO - [bot-1787212103292-65b5] Starting signal check cycle for BTC/USDT (5m)...
2026-08-21 06:37:09,088 - INFO - Fetching recent candles for BTC/USDT (5m) [Bot: bot-1787212103292-65b5] via ProviderManager...
2026-08-21 06:37:09,543 - INFO - Indicators computed | close=73873.26 ema_9=73715.57 ema_20=73514.90 ema_50=73177.58 ema_200=72163.05 macd=234.5726 poc=64325.0 val=63575.0 vah=71325.0
2026-08-21 06:37:09,544 - INFO - [bot-1787212103292-65b5] Evaluating strategy on completed candle: 2026-08-21 01:00:00+00:00 at Close price: 73840.01
2026-08-21 06:37:09,615 - INFO - Confluence Evaluation | Regime: TRENDING (ADX=55.5) | Direction: LONG | BullScore: 82.6% | BearScore: 17.4% | Active: ['ema', 'macd', 'rsi', 'vp']
2026-08-21 06:37:09,709 - INFO - Capping position size 0.783924 BTC to available cash equivalent 0.203142 BTC.
2026-08-21 06:37:09,768 - INFO - [bot-1787212103292-65b5] Signal LONG active pending approval already exists (ID: 90).
2026-08-21 06:37:09,937 - INFO - Logged heartbeat status: OK
2026-08-21 06:37:09,937 - INFO - Job "LiveRunner.process_cycle (trigger: interval[0:05:00], next run at: 2026-08-21 06:42:08 IST)" executed successfully
2026-08-21 06:42:09,014 - INFO - Running job "LiveRunner.process_cycle (trigger: interval[0:05:00], next run at: 2026-08-21 06:47:08 IST)" (scheduled at 2026-08-21 06:42:08.993342+05:30)
2026-08-21 06:42:09,031 - INFO - [bot-1787212103292-65b5] Starting signal check cycle for BTC/USDT (5m)...
2026-08-21 06:42:09,052 - INFO - Fetching recent candles for BTC/USDT (5m) [Bot: bot-1787212103292-65b5] via ProviderManager...
2026-08-21 06:42:09,562 - INFO - Indicators computed | close=73972.20 ema_9=73775.95 ema_20=73563.33 ema_50=73210.88 ema_200=72181.61 macd=245.6791 poc=64325.0 val=63575.0 vah=71325.0
2026-08-21 06:42:09,564 - INFO - [bot-1787212103292-65b5] Evaluating strategy on completed candle: 2026-08-21 01:05:00+00:00 at Close price: 73929.87
2026-08-21 06:42:09,633 - INFO - Confluence Evaluation | Regime: TRENDING (ADX=57.3) | Direction: LONG | BullScore: 82.6% | BearScore: 17.4% | Active: ['ema', 'macd', 'rsi', 'vp']
2026-08-21 06:42:09,733 - INFO - Capping position size 0.722509 BTC to available cash equivalent 0.202895 BTC.
2026-08-21 06:42:09,740 - INFO - [bot-1787212103292-65b5] Signal LONG active pending approval already exists (ID: 90).
2026-08-21 06:42:09,964 - INFO - Logged heartbeat status: OK
2026-08-21 06:42:09,964 - INFO - Job "LiveRunner.process_cycle (trigger: interval[0:05:00], next run at: 2026-08-21 06:47:08 IST)" executed successfully
2026-08-21 06:47:09,035 - INFO - Running job "LiveRunner.process_cycle (trigger: interval[0:05:00], next run at: 2026-08-21 06:52:08 IST)" (scheduled at 2026-08-21 06:47:08.993342+05:30)
2026-08-21 06:47:09,075 - INFO - [bot-1787212103292-65b5] Starting signal check cycle for BTC/USDT (5m)...
2026-08-21 06:47:09,136 - INFO - Fetching recent candles for BTC/USDT (5m) [Bot: bot-1787212103292-65b5] via ProviderManager...
2026-08-21 06:47:09,649 - INFO - Indicators computed | close=74151.30 ema_9=73853.95 ema_20=73620.90 ema_50=73248.45 ema_200=72201.39 macd=263.4572 poc=64325.0 val=63575.0 vah=71350.0
2026-08-21 06:47:09,651 - INFO - [bot-1787212103292-65b5] Evaluating strategy on completed candle: 2026-08-21 01:10:00+00:00 at Close price: 73990.50
2026-08-21 06:47:09,728 - INFO - Confluence Evaluation | Regime: TRENDING (ADX=59.3) | Direction: LONG | BullScore: 82.6% | BearScore: 17.4% | Active: ['ema', 'macd', 'rsi', 'vp']
2026-08-21 06:47:09,846 - INFO - Capping position size 0.630451 BTC to available cash equivalent 0.202729 BTC.
2026-08-21 06:47:09,854 - INFO - [bot-1787212103292-65b5] Signal LONG active pending approval already exists (ID: 90).
2026-08-21 06:47:10,068 - INFO - Logged heartbeat status: OK
2026-08-21 06:47:10,068 - INFO - Job "LiveRunner.process_cycle (trigger: interval[0:05:00], next run at: 2026-08-21 06:52:08 IST)" executed successfully
2026-08-21 06:52:09,007 - INFO - Running job "LiveRunner.process_cycle (trigger: interval[0:05:00], next run at: 2026-08-21 06:57:08 IST)" (scheduled at 2026-08-21 06:52:08.993342+05:30)
2026-08-21 06:52:09,015 - INFO - [bot-1787212103292-65b5] Starting signal check cycle for BTC/USDT (5m)...
2026-08-21 06:52:09,063 - INFO - Fetching recent candles for BTC/USDT (5m) [Bot: bot-1787212103292-65b5] via ProviderManager...
2026-08-21 06:52:09,422 - INFO - Indicators computed | close=74423.55 ema_9=74049.25 ema_20=73741.17 ema_50=73313.69 ema_200=72228.51 macd=326.2839 poc=64325.0 val=63575.0 vah=71425.0
2026-08-21 06:52:09,423 - INFO - [bot-1787212103292-65b5] Evaluating strategy on completed candle: 2026-08-21 01:15:00+00:00 at Close price: 74659.92
2026-08-21 06:52:09,483 - INFO - Confluence Evaluation | Regime: TRENDING (ADX=60.9) | Direction: LONG | BullScore: 82.6% | BearScore: 17.4% | Active: ['ema', 'macd', 'rsi', 'vp']
2026-08-21 06:52:09,583 - INFO - Capping position size 0.261947 BTC to available cash equivalent 0.200911 BTC.
2026-08-21 06:52:09,646 - INFO - Created pending signal approval ID 120 for bot bot-1787212103292-65b5 (LONG @ $74659.92, status: WAITING_APPROVAL)
2026-08-21 06:52:09,735 - INFO - [bot-1787212103292-65b5] Signal LONG generated (ID: 120). Waiting for manual user approval.
2026-08-21 06:52:09,925 - INFO - Logged heartbeat status: OK
2026-08-21 06:52:09,926 - INFO - Job "LiveRunner.process_cycle (trigger: interval[0:05:00], next run at: 2026-08-21 06:57:08 IST)" executed successfully
2026-08-21 06:57:09,016 - INFO - Running job "LiveRunner.process_cycle (trigger: interval[0:05:00], next run at: 2026-08-21 07:02:08 IST)" (scheduled at 2026-08-21 06:57:08.993342+05:30)
2026-08-21 06:57:09,028 - INFO - [bot-1787212103292-65b5] Starting signal check cycle for BTC/USDT (5m)...
2026-08-21 06:57:09,075 - INFO - Fetching recent candles for BTC/USDT (5m) [Bot: bot-1787212103292-65b5] via ProviderManager...
2026-08-21 06:57:09,479 - INFO - Indicators computed | close=74573.81 ema_9=74166.65 ema_20=73827.19 ema_50=73366.05 ema_200=72252.62 macd=356.7933 poc=64325.0 val=63575.0 vah=71450.0
2026-08-21 06:57:09,480 - INFO - [bot-1787212103292-65b5] Evaluating strategy on completed candle: 2026-08-21 01:20:00+00:00 at Close price: 74501.59
2026-08-21 06:57:09,537 - INFO - Confluence Evaluation | Regime: TRENDING (ADX=62.1) | Direction: LONG | BullScore: 82.6% | BearScore: 17.4% | Active: ['ema', 'macd', 'rsi', 'vp']
2026-08-21 06:57:09,628 - INFO - Capping position size 0.330666 BTC to available cash equivalent 0.201338 BTC.
2026-08-21 06:57:09,684 - INFO - [bot-1787212103292-65b5] Signal LONG active pending approval already exists (ID: 120).
2026-08-21 06:57:09,836 - INFO - Logged heartbeat status: OK
2026-08-21 06:57:09,837 - INFO - Job "LiveRunner.process_cycle (trigger: interval[0:05:00], next run at: 2026-08-21 07:02:08 IST)" executed successfully
2026-08-21 07:02:09,009 - INFO - Running job "LiveRunner.process_cycle (trigger: interval[0:05:00], next run at: 2026-08-21 07:07:08 IST)" (scheduled at 2026-08-21 07:02:08.993342+05:30)
2026-08-21 07:02:09,018 - INFO - [bot-1787212103292-65b5] Starting signal check cycle for BTC/USDT (5m)...
2026-08-21 07:02:09,061 - INFO - Fetching recent candles for BTC/USDT (5m) [Bot: bot-1787212103292-65b5] via ProviderManager...
2026-08-21 07:02:09,416 - INFO - Indicators computed | close=74772.40 ema_9=74312.27 ema_20=73930.39 ema_50=73426.96 ema_200=72279.20 macd=397.0161 poc=64325.0 val=63575.0 vah=71475.0
2026-08-21 07:02:09,417 - INFO - [bot-1787212103292-65b5] Evaluating strategy on completed candle: 2026-08-21 01:25:00+00:00 at Close price: 74726.77
2026-08-21 07:02:09,490 - INFO - Confluence Evaluation | Regime: TRENDING (ADX=62.4) | Direction: LONG | BullScore: 82.6% | BearScore: 17.4% | Active: ['ema', 'macd', 'rsi', 'vp']
2026-08-21 07:02:09,570 - INFO - Capping position size 0.302243 BTC to available cash equivalent 0.200731 BTC.
2026-08-21 07:02:09,575 - INFO - [bot-1787212103292-65b5] Signal LONG active pending approval already exists (ID: 120).
2026-08-21 07:02:09,770 - INFO - Logged heartbeat status: OK
2026-08-21 07:02:09,770 - INFO - Job "LiveRunner.process_cycle (trigger: interval[0:05:00], next run at: 2026-08-21 07:07:08 IST)" executed successfully
/Users/ashishparadkar/Downloads/algo-code-main/.venv/lib/python3.9/site-packages/urllib3/__init__.py:35: NotOpenSSLWarning: urllib3 v2 only supports OpenSSL 1.1.1+, currently the 'ssl' module is compiled with 'LibreSSL 2.8.3'. See: https://github.com/urllib3/urllib3/issues/3020
  warnings.warn(
2026-08-21 12:13:18,663 - INFO - Bot state startup reconciliation finished: 0 bot(s) reconciled to STOPPED.
2026-08-21 12:13:19,290 - INFO - Telegram notification service initialized successfully (Chat ID: 5657...)
2026-08-21 12:13:19,300 - INFO - Initializing scheduled trading bot live runner for bot-1787212103292-65b5...
2026-08-21 12:13:19,520 - INFO - SQLite database tables verified/created.
2026-08-21 12:13:20,037 - INFO - Initializing CCXT Binance in TESTNET mode.
2026-08-21 12:13:41,709 - INFO - [bot-1787212103292-65b5] Pre-flight instrument resolved: BTC/USDT (SPOT via binance_spot)
2026-08-21 12:13:42,155 - INFO - [bot-1787212103292-65b5] Starting signal check cycle for BTC/USDT (5m)...
2026-08-21 12:13:42,167 - INFO - Fetching recent candles for BTC/USDT (5m) [Bot: bot-1787212103292-65b5] via ProviderManager...
2026-08-21 12:14:53,638 - INFO - Indicators computed | close=75449.24 ema_9=75446.88 ema_20=75328.01 ema_50=75000.47 ema_200=73540.38 macd=150.4880 poc=64275.0 val=64025.0 vah=71850.0
2026-08-21 12:14:53,734 - INFO - [bot-1787212103292-65b5] Evaluating strategy on completed candle: 2026-08-21 06:35:00+00:00 at Close price: 75704.08
2026-08-21 12:14:56,684 - INFO - Confluence Evaluation | Regime: TRENDING (ADX=26.3) | Direction: LONG | BullScore: 82.6% | BearScore: 17.4% | Active: ['ema', 'macd', 'rsi', 'vp']
2026-08-21 12:14:57,174 - INFO - Capping position size 0.444326 BTC to available cash equivalent 0.198140 BTC.
2026-08-21 12:14:57,732 - INFO - Created pending signal approval ID 149 for bot bot-1787212103292-65b5 (LONG @ $75704.08, status: WAITING_APPROVAL)
2026-08-21 12:14:58,178 - INFO - [bot-1787212103292-65b5] Signal LONG generated (ID: 149). Waiting for manual user approval.
2026-08-21 12:14:58,939 - INFO - Logged heartbeat status: OK
2026-08-21 12:14:58,992 - INFO - Adding job tentatively -- it will be properly scheduled when the scheduler starts
2026-08-21 12:14:58,994 - INFO - Bot bot-1787212103292-65b5 scheduled to check every 5 minutes.
2026-08-21 12:14:59,537 - INFO - Added job "LiveRunner.process_cycle" to job store "default"
2026-08-21 12:14:59,543 - INFO - Scheduler started
2026-08-21 12:19:59,157 - INFO - Running job "LiveRunner.process_cycle (trigger: interval[0:05:00], next run at: 2026-08-21 12:24:58 IST)" (scheduled at 2026-08-21 12:19:58.984351+05:30)
2026-08-21 12:19:59,266 - INFO - [bot-1787212103292-65b5] Starting signal check cycle for BTC/USDT (5m)...
2026-08-21 12:19:59,341 - INFO - Fetching recent candles for BTC/USDT (5m) [Bot: bot-1787212103292-65b5] via ProviderManager...
2026-08-21 12:20:00,449 - INFO - Indicators computed | close=75516.28 ema_9=75452.07 ema_20=75341.26 ema_50=75018.66 ema_200=73559.50 macd=144.1384 poc=64275.0 val=64025.0 vah=71850.0
2026-08-21 12:20:00,451 - INFO - [bot-1787212103292-65b5] Evaluating strategy on completed candle: 2026-08-21 06:40:00+00:00 at Close price: 75394.97
2026-08-21 12:20:00,572 - INFO - Confluence Evaluation | Regime: TRENDING (ADX=26.8) | Direction: HOLD | BullScore: 50.0% | BearScore: 17.4% | Active: ['ema', 'macd', 'rsi', 'vp']
2026-08-21 12:20:00,691 - INFO - Signal evaluated: HOLD. Reason/Details: Confluence score: 50% (HOLD)
2026-08-21 12:20:00,861 - INFO - Logged heartbeat status: OK
2026-08-21 12:20:00,861 - INFO - Job "LiveRunner.process_cycle (trigger: interval[0:05:00], next run at: 2026-08-21 12:24:58 IST)" executed successfully
2026-08-21 12:24:59,007 - INFO - Running job "LiveRunner.process_cycle (trigger: interval[0:05:00], next run at: 2026-08-21 12:29:58 IST)" (scheduled at 2026-08-21 12:24:58.984351+05:30)
2026-08-21 12:24:59,020 - INFO - [bot-1787212103292-65b5] Starting signal check cycle for BTC/USDT (5m)...
2026-08-21 12:24:59,060 - INFO - Fetching recent candles for BTC/USDT (5m) [Bot: bot-1787212103292-65b5] via ProviderManager...
2026-08-21 12:25:00,295 - INFO - Indicators computed | close=75544.01 ema_9=75470.46 ema_20=75360.57 ema_50=75039.26 ema_200=73579.25 macd=143.1249 poc=64275.0 val=64025.0 vah=71875.0
2026-08-21 12:25:00,298 - INFO - [bot-1787212103292-65b5] Evaluating strategy on completed candle: 2026-08-21 06:45:00+00:00 at Close price: 75516.28
2026-08-21 12:25:00,443 - INFO - Confluence Evaluation | Regime: TRENDING (ADX=25.9) | Direction: HOLD | BullScore: 50.0% | BearScore: 17.4% | Active: ['ema', 'macd', 'rsi', 'vp']
2026-08-21 12:25:00,563 - INFO - Signal evaluated: HOLD. Reason/Details: Confluence score: 50% (HOLD)
2026-08-21 12:25:00,859 - INFO - Logged heartbeat status: OK
2026-08-21 12:25:00,860 - INFO - Job "LiveRunner.process_cycle (trigger: interval[0:05:00], next run at: 2026-08-21 12:29:58 IST)" executed successfully
2026-08-21 12:29:58,995 - INFO - Running job "LiveRunner.process_cycle (trigger: interval[0:05:00], next run at: 2026-08-21 12:34:58 IST)" (scheduled at 2026-08-21 12:29:58.984351+05:30)
2026-08-21 12:29:59,006 - INFO - [bot-1787212103292-65b5] Starting signal check cycle for BTC/USDT (5m)...
2026-08-21 12:29:59,055 - INFO - Fetching recent candles for BTC/USDT (5m) [Bot: bot-1787212103292-65b5] via ProviderManager...
2026-08-21 12:30:00,077 - INFO - Indicators computed | close=75646.20 ema_9=75505.61 ema_20=75387.77 ema_50=75063.06 ema_200=73599.81 macd=148.8512 poc=64275.0 val=64025.0 vah=71875.0
2026-08-21 12:30:00,080 - INFO - [bot-1787212103292-65b5] Evaluating strategy on completed candle: 2026-08-21 06:50:00+00:00 at Close price: 75544.00
2026-08-21 12:30:00,257 - INFO - Confluence Evaluation | Regime: TRENDING (ADX=25.1) | Direction: HOLD | BullScore: 50.0% | BearScore: 17.4% | Active: ['ema', 'macd', 'rsi', 'vp']
2026-08-21 12:30:00,375 - INFO - Signal evaluated: HOLD. Reason/Details: Confluence score: 50% (HOLD)
2026-08-21 12:30:00,602 - INFO - Logged heartbeat status: OK
2026-08-21 12:30:00,608 - INFO - Job "LiveRunner.process_cycle (trigger: interval[0:05:00], next run at: 2026-08-21 12:34:58 IST)" executed successfully
2026-08-21 12:34:59,024 - INFO - Running job "LiveRunner.process_cycle (trigger: interval[0:05:00], next run at: 2026-08-21 12:39:58 IST)" (scheduled at 2026-08-21 12:34:58.984351+05:30)
2026-08-21 12:34:59,034 - INFO - [bot-1787212103292-65b5] Starting signal check cycle for BTC/USDT (5m)...
2026-08-21 12:34:59,081 - INFO - Fetching recent candles for BTC/USDT (5m) [Bot: bot-1787212103292-65b5] via ProviderManager...
2026-08-21 12:34:59,501 - INFO - Indicators computed | close=75745.66 ema_9=75553.62 ema_20=75421.86 ema_50=75089.83 ema_200=73621.17 macd=159.5766 poc=64275.0 val=64025.0 vah=71875.0
2026-08-21 12:34:59,502 - INFO - [bot-1787212103292-65b5] Evaluating strategy on completed candle: 2026-08-21 06:55:00+00:00 at Close price: 75646.21
2026-08-21 12:34:59,563 - INFO - Confluence Evaluation | Regime: RANGING (ADX=24.8) | Direction: HOLD | BullScore: 67.4% | BearScore: 32.6% | Active: ['ema', 'macd', 'rsi', 'vp']
2026-08-21 12:34:59,659 - INFO - Signal evaluated: HOLD. Reason/Details: Confluence score: 67% (HOLD)
2026-08-21 12:34:59,862 - INFO - Logged heartbeat status: OK
2026-08-21 12:34:59,863 - INFO - Job "LiveRunner.process_cycle (trigger: interval[0:05:00], next run at: 2026-08-21 12:39:58 IST)" executed successfully
2026-08-21 12:39:58,994 - INFO - Running job "LiveRunner.process_cycle (trigger: interval[0:05:00], next run at: 2026-08-21 12:44:58 IST)" (scheduled at 2026-08-21 12:39:58.984351+05:30)
2026-08-21 12:39:58,999 - INFO - [bot-1787212103292-65b5] Starting signal check cycle for BTC/USDT (5m)...
2026-08-21 12:39:59,042 - INFO - Fetching recent candles for BTC/USDT (5m) [Bot: bot-1787212103292-65b5] via ProviderManager...
2026-08-21 12:39:59,680 - INFO - Indicators computed | close=75868.28 ema_9=75614.62 ema_20=75463.34 ema_50=75119.90 ema_200=73643.41 macd=175.2000 poc=64275.0 val=64025.0 vah=71875.0
2026-08-21 12:39:59,683 - INFO - [bot-1787212103292-65b5] Evaluating strategy on completed candle: 2026-08-21 07:00:00+00:00 at Close price: 75733.61
2026-08-21 12:39:59,861 - INFO - Confluence Evaluation | Regime: RANGING (ADX=23.7) | Direction: HOLD | BullScore: 67.4% | BearScore: 32.6% | Active: ['ema', 'macd', 'rsi', 'vp']
2026-08-21 12:39:59,979 - INFO - Signal evaluated: HOLD. Reason/Details: Confluence score: 67% (HOLD)
2026-08-21 12:40:00,144 - INFO - Logged heartbeat status: OK
2026-08-21 12:40:00,145 - INFO - Job "LiveRunner.process_cycle (trigger: interval[0:05:00], next run at: 2026-08-21 12:44:58 IST)" executed successfully
2026-08-21 12:44:59,001 - INFO - Running job "LiveRunner.process_cycle (trigger: interval[0:05:00], next run at: 2026-08-21 12:49:58 IST)" (scheduled at 2026-08-21 12:44:58.984351+05:30)
2026-08-21 12:44:59,012 - INFO - [bot-1787212103292-65b5] Starting signal check cycle for BTC/USDT (5m)...
2026-08-21 12:44:59,049 - INFO - Fetching recent candles for BTC/USDT (5m) [Bot: bot-1787212103292-65b5] via ProviderManager...
2026-08-21 12:44:59,478 - INFO - Indicators computed | close=75963.99 ema_9=75684.50 ema_20=75511.02 ema_50=75153.00 ema_200=73666.50 macd=193.8321 poc=64275.0 val=64025.0 vah=71875.0
2026-08-21 12:44:59,479 - INFO - [bot-1787212103292-65b5] Evaluating strategy on completed candle: 2026-08-21 07:05:00+00:00 at Close price: 75868.28
2026-08-21 12:44:59,538 - INFO - Confluence Evaluation | Regime: RANGING (ADX=22.5) | Direction: HOLD | BullScore: 67.4% | BearScore: 32.6% | Active: ['ema', 'macd', 'rsi', 'vp']
2026-08-21 12:44:59,647 - INFO - Signal evaluated: HOLD. Reason/Details: Confluence score: 67% (HOLD)
2026-08-21 12:44:59,851 - INFO - Logged heartbeat status: OK
2026-08-21 12:44:59,852 - INFO - Job "LiveRunner.process_cycle (trigger: interval[0:05:00], next run at: 2026-08-21 12:49:58 IST)" executed successfully
2026-08-21 12:49:59,030 - INFO - Running job "LiveRunner.process_cycle (trigger: interval[0:05:00], next run at: 2026-08-21 12:54:58 IST)" (scheduled at 2026-08-21 12:49:58.984351+05:30)
2026-08-21 12:49:59,035 - INFO - [bot-1787212103292-65b5] Starting signal check cycle for BTC/USDT (5m)...
2026-08-21 12:49:59,078 - INFO - Fetching recent candles for BTC/USDT (5m) [Bot: bot-1787212103292-65b5] via ProviderManager...
2026-08-21 12:49:59,768 - INFO - Indicators computed | close=76506.35 ema_9=75849.83 ema_20=75606.33 ema_50=75206.30 ema_200=73694.81 macd=249.8557 poc=64275.0 val=64025.0 vah=71900.0
2026-08-21 12:49:59,769 - INFO - [bot-1787212103292-65b5] Evaluating strategy on completed candle: 2026-08-21 07:10:00+00:00 at Close price: 75969.99
2026-08-21 12:49:59,853 - INFO - Confluence Evaluation | Regime: RANGING (ADX=21.9) | Direction: HOLD | BullScore: 67.4% | BearScore: 32.6% | Active: ['ema', 'macd', 'rsi', 'vp']
2026-08-21 12:49:59,960 - INFO - Signal evaluated: HOLD. Reason/Details: Confluence score: 67% (HOLD)
2026-08-21 12:50:00,292 - INFO - Logged heartbeat status: OK
2026-08-21 12:50:00,295 - INFO - Job "LiveRunner.process_cycle (trigger: interval[0:05:00], next run at: 2026-08-21 12:54:58 IST)" executed successfully
2026-08-21 12:54:59,000 - INFO - Running job "LiveRunner.process_cycle (trigger: interval[0:05:00], next run at: 2026-08-21 12:59:58 IST)" (scheduled at 2026-08-21 12:54:58.984351+05:30)
2026-08-21 12:54:59,018 - INFO - [bot-1787212103292-65b5] Starting signal check cycle for BTC/USDT (5m)...
2026-08-21 12:54:59,065 - INFO - Fetching recent candles for BTC/USDT (5m) [Bot: bot-1787212103292-65b5] via ProviderManager...
2026-08-21 12:54:59,663 - INFO - Indicators computed | close=76253.84 ema_9=75927.13 ema_20=75666.11 ema_50=75246.56 ema_200=73720.06 macd=269.0363 poc=64275.0 val=64025.0 vah=71900.0
2026-08-21 12:54:59,664 - INFO - [bot-1787212103292-65b5] Evaluating strategy on completed candle: 2026-08-21 07:15:00+00:00 at Close price: 76484.48
2026-08-21 12:54:59,725 - INFO - Confluence Evaluation | Regime: RANGING (ADX=23.2) | Direction: HOLD | BullScore: 67.4% | BearScore: 32.6% | Active: ['ema', 'macd', 'rsi', 'vp']
2026-08-21 12:54:59,819 - INFO - Signal evaluated: HOLD. Reason/Details: Confluence score: 67% (HOLD)
2026-08-21 12:55:00,020 - INFO - Logged heartbeat status: OK
2026-08-21 12:55:00,020 - INFO - Job "LiveRunner.process_cycle (trigger: interval[0:05:00], next run at: 2026-08-21 12:59:58 IST)" executed successfully
2026-08-21 12:59:59,002 - INFO - Running job "LiveRunner.process_cycle (trigger: interval[0:05:00], next run at: 2026-08-21 13:04:58 IST)" (scheduled at 2026-08-21 12:59:58.984351+05:30)
2026-08-21 12:59:59,016 - INFO - [bot-1787212103292-65b5] Starting signal check cycle for BTC/USDT (5m)...
2026-08-21 12:59:59,061 - INFO - Fetching recent candles for BTC/USDT (5m) [Bot: bot-1787212103292-65b5] via ProviderManager...
2026-08-21 12:59:59,519 - INFO - Indicators computed | close=76410.38 ema_9=76023.78 ema_20=75736.99 ema_50=75292.20 ema_200=73746.83 macd=294.8523 poc=64275.0 val=64025.0 vah=71900.0
2026-08-21 12:59:59,520 - INFO - [bot-1787212103292-65b5] Evaluating strategy on completed candle: 2026-08-21 07:20:00+00:00 at Close price: 76253.84
2026-08-21 12:59:59,598 - INFO - Confluence Evaluation | Regime: TRENDING (ADX=25.2) | Direction: LONG | BullScore: 82.6% | BearScore: 17.4% | Active: ['ema', 'macd', 'rsi', 'vp']
2026-08-21 12:59:59,705 - INFO - Capping position size 0.422857 BTC to available cash equivalent 0.196711 BTC.
2026-08-21 12:59:59,803 - INFO - Created pending signal approval ID 178 for bot bot-1787212103292-65b5 (LONG @ $76253.84, status: WAITING_APPROVAL)
2026-08-21 13:00:00,011 - INFO - [bot-1787212103292-65b5] Signal LONG generated (ID: 178). Waiting for manual user approval.
2026-08-21 13:00:00,343 - INFO - Logged heartbeat status: OK
2026-08-21 13:00:00,344 - INFO - Job "LiveRunner.process_cycle (trigger: interval[0:05:00], next run at: 2026-08-21 13:04:58 IST)" executed successfully
2026-08-21 13:04:59,064 - INFO - Running job "LiveRunner.process_cycle (trigger: interval[0:05:00], next run at: 2026-08-21 13:09:58 IST)" (scheduled at 2026-08-21 13:04:58.984351+05:30)
2026-08-21 13:04:59,147 - INFO - [bot-1787212103292-65b5] Starting signal check cycle for BTC/USDT (5m)...
2026-08-21 13:04:59,182 - INFO - Fetching recent candles for BTC/USDT (5m) [Bot: bot-1787212103292-65b5] via ProviderManager...
2026-08-21 13:05:00,936 - INFO - Indicators computed | close=76384.61 ema_9=76095.95 ema_20=75798.67 ema_50=75335.04 ema_200=73773.08 macd=309.6626 poc=64275.0 val=64025.0 vah=71925.0
2026-08-21 13:05:00,966 - INFO - [bot-1787212103292-65b5] Evaluating strategy on completed candle: 2026-08-21 07:25:00+00:00 at Close price: 76410.38
2026-08-21 13:05:01,116 - INFO - Confluence Evaluation | Regime: TRENDING (ADX=27.7) | Direction: LONG | BullScore: 82.6% | BearScore: 17.4% | Active: ['ema', 'macd', 'rsi', 'vp']
2026-08-21 13:05:01,297 - INFO - Capping position size 0.360564 BTC to available cash equivalent 0.196308 BTC.
2026-08-21 13:05:01,364 - INFO - [bot-1787212103292-65b5] Signal LONG active pending approval already exists (ID: 178).
2026-08-21 13:05:01,715 - INFO - Logged heartbeat status: OK
2026-08-21 13:05:01,715 - INFO - Job "LiveRunner.process_cycle (trigger: interval[0:05:00], next run at: 2026-08-21 13:09:58 IST)" executed successfully
2026-08-21 13:09:58,998 - INFO - Running job "LiveRunner.process_cycle (trigger: interval[0:05:00], next run at: 2026-08-21 13:14:58 IST)" (scheduled at 2026-08-21 13:09:58.984351+05:30)
2026-08-21 13:09:59,011 - INFO - [bot-1787212103292-65b5] Starting signal check cycle for BTC/USDT (5m)...
2026-08-21 13:09:59,052 - INFO - Fetching recent candles for BTC/USDT (5m) [Bot: bot-1787212103292-65b5] via ProviderManager...
2026-08-21 13:09:59,556 - INFO - Indicators computed | close=76523.53 ema_9=76181.46 ema_20=75867.71 ema_50=75381.65 ema_200=73800.44 macd=328.8191 poc=64325.0 val=64025.0 vah=71925.0
2026-08-21 13:09:59,557 - INFO - [bot-1787212103292-65b5] Evaluating strategy on completed candle: 2026-08-21 07:30:00+00:00 at Close price: 76384.61
2026-08-21 13:09:59,637 - INFO - Confluence Evaluation | Regime: TRENDING (ADX=33.2) | Direction: LONG | BullScore: 82.6% | BearScore: 17.4% | Active: ['ema', 'macd', 'rsi', 'vp']
2026-08-21 13:09:59,727 - INFO - Capping position size 0.506586 BTC to available cash equivalent 0.196375 BTC.
2026-08-21 13:09:59,766 - INFO - [bot-1787212103292-65b5] Signal LONG active pending approval already exists (ID: 178).
2026-08-21 13:09:59,960 - INFO - Logged heartbeat status: OK
2026-08-21 13:09:59,960 - INFO - Job "LiveRunner.process_cycle (trigger: interval[0:05:00], next run at: 2026-08-21 13:14:58 IST)" executed successfully
2026-08-21 13:14:58,997 - INFO - Running job "LiveRunner.process_cycle (trigger: interval[0:05:00], next run at: 2026-08-21 13:19:58 IST)" (scheduled at 2026-08-21 13:14:58.984351+05:30)
2026-08-21 13:14:59,008 - INFO - [bot-1787212103292-65b5] Starting signal check cycle for BTC/USDT (5m)...
2026-08-21 13:14:59,054 - INFO - Fetching recent candles for BTC/USDT (5m) [Bot: bot-1787212103292-65b5] via ProviderManager...
2026-08-21 13:14:59,673 - INFO - Indicators computed | close=76598.01 ema_9=76264.77 ema_20=75937.26 ema_50=75429.35 ema_200=73828.28 macd=346.0220 poc=64325.0 val=64025.0 vah=71950.0
2026-08-21 13:14:59,675 - INFO - [bot-1787212103292-65b5] Evaluating strategy on completed candle: 2026-08-21 07:35:00+00:00 at Close price: 76523.53
2026-08-21 13:14:59,764 - INFO - Confluence Evaluation | Regime: TRENDING (ADX=38.7) | Direction: LONG | BullScore: 82.6% | BearScore: 17.4% | Active: ['ema', 'macd', 'rsi', 'vp']
2026-08-21 13:14:59,872 - INFO - Capping position size 0.449324 BTC to available cash equivalent 0.196018 BTC.
2026-08-21 13:14:59,937 - INFO - [bot-1787212103292-65b5] Signal LONG active pending approval already exists (ID: 178).
2026-08-21 13:15:00,159 - INFO - Logged heartbeat status: OK
2026-08-21 13:15:00,160 - INFO - Job "LiveRunner.process_cycle (trigger: interval[0:05:00], next run at: 2026-08-21 13:19:58 IST)" executed successfully
2026-08-21 13:19:59,044 - INFO - Running job "LiveRunner.process_cycle (trigger: interval[0:05:00], next run at: 2026-08-21 13:24:58 IST)" (scheduled at 2026-08-21 13:19:58.984351+05:30)
2026-08-21 13:19:59,058 - INFO - [bot-1787212103292-65b5] Starting signal check cycle for BTC/USDT (5m)...
2026-08-21 13:19:59,101 - INFO - Fetching recent candles for BTC/USDT (5m) [Bot: bot-1787212103292-65b5] via ProviderManager...
2026-08-21 13:20:09,144 - ERROR - Binance Spot Network Error: binance GET https://api.binance.com/api/v3/klines?interval=5m&limit=1000&symbol=BTCUSDT
--- Logging error ---
Traceback (most recent call last):
  File "/Users/ashishparadkar/Downloads/algo-code-main/.venv/lib/python3.9/site-packages/urllib3/connectionpool.py", line 534, in _make_request
    response = conn.getresponse()
  File "/Users/ashishparadkar/Downloads/algo-code-main/.venv/lib/python3.9/site-packages/urllib3/connection.py", line 571, in getresponse
    httplib_response = super().getresponse()
  File "/Library/Developer/CommandLineTools/Library/Frameworks/Python3.framework/Versions/3.9/lib/python3.9/http/client.py", line 1349, in getresponse
    response.begin()
  File "/Library/Developer/CommandLineTools/Library/Frameworks/Python3.framework/Versions/3.9/lib/python3.9/http/client.py", line 316, in begin
    version, status, reason = self._read_status()
  File "/Library/Developer/CommandLineTools/Library/Frameworks/Python3.framework/Versions/3.9/lib/python3.9/http/client.py", line 277, in _read_status
    line = str(self.fp.readline(_MAXLINE + 1), "iso-8859-1")
  File "/Library/Developer/CommandLineTools/Library/Frameworks/Python3.framework/Versions/3.9/lib/python3.9/socket.py", line 704, in readinto
    return self._sock.recv_into(b)
  File "/Library/Developer/CommandLineTools/Library/Frameworks/Python3.framework/Versions/3.9/lib/python3.9/ssl.py", line 1241, in recv_into
    return self.read(nbytes, buffer)
  File "/Library/Developer/CommandLineTools/Library/Frameworks/Python3.framework/Versions/3.9/lib/python3.9/ssl.py", line 1099, in read
    return self._sslobj.read(len, buffer)
socket.timeout: The read operation timed out

The above exception was the direct cause of the following exception:

Traceback (most recent call last):
  File "/Users/ashishparadkar/Downloads/algo-code-main/.venv/lib/python3.9/site-packages/requests/adapters.py", line 644, in send
    resp = conn.urlopen(
  File "/Users/ashishparadkar/Downloads/algo-code-main/.venv/lib/python3.9/site-packages/urllib3/connectionpool.py", line 841, in urlopen
    retries = retries.increment(
  File "/Users/ashishparadkar/Downloads/algo-code-main/.venv/lib/python3.9/site-packages/urllib3/util/retry.py", line 490, in increment
    raise reraise(type(error), error, _stacktrace)
  File "/Users/ashishparadkar/Downloads/algo-code-main/.venv/lib/python3.9/site-packages/urllib3/util/util.py", line 39, in reraise
    raise value
  File "/Users/ashishparadkar/Downloads/algo-code-main/.venv/lib/python3.9/site-packages/urllib3/connectionpool.py", line 787, in urlopen
    response = self._make_request(
  File "/Users/ashishparadkar/Downloads/algo-code-main/.venv/lib/python3.9/site-packages/urllib3/connectionpool.py", line 536, in _make_request
    self._raise_timeout(err=e, url=url, timeout_value=read_timeout)
  File "/Users/ashishparadkar/Downloads/algo-code-main/.venv/lib/python3.9/site-packages/urllib3/connectionpool.py", line 367, in _raise_timeout
    raise ReadTimeoutError(
urllib3.exceptions.ReadTimeoutError: HTTPSConnectionPool(host='api.binance.com', port=443): Read timed out. (read timeout=10.0)

During handling of the above exception, another exception occurred:

Traceback (most recent call last):
  File "/Users/ashishparadkar/Downloads/algo-code-main/.venv/lib/python3.9/site-packages/ccxt/base/exchange.py", line 665, in fetch
    response = self.session.request(
  File "/Users/ashishparadkar/Downloads/algo-code-main/.venv/lib/python3.9/site-packages/requests/sessions.py", line 589, in request
    resp = self.send(prep, **send_kwargs)
  File "/Users/ashishparadkar/Downloads/algo-code-main/.venv/lib/python3.9/site-packages/requests/sessions.py", line 703, in send
    r = adapter.send(request, **kwargs)
  File "/Users/ashishparadkar/Downloads/algo-code-main/.venv/lib/python3.9/site-packages/requests/adapters.py", line 690, in send
    raise ReadTimeout(e, request=request)
requests.exceptions.ReadTimeout: HTTPSConnectionPool(host='api.binance.com', port=443): Read timed out. (read timeout=10.0)

The above exception was the direct cause of the following exception:

Traceback (most recent call last):
  File "/Users/ashishparadkar/Downloads/algo-code-main/src/provider_manager.py", line 351, in fetch_ohlcv_safe
    df = adapter.fetch_ohlcv(instrument, timeframe, limit=limit)
  File "/Users/ashishparadkar/Downloads/algo-code-main/src/provider_manager.py", line 211, in fetch_ohlcv
    raise net_err
  File "/Users/ashishparadkar/Downloads/algo-code-main/src/provider_manager.py", line 183, in fetch_ohlcv
    raw_candles = self.exchange.fetch_ohlcv(
  File "/Users/ashishparadkar/Downloads/algo-code-main/.venv/lib/python3.9/site-packages/ccxt/binance.py", line 4759, in fetch_ohlcv
    response = self.publicGetKlines(self.extend(request, params))
  File "/Users/ashishparadkar/Downloads/algo-code-main/.venv/lib/python3.9/site-packages/ccxt/base/types.py", line 35, in unbound_method
    return _self.request(self.path, self.api, self.method, params, config=self.config)
  File "/Users/ashishparadkar/Downloads/algo-code-main/.venv/lib/python3.9/site-packages/ccxt/binance.py", line 11724, in request
    response = self.fetch2(path, api, method, params, headers, body, config)
  File "/Users/ashishparadkar/Downloads/algo-code-main/.venv/lib/python3.9/site-packages/ccxt/base/exchange.py", line 5566, in fetch2
    raise e
  File "/Users/ashishparadkar/Downloads/algo-code-main/.venv/lib/python3.9/site-packages/ccxt/base/exchange.py", line 5549, in fetch2
    response = self.fetch(request['url'], request['method'], request['headers'], request['body'])
  File "/Users/ashishparadkar/Downloads/algo-code-main/.venv/lib/python3.9/site-packages/ccxt/base/exchange.py", line 698, in fetch
    raise RequestTimeout(details) from e
ccxt.base.errors.RequestTimeout: binance GET https://api.binance.com/api/v3/klines?interval=5m&limit=1000&symbol=BTCUSDT

During handling of the above exception, another exception occurred:

Traceback (most recent call last):
  File "/Library/Developer/CommandLineTools/Library/Frameworks/Python3.framework/Versions/3.9/lib/python3.9/logging/__init__.py", line 1083, in emit
    msg = self.format(record)
  File "/Library/Developer/CommandLineTools/Library/Frameworks/Python3.framework/Versions/3.9/lib/python3.9/logging/__init__.py", line 927, in format
    return fmt.format(record)
  File "/Library/Developer/CommandLineTools/Library/Frameworks/Python3.framework/Versions/3.9/lib/python3.9/logging/__init__.py", line 663, in format
    record.message = record.getMessage()
  File "/Library/Developer/CommandLineTools/Library/Frameworks/Python3.framework/Versions/3.9/lib/python3.9/logging/__init__.py", line 367, in getMessage
    msg = msg % self.args
TypeError: must be real number, not RequestTimeout
Call stack:
  File "/Library/Developer/CommandLineTools/Library/Frameworks/Python3.framework/Versions/3.9/lib/python3.9/threading.py", line 930, in _bootstrap
    self._bootstrap_inner()
  File "/Library/Developer/CommandLineTools/Library/Frameworks/Python3.framework/Versions/3.9/lib/python3.9/threading.py", line 973, in _bootstrap_inner
    self.run()
  File "/Library/Developer/CommandLineTools/Library/Frameworks/Python3.framework/Versions/3.9/lib/python3.9/threading.py", line 910, in run
    self._target(*self._args, **self._kwargs)
  File "/Library/Developer/CommandLineTools/Library/Frameworks/Python3.framework/Versions/3.9/lib/python3.9/concurrent/futures/thread.py", line 77, in _worker
    work_item.run()
  File "/Library/Developer/CommandLineTools/Library/Frameworks/Python3.framework/Versions/3.9/lib/python3.9/concurrent/futures/thread.py", line 52, in run
    result = self.fn(*self.args, **self.kwargs)
  File "/Users/ashishparadkar/Downloads/algo-code-main/.venv/lib/python3.9/site-packages/apscheduler/executors/base.py", line 131, in run_job
    retval = job.func(*job.args, **job.kwargs)
  File "/Users/ashishparadkar/Downloads/algo-code-main/src/live_runner.py", line 199, in process_cycle
    df, _ = self.provider_manager.fetch_ohlcv_safe(self.symbol, self.timeframe, limit=1000)
  File "/Users/ashishparadkar/Downloads/algo-code-main/src/provider_manager.py", line 362, in fetch_ohlcv_safe
    logger.warning(
Message: 'Retryable network failure for %s (Attempt %d/%d). Backing off %.2fs: %s'
Arguments: ('BTC/USDT', 1, 3, RequestTimeout('binance GET https://api.binance.com/api/v3/klines?interval=5m&limit=1000&symbol=BTCUSDT'))
2026-08-21 13:20:10,752 - ERROR - Binance Spot Network Error: binance GET https://api.binance.com/api/v3/klines?interval=5m&limit=1000&symbol=BTCUSDT
--- Logging error ---
Traceback (most recent call last):
  File "/Users/ashishparadkar/Downloads/algo-code-main/.venv/lib/python3.9/site-packages/urllib3/connection.py", line 204, in _new_conn
    sock = connection.create_connection(
  File "/Users/ashishparadkar/Downloads/algo-code-main/.venv/lib/python3.9/site-packages/urllib3/util/connection.py", line 60, in create_connection
    for res in socket.getaddrinfo(host, port, family, socket.SOCK_STREAM):
  File "/Library/Developer/CommandLineTools/Library/Frameworks/Python3.framework/Versions/3.9/lib/python3.9/socket.py", line 953, in getaddrinfo
    for res in _socket.getaddrinfo(host, port, family, type, proto, flags):
socket.gaierror: [Errno 8] nodename nor servname provided, or not known

The above exception was the direct cause of the following exception:

Traceback (most recent call last):
  File "/Users/ashishparadkar/Downloads/algo-code-main/.venv/lib/python3.9/site-packages/urllib3/connectionpool.py", line 787, in urlopen
    response = self._make_request(
  File "/Users/ashishparadkar/Downloads/algo-code-main/.venv/lib/python3.9/site-packages/urllib3/connectionpool.py", line 488, in _make_request
    raise new_e
  File "/Users/ashishparadkar/Downloads/algo-code-main/.venv/lib/python3.9/site-packages/urllib3/connectionpool.py", line 464, in _make_request
    self._validate_conn(conn)
  File "/Users/ashishparadkar/Downloads/algo-code-main/.venv/lib/python3.9/site-packages/urllib3/connectionpool.py", line 1093, in _validate_conn
    conn.connect()
  File "/Users/ashishparadkar/Downloads/algo-code-main/.venv/lib/python3.9/site-packages/urllib3/connection.py", line 759, in connect
    self.sock = sock = self._new_conn()
  File "/Users/ashishparadkar/Downloads/algo-code-main/.venv/lib/python3.9/site-packages/urllib3/connection.py", line 211, in _new_conn
    raise NameResolutionError(self.host, self, e) from e
urllib3.exceptions.NameResolutionError: HTTPSConnection(host='api.binance.com', port=443): Failed to resolve 'api.binance.com' ([Errno 8] nodename nor servname provided, or not known)

The above exception was the direct cause of the following exception:

Traceback (most recent call last):
  File "/Users/ashishparadkar/Downloads/algo-code-main/.venv/lib/python3.9/site-packages/requests/adapters.py", line 644, in send
    resp = conn.urlopen(
  File "/Users/ashishparadkar/Downloads/algo-code-main/.venv/lib/python3.9/site-packages/urllib3/connectionpool.py", line 841, in urlopen
    retries = retries.increment(
  File "/Users/ashishparadkar/Downloads/algo-code-main/.venv/lib/python3.9/site-packages/urllib3/util/retry.py", line 535, in increment
    raise MaxRetryError(_pool, url, reason) from reason  # type: ignore[arg-type]
urllib3.exceptions.MaxRetryError: HTTPSConnectionPool(host='api.binance.com', port=443): Max retries exceeded with url: /api/v3/klines?interval=5m&limit=1000&symbol=BTCUSDT (Caused by NameResolutionError("HTTPSConnection(host='api.binance.com', port=443): Failed to resolve 'api.binance.com' ([Errno 8] nodename nor servname provided, or not known)"))

During handling of the above exception, another exception occurred:

Traceback (most recent call last):
  File "/Users/ashishparadkar/Downloads/algo-code-main/.venv/lib/python3.9/site-packages/ccxt/base/exchange.py", line 665, in fetch
    response = self.session.request(
  File "/Users/ashishparadkar/Downloads/algo-code-main/.venv/lib/python3.9/site-packages/requests/sessions.py", line 589, in request
    resp = self.send(prep, **send_kwargs)
  File "/Users/ashishparadkar/Downloads/algo-code-main/.venv/lib/python3.9/site-packages/requests/sessions.py", line 703, in send
    r = adapter.send(request, **kwargs)
  File "/Users/ashishparadkar/Downloads/algo-code-main/.venv/lib/python3.9/site-packages/requests/adapters.py", line 677, in send
    raise ConnectionError(e, request=request)
requests.exceptions.ConnectionError: HTTPSConnectionPool(host='api.binance.com', port=443): Max retries exceeded with url: /api/v3/klines?interval=5m&limit=1000&symbol=BTCUSDT (Caused by NameResolutionError("HTTPSConnection(host='api.binance.com', port=443): Failed to resolve 'api.binance.com' ([Errno 8] nodename nor servname provided, or not known)"))

The above exception was the direct cause of the following exception:

Traceback (most recent call last):
  File "/Users/ashishparadkar/Downloads/algo-code-main/src/provider_manager.py", line 351, in fetch_ohlcv_safe
    df = adapter.fetch_ohlcv(instrument, timeframe, limit=limit)
  File "/Users/ashishparadkar/Downloads/algo-code-main/src/provider_manager.py", line 211, in fetch_ohlcv
    raise net_err
  File "/Users/ashishparadkar/Downloads/algo-code-main/src/provider_manager.py", line 183, in fetch_ohlcv
    raw_candles = self.exchange.fetch_ohlcv(
  File "/Users/ashishparadkar/Downloads/algo-code-main/.venv/lib/python3.9/site-packages/ccxt/binance.py", line 4759, in fetch_ohlcv
    response = self.publicGetKlines(self.extend(request, params))
  File "/Users/ashishparadkar/Downloads/algo-code-main/.venv/lib/python3.9/site-packages/ccxt/base/types.py", line 35, in unbound_method
    return _self.request(self.path, self.api, self.method, params, config=self.config)
  File "/Users/ashishparadkar/Downloads/algo-code-main/.venv/lib/python3.9/site-packages/ccxt/binance.py", line 11724, in request
    response = self.fetch2(path, api, method, params, headers, body, config)
  File "/Users/ashishparadkar/Downloads/algo-code-main/.venv/lib/python3.9/site-packages/ccxt/base/exchange.py", line 5566, in fetch2
    raise e
  File "/Users/ashishparadkar/Downloads/algo-code-main/.venv/lib/python3.9/site-packages/ccxt/base/exchange.py", line 5549, in fetch2
    response = self.fetch(request['url'], request['method'], request['headers'], request['body'])
  File "/Users/ashishparadkar/Downloads/algo-code-main/.venv/lib/python3.9/site-packages/ccxt/base/exchange.py", line 721, in fetch
    raise NetworkError(details) from e
ccxt.base.errors.NetworkError: binance GET https://api.binance.com/api/v3/klines?interval=5m&limit=1000&symbol=BTCUSDT

During handling of the above exception, another exception occurred:

Traceback (most recent call last):
  File "/Library/Developer/CommandLineTools/Library/Frameworks/Python3.framework/Versions/3.9/lib/python3.9/logging/__init__.py", line 1083, in emit
    msg = self.format(record)
  File "/Library/Developer/CommandLineTools/Library/Frameworks/Python3.framework/Versions/3.9/lib/python3.9/logging/__init__.py", line 927, in format
    return fmt.format(record)
  File "/Library/Developer/CommandLineTools/Library/Frameworks/Python3.framework/Versions/3.9/lib/python3.9/logging/__init__.py", line 663, in format
    record.message = record.getMessage()
  File "/Library/Developer/CommandLineTools/Library/Frameworks/Python3.framework/Versions/3.9/lib/python3.9/logging/__init__.py", line 367, in getMessage
    msg = msg % self.args
TypeError: must be real number, not NetworkError
Call stack:
  File "/Library/Developer/CommandLineTools/Library/Frameworks/Python3.framework/Versions/3.9/lib/python3.9/threading.py", line 930, in _bootstrap
    self._bootstrap_inner()
  File "/Library/Developer/CommandLineTools/Library/Frameworks/Python3.framework/Versions/3.9/lib/python3.9/threading.py", line 973, in _bootstrap_inner
    self.run()
  File "/Library/Developer/CommandLineTools/Library/Frameworks/Python3.framework/Versions/3.9/lib/python3.9/threading.py", line 910, in run
    self._target(*self._args, **self._kwargs)
  File "/Library/Developer/CommandLineTools/Library/Frameworks/Python3.framework/Versions/3.9/lib/python3.9/concurrent/futures/thread.py", line 77, in _worker
    work_item.run()
  File "/Library/Developer/CommandLineTools/Library/Frameworks/Python3.framework/Versions/3.9/lib/python3.9/concurrent/futures/thread.py", line 52, in run
    result = self.fn(*self.args, **self.kwargs)
  File "/Users/ashishparadkar/Downloads/algo-code-main/.venv/lib/python3.9/site-packages/apscheduler/executors/base.py", line 131, in run_job
    retval = job.func(*job.args, **job.kwargs)
  File "/Users/ashishparadkar/Downloads/algo-code-main/src/live_runner.py", line 199, in process_cycle
    df, _ = self.provider_manager.fetch_ohlcv_safe(self.symbol, self.timeframe, limit=1000)
  File "/Users/ashishparadkar/Downloads/algo-code-main/src/provider_manager.py", line 362, in fetch_ohlcv_safe
    logger.warning(
Message: 'Retryable network failure for %s (Attempt %d/%d). Backing off %.2fs: %s'
Arguments: ('BTC/USDT', 2, 3, NetworkError('binance GET https://api.binance.com/api/v3/klines?interval=5m&limit=1000&symbol=BTCUSDT'))
2026-08-21 13:20:12,963 - ERROR - Binance Spot Network Error: binance GET https://api.binance.com/api/v3/klines?interval=5m&limit=1000&symbol=BTCUSDT
2026-08-21 13:20:12,964 - ERROR - System Error in runner execution cycle: binance GET https://api.binance.com/api/v3/klines?interval=5m&limit=1000&symbol=BTCUSDT
Traceback (most recent call last):
  File "/Users/ashishparadkar/Downloads/algo-code-main/.venv/lib/python3.9/site-packages/urllib3/connection.py", line 204, in _new_conn
    sock = connection.create_connection(
  File "/Users/ashishparadkar/Downloads/algo-code-main/.venv/lib/python3.9/site-packages/urllib3/util/connection.py", line 60, in create_connection
    for res in socket.getaddrinfo(host, port, family, socket.SOCK_STREAM):
  File "/Library/Developer/CommandLineTools/Library/Frameworks/Python3.framework/Versions/3.9/lib/python3.9/socket.py", line 953, in getaddrinfo
    for res in _socket.getaddrinfo(host, port, family, type, proto, flags):
socket.gaierror: [Errno 8] nodename nor servname provided, or not known

The above exception was the direct cause of the following exception:

Traceback (most recent call last):
  File "/Users/ashishparadkar/Downloads/algo-code-main/.venv/lib/python3.9/site-packages/urllib3/connectionpool.py", line 787, in urlopen
    response = self._make_request(
  File "/Users/ashishparadkar/Downloads/algo-code-main/.venv/lib/python3.9/site-packages/urllib3/connectionpool.py", line 488, in _make_request
    raise new_e
  File "/Users/ashishparadkar/Downloads/algo-code-main/.venv/lib/python3.9/site-packages/urllib3/connectionpool.py", line 464, in _make_request
    self._validate_conn(conn)
  File "/Users/ashishparadkar/Downloads/algo-code-main/.venv/lib/python3.9/site-packages/urllib3/connectionpool.py", line 1093, in _validate_conn
    conn.connect()
  File "/Users/ashishparadkar/Downloads/algo-code-main/.venv/lib/python3.9/site-packages/urllib3/connection.py", line 759, in connect
    self.sock = sock = self._new_conn()
  File "/Users/ashishparadkar/Downloads/algo-code-main/.venv/lib/python3.9/site-packages/urllib3/connection.py", line 211, in _new_conn
    raise NameResolutionError(self.host, self, e) from e
urllib3.exceptions.NameResolutionError: HTTPSConnection(host='api.binance.com', port=443): Failed to resolve 'api.binance.com' ([Errno 8] nodename nor servname provided, or not known)

The above exception was the direct cause of the following exception:

Traceback (most recent call last):
  File "/Users/ashishparadkar/Downloads/algo-code-main/.venv/lib/python3.9/site-packages/requests/adapters.py", line 644, in send
    resp = conn.urlopen(
  File "/Users/ashishparadkar/Downloads/algo-code-main/.venv/lib/python3.9/site-packages/urllib3/connectionpool.py", line 841, in urlopen
    retries = retries.increment(
  File "/Users/ashishparadkar/Downloads/algo-code-main/.venv/lib/python3.9/site-packages/urllib3/util/retry.py", line 535, in increment
    raise MaxRetryError(_pool, url, reason) from reason  # type: ignore[arg-type]
urllib3.exceptions.MaxRetryError: HTTPSConnectionPool(host='api.binance.com', port=443): Max retries exceeded with url: /api/v3/klines?interval=5m&limit=1000&symbol=BTCUSDT (Caused by NameResolutionError("HTTPSConnection(host='api.binance.com', port=443): Failed to resolve 'api.binance.com' ([Errno 8] nodename nor servname provided, or not known)"))

During handling of the above exception, another exception occurred:

Traceback (most recent call last):
  File "/Users/ashishparadkar/Downloads/algo-code-main/.venv/lib/python3.9/site-packages/ccxt/base/exchange.py", line 665, in fetch
    response = self.session.request(
  File "/Users/ashishparadkar/Downloads/algo-code-main/.venv/lib/python3.9/site-packages/requests/sessions.py", line 589, in request
    resp = self.send(prep, **send_kwargs)
  File "/Users/ashishparadkar/Downloads/algo-code-main/.venv/lib/python3.9/site-packages/requests/sessions.py", line 703, in send
    r = adapter.send(request, **kwargs)
  File "/Users/ashishparadkar/Downloads/algo-code-main/.venv/lib/python3.9/site-packages/requests/adapters.py", line 677, in send
    raise ConnectionError(e, request=request)
requests.exceptions.ConnectionError: HTTPSConnectionPool(host='api.binance.com', port=443): Max retries exceeded with url: /api/v3/klines?interval=5m&limit=1000&symbol=BTCUSDT (Caused by NameResolutionError("HTTPSConnection(host='api.binance.com', port=443): Failed to resolve 'api.binance.com' ([Errno 8] nodename nor servname provided, or not known)"))

The above exception was the direct cause of the following exception:

Traceback (most recent call last):
  File "/Users/ashishparadkar/Downloads/algo-code-main/src/live_runner.py", line 199, in process_cycle
    df, _ = self.provider_manager.fetch_ohlcv_safe(self.symbol, self.timeframe, limit=1000)
  File "/Users/ashishparadkar/Downloads/algo-code-main/src/provider_manager.py", line 359, in fetch_ohlcv_safe
    raise retryable_err
  File "/Users/ashishparadkar/Downloads/algo-code-main/src/provider_manager.py", line 351, in fetch_ohlcv_safe
    df = adapter.fetch_ohlcv(instrument, timeframe, limit=limit)
  File "/Users/ashishparadkar/Downloads/algo-code-main/src/provider_manager.py", line 211, in fetch_ohlcv
    raise net_err
  File "/Users/ashishparadkar/Downloads/algo-code-main/src/provider_manager.py", line 183, in fetch_ohlcv
    raw_candles = self.exchange.fetch_ohlcv(
  File "/Users/ashishparadkar/Downloads/algo-code-main/.venv/lib/python3.9/site-packages/ccxt/binance.py", line 4759, in fetch_ohlcv
    response = self.publicGetKlines(self.extend(request, params))
  File "/Users/ashishparadkar/Downloads/algo-code-main/.venv/lib/python3.9/site-packages/ccxt/base/types.py", line 35, in unbound_method
    return _self.request(self.path, self.api, self.method, params, config=self.config)
  File "/Users/ashishparadkar/Downloads/algo-code-main/.venv/lib/python3.9/site-packages/ccxt/binance.py", line 11724, in request
    response = self.fetch2(path, api, method, params, headers, body, config)
  File "/Users/ashishparadkar/Downloads/algo-code-main/.venv/lib/python3.9/site-packages/ccxt/base/exchange.py", line 5566, in fetch2
    raise e
  File "/Users/ashishparadkar/Downloads/algo-code-main/.venv/lib/python3.9/site-packages/ccxt/base/exchange.py", line 5549, in fetch2
    response = self.fetch(request['url'], request['method'], request['headers'], request['body'])
  File "/Users/ashishparadkar/Downloads/algo-code-main/.venv/lib/python3.9/site-packages/ccxt/base/exchange.py", line 721, in fetch
    raise NetworkError(details) from e
ccxt.base.errors.NetworkError: binance GET https://api.binance.com/api/v3/klines?interval=5m&limit=1000&symbol=BTCUSDT
2026-08-21 13:20:13,038 - WARNING - [bot-1787212103292-65b5] Marked bot as non-retryable configuration error to prevent infinite error storm.
2026-08-21 13:20:13,154 - WARNING - Telegram alert [GENERAL] failed (Connection Error: HTTPSConnectionPool(host='api.telegram.org', port=443): Max retries exceeded with url: /bot8865086302:AAHhh3VL9czoQRSnw8Hf9iyDEwGJnqQTtqc/sendMessage (Caused by NameResolutionError("HTTPSConnection(host='api.telegram.org', port=443): Failed to resolve 'api.telegram.org' ([Errno 8] nodename nor servname provided, or not known)"))). Re-queueing retry 1/3 in 1.0s
2026-08-21 13:20:13,347 - INFO - Logged heartbeat status: ERROR
2026-08-21 13:20:13,347 - INFO - Job "LiveRunner.process_cycle (trigger: interval[0:05:00], next run at: 2026-08-21 13:24:58 IST)" executed successfully
2026-08-21 13:20:14,179 - WARNING - Telegram alert [GENERAL] failed (Connection Error: HTTPSConnectionPool(host='api.telegram.org', port=443): Max retries exceeded with url: /bot8865086302:AAHhh3VL9czoQRSnw8Hf9iyDEwGJnqQTtqc/sendMessage (Caused by NameResolutionError("HTTPSConnection(host='api.telegram.org', port=443): Failed to resolve 'api.telegram.org' ([Errno 8] nodename nor servname provided, or not known)"))). Re-queueing retry 2/3 in 2.0s
2026-08-21 13:20:15,185 - WARNING - Telegram alert [GENERAL] failed (Connection Error: HTTPSConnectionPool(host='api.telegram.org', port=443): Max retries exceeded with url: /bot8865086302:AAHhh3VL9czoQRSnw8Hf9iyDEwGJnqQTtqc/sendMessage (Caused by NameResolutionError("HTTPSConnection(host='api.telegram.org', port=443): Failed to resolve 'api.telegram.org' ([Errno 8] nodename nor servname provided, or not known)"))). Re-queueing retry 3/3 in 4.0s
2026-08-21 13:20:16,198 - ERROR - Telegram alert [GENERAL] failed permanently after 3 retries: Connection Error: HTTPSConnectionPool(host='api.telegram.org', port=443): Max retries exceeded with url: /bot8865086302:AAHhh3VL9czoQRSnw8Hf9iyDEwGJnqQTtqc/sendMessage (Caused by NameResolutionError("HTTPSConnection(host='api.telegram.org', port=443): Failed to resolve 'api.telegram.org' ([Errno 8] nodename nor servname provided, or not known)"))
2026-08-21 13:24:59,006 - INFO - Running job "LiveRunner.process_cycle (trigger: interval[0:05:00], next run at: 2026-08-21 13:29:58 IST)" (scheduled at 2026-08-21 13:24:58.984351+05:30)
2026-08-21 13:24:59,012 - ERROR - [bot-1787212103292-65b5] Halting runner cycle: Bot is configured with unexecutable instrument 'BTC/USDT'. Error: Fatal Non-Retryable Error: binance GET https://api.binance.com/api/v3/klines?interval=5m&limit=1000&symbol=BTCUSDT
2026-08-21 13:24:59,153 - INFO - Job "LiveRunner.process_cycle (trigger: interval[0:05:00], next run at: 2026-08-21 13:29:58 IST)" executed successfully
2026-08-21 13:29:58,999 - INFO - Running job "LiveRunner.process_cycle (trigger: interval[0:05:00], next run at: 2026-08-21 13:34:58 IST)" (scheduled at 2026-08-21 13:29:58.984351+05:30)
2026-08-21 13:29:58,999 - ERROR - [bot-1787212103292-65b5] Halting runner cycle: Bot is configured with unexecutable instrument 'BTC/USDT'. Error: Fatal Non-Retryable Error: binance GET https://api.binance.com/api/v3/klines?interval=5m&limit=1000&symbol=BTCUSDT
2026-08-21 13:29:59,161 - INFO - Job "LiveRunner.process_cycle (trigger: interval[0:05:00], next run at: 2026-08-21 13:34:58 IST)" executed successfully
2026-08-21 13:34:59,039 - INFO - Running job "LiveRunner.process_cycle (trigger: interval[0:05:00], next run at: 2026-08-21 13:39:58 IST)" (scheduled at 2026-08-21 13:34:58.984351+05:30)
2026-08-21 13:34:59,042 - ERROR - [bot-1787212103292-65b5] Halting runner cycle: Bot is configured with unexecutable instrument 'BTC/USDT'. Error: Fatal Non-Retryable Error: binance GET https://api.binance.com/api/v3/klines?interval=5m&limit=1000&symbol=BTCUSDT
2026-08-21 13:34:59,195 - INFO - Job "LiveRunner.process_cycle (trigger: interval[0:05:00], next run at: 2026-08-21 13:39:58 IST)" executed successfully
/Users/ashishparadkar/Downloads/algo-code-main/.venv/lib/python3.9/site-packages/urllib3/__init__.py:35: NotOpenSSLWarning: urllib3 v2 only supports OpenSSL 1.1.1+, currently the 'ssl' module is compiled with 'LibreSSL 2.8.3'. See: https://github.com/urllib3/urllib3/issues/3020
  warnings.warn(
2026-08-21 14:50:39,987 - INFO - Bot state startup reconciliation finished: 0 bot(s) reconciled to STOPPED.
2026-08-21 14:50:40,301 - INFO - Telegram notification service initialized successfully (Chat ID: 5657...)
2026-08-21 14:50:40,316 - INFO - Initializing scheduled trading bot live runner for bot-1787212103292-65b5...
2026-08-21 14:50:40,557 - INFO - SQLite database tables verified/created.
2026-08-21 14:50:41,454 - INFO - Initializing CCXT Binance in TESTNET mode.
2026-08-21 14:51:02,695 - INFO - [bot-1787212103292-65b5] Pre-flight instrument resolved: BTC/USDT (SPOT via binance_spot)
2026-08-21 14:51:03,116 - INFO - [bot-1787212103292-65b5] Starting signal check cycle for BTC/USDT (5m)...
2026-08-21 14:51:03,126 - INFO - Fetching recent candles for BTC/USDT (5m) [Bot: bot-1787212103292-65b5] via ProviderManager...
/Users/ashishparadkar/Downloads/algo-code-main/.venv/lib/python3.9/site-packages/urllib3/__init__.py:35: NotOpenSSLWarning: urllib3 v2 only supports OpenSSL 1.1.1+, currently the 'ssl' module is compiled with 'LibreSSL 2.8.3'. See: https://github.com/urllib3/urllib3/issues/3020
  warnings.warn(
2026-08-21 15:30:06,652 - INFO - Bot state startup reconciliation finished: 0 bot(s) reconciled to STOPPED.
2026-08-21 15:30:07,150 - INFO - Telegram notification service initialized successfully (Chat ID: 5657...)
2026-08-21 15:30:07,161 - INFO - Initializing scheduled trading bot live runner for bot-1787212103292-65b5...
2026-08-21 15:30:07,351 - INFO - SQLite database tables verified/created.
2026-08-21 15:30:07,623 - INFO - Initializing CCXT Binance in TESTNET mode.
2026-08-21 15:30:22,688 - INFO - [bot-1787212103292-65b5] Pre-flight instrument resolved: BTC/USDT (SPOT via binance_spot)
2026-08-21 15:30:22,715 - INFO - [bot-1787212103292-65b5] Starting signal check cycle for BTC/USDT (5m)...
2026-08-21 15:30:22,723 - INFO - Fetching recent candles for BTC/USDT (5m) [Bot: bot-1787212103292-65b5] via ProviderManager...
/Users/ashishparadkar/Downloads/algo-code-main/.venv/lib/python3.9/site-packages/urllib3/__init__.py:35: NotOpenSSLWarning: urllib3 v2 only supports OpenSSL 1.1.1+, currently the 'ssl' module is compiled with 'LibreSSL 2.8.3'. See: https://github.com/urllib3/urllib3/issues/3020
  warnings.warn(
2026-08-21 18:13:16,107 - INFO - Bot state startup reconciliation finished: 0 bot(s) reconciled to STOPPED.
2026-08-21 18:13:16,871 - INFO - Telegram notification service initialized successfully (Chat ID: 5657...)
2026-08-21 18:13:16,879 - INFO - Initializing scheduled trading bot live runner for bot-1787212103292-65b5...
2026-08-21 18:13:17,130 - INFO - SQLite database tables verified/created.
2026-08-21 18:13:17,562 - INFO - Initializing CCXT Binance in TESTNET mode.
2026-08-21 18:13:35,001 - INFO - [bot-1787212103292-65b5] Pre-flight instrument resolved: BTC/USDT (SPOT via binance_spot)
2026-08-21 18:13:35,071 - INFO - [bot-1787212103292-65b5] Starting signal check cycle for BTC/USDT (5m)...
2026-08-21 18:13:35,080 - INFO - Fetching recent candles for BTC/USDT (5m) [Bot: bot-1787212103292-65b5] via ProviderManager...
2026-08-21 18:14:57,707 - INFO - Indicators computed | close=77422.90 ema_9=76996.08 ema_20=77076.48 ema_50=77128.93 ema_200=75448.38 macd=-135.2371 poc=64250.0 val=64025.0 vah=72775.0
2026-08-21 18:14:57,723 - INFO - [bot-1787212103292-65b5] Evaluating strategy on completed candle: 2026-08-21 12:35:00+00:00 at Close price: 77230.98
2026-08-21 18:15:00,920 - INFO - Confluence Evaluation | Regime: TRENDING (ADX=60.3) | Direction: HOLD | BullScore: 32.6% | BearScore: 34.8% | Active: ['ema', 'macd', 'rsi', 'vp']
2026-08-21 18:15:01,745 - INFO - Signal evaluated: HOLD. Reason/Details: Confluence score: 35% (HOLD)
2026-08-21 18:15:03,596 - INFO - Logged heartbeat status: OK
2026-08-21 18:15:05,321 - INFO - Adding job tentatively -- it will be properly scheduled when the scheduler starts
2026-08-21 18:15:05,321 - INFO - Bot bot-1787212103292-65b5 scheduled to check every 5 minutes.
2026-08-21 18:15:05,376 - INFO - Added job "LiveRunner.process_cycle" to job store "default"
2026-08-21 18:15:05,376 - INFO - Scheduler started
/Users/ashishparadkar/Downloads/algo-code-main/.venv/lib/python3.9/site-packages/urllib3/__init__.py:35: NotOpenSSLWarning: urllib3 v2 only supports OpenSSL 1.1.1+, currently the 'ssl' module is compiled with 'LibreSSL 2.8.3'. See: https://github.com/urllib3/urllib3/issues/3020
  warnings.warn(
2026-08-21 20:26:46,999 - INFO - Bot state startup reconciliation finished: 0 bot(s) reconciled to STOPPED.
2026-08-21 20:26:47,641 - INFO - Telegram notification service initialized successfully (Chat ID: 5657...)
2026-08-21 20:26:47,656 - INFO - Initializing scheduled trading bot live runner for bot-1787212103292-65b5...
2026-08-21 20:26:47,698 - INFO - SQLite database tables verified/created.
2026-08-21 20:26:48,181 - INFO - Initializing CCXT Binance in TESTNET mode.
2026-08-21 20:27:05,741 - INFO - [bot-1787212103292-65b5] Pre-flight instrument resolved: BTC/USDT (SPOT via binance_spot)
2026-08-21 20:27:05,892 - INFO - [bot-1787212103292-65b5] Starting signal check cycle for BTC/USDT (5m)...
2026-08-21 20:27:06,162 - INFO - Fetching recent candles for BTC/USDT (5m) [Bot: bot-1787212103292-65b5] via ProviderManager...
2026-08-21 20:29:05,275 - INFO - Indicators computed | close=77349.73 ema_9=77169.08 ema_20=77112.28 ema_50=77111.86 ema_200=75840.24 macd=29.6577 poc=64250.0 val=64025.0 vah=73700.0
2026-08-21 20:29:05,346 - INFO - [bot-1787212103292-65b5] Evaluating strategy on completed candle: 2026-08-21 14:50:00+00:00 at Close price: 77307.08
2026-08-21 20:29:11,023 - INFO - Confluence Evaluation | Regime: RANGING (ADX=13.6) | Direction: HOLD | BullScore: 34.8% | BearScore: 65.2% | Active: ['ema', 'macd', 'rsi', 'vp']
2026-08-21 20:29:12,168 - INFO - Signal evaluated: HOLD. Reason/Details: Confluence score: 65% (HOLD)
2026-08-21 20:29:13,960 - INFO - Logged heartbeat status: OK
2026-08-21 20:29:18,395 - INFO - Adding job tentatively -- it will be properly scheduled when the scheduler starts
2026-08-21 20:29:18,426 - INFO - Bot bot-1787212103292-65b5 scheduled to check every 5 minutes.
2026-08-21 20:29:19,211 - INFO - Added job "LiveRunner.process_cycle" to job store "default"
2026-08-21 20:29:19,211 - INFO - Scheduler started
/Users/ashishparadkar/Downloads/algo-code-main/.venv/lib/python3.9/site-packages/urllib3/__init__.py:35: NotOpenSSLWarning: urllib3 v2 only supports OpenSSL 1.1.1+, currently the 'ssl' module is compiled with 'LibreSSL 2.8.3'. See: https://github.com/urllib3/urllib3/issues/3020
  warnings.warn(
2026-08-21 21:32:25,013 - INFO - Bot state startup reconciliation finished: 0 bot(s) reconciled to STOPPED.
2026-08-21 21:32:25,818 - INFO - Telegram notification service initialized successfully (Chat ID: 5657...)
2026-08-21 21:32:25,995 - INFO - Initializing scheduled trading bot live runner for bot-1787212103292-65b5...
2026-08-21 21:32:26,299 - INFO - SQLite database tables verified/created.
2026-08-21 21:32:26,714 - INFO - Initializing CCXT Binance in TESTNET mode.
2026-08-21 21:32:57,770 - INFO - [bot-1787212103292-65b5] Pre-flight instrument resolved: BTC/USDT (SPOT via binance_spot)
2026-08-21 21:32:58,934 - INFO - [bot-1787212103292-65b5] Starting signal check cycle for BTC/USDT (5m)...
2026-08-21 21:32:59,012 - INFO - Fetching recent candles for BTC/USDT (5m) [Bot: bot-1787212103292-65b5] via ProviderManager...
2026-08-21 21:38:04,541 - INFO - Indicators computed | close=77028.00 ema_9=77284.63 ema_20=77317.59 ema_50=77250.20 ema_200=76051.69 macd=8.3549 poc=64250.0 val=64025.0 vah=74300.0
2026-08-21 21:38:04,580 - INFO - [bot-1787212103292-65b5] Evaluating strategy on completed candle: 2026-08-21 16:00:00+00:00 at Close price: 77088.00
2026-08-21 21:38:12,021 - INFO - Confluence Evaluation | Regime: TRENDING (ADX=29.5) | Direction: HOLD | BullScore: 0.0% | BearScore: 34.8% | Active: ['ema', 'macd', 'rsi', 'vp']
2026-08-21 21:38:14,145 - INFO - Signal evaluated: HOLD. Reason/Details: Confluence score: 35% (HOLD)
2026-08-21 21:38:16,978 - INFO - Logged heartbeat status: OK
2026-08-21 21:38:21,661 - INFO - Adding job tentatively -- it will be properly scheduled when the scheduler starts
2026-08-21 21:38:21,662 - INFO - Bot bot-1787212103292-65b5 scheduled to check every 5 minutes.
2026-08-21 21:38:21,734 - INFO - Added job "LiveRunner.process_cycle" to job store "default"
2026-08-21 21:38:21,735 - INFO - Scheduler started
2026-08-21 21:43:29,907 - WARNING - Run time of job "LiveRunner.process_cycle (trigger: interval[0:05:00], next run at: 2026-08-21 21:43:21 IST)" was missed by 0:00:08.243157
2026-08-21 21:48:23,502 - WARNING - Run time of job "LiveRunner.process_cycle (trigger: interval[0:05:00], next run at: 2026-08-21 21:53:21 IST)" was missed by 0:00:01.735828
2026-08-21 21:53:24,400 - WARNING - Run time of job "LiveRunner.process_cycle (trigger: interval[0:05:00], next run at: 2026-08-21 21:58:21 IST)" was missed by 0:00:02.336806
2026-08-21 21:58:22,193 - INFO - Running job "LiveRunner.process_cycle (trigger: interval[0:05:00], next run at: 2026-08-21 21:58:21 IST)" (scheduled at 2026-08-21 21:58:21.634383+05:30)
2026-08-21 21:58:31,597 - INFO - [bot-1787212103292-65b5] Starting signal check cycle for BTC/USDT (5m)...
2026-08-21 21:58:35,138 - INFO - Fetching recent candles for BTC/USDT (5m) [Bot: bot-1787212103292-65b5] via ProviderManager...
2026-08-21 22:00:29,548 - INFO - Indicators computed | close=77345.19 ema_9=77207.29 ema_20=77255.13 ema_50=77230.24 ema_200=76093.13 macd=-26.6949 poc=64250.0 val=64025.0 vah=74400.0
2026-08-21 22:00:29,926 - INFO - [bot-1787212103292-65b5] Evaluating strategy on completed candle: 2026-08-21 16:20:00+00:00 at Close price: 77150.00
2026-08-21 22:00:35,580 - INFO - Confluence Evaluation | Regime: TRENDING (ADX=38.1) | Direction: HOLD | BullScore: 0.0% | BearScore: 67.4% | Active: ['ema', 'macd', 'rsi', 'vp']
2026-08-21 22:00:37,534 - INFO - Signal evaluated: HOLD. Reason/Details: Confluence score: 67% (HOLD)
2026-08-21 22:00:41,082 - INFO - Logged heartbeat status: OK
2026-08-21 22:00:41,193 - INFO - Job "LiveRunner.process_cycle (trigger: interval[0:05:00], next run at: 2026-08-21 22:03:21 IST)" executed successfully
2026-08-21 22:03:21,759 - INFO - Running job "LiveRunner.process_cycle (trigger: interval[0:05:00], next run at: 2026-08-21 22:08:21 IST)" (scheduled at 2026-08-21 22:03:21.634383+05:30)
2026-08-21 22:03:21,798 - INFO - [bot-1787212103292-65b5] Starting signal check cycle for BTC/USDT (5m)...
2026-08-21 22:03:22,031 - INFO - Fetching recent candles for BTC/USDT (5m) [Bot: bot-1787212103292-65b5] via ProviderManager...
2026-08-21 22:03:25,742 - INFO - Indicators computed | close=77296.31 ema_9=77231.29 ema_20=77262.38 ema_50=77234.28 ema_200=76105.48 macd=-17.0156 poc=69350.0 val=64025.0 vah=74450.0
2026-08-21 22:03:25,747 - INFO - [bot-1787212103292-65b5] Evaluating strategy on completed candle: 2026-08-21 16:25:00+00:00 at Close price: 77383.87
2026-08-21 22:03:26,016 - INFO - Confluence Evaluation | Regime: TRENDING (ADX=39.1) | Direction: HOLD | BullScore: 32.6% | BearScore: 67.4% | Active: ['ema', 'macd', 'rsi', 'vp']
2026-08-21 22:03:26,393 - INFO - Signal evaluated: HOLD. Reason/Details: Confluence score: 67% (HOLD)
2026-08-21 22:03:27,191 - INFO - Logged heartbeat status: OK
2026-08-21 22:03:27,193 - INFO - Job "LiveRunner.process_cycle (trigger: interval[0:05:00], next run at: 2026-08-21 22:08:21 IST)" executed successfully
2026-08-21 22:08:21,696 - INFO - Running job "LiveRunner.process_cycle (trigger: interval[0:05:00], next run at: 2026-08-21 22:13:21 IST)" (scheduled at 2026-08-21 22:08:21.634383+05:30)
2026-08-21 22:08:21,822 - INFO - [bot-1787212103292-65b5] Starting signal check cycle for BTC/USDT (5m)...
2026-08-21 22:08:21,936 - INFO - Fetching recent candles for BTC/USDT (5m) [Bot: bot-1787212103292-65b5] via ProviderManager...
2026-08-21 22:08:24,240 - INFO - Indicators computed | close=77280.99 ema_9=77247.92 ema_20=77267.76 ema_50=77237.69 ema_200=76117.59 macd=-10.3027 poc=69350.0 val=64025.0 vah=74475.0
2026-08-21 22:08:24,242 - INFO - [bot-1787212103292-65b5] Evaluating strategy on completed candle: 2026-08-21 16:30:00+00:00 at Close price: 77338.12
2026-08-21 22:08:24,491 - INFO - Confluence Evaluation | Regime: TRENDING (ADX=39.7) | Direction: HOLD | BullScore: 32.6% | BearScore: 67.4% | Active: ['ema', 'macd', 'rsi', 'vp']
2026-08-21 22:08:24,661 - INFO - Signal evaluated: HOLD. Reason/Details: Confluence score: 67% (HOLD)
2026-08-21 22:08:24,934 - INFO - Logged heartbeat status: OK
2026-08-21 22:08:24,937 - INFO - Job "LiveRunner.process_cycle (trigger: interval[0:05:00], next run at: 2026-08-21 22:13:21 IST)" executed successfully
2026-08-21 22:13:21,660 - INFO - Running job "LiveRunner.process_cycle (trigger: interval[0:05:00], next run at: 2026-08-21 22:18:21 IST)" (scheduled at 2026-08-21 22:13:21.634383+05:30)
2026-08-21 22:13:21,726 - INFO - [bot-1787212103292-65b5] Starting signal check cycle for BTC/USDT (5m)...
2026-08-21 22:13:21,907 - INFO - Fetching recent candles for BTC/USDT (5m) [Bot: bot-1787212103292-65b5] via ProviderManager...
2026-08-21 22:13:22,758 - INFO - Indicators computed | close=77334.07 ema_9=77270.79 ema_20=77277.11 ema_50=77242.80 ema_200=76130.04 macd=-1.1311 poc=69350.0 val=64025.0 vah=74475.0
2026-08-21 22:13:22,760 - INFO - [bot-1787212103292-65b5] Evaluating strategy on completed candle: 2026-08-21 16:35:00+00:00 at Close price: 77316.28
2026-08-21 22:13:22,888 - INFO - Confluence Evaluation | Regime: TRENDING (ADX=39.7) | Direction: HOLD | BullScore: 32.6% | BearScore: 67.4% | Active: ['ema', 'macd', 'rsi', 'vp']
2026-08-21 22:13:23,001 - INFO - Signal evaluated: HOLD. Reason/Details: Confluence score: 67% (HOLD)
2026-08-21 22:13:23,233 - INFO - Logged heartbeat status: OK
2026-08-21 22:13:23,233 - INFO - Job "LiveRunner.process_cycle (trigger: interval[0:05:00], next run at: 2026-08-21 22:18:21 IST)" executed successfully
2026-08-21 22:18:21,649 - INFO - Running job "LiveRunner.process_cycle (trigger: interval[0:05:00], next run at: 2026-08-21 22:23:21 IST)" (scheduled at 2026-08-21 22:18:21.634383+05:30)
2026-08-21 22:18:21,665 - INFO - [bot-1787212103292-65b5] Starting signal check cycle for BTC/USDT (5m)...
2026-08-21 22:18:21,716 - INFO - Fetching recent candles for BTC/USDT (5m) [Bot: bot-1787212103292-65b5] via ProviderManager...
2026-08-21 22:18:22,255 - INFO - Indicators computed | close=77446.00 ema_9=77310.31 ema_20=77295.61 ema_50=77251.82 ema_200=76143.41 macd=14.5135 poc=69350.0 val=64025.0 vah=74500.0
2026-08-21 22:18:22,261 - INFO - [bot-1787212103292-65b5] Evaluating strategy on completed candle: 2026-08-21 16:40:00+00:00 at Close price: 77362.04
2026-08-21 22:18:22,333 - INFO - Confluence Evaluation | Regime: TRENDING (ADX=40.2) | Direction: HOLD | BullScore: 32.6% | BearScore: 34.8% | Active: ['ema', 'macd', 'rsi', 'vp']
2026-08-21 22:18:22,430 - INFO - Signal evaluated: HOLD. Reason/Details: Confluence score: 35% (HOLD)
2026-08-21 22:18:22,673 - INFO - Logged heartbeat status: OK
2026-08-21 22:18:22,673 - INFO - Job "LiveRunner.process_cycle (trigger: interval[0:05:00], next run at: 2026-08-21 22:23:21 IST)" executed successfully
2026-08-21 22:23:21,663 - INFO - Running job "LiveRunner.process_cycle (trigger: interval[0:05:00], next run at: 2026-08-21 22:28:21 IST)" (scheduled at 2026-08-21 22:23:21.634383+05:30)
2026-08-21 22:23:21,752 - INFO - [bot-1787212103292-65b5] Starting signal check cycle for BTC/USDT (5m)...
2026-08-21 22:23:21,811 - INFO - Fetching recent candles for BTC/USDT (5m) [Bot: bot-1787212103292-65b5] via ProviderManager...
2026-08-21 22:23:22,384 - INFO - Indicators computed | close=77466.01 ema_9=77354.92 ema_20=77319.09 ema_50=77263.39 ema_200=76157.40 macd=31.6386 poc=69350.0 val=64025.0 vah=74525.0
2026-08-21 22:23:22,385 - INFO - [bot-1787212103292-65b5] Evaluating strategy on completed candle: 2026-08-21 16:45:00+00:00 at Close price: 77530.19
2026-08-21 22:23:22,559 - INFO - LONG signal blocked | Location blocked (Close 77530.19 outside Value Area [62744.50 - 76015.50], VAL=64025.00, VAH=74525.00) | context={'close': 77530.19, 'ema_9': 77327.14786556269, 'ema_20': 77303.62543003306, 'ema_50': 77255.12450110391, 'ema_200': 76144.25262187838, 'macd_line': 21.229475276821177, 'macd_signal': 6.32280964717363, 'macd_hist': 14.906665629647547, 'poc': np.float64(69350.0), 'val': np.float64(64025.0), 'vah': np.float64(74525.0)}
2026-08-21 22:23:22,578 - INFO - Confluence Evaluation | Regime: TRENDING (ADX=39.6) | Direction: HOLD | BullScore: 65.2% | BearScore: 34.8% | Active: ['ema', 'macd', 'rsi', 'vp']
2026-08-21 22:23:22,643 - INFO - Signal evaluated: HOLD. Reason/Details: LONG setup blocked: Location blocked (Close 77530.19 outside Value Area [62744.50 - 76015.50], VAL=64025.00, VAH=74525.00)
2026-08-21 22:23:23,059 - INFO - Logged heartbeat status: OK
2026-08-21 22:23:23,060 - INFO - Job "LiveRunner.process_cycle (trigger: interval[0:05:00], next run at: 2026-08-21 22:28:21 IST)" executed successfully
2026-08-21 22:28:21,655 - INFO - Running job "LiveRunner.process_cycle (trigger: interval[0:05:00], next run at: 2026-08-21 22:33:21 IST)" (scheduled at 2026-08-21 22:28:21.634383+05:30)
2026-08-21 22:28:21,702 - INFO - [bot-1787212103292-65b5] Starting signal check cycle for BTC/USDT (5m)...
2026-08-21 22:28:21,743 - INFO - Fetching recent candles for BTC/USDT (5m) [Bot: bot-1787212103292-65b5] via ProviderManager...
2026-08-21 22:28:22,769 - INFO - Indicators computed | close=77516.37 ema_9=77387.85 ema_20=77338.22 ema_50=77273.47 ema_200=76170.97 macd=43.6964 poc=69350.0 val=64025.0 vah=74550.0
2026-08-21 22:28:22,773 - INFO - [bot-1787212103292-65b5] Evaluating strategy on completed candle: 2026-08-21 16:50:00+00:00 at Close price: 77470.00
2026-08-21 22:28:22,875 - INFO - Confluence Evaluation | Regime: TRENDING (ADX=39.0) | Direction: HOLD | BullScore: 65.2% | BearScore: 34.8% | Active: ['ema', 'macd', 'rsi', 'vp']
2026-08-21 22:28:22,981 - INFO - Signal evaluated: HOLD. Reason/Details: Confluence score: 65% (HOLD)
2026-08-21 22:28:23,209 - INFO - Logged heartbeat status: OK
2026-08-21 22:28:23,210 - INFO - Job "LiveRunner.process_cycle (trigger: interval[0:05:00], next run at: 2026-08-21 22:33:21 IST)" executed successfully
2026-08-21 22:33:21,671 - INFO - Running job "LiveRunner.process_cycle (trigger: interval[0:05:00], next run at: 2026-08-21 22:33:21 IST)" (scheduled at 2026-08-21 22:33:21.634383+05:30)
2026-08-21 22:33:21,749 - INFO - [bot-1787212103292-65b5] Starting signal check cycle for BTC/USDT (5m)...
2026-08-21 22:33:21,801 - INFO - Fetching recent candles for BTC/USDT (5m) [Bot: bot-1787212103292-65b5] via ProviderManager...
2026-08-21 22:33:23,414 - INFO - Indicators computed | close=77578.01 ema_9=77421.02 ema_20=77358.44 ema_50=77284.26 ema_200=76184.67 macd=55.4434 poc=69350.0 val=64025.0 vah=74550.0
2026-08-21 22:33:23,417 - INFO - [bot-1787212103292-65b5] Evaluating strategy on completed candle: 2026-08-21 16:55:00+00:00 at Close price: 77486.01
2026-08-21 22:33:23,628 - INFO - Confluence Evaluation | Regime: TRENDING (ADX=37.1) | Direction: LONG | BullScore: 82.6% | BearScore: 17.4% | Active: ['ema', 'macd', 'rsi', 'vp']
2026-08-21 22:33:24,084 - INFO - Capping position size 0.927013 BTC to available cash equivalent 0.193583 BTC.
2026-08-21 22:33:24,337 - INFO - Created pending signal approval ID 257 for bot bot-1787212103292-65b5 (LONG @ $77486.01, status: WAITING_APPROVAL)
2026-08-21 22:33:24,441 - INFO - [bot-1787212103292-65b5] Signal LONG generated (ID: 257). Waiting for manual user approval.
2026-08-21 22:33:24,717 - INFO - Logged heartbeat status: OK
2026-08-21 22:33:24,717 - INFO - Job "LiveRunner.process_cycle (trigger: interval[0:05:00], next run at: 2026-08-21 22:38:21 IST)" executed successfully
2026-08-21 22:38:21,794 - INFO - Running job "LiveRunner.process_cycle (trigger: interval[0:05:00], next run at: 2026-08-21 22:38:21 IST)" (scheduled at 2026-08-21 22:38:21.634383+05:30)
2026-08-21 22:38:21,905 - INFO - [bot-1787212103292-65b5] Starting signal check cycle for BTC/USDT (5m)...
2026-08-21 22:38:21,960 - INFO - Fetching recent candles for BTC/USDT (5m) [Bot: bot-1787212103292-65b5] via ProviderManager...
2026-08-21 22:38:22,499 - INFO - Indicators computed | close=77600.00 ema_9=77447.86 ema_20=77376.62 ema_50=77294.54 ema_200=76198.20 macd=64.2170 poc=69350.0 val=64025.0 vah=74575.0
2026-08-21 22:38:22,500 - INFO - [bot-1787212103292-65b5] Evaluating strategy on completed candle: 2026-08-21 17:00:00+00:00 at Close price: 77522.00
2026-08-21 22:38:22,583 - INFO - Confluence Evaluation | Regime: TRENDING (ADX=34.7) | Direction: LONG | BullScore: 82.6% | BearScore: 17.4% | Active: ['ema', 'macd', 'rsi', 'vp']
2026-08-21 22:38:22,693 - INFO - Capping position size 0.922311 BTC to available cash equivalent 0.193493 BTC.
2026-08-21 22:38:22,756 - INFO - [bot-1787212103292-65b5] Signal LONG active pending approval already exists (ID: 257).
2026-08-21 22:38:23,007 - INFO - Logged heartbeat status: OK
2026-08-21 22:38:23,008 - INFO - Job "LiveRunner.process_cycle (trigger: interval[0:05:00], next run at: 2026-08-21 22:43:21 IST)" executed successfully
/Users/ashishparadkar/Downloads/algo-code-main/.venv/lib/python3.9/site-packages/urllib3/__init__.py:35: NotOpenSSLWarning: urllib3 v2 only supports OpenSSL 1.1.1+, currently the 'ssl' module is compiled with 'LibreSSL 2.8.3'. See: https://github.com/urllib3/urllib3/issues/3020
  warnings.warn(
2026-08-21 22:44:32,099 - INFO - Bot state startup reconciliation finished: 0 bot(s) reconciled to STOPPED.
2026-08-21 22:44:32,698 - INFO - Telegram notification service initialized successfully (Chat ID: 5657...)
2026-08-21 22:44:32,948 - INFO - Initializing scheduled trading bot live runner for bot-1787212103292-65b5...
2026-08-21 22:44:33,147 - INFO - SQLite database tables verified/created.
2026-08-21 22:44:33,373 - INFO - Initializing CCXT Binance in TESTNET mode.
2026-08-21 22:44:53,791 - INFO - [bot-1787212103292-65b5] Pre-flight instrument resolved: BTC/USDT (SPOT via binance_spot)
2026-08-21 22:44:53,828 - INFO - [bot-1787212103292-65b5] Starting signal check cycle for BTC/USDT (5m)...
2026-08-21 22:44:54,433 - INFO - Fetching recent candles for BTC/USDT (5m) [Bot: bot-1787212103292-65b5] via ProviderManager...
