/Users/ashishparadkar/Downloads/algo-code-main/.venv/lib/python3.9/site-packages/urllib3/__init__.py:35: NotOpenSSLWarning: urllib3 v2 only supports OpenSSL 1.1.1+, currently the 'ssl' module is compiled with 'LibreSSL 2.8.3'. See: https://github.com/urllib3/urllib3/issues/3020
  warnings.warn(
2026-08-20 13:24:14,414 - INFO - Bot state startup reconciliation finished: 0 bot(s) reconciled to STOPPED.
2026-08-20 13:24:14,792 - INFO - Telegram notification service initialized successfully (Chat ID: 5657...)
2026-08-20 13:24:14,803 - INFO - Initializing scheduled trading bot live runner for bot-1787212101513-5cec...
2026-08-20 13:24:15,041 - INFO - SQLite database tables verified/created.
2026-08-20 13:24:15,455 - INFO - Initializing CCXT Binance in TESTNET mode.
/Users/ashishparadkar/Downloads/algo-code-main/.venv/lib/python3.9/site-packages/urllib3/__init__.py:35: NotOpenSSLWarning: urllib3 v2 only supports OpenSSL 1.1.1+, currently the 'ssl' module is compiled with 'LibreSSL 2.8.3'. See: https://github.com/urllib3/urllib3/issues/3020
  warnings.warn(
2026-08-20 13:25:48,982 - INFO - Bot state startup reconciliation finished: 0 bot(s) reconciled to STOPPED.
2026-08-20 13:25:49,446 - INFO - Telegram notification service initialized successfully (Chat ID: 5657...)
2026-08-20 13:25:49,467 - INFO - Initializing scheduled trading bot live runner for bot-1787212101513-5cec...
2026-08-20 13:25:49,694 - INFO - SQLite database tables verified/created.
2026-08-20 13:25:49,927 - INFO - Initializing CCXT Binance in TESTNET mode.
/Users/ashishparadkar/Downloads/algo-code-main/.venv/lib/python3.9/site-packages/urllib3/__init__.py:35: NotOpenSSLWarning: urllib3 v2 only supports OpenSSL 1.1.1+, currently the 'ssl' module is compiled with 'LibreSSL 2.8.3'. See: https://github.com/urllib3/urllib3/issues/3020
  warnings.warn(
2026-08-20 22:17:03,715 - INFO - Bot state startup reconciliation finished: 0 bot(s) reconciled to STOPPED.
2026-08-20 22:17:03,895 - INFO - Telegram notification service initialized successfully (Chat ID: 5657...)
2026-08-20 22:17:04,165 - INFO - Initializing scheduled trading bot live runner for bot-1787212101513-5cec...
2026-08-20 22:17:04,402 - INFO - SQLite database tables verified/created.
2026-08-20 22:17:04,615 - INFO - Initializing CCXT Binance in TESTNET mode.
2026-08-20 22:17:28,000 - INFO - [bot-1787212101513-5cec] Pre-flight instrument resolved: BTC/USDT (SPOT via binance_spot)
2026-08-20 22:17:28,052 - INFO - [bot-1787212101513-5cec] Starting signal check cycle for BTC/USDT (5m)...
2026-08-20 22:17:28,064 - INFO - Fetching recent candles for BTC/USDT (5m) [Bot: bot-1787212101513-5cec] via ProviderManager...
2026-08-20 22:18:48,130 - INFO - Indicators computed | close=72559.98 ema_9=72456.11 ema_20=72335.23 ema_50=72095.53 ema_200=70831.29 macd=146.4489 poc=64325.0 val=63300.0 vah=69600.0
2026-08-20 22:18:48,146 - INFO - [bot-1787212101513-5cec] Evaluating strategy on completed candle: 2026-08-20 16:40:00+00:00 at Close price: 72630.89
2026-08-20 22:18:48,978 - INFO - Confluence Evaluation | Regime: TRENDING (ADX=34.9) | Direction: LONG | BullScore: 100.0% | BearScore: 0.0% | Active: ['ema_9', 'ema_20', 'rsi', 'vwap', 'supertrend', 'atr']
2026-08-20 22:18:50,558 - INFO - Capping position size 0.711946 BTC to available cash equivalent 0.206524 BTC.
2026-08-20 22:18:51,086 - INFO - Created pending signal approval ID 38 for bot bot-1787212101513-5cec (LONG @ $72630.89, status: WAITING_APPROVAL)
2026-08-20 22:18:51,779 - INFO - [bot-1787212101513-5cec] Signal LONG generated (ID: 38). Waiting for manual user approval.
2026-08-20 22:18:52,183 - INFO - Logged heartbeat status: OK
2026-08-20 22:18:52,737 - INFO - Adding job tentatively -- it will be properly scheduled when the scheduler starts
2026-08-20 22:18:52,738 - INFO - Bot bot-1787212101513-5cec scheduled to check every 5 minutes.
2026-08-20 22:18:52,752 - INFO - Added job "LiveRunner.process_cycle" to job store "default"
2026-08-20 22:18:52,752 - INFO - Scheduler started
2026-08-20 22:23:52,478 - INFO - Running job "LiveRunner.process_cycle (trigger: interval[0:05:00], next run at: 2026-08-20 22:28:52 IST)" (scheduled at 2026-08-20 22:23:52.230286+05:30)
2026-08-20 22:23:52,547 - INFO - [bot-1787212101513-5cec] Starting signal check cycle for BTC/USDT (5m)...
2026-08-20 22:23:52,629 - INFO - Fetching recent candles for BTC/USDT (5m) [Bot: bot-1787212101513-5cec] via ProviderManager...
2026-08-20 22:23:53,642 - INFO - Indicators computed | close=72640.00 ema_9=72494.18 ema_20=72364.94 ema_50=72117.19 ema_200=70849.37 macd=153.3925 poc=64325.0 val=63300.0 vah=69600.0
2026-08-20 22:23:53,643 - INFO - [bot-1787212101513-5cec] Evaluating strategy on completed candle: 2026-08-20 16:45:00+00:00 at Close price: 72568.00
2026-08-20 22:23:53,735 - INFO - Confluence Evaluation | Regime: TRENDING (ADX=34.0) | Direction: HOLD | BullScore: 55.9% | BearScore: 44.1% | Active: ['ema_9', 'ema_20', 'rsi', 'vwap', 'supertrend', 'atr']
2026-08-20 22:23:53,838 - INFO - Signal evaluated: HOLD. Reason/Details: Confluence score: 56% (HOLD)
2026-08-20 22:23:54,055 - INFO - Logged heartbeat status: OK
2026-08-20 22:23:54,055 - INFO - Job "LiveRunner.process_cycle (trigger: interval[0:05:00], next run at: 2026-08-20 22:28:52 IST)" executed successfully
2026-08-20 22:28:52,264 - INFO - Running job "LiveRunner.process_cycle (trigger: interval[0:05:00], next run at: 2026-08-20 22:33:52 IST)" (scheduled at 2026-08-20 22:28:52.230286+05:30)
2026-08-20 22:28:52,279 - INFO - [bot-1787212101513-5cec] Starting signal check cycle for BTC/USDT (5m)...
2026-08-20 22:28:52,330 - INFO - Fetching recent candles for BTC/USDT (5m) [Bot: bot-1787212101513-5cec] via ProviderManager...
2026-08-20 22:28:53,145 - INFO - Indicators computed | close=72799.99 ema_9=72556.94 ema_20=72407.24 ema_50=72144.34 ema_200=70868.88 macd=169.9613 poc=64325.0 val=63300.0 vah=69625.0
2026-08-20 22:28:53,146 - INFO - [bot-1787212101513-5cec] Evaluating strategy on completed candle: 2026-08-20 16:50:00+00:00 at Close price: 72649.99
2026-08-20 22:28:53,221 - INFO - Confluence Evaluation | Regime: TRENDING (ADX=33.2) | Direction: LONG | BullScore: 100.0% | BearScore: 0.0% | Active: ['ema_9', 'ema_20', 'rsi', 'vwap', 'supertrend', 'atr']
2026-08-20 22:28:53,302 - INFO - Capping position size 0.684510 BTC to available cash equivalent 0.206469 BTC.
2026-08-20 22:28:53,354 - INFO - [bot-1787212101513-5cec] Signal LONG active pending approval already exists (ID: 38).
2026-08-20 22:28:53,410 - INFO - Logged heartbeat status: OK
2026-08-20 22:28:53,410 - INFO - Job "LiveRunner.process_cycle (trigger: interval[0:05:00], next run at: 2026-08-20 22:33:52 IST)" executed successfully
2026-08-20 22:33:52,295 - INFO - Running job "LiveRunner.process_cycle (trigger: interval[0:05:00], next run at: 2026-08-20 22:38:52 IST)" (scheduled at 2026-08-20 22:33:52.230286+05:30)
2026-08-20 22:33:52,360 - INFO - [bot-1787212101513-5cec] Starting signal check cycle for BTC/USDT (5m)...
2026-08-20 22:33:52,410 - INFO - Fetching recent candles for BTC/USDT (5m) [Bot: bot-1787212101513-5cec] via ProviderManager...
2026-08-20 22:33:52,927 - INFO - Indicators computed | close=72855.36 ema_9=72622.57 ema_20=72453.12 ema_50=72173.62 ema_200=70889.01 macd=187.0869 poc=64325.0 val=63300.0 vah=69625.0
2026-08-20 22:33:52,929 - INFO - [bot-1787212101513-5cec] Evaluating strategy on completed candle: 2026-08-20 16:55:00+00:00 at Close price: 72837.15
2026-08-20 22:33:52,987 - INFO - Confluence Evaluation | Regime: TRENDING (ADX=33.1) | Direction: LONG | BullScore: 100.0% | BearScore: 0.0% | Active: ['ema_9', 'ema_20', 'rsi', 'vwap', 'supertrend', 'atr']
2026-08-20 22:33:53,086 - INFO - Capping position size 0.492247 BTC to available cash equivalent 0.205939 BTC.
2026-08-20 22:33:53,093 - INFO - [bot-1787212101513-5cec] Signal LONG active pending approval already exists (ID: 38).
2026-08-20 22:33:53,309 - INFO - Logged heartbeat status: OK
2026-08-20 22:33:53,310 - INFO - Job "LiveRunner.process_cycle (trigger: interval[0:05:00], next run at: 2026-08-20 22:38:52 IST)" executed successfully
2026-08-20 22:38:52,268 - INFO - Running job "LiveRunner.process_cycle (trigger: interval[0:05:00], next run at: 2026-08-20 22:43:52 IST)" (scheduled at 2026-08-20 22:38:52.230286+05:30)
2026-08-20 22:38:52,275 - INFO - [bot-1787212101513-5cec] Starting signal check cycle for BTC/USDT (5m)...
2026-08-20 22:38:52,318 - INFO - Fetching recent candles for BTC/USDT (5m) [Bot: bot-1787212101513-5cec] via ProviderManager...
2026-08-20 22:38:52,716 - INFO - Indicators computed | close=72723.06 ema_9=72628.39 ema_20=72471.14 ema_50=72191.81 ema_200=70906.38 macd=179.9992 poc=64325.0 val=63300.0 vah=69625.0
2026-08-20 22:38:52,717 - INFO - [bot-1787212101513-5cec] Evaluating strategy on completed candle: 2026-08-20 17:00:00+00:00 at Close price: 72766.11
2026-08-20 22:38:52,778 - INFO - Confluence Evaluation | Regime: TRENDING (ADX=31.9) | Direction: HOLD | BullScore: 55.9% | BearScore: 44.1% | Active: ['ema_9', 'ema_20', 'rsi', 'vwap', 'supertrend', 'atr']
2026-08-20 22:38:52,887 - INFO - Signal evaluated: HOLD. Reason/Details: Confluence score: 56% (HOLD)
2026-08-20 22:38:53,078 - INFO - Logged heartbeat status: OK
2026-08-20 22:38:53,080 - INFO - Job "LiveRunner.process_cycle (trigger: interval[0:05:00], next run at: 2026-08-20 22:43:52 IST)" executed successfully
2026-08-20 22:43:52,253 - INFO - Running job "LiveRunner.process_cycle (trigger: interval[0:05:00], next run at: 2026-08-20 22:48:52 IST)" (scheduled at 2026-08-20 22:43:52.230286+05:30)
2026-08-20 22:43:52,263 - INFO - [bot-1787212101513-5cec] Starting signal check cycle for BTC/USDT (5m)...
2026-08-20 22:43:52,318 - INFO - Fetching recent candles for BTC/USDT (5m) [Bot: bot-1787212101513-5cec] via ProviderManager...
2026-08-20 22:43:52,939 - INFO - Indicators computed | close=72677.40 ema_9=72628.74 ema_20=72485.69 ema_50=72208.63 ema_200=70923.42 macd=170.6930 poc=64325.0 val=63300.0 vah=69625.0
2026-08-20 22:43:52,940 - INFO - [bot-1787212101513-5cec] Evaluating strategy on completed candle: 2026-08-20 17:05:00+00:00 at Close price: 72664.00
2026-08-20 22:43:53,007 - INFO - Confluence Evaluation | Regime: TRENDING (ADX=29.5) | Direction: HOLD | BullScore: 55.9% | BearScore: 44.1% | Active: ['ema_9', 'ema_20', 'rsi', 'vwap', 'supertrend', 'atr']
2026-08-20 22:43:53,107 - INFO - Signal evaluated: HOLD. Reason/Details: Confluence score: 56% (HOLD)
2026-08-20 22:43:53,327 - INFO - Logged heartbeat status: OK
2026-08-20 22:43:53,328 - INFO - Job "LiveRunner.process_cycle (trigger: interval[0:05:00], next run at: 2026-08-20 22:48:52 IST)" executed successfully
2026-08-20 22:48:52,245 - INFO - Running job "LiveRunner.process_cycle (trigger: interval[0:05:00], next run at: 2026-08-20 22:53:52 IST)" (scheduled at 2026-08-20 22:48:52.230286+05:30)
2026-08-20 22:48:52,265 - INFO - [bot-1787212101513-5cec] Starting signal check cycle for BTC/USDT (5m)...
2026-08-20 22:48:52,313 - INFO - Fetching recent candles for BTC/USDT (5m) [Bot: bot-1787212101513-5cec] via ProviderManager...
2026-08-20 22:48:52,734 - INFO - Indicators computed | close=72686.01 ema_9=72642.53 ema_20=72506.03 ema_50=72227.90 ema_200=70941.10 macd=166.7338 poc=64325.0 val=63300.0 vah=69625.0
2026-08-20 22:48:52,735 - INFO - [bot-1787212101513-5cec] Evaluating strategy on completed candle: 2026-08-20 17:10:00+00:00 at Close price: 72692.00
2026-08-20 22:48:52,800 - INFO - Confluence Evaluation | Regime: TRENDING (ADX=28.2) | Direction: LONG | BullScore: 100.0% | BearScore: 0.0% | Active: ['ema_9', 'ema_20', 'rsi', 'vwap', 'supertrend', 'atr']
2026-08-20 22:48:52,916 - INFO - Capping position size 1.305369 BTC to available cash equivalent 0.206350 BTC.
2026-08-20 22:48:52,994 - INFO - Created pending signal approval ID 66 for bot bot-1787212101513-5cec (LONG @ $72692.00, status: WAITING_APPROVAL)
2026-08-20 22:48:53,074 - INFO - [bot-1787212101513-5cec] Signal LONG generated (ID: 66). Waiting for manual user approval.
2026-08-20 22:48:53,316 - INFO - Logged heartbeat status: OK
2026-08-20 22:48:53,316 - INFO - Job "LiveRunner.process_cycle (trigger: interval[0:05:00], next run at: 2026-08-20 22:53:52 IST)" executed successfully
2026-08-21 00:18:51,310 - WARNING - Run time of job "LiveRunner.process_cycle (trigger: interval[0:05:00], next run at: 2026-08-21 00:18:52 IST)" was missed by 0:04:59.072399
2026-08-21 00:18:52,236 - INFO - Running job "LiveRunner.process_cycle (trigger: interval[0:05:00], next run at: 2026-08-21 00:23:52 IST)" (scheduled at 2026-08-21 00:18:52.230286+05:30)
2026-08-21 00:18:52,277 - INFO - [bot-1787212101513-5cec] Starting signal check cycle for BTC/USDT (5m)...
2026-08-21 00:18:52,335 - INFO - Fetching recent candles for BTC/USDT (5m) [Bot: bot-1787212101513-5cec] via ProviderManager...
2026-08-21 00:19:02,444 - ERROR - Binance Spot Network Error: binance GET https://api.binance.com/api/v3/klines?interval=5m&limit=1000&symbol=BTCUSDT
--- Logging error ---
Traceback (most recent call last):
  File "/Users/ashishparadkar/Downloads/algo-code-main/.venv/lib/python3.9/site-packages/urllib3/connectionpool.py", line 534, in _make_request
    response = conn.getresponse()
  File "/Users/ashishparadkar/Downloads/algo-code-main/.venv/lib/python3.9/site-packages/urllib3/connection.py", line 571, in getresponse
    httplib_response = super().getresponse()
  File "/Library/Developer/CommandLineTools/Library/Frameworks/Python3.framework/Versions/3.9/lib/python3.9/http/client.py", line 1349, in getresponse
    response.begin()
  File "/Library/Developer/CommandLineTools/Library/Frameworks/Python3.framework/Versions/3.9/lib/python3.9/http/client.py", line 316, in begin
    version, status, reason = self._read_status()
  File "/Library/Developer/CommandLineTools/Library/Frameworks/Python3.framework/Versions/3.9/lib/python3.9/http/client.py", line 277, in _read_status
    line = str(self.fp.readline(_MAXLINE + 1), "iso-8859-1")
  File "/Library/Developer/CommandLineTools/Library/Frameworks/Python3.framework/Versions/3.9/lib/python3.9/socket.py", line 704, in readinto
    return self._sock.recv_into(b)
  File "/Library/Developer/CommandLineTools/Library/Frameworks/Python3.framework/Versions/3.9/lib/python3.9/ssl.py", line 1241, in recv_into
    return self.read(nbytes, buffer)
  File "/Library/Developer/CommandLineTools/Library/Frameworks/Python3.framework/Versions/3.9/lib/python3.9/ssl.py", line 1099, in read
    return self._sslobj.read(len, buffer)
socket.timeout: The read operation timed out

The above exception was the direct cause of the following exception:

Traceback (most recent call last):
  File "/Users/ashishparadkar/Downloads/algo-code-main/.venv/lib/python3.9/site-packages/requests/adapters.py", line 644, in send
    resp = conn.urlopen(
  File "/Users/ashishparadkar/Downloads/algo-code-main/.venv/lib/python3.9/site-packages/urllib3/connectionpool.py", line 841, in urlopen
    retries = retries.increment(
  File "/Users/ashishparadkar/Downloads/algo-code-main/.venv/lib/python3.9/site-packages/urllib3/util/retry.py", line 490, in increment
    raise reraise(type(error), error, _stacktrace)
  File "/Users/ashishparadkar/Downloads/algo-code-main/.venv/lib/python3.9/site-packages/urllib3/util/util.py", line 39, in reraise
    raise value
  File "/Users/ashishparadkar/Downloads/algo-code-main/.venv/lib/python3.9/site-packages/urllib3/connectionpool.py", line 787, in urlopen
    response = self._make_request(
  File "/Users/ashishparadkar/Downloads/algo-code-main/.venv/lib/python3.9/site-packages/urllib3/connectionpool.py", line 536, in _make_request
    self._raise_timeout(err=e, url=url, timeout_value=read_timeout)
  File "/Users/ashishparadkar/Downloads/algo-code-main/.venv/lib/python3.9/site-packages/urllib3/connectionpool.py", line 367, in _raise_timeout
    raise ReadTimeoutError(
urllib3.exceptions.ReadTimeoutError: HTTPSConnectionPool(host='api.binance.com', port=443): Read timed out. (read timeout=10.0)

During handling of the above exception, another exception occurred:

Traceback (most recent call last):
  File "/Users/ashishparadkar/Downloads/algo-code-main/.venv/lib/python3.9/site-packages/ccxt/base/exchange.py", line 665, in fetch
    response = self.session.request(
  File "/Users/ashishparadkar/Downloads/algo-code-main/.venv/lib/python3.9/site-packages/requests/sessions.py", line 589, in request
    resp = self.send(prep, **send_kwargs)
  File "/Users/ashishparadkar/Downloads/algo-code-main/.venv/lib/python3.9/site-packages/requests/sessions.py", line 703, in send
    r = adapter.send(request, **kwargs)
  File "/Users/ashishparadkar/Downloads/algo-code-main/.venv/lib/python3.9/site-packages/requests/adapters.py", line 690, in send
    raise ReadTimeout(e, request=request)
requests.exceptions.ReadTimeout: HTTPSConnectionPool(host='api.binance.com', port=443): Read timed out. (read timeout=10.0)

The above exception was the direct cause of the following exception:

Traceback (most recent call last):
  File "/Users/ashishparadkar/Downloads/algo-code-main/src/provider_manager.py", line 351, in fetch_ohlcv_safe
    df = adapter.fetch_ohlcv(instrument, timeframe, limit=limit)
  File "/Users/ashishparadkar/Downloads/algo-code-main/src/provider_manager.py", line 211, in fetch_ohlcv
    raise net_err
  File "/Users/ashishparadkar/Downloads/algo-code-main/src/provider_manager.py", line 183, in fetch_ohlcv
    raw_candles = self.exchange.fetch_ohlcv(
  File "/Users/ashishparadkar/Downloads/algo-code-main/.venv/lib/python3.9/site-packages/ccxt/binance.py", line 4759, in fetch_ohlcv
    response = self.publicGetKlines(self.extend(request, params))
  File "/Users/ashishparadkar/Downloads/algo-code-main/.venv/lib/python3.9/site-packages/ccxt/base/types.py", line 35, in unbound_method
    return _self.request(self.path, self.api, self.method, params, config=self.config)
  File "/Users/ashishparadkar/Downloads/algo-code-main/.venv/lib/python3.9/site-packages/ccxt/binance.py", line 11724, in request
    response = self.fetch2(path, api, method, params, headers, body, config)
  File "/Users/ashishparadkar/Downloads/algo-code-main/.venv/lib/python3.9/site-packages/ccxt/base/exchange.py", line 5566, in fetch2
    raise e
  File "/Users/ashishparadkar/Downloads/algo-code-main/.venv/lib/python3.9/site-packages/ccxt/base/exchange.py", line 5549, in fetch2
    response = self.fetch(request['url'], request['method'], request['headers'], request['body'])
  File "/Users/ashishparadkar/Downloads/algo-code-main/.venv/lib/python3.9/site-packages/ccxt/base/exchange.py", line 698, in fetch
    raise RequestTimeout(details) from e
ccxt.base.errors.RequestTimeout: binance GET https://api.binance.com/api/v3/klines?interval=5m&limit=1000&symbol=BTCUSDT

During handling of the above exception, another exception occurred:

Traceback (most recent call last):
  File "/Library/Developer/CommandLineTools/Library/Frameworks/Python3.framework/Versions/3.9/lib/python3.9/logging/__init__.py", line 1083, in emit
    msg = self.format(record)
  File "/Library/Developer/CommandLineTools/Library/Frameworks/Python3.framework/Versions/3.9/lib/python3.9/logging/__init__.py", line 927, in format
    return fmt.format(record)
  File "/Library/Developer/CommandLineTools/Library/Frameworks/Python3.framework/Versions/3.9/lib/python3.9/logging/__init__.py", line 663, in format
    record.message = record.getMessage()
  File "/Library/Developer/CommandLineTools/Library/Frameworks/Python3.framework/Versions/3.9/lib/python3.9/logging/__init__.py", line 367, in getMessage
    msg = msg % self.args
TypeError: must be real number, not RequestTimeout
Call stack:
  File "/Library/Developer/CommandLineTools/Library/Frameworks/Python3.framework/Versions/3.9/lib/python3.9/threading.py", line 930, in _bootstrap
    self._bootstrap_inner()
  File "/Library/Developer/CommandLineTools/Library/Frameworks/Python3.framework/Versions/3.9/lib/python3.9/threading.py", line 973, in _bootstrap_inner
    self.run()
  File "/Library/Developer/CommandLineTools/Library/Frameworks/Python3.framework/Versions/3.9/lib/python3.9/threading.py", line 910, in run
    self._target(*self._args, **self._kwargs)
  File "/Library/Developer/CommandLineTools/Library/Frameworks/Python3.framework/Versions/3.9/lib/python3.9/concurrent/futures/thread.py", line 77, in _worker
    work_item.run()
  File "/Library/Developer/CommandLineTools/Library/Frameworks/Python3.framework/Versions/3.9/lib/python3.9/concurrent/futures/thread.py", line 52, in run
    result = self.fn(*self.args, **self.kwargs)
  File "/Users/ashishparadkar/Downloads/algo-code-main/.venv/lib/python3.9/site-packages/apscheduler/executors/base.py", line 131, in run_job
    retval = job.func(*job.args, **job.kwargs)
  File "/Users/ashishparadkar/Downloads/algo-code-main/src/live_runner.py", line 199, in process_cycle
    df, _ = self.provider_manager.fetch_ohlcv_safe(self.symbol, self.timeframe, limit=1000)
  File "/Users/ashishparadkar/Downloads/algo-code-main/src/provider_manager.py", line 362, in fetch_ohlcv_safe
    logger.warning(
Message: 'Retryable network failure for %s (Attempt %d/%d). Backing off %.2fs: %s'
Arguments: ('BTC/USDT', 1, 3, RequestTimeout('binance GET https://api.binance.com/api/v3/klines?interval=5m&limit=1000&symbol=BTCUSDT'))
2026-08-21 00:19:05,600 - INFO - Indicators computed | close=72527.99 ema_9=72572.67 ema_20=72601.59 ema_50=72445.06 ema_200=71225.34 macd=8.1683 poc=64325.0 val=63300.0 vah=69700.0
2026-08-21 00:19:05,601 - INFO - [bot-1787212101513-5cec] Evaluating strategy on completed candle: 2026-08-20 18:40:00+00:00 at Close price: 72501.42
2026-08-21 00:19:05,697 - INFO - Confluence Evaluation | Regime: TRENDING (ADX=27.9) | Direction: HOLD | BullScore: 44.1% | BearScore: 11.8% | Active: ['ema_9', 'ema_20', 'rsi', 'vwap', 'supertrend', 'atr']
2026-08-21 00:19:05,824 - INFO - Signal evaluated: HOLD. Reason/Details: Confluence score: 44% (HOLD)
2026-08-21 00:19:06,084 - INFO - Logged heartbeat status: OK
2026-08-21 00:19:06,088 - INFO - Job "LiveRunner.process_cycle (trigger: interval[0:05:00], next run at: 2026-08-21 00:23:52 IST)" executed successfully
2026-08-21 00:23:52,276 - INFO - Running job "LiveRunner.process_cycle (trigger: interval[0:05:00], next run at: 2026-08-21 00:28:52 IST)" (scheduled at 2026-08-21 00:23:52.230286+05:30)
2026-08-21 00:23:52,304 - INFO - [bot-1787212101513-5cec] Starting signal check cycle for BTC/USDT (5m)...
2026-08-21 00:23:52,358 - INFO - Fetching recent candles for BTC/USDT (5m) [Bot: bot-1787212101513-5cec] via ProviderManager...
2026-08-21 00:23:52,764 - INFO - Indicators computed | close=72530.00 ema_9=72565.10 ema_20=72595.29 ema_50=72448.62 ema_200=71238.38 macd=3.0104 poc=64325.0 val=63300.0 vah=69700.0
2026-08-21 00:23:52,765 - INFO - [bot-1787212101513-5cec] Evaluating strategy on completed candle: 2026-08-20 18:45:00+00:00 at Close price: 72534.00
2026-08-21 00:23:52,827 - INFO - Confluence Evaluation | Regime: TRENDING (ADX=27.7) | Direction: HOLD | BullScore: 44.1% | BearScore: 11.8% | Active: ['ema_9', 'ema_20', 'rsi', 'vwap', 'supertrend', 'atr']
2026-08-21 00:23:52,921 - INFO - Signal evaluated: HOLD. Reason/Details: Confluence score: 44% (HOLD)
2026-08-21 00:23:53,113 - INFO - Logged heartbeat status: OK
2026-08-21 00:23:53,114 - INFO - Job "LiveRunner.process_cycle (trigger: interval[0:05:00], next run at: 2026-08-21 00:28:52 IST)" executed successfully
/Users/ashishparadkar/Downloads/algo-code-main/.venv/lib/python3.9/site-packages/urllib3/__init__.py:35: NotOpenSSLWarning: urllib3 v2 only supports OpenSSL 1.1.1+, currently the 'ssl' module is compiled with 'LibreSSL 2.8.3'. See: https://github.com/urllib3/urllib3/issues/3020
  warnings.warn(
2026-08-21 06:20:41,354 - INFO - Bot state startup reconciliation finished: 0 bot(s) reconciled to STOPPED.
2026-08-21 06:20:41,625 - INFO - Telegram notification service initialized successfully (Chat ID: 5657...)
2026-08-21 06:20:41,642 - INFO - Initializing scheduled trading bot live runner for bot-1787212101513-5cec...
2026-08-21 06:20:41,855 - INFO - SQLite database tables verified/created.
2026-08-21 06:20:42,130 - INFO - Initializing CCXT Binance in TESTNET mode.
2026-08-21 06:20:57,493 - INFO - [bot-1787212101513-5cec] Pre-flight instrument resolved: BTC/USDT (SPOT via binance_spot)
2026-08-21 06:20:57,547 - INFO - [bot-1787212101513-5cec] Starting signal check cycle for BTC/USDT (5m)...
2026-08-21 06:20:57,556 - INFO - Fetching recent candles for BTC/USDT (5m) [Bot: bot-1787212101513-5cec] via ProviderManager...
2026-08-21 06:22:04,530 - INFO - Indicators computed | close=73768.00 ema_9=73637.37 ema_20=73420.37 ema_50=73101.03 ema_200=72113.98 macd=240.9130 poc=64325.0 val=63575.0 vah=71275.0
2026-08-21 06:22:04,540 - INFO - [bot-1787212101513-5cec] Evaluating strategy on completed candle: 2026-08-21 00:45:00+00:00 at Close price: 73761.56
2026-08-21 06:22:05,143 - INFO - Confluence Evaluation | Regime: TRENDING (ADX=53.5) | Direction: LONG | BullScore: 100.0% | BearScore: 0.0% | Active: ['ema_9', 'ema_20', 'rsi', 'vwap', 'supertrend', 'atr']
2026-08-21 06:22:05,179 - INFO - Capping position size 0.986064 BTC to available cash equivalent 0.203358 BTC.
2026-08-21 06:22:05,210 - INFO - Created pending signal approval ID 89 for bot bot-1787212101513-5cec (LONG @ $73761.56, status: WAITING_APPROVAL)
2026-08-21 06:22:05,240 - INFO - [bot-1787212101513-5cec] Signal LONG generated (ID: 89). Waiting for manual user approval.
2026-08-21 06:22:06,604 - INFO - Logged heartbeat status: OK
2026-08-21 06:22:06,916 - INFO - Adding job tentatively -- it will be properly scheduled when the scheduler starts
2026-08-21 06:22:06,916 - INFO - Bot bot-1787212101513-5cec scheduled to check every 5 minutes.
2026-08-21 06:22:06,930 - INFO - Added job "LiveRunner.process_cycle" to job store "default"
2026-08-21 06:22:06,930 - INFO - Scheduler started
2026-08-21 06:27:07,147 - INFO - Running job "LiveRunner.process_cycle (trigger: interval[0:05:00], next run at: 2026-08-21 06:32:06 IST)" (scheduled at 2026-08-21 06:27:06.914425+05:30)
2026-08-21 06:27:07,237 - INFO - [bot-1787212101513-5cec] Starting signal check cycle for BTC/USDT (5m)...
2026-08-21 06:27:07,277 - INFO - Fetching recent candles for BTC/USDT (5m) [Bot: bot-1787212101513-5cec] via ProviderManager...
2026-08-21 06:27:07,985 - INFO - Indicators computed | close=73642.00 ema_9=73621.97 ema_20=73432.69 ema_50=73118.40 ema_200=72128.18 macd=222.3497 poc=64325.0 val=63575.0 vah=71300.0
2026-08-21 06:27:07,987 - INFO - [bot-1787212101513-5cec] Evaluating strategy on completed candle: 2026-08-21 00:50:00+00:00 at Close price: 73666.00
2026-08-21 06:27:08,047 - INFO - Confluence Evaluation | Regime: TRENDING (ADX=53.5) | Direction: HOLD | BullScore: 55.9% | BearScore: 44.1% | Active: ['ema_9', 'ema_20', 'rsi', 'vwap', 'supertrend', 'atr']
2026-08-21 06:27:08,133 - INFO - Signal evaluated: HOLD. Reason/Details: Confluence score: 56% (HOLD)
2026-08-21 06:27:08,304 - INFO - Logged heartbeat status: OK
2026-08-21 06:27:08,305 - INFO - Job "LiveRunner.process_cycle (trigger: interval[0:05:00], next run at: 2026-08-21 06:32:06 IST)" executed successfully
2026-08-21 06:32:06,978 - INFO - Running job "LiveRunner.process_cycle (trigger: interval[0:05:00], next run at: 2026-08-21 06:37:06 IST)" (scheduled at 2026-08-21 06:32:06.914425+05:30)
2026-08-21 06:32:06,999 - INFO - [bot-1787212101513-5cec] Starting signal check cycle for BTC/USDT (5m)...
2026-08-21 06:32:07,042 - INFO - Fetching recent candles for BTC/USDT (5m) [Bot: bot-1787212101513-5cec] via ProviderManager...
2026-08-21 06:32:07,565 - INFO - Indicators computed | close=73795.99 ema_9=73667.34 ema_20=73472.98 ema_50=73147.46 ema_200=72145.42 macd=227.9972 poc=64325.0 val=63575.0 vah=71300.0
2026-08-21 06:32:07,567 - INFO - [bot-1787212101513-5cec] Evaluating strategy on completed candle: 2026-08-21 00:55:00+00:00 at Close price: 73708.02
2026-08-21 06:32:07,620 - INFO - Confluence Evaluation | Regime: TRENDING (ADX=53.7) | Direction: LONG | BullScore: 100.0% | BearScore: 0.0% | Active: ['ema_9', 'ema_20', 'rsi', 'vwap', 'supertrend', 'atr']
2026-08-21 06:32:07,706 - INFO - Capping position size 1.196649 BTC to available cash equivalent 0.203506 BTC.
2026-08-21 06:32:07,721 - INFO - [bot-1787212101513-5cec] Signal LONG active pending approval already exists (ID: 89).
2026-08-21 06:32:07,898 - INFO - Logged heartbeat status: OK
2026-08-21 06:32:07,898 - INFO - Job "LiveRunner.process_cycle (trigger: interval[0:05:00], next run at: 2026-08-21 06:37:06 IST)" executed successfully
2026-08-21 06:37:06,935 - INFO - Running job "LiveRunner.process_cycle (trigger: interval[0:05:00], next run at: 2026-08-21 06:42:06 IST)" (scheduled at 2026-08-21 06:37:06.914425+05:30)
2026-08-21 06:37:06,946 - INFO - [bot-1787212101513-5cec] Starting signal check cycle for BTC/USDT (5m)...
2026-08-21 06:37:06,991 - INFO - Fetching recent candles for BTC/USDT (5m) [Bot: bot-1787212101513-5cec] via ProviderManager...
2026-08-21 06:37:07,413 - INFO - Indicators computed | close=73884.00 ema_9=73717.72 ema_20=73515.92 ema_50=73178.01 ema_200=72163.16 macd=235.4293 poc=64325.0 val=63575.0 vah=71325.0
2026-08-21 06:37:07,414 - INFO - [bot-1787212101513-5cec] Evaluating strategy on completed candle: 2026-08-21 01:00:00+00:00 at Close price: 73840.01
2026-08-21 06:37:07,488 - INFO - Confluence Evaluation | Regime: TRENDING (ADX=55.5) | Direction: LONG | BullScore: 100.0% | BearScore: 0.0% | Active: ['ema_9', 'ema_20', 'rsi', 'vwap', 'supertrend', 'atr']
2026-08-21 06:37:07,597 - INFO - Capping position size 0.783924 BTC to available cash equivalent 0.203142 BTC.
2026-08-21 06:37:07,605 - INFO - [bot-1787212101513-5cec] Signal LONG active pending approval already exists (ID: 89).
2026-08-21 06:37:07,810 - INFO - Logged heartbeat status: OK
2026-08-21 06:37:07,810 - INFO - Job "LiveRunner.process_cycle (trigger: interval[0:05:00], next run at: 2026-08-21 06:42:06 IST)" executed successfully
2026-08-21 06:42:06,939 - INFO - Running job "LiveRunner.process_cycle (trigger: interval[0:05:00], next run at: 2026-08-21 06:47:06 IST)" (scheduled at 2026-08-21 06:42:06.914425+05:30)
2026-08-21 06:42:06,950 - INFO - [bot-1787212101513-5cec] Starting signal check cycle for BTC/USDT (5m)...
2026-08-21 06:42:06,990 - INFO - Fetching recent candles for BTC/USDT (5m) [Bot: bot-1787212101513-5cec] via ProviderManager...
2026-08-21 06:42:07,565 - INFO - Indicators computed | close=73970.00 ema_9=73775.51 ema_20=73563.12 ema_50=73210.79 ema_200=72181.59 macd=245.5036 poc=64325.0 val=63575.0 vah=71325.0
2026-08-21 06:42:07,566 - INFO - [bot-1787212101513-5cec] Evaluating strategy on completed candle: 2026-08-21 01:05:00+00:00 at Close price: 73929.87
2026-08-21 06:42:07,649 - INFO - Confluence Evaluation | Regime: TRENDING (ADX=57.3) | Direction: LONG | BullScore: 100.0% | BearScore: 0.0% | Active: ['ema_9', 'ema_20', 'rsi', 'vwap', 'supertrend', 'atr']
2026-08-21 06:42:07,806 - INFO - Capping position size 0.722509 BTC to available cash equivalent 0.202895 BTC.
2026-08-21 06:42:07,840 - INFO - [bot-1787212101513-5cec] Signal LONG active pending approval already exists (ID: 89).
2026-08-21 06:42:08,038 - INFO - Logged heartbeat status: OK
2026-08-21 06:42:08,039 - INFO - Job "LiveRunner.process_cycle (trigger: interval[0:05:00], next run at: 2026-08-21 06:47:06 IST)" executed successfully
2026-08-21 06:47:06,980 - INFO - Running job "LiveRunner.process_cycle (trigger: interval[0:05:00], next run at: 2026-08-21 06:52:06 IST)" (scheduled at 2026-08-21 06:47:06.914425+05:30)
2026-08-21 06:47:07,029 - INFO - [bot-1787212101513-5cec] Starting signal check cycle for BTC/USDT (5m)...
2026-08-21 06:47:07,078 - INFO - Fetching recent candles for BTC/USDT (5m) [Bot: bot-1787212101513-5cec] via ProviderManager...
2026-08-21 06:47:07,551 - INFO - Indicators computed | close=74147.64 ema_9=73853.22 ema_20=73620.55 ema_50=73248.30 ema_200=72201.35 macd=263.1653 poc=64325.0 val=63575.0 vah=71350.0
2026-08-21 06:47:07,552 - INFO - [bot-1787212101513-5cec] Evaluating strategy on completed candle: 2026-08-21 01:10:00+00:00 at Close price: 73990.50
2026-08-21 06:47:07,612 - INFO - Confluence Evaluation | Regime: TRENDING (ADX=59.3) | Direction: LONG | BullScore: 100.0% | BearScore: 0.0% | Active: ['ema_9', 'ema_20', 'rsi', 'vwap', 'supertrend', 'atr']
2026-08-21 06:47:07,720 - INFO - Capping position size 0.630451 BTC to available cash equivalent 0.202729 BTC.
2026-08-21 06:47:07,728 - INFO - [bot-1787212101513-5cec] Signal LONG active pending approval already exists (ID: 89).
2026-08-21 06:47:07,921 - INFO - Logged heartbeat status: OK
2026-08-21 06:47:07,922 - INFO - Job "LiveRunner.process_cycle (trigger: interval[0:05:00], next run at: 2026-08-21 06:52:06 IST)" executed successfully
2026-08-21 06:52:06,928 - INFO - Running job "LiveRunner.process_cycle (trigger: interval[0:05:00], next run at: 2026-08-21 06:57:06 IST)" (scheduled at 2026-08-21 06:52:06.914425+05:30)
2026-08-21 06:52:06,966 - INFO - [bot-1787212101513-5cec] Starting signal check cycle for BTC/USDT (5m)...
2026-08-21 06:52:07,000 - INFO - Fetching recent candles for BTC/USDT (5m) [Bot: bot-1787212101513-5cec] via ProviderManager...
2026-08-21 06:52:07,440 - INFO - Indicators computed | close=74382.37 ema_9=74041.01 ema_20=73737.25 ema_50=73312.08 ema_200=72228.10 macd=322.9989 poc=64325.0 val=63575.0 vah=71425.0
2026-08-21 06:52:07,441 - INFO - [bot-1787212101513-5cec] Evaluating strategy on completed candle: 2026-08-21 01:15:00+00:00 at Close price: 74659.92
2026-08-21 06:52:07,596 - INFO - Confluence Evaluation | Regime: TRENDING (ADX=60.9) | Direction: LONG | BullScore: 100.0% | BearScore: 0.0% | Active: ['ema_9', 'ema_20', 'rsi', 'vwap', 'supertrend', 'atr']
2026-08-21 06:52:07,714 - INFO - Capping position size 0.261947 BTC to available cash equivalent 0.200911 BTC.
2026-08-21 06:52:07,822 - INFO - Created pending signal approval ID 119 for bot bot-1787212101513-5cec (LONG @ $74659.92, status: WAITING_APPROVAL)
2026-08-21 06:52:07,914 - INFO - [bot-1787212101513-5cec] Signal LONG generated (ID: 119). Waiting for manual user approval.
2026-08-21 06:52:08,153 - INFO - Logged heartbeat status: OK
2026-08-21 06:52:08,154 - INFO - Job "LiveRunner.process_cycle (trigger: interval[0:05:00], next run at: 2026-08-21 06:57:06 IST)" executed successfully
2026-08-21 06:57:06,931 - INFO - Running job "LiveRunner.process_cycle (trigger: interval[0:05:00], next run at: 2026-08-21 07:02:06 IST)" (scheduled at 2026-08-21 06:57:06.914425+05:30)
2026-08-21 06:57:06,944 - INFO - [bot-1787212101513-5cec] Starting signal check cycle for BTC/USDT (5m)...
2026-08-21 06:57:06,985 - INFO - Fetching recent candles for BTC/USDT (5m) [Bot: bot-1787212101513-5cec] via ProviderManager...
2026-08-21 06:57:07,411 - INFO - Indicators computed | close=74566.52 ema_9=74165.19 ema_20=73826.50 ema_50=73365.76 ema_200=72252.55 macd=356.2118 poc=64325.0 val=63575.0 vah=71450.0
2026-08-21 06:57:07,412 - INFO - [bot-1787212101513-5cec] Evaluating strategy on completed candle: 2026-08-21 01:20:00+00:00 at Close price: 74501.59
2026-08-21 06:57:07,473 - INFO - Confluence Evaluation | Regime: TRENDING (ADX=62.1) | Direction: HOLD | BullScore: 55.9% | BearScore: 44.1% | Active: ['ema_9', 'ema_20', 'rsi', 'vwap', 'supertrend', 'atr']
2026-08-21 06:57:07,571 - INFO - Signal evaluated: HOLD. Reason/Details: Confluence score: 56% (HOLD)
2026-08-21 06:57:07,769 - INFO - Logged heartbeat status: OK
2026-08-21 06:57:07,770 - INFO - Job "LiveRunner.process_cycle (trigger: interval[0:05:00], next run at: 2026-08-21 07:02:06 IST)" executed successfully
2026-08-21 07:02:06,930 - INFO - Running job "LiveRunner.process_cycle (trigger: interval[0:05:00], next run at: 2026-08-21 07:07:06 IST)" (scheduled at 2026-08-21 07:02:06.914425+05:30)
2026-08-21 07:02:06,937 - INFO - [bot-1787212101513-5cec] Starting signal check cycle for BTC/USDT (5m)...
2026-08-21 07:02:06,976 - INFO - Fetching recent candles for BTC/USDT (5m) [Bot: bot-1787212101513-5cec] via ProviderManager...
2026-08-21 07:02:07,352 - INFO - Indicators computed | close=74781.79 ema_9=74314.15 ema_20=73931.29 ema_50=73427.33 ema_200=72279.29 macd=397.7651 poc=64325.0 val=63575.0 vah=71475.0
2026-08-21 07:02:07,352 - INFO - [bot-1787212101513-5cec] Evaluating strategy on completed candle: 2026-08-21 01:25:00+00:00 at Close price: 74726.77
2026-08-21 07:02:07,414 - INFO - Confluence Evaluation | Regime: TRENDING (ADX=62.4) | Direction: LONG | BullScore: 100.0% | BearScore: 0.0% | Active: ['ema_9', 'ema_20', 'rsi', 'vwap', 'supertrend', 'atr']
2026-08-21 07:02:07,520 - INFO - Capping position size 0.302243 BTC to available cash equivalent 0.200731 BTC.
2026-08-21 07:02:07,530 - INFO - [bot-1787212101513-5cec] Signal LONG active pending approval already exists (ID: 119).
2026-08-21 07:02:07,689 - INFO - Logged heartbeat status: OK
2026-08-21 07:02:07,690 - INFO - Job "LiveRunner.process_cycle (trigger: interval[0:05:00], next run at: 2026-08-21 07:07:06 IST)" executed successfully
/Users/ashishparadkar/Downloads/algo-code-main/.venv/lib/python3.9/site-packages/urllib3/__init__.py:35: NotOpenSSLWarning: urllib3 v2 only supports OpenSSL 1.1.1+, currently the 'ssl' module is compiled with 'LibreSSL 2.8.3'. See: https://github.com/urllib3/urllib3/issues/3020
  warnings.warn(
2026-08-21 12:13:19,133 - INFO - Bot state startup reconciliation finished: 0 bot(s) reconciled to STOPPED.
2026-08-21 12:13:19,726 - INFO - Telegram notification service initialized successfully (Chat ID: 5657...)
2026-08-21 12:13:19,856 - INFO - Initializing scheduled trading bot live runner for bot-1787212101513-5cec...
2026-08-21 12:13:19,914 - INFO - SQLite database tables verified/created.
2026-08-21 12:13:20,287 - INFO - Initializing CCXT Binance in TESTNET mode.
2026-08-21 12:13:43,418 - INFO - [bot-1787212101513-5cec] Pre-flight instrument resolved: BTC/USDT (SPOT via binance_spot)
2026-08-21 12:13:43,949 - INFO - [bot-1787212101513-5cec] Starting signal check cycle for BTC/USDT (5m)...
2026-08-21 12:13:43,959 - INFO - Fetching recent candles for BTC/USDT (5m) [Bot: bot-1787212101513-5cec] via ProviderManager...
2026-08-21 12:14:59,557 - INFO - Indicators computed | close=75430.06 ema_9=75443.04 ema_20=75326.18 ema_50=74999.72 ema_200=73540.19 macd=148.9580 poc=64275.0 val=64025.0 vah=71850.0
2026-08-21 12:14:59,588 - INFO - [bot-1787212101513-5cec] Evaluating strategy on completed candle: 2026-08-21 06:35:00+00:00 at Close price: 75704.08
2026-08-21 12:15:00,777 - INFO - Confluence Evaluation | Regime: TRENDING (ADX=26.3) | Direction: LONG | BullScore: 100.0% | BearScore: 0.0% | Active: ['ema_9', 'ema_20', 'rsi', 'vwap', 'supertrend', 'atr']
2026-08-21 12:15:01,727 - INFO - Capping position size 0.444326 BTC to available cash equivalent 0.198140 BTC.
2026-08-21 12:15:02,813 - INFO - Created pending signal approval ID 150 for bot bot-1787212101513-5cec (LONG @ $75704.08, status: WAITING_APPROVAL)
2026-08-21 12:15:03,259 - INFO - [bot-1787212101513-5cec] Signal LONG generated (ID: 150). Waiting for manual user approval.
2026-08-21 12:15:03,616 - INFO - Logged heartbeat status: OK
2026-08-21 12:15:04,472 - INFO - Adding job tentatively -- it will be properly scheduled when the scheduler starts
2026-08-21 12:15:04,472 - INFO - Bot bot-1787212101513-5cec scheduled to check every 5 minutes.
2026-08-21 12:15:04,489 - INFO - Added job "LiveRunner.process_cycle" to job store "default"
2026-08-21 12:15:04,489 - INFO - Scheduler started
2026-08-21 12:20:04,727 - INFO - Running job "LiveRunner.process_cycle (trigger: interval[0:05:00], next run at: 2026-08-21 12:25:04 IST)" (scheduled at 2026-08-21 12:20:04.460756+05:30)
2026-08-21 12:20:04,892 - INFO - [bot-1787212101513-5cec] Starting signal check cycle for BTC/USDT (5m)...
2026-08-21 12:20:04,971 - INFO - Fetching recent candles for BTC/USDT (5m) [Bot: bot-1787212101513-5cec] via ProviderManager...
2026-08-21 12:20:06,083 - INFO - Indicators computed | close=75518.00 ema_9=75465.26 ema_20=75358.09 ema_50=75038.24 ema_200=73578.99 macd=141.0501 poc=64275.0 val=64025.0 vah=71850.0
2026-08-21 12:20:06,085 - INFO - [bot-1787212101513-5cec] Evaluating strategy on completed candle: 2026-08-21 06:45:00+00:00 at Close price: 75516.28
2026-08-21 12:20:06,210 - INFO - Confluence Evaluation | Regime: TRENDING (ADX=25.9) | Direction: LONG | BullScore: 100.0% | BearScore: 0.0% | Active: ['ema_9', 'ema_20', 'rsi', 'vwap', 'supertrend', 'atr']
2026-08-21 12:20:06,307 - INFO - Capping position size 0.762854 BTC to available cash equivalent 0.198633 BTC.
2026-08-21 12:20:06,320 - INFO - [bot-1787212101513-5cec] Signal LONG active pending approval already exists (ID: 150).
2026-08-21 12:20:06,533 - INFO - Logged heartbeat status: OK
2026-08-21 12:20:06,535 - INFO - Job "LiveRunner.process_cycle (trigger: interval[0:05:00], next run at: 2026-08-21 12:25:04 IST)" executed successfully
2026-08-21 12:25:04,478 - INFO - Running job "LiveRunner.process_cycle (trigger: interval[0:05:00], next run at: 2026-08-21 12:30:04 IST)" (scheduled at 2026-08-21 12:25:04.460756+05:30)
2026-08-21 12:25:04,496 - INFO - [bot-1787212101513-5cec] Starting signal check cycle for BTC/USDT (5m)...
2026-08-21 12:25:04,549 - INFO - Fetching recent candles for BTC/USDT (5m) [Bot: bot-1787212101513-5cec] via ProviderManager...
2026-08-21 12:25:05,283 - INFO - Indicators computed | close=75542.00 ema_9=75484.77 ema_20=75377.85 ema_50=75058.97 ema_200=73598.78 macd=140.5389 poc=64275.0 val=64025.0 vah=71875.0
2026-08-21 12:25:05,288 - INFO - [bot-1787212101513-5cec] Evaluating strategy on completed candle: 2026-08-21 06:50:00+00:00 at Close price: 75544.00
2026-08-21 12:25:05,372 - INFO - Confluence Evaluation | Regime: TRENDING (ADX=25.1) | Direction: LONG | BullScore: 100.0% | BearScore: 0.0% | Active: ['ema_9', 'ema_20', 'rsi', 'vwap', 'supertrend', 'atr']
2026-08-21 12:25:05,483 - INFO - Capping position size 0.939555 BTC to available cash equivalent 0.198560 BTC.
2026-08-21 12:25:05,540 - INFO - [bot-1787212101513-5cec] Signal LONG active pending approval already exists (ID: 150).
2026-08-21 12:25:05,764 - INFO - Logged heartbeat status: OK
2026-08-21 12:25:05,765 - INFO - Job "LiveRunner.process_cycle (trigger: interval[0:05:00], next run at: 2026-08-21 12:30:04 IST)" executed successfully
2026-08-21 12:30:04,474 - INFO - Running job "LiveRunner.process_cycle (trigger: interval[0:05:00], next run at: 2026-08-21 12:35:04 IST)" (scheduled at 2026-08-21 12:30:04.460756+05:30)
2026-08-21 12:30:04,498 - INFO - [bot-1787212101513-5cec] Starting signal check cycle for BTC/USDT (5m)...
2026-08-21 12:30:04,506 - INFO - Fetching recent candles for BTC/USDT (5m) [Bot: bot-1787212101513-5cec] via ProviderManager...
2026-08-21 12:30:05,900 - INFO - Indicators computed | close=75630.01 ema_9=75530.49 ema_20=75410.84 ema_50=75085.29 ema_200=73620.02 macd=150.3509 poc=64275.0 val=64025.0 vah=71875.0
2026-08-21 12:30:05,901 - INFO - [bot-1787212101513-5cec] Evaluating strategy on completed candle: 2026-08-21 06:55:00+00:00 at Close price: 75646.21
2026-08-21 12:30:05,971 - INFO - Confluence Evaluation | Regime: RANGING (ADX=24.8) | Direction: LONG | BullScore: 100.0% | BearScore: 0.0% | Active: ['ema_9', 'ema_20', 'rsi', 'vwap', 'supertrend', 'atr']
2026-08-21 12:30:06,173 - INFO - Capping position size 0.711727 BTC to available cash equivalent 0.198291 BTC.
2026-08-21 12:30:06,225 - INFO - [bot-1787212101513-5cec] Signal LONG active pending approval already exists (ID: 150).
2026-08-21 12:30:06,452 - INFO - Logged heartbeat status: OK
2026-08-21 12:30:06,452 - INFO - Job "LiveRunner.process_cycle (trigger: interval[0:05:00], next run at: 2026-08-21 12:35:04 IST)" executed successfully
2026-08-21 12:35:04,508 - INFO - Running job "LiveRunner.process_cycle (trigger: interval[0:05:00], next run at: 2026-08-21 12:40:04 IST)" (scheduled at 2026-08-21 12:35:04.460756+05:30)
2026-08-21 12:35:04,522 - INFO - [bot-1787212101513-5cec] Starting signal check cycle for BTC/USDT (5m)...
2026-08-21 12:35:04,562 - INFO - Fetching recent candles for BTC/USDT (5m) [Bot: bot-1787212101513-5cec] via ProviderManager...
2026-08-21 12:35:05,033 - INFO - Indicators computed | close=75724.01 ema_9=75585.77 ema_20=75449.60 ema_50=75114.24 ema_200=73641.97 macd=163.6913 poc=64275.0 val=64025.0 vah=71875.0
2026-08-21 12:35:05,034 - INFO - [bot-1787212101513-5cec] Evaluating strategy on completed candle: 2026-08-21 07:00:00+00:00 at Close price: 75733.61
2026-08-21 12:35:05,100 - INFO - Confluence Evaluation | Regime: RANGING (ADX=23.7) | Direction: LONG | BullScore: 100.0% | BearScore: 0.0% | Active: ['ema_9', 'ema_20', 'rsi', 'vwap', 'supertrend', 'atr']
2026-08-21 12:35:05,208 - INFO - Capping position size 0.589495 BTC to available cash equivalent 0.198063 BTC.
2026-08-21 12:35:05,216 - INFO - [bot-1787212101513-5cec] Signal LONG active pending approval already exists (ID: 150).
2026-08-21 12:35:05,439 - INFO - Logged heartbeat status: OK
2026-08-21 12:35:05,439 - INFO - Job "LiveRunner.process_cycle (trigger: interval[0:05:00], next run at: 2026-08-21 12:40:04 IST)" executed successfully
2026-08-21 12:40:04,471 - INFO - Running job "LiveRunner.process_cycle (trigger: interval[0:05:00], next run at: 2026-08-21 12:45:04 IST)" (scheduled at 2026-08-21 12:40:04.460756+05:30)
2026-08-21 12:40:04,477 - INFO - [bot-1787212101513-5cec] Starting signal check cycle for BTC/USDT (5m)...
2026-08-21 12:40:04,523 - INFO - Fetching recent candles for BTC/USDT (5m) [Bot: bot-1787212101513-5cec] via ProviderManager...
2026-08-21 12:40:05,108 - INFO - Indicators computed | close=75876.61 ema_9=75667.02 ema_20=75502.70 ema_50=75149.58 ema_200=73665.63 macd=186.8616 poc=64275.0 val=64025.0 vah=71875.0
2026-08-21 12:40:05,114 - INFO - [bot-1787212101513-5cec] Evaluating strategy on completed candle: 2026-08-21 07:05:00+00:00 at Close price: 75868.28
2026-08-21 12:40:05,194 - INFO - Confluence Evaluation | Regime: RANGING (ADX=22.5) | Direction: LONG | BullScore: 100.0% | BearScore: 0.0% | Active: ['ema_9', 'ema_20', 'rsi', 'vwap', 'supertrend', 'atr']
2026-08-21 12:40:05,311 - INFO - Capping position size 0.466143 BTC to available cash equivalent 0.197711 BTC.
2026-08-21 12:40:05,366 - INFO - [bot-1787212101513-5cec] Signal LONG active pending approval already exists (ID: 150).
2026-08-21 12:40:05,583 - INFO - Logged heartbeat status: OK
2026-08-21 12:40:05,584 - INFO - Job "LiveRunner.process_cycle (trigger: interval[0:05:00], next run at: 2026-08-21 12:45:04 IST)" executed successfully
2026-08-21 12:45:04,469 - INFO - Running job "LiveRunner.process_cycle (trigger: interval[0:05:00], next run at: 2026-08-21 12:50:04 IST)" (scheduled at 2026-08-21 12:45:04.460756+05:30)
2026-08-21 12:45:04,478 - INFO - [bot-1787212101513-5cec] Starting signal check cycle for BTC/USDT (5m)...
2026-08-21 12:45:04,521 - INFO - Fetching recent candles for BTC/USDT (5m) [Bot: bot-1787212101513-5cec] via ProviderManager...
2026-08-21 12:45:04,917 - INFO - Indicators computed | close=75966.37 ema_9=75741.83 ema_20=75554.90 ema_50=75185.13 ema_200=73689.44 macd=206.7804 poc=64275.0 val=64025.0 vah=71875.0
2026-08-21 12:45:04,920 - INFO - [bot-1787212101513-5cec] Evaluating strategy on completed candle: 2026-08-21 07:10:00+00:00 at Close price: 75969.99
2026-08-21 12:45:04,976 - INFO - Confluence Evaluation | Regime: RANGING (ADX=21.9) | Direction: LONG | BullScore: 100.0% | BearScore: 0.0% | Active: ['ema_9', 'ema_20', 'rsi', 'vwap', 'supertrend', 'atr']
2026-08-21 12:45:05,070 - INFO - Capping position size 0.480430 BTC to available cash equivalent 0.197446 BTC.
2026-08-21 12:45:05,127 - INFO - Created pending signal approval ID 165 for bot bot-1787212101513-5cec (LONG @ $75969.99, status: WAITING_APPROVAL)
2026-08-21 12:45:05,259 - INFO - [bot-1787212101513-5cec] Signal LONG generated (ID: 165). Waiting for manual user approval.
2026-08-21 12:45:05,473 - INFO - Logged heartbeat status: OK
2026-08-21 12:45:05,473 - INFO - Job "LiveRunner.process_cycle (trigger: interval[0:05:00], next run at: 2026-08-21 12:50:04 IST)" executed successfully
2026-08-21 12:50:04,509 - INFO - Running job "LiveRunner.process_cycle (trigger: interval[0:05:00], next run at: 2026-08-21 12:55:04 IST)" (scheduled at 2026-08-21 12:50:04.460756+05:30)
2026-08-21 12:50:04,515 - INFO - [bot-1787212101513-5cec] Starting signal check cycle for BTC/USDT (5m)...
2026-08-21 12:50:04,555 - INFO - Fetching recent candles for BTC/USDT (5m) [Bot: bot-1787212101513-5cec] via ProviderManager...
2026-08-21 12:50:05,121 - INFO - Indicators computed | close=76497.67 ema_9=75975.90 ema_20=75689.33 ema_50=75256.12 ema_200=73722.49 macd=288.4871 poc=64275.0 val=64025.0 vah=71900.0
2026-08-21 12:50:05,125 - INFO - [bot-1787212101513-5cec] Evaluating strategy on completed candle: 2026-08-21 07:15:00+00:00 at Close price: 76484.48
2026-08-21 12:50:05,192 - INFO - Confluence Evaluation | Regime: RANGING (ADX=23.2) | Direction: LONG | BullScore: 100.0% | BearScore: 0.0% | Active: ['ema_9', 'ema_20', 'rsi', 'vwap', 'supertrend', 'atr']
2026-08-21 12:50:05,278 - INFO - Capping position size 0.292963 BTC to available cash equivalent 0.196118 BTC.
2026-08-21 12:50:05,285 - INFO - [bot-1787212101513-5cec] Signal LONG active pending approval already exists (ID: 165).
2026-08-21 12:50:05,515 - INFO - Logged heartbeat status: OK
2026-08-21 12:50:05,515 - INFO - Job "LiveRunner.process_cycle (trigger: interval[0:05:00], next run at: 2026-08-21 12:55:04 IST)" executed successfully
2026-08-21 12:55:04,474 - INFO - Running job "LiveRunner.process_cycle (trigger: interval[0:05:00], next run at: 2026-08-21 13:00:04 IST)" (scheduled at 2026-08-21 12:55:04.460756+05:30)
2026-08-21 12:55:04,479 - INFO - [bot-1787212101513-5cec] Starting signal check cycle for BTC/USDT (5m)...
2026-08-21 12:55:04,519 - INFO - Fetching recent candles for BTC/USDT (5m) [Bot: bot-1787212101513-5cec] via ProviderManager...
2026-08-21 12:55:05,422 - INFO - Indicators computed | close=76297.36 ema_9=76001.18 ema_20=75726.23 ema_50=75287.77 ema_200=73745.71 macd=285.8364 poc=64275.0 val=64025.0 vah=71900.0
2026-08-21 12:55:05,423 - INFO - [bot-1787212101513-5cec] Evaluating strategy on completed candle: 2026-08-21 07:20:00+00:00 at Close price: 76253.84
2026-08-21 12:55:05,489 - INFO - Confluence Evaluation | Regime: TRENDING (ADX=25.2) | Direction: HOLD | BullScore: 55.9% | BearScore: 44.1% | Active: ['ema_9', 'ema_20', 'rsi', 'vwap', 'supertrend', 'atr']
2026-08-21 12:55:05,584 - INFO - Signal evaluated: HOLD. Reason/Details: Confluence score: 56% (HOLD)
2026-08-21 12:55:05,813 - INFO - Logged heartbeat status: OK
2026-08-21 12:55:05,813 - INFO - Job "LiveRunner.process_cycle (trigger: interval[0:05:00], next run at: 2026-08-21 13:00:04 IST)" executed successfully
2026-08-21 13:00:04,482 - INFO - Running job "LiveRunner.process_cycle (trigger: interval[0:05:00], next run at: 2026-08-21 13:05:04 IST)" (scheduled at 2026-08-21 13:00:04.460756+05:30)
2026-08-21 13:00:04,497 - INFO - [bot-1787212101513-5cec] Starting signal check cycle for BTC/USDT (5m)...
2026-08-21 13:00:04,541 - INFO - Fetching recent candles for BTC/USDT (5m) [Bot: bot-1787212101513-5cec] via ProviderManager...
2026-08-21 13:00:05,009 - INFO - Indicators computed | close=76400.73 ema_9=76099.17 ema_20=75800.21 ema_50=75335.67 ema_200=73773.24 macd=310.9485 poc=64275.0 val=64025.0 vah=71900.0
2026-08-21 13:00:05,010 - INFO - [bot-1787212101513-5cec] Evaluating strategy on completed candle: 2026-08-21 07:25:00+00:00 at Close price: 76410.38
2026-08-21 13:00:05,069 - INFO - Confluence Evaluation | Regime: TRENDING (ADX=27.7) | Direction: LONG | BullScore: 100.0% | BearScore: 0.0% | Active: ['ema_9', 'ema_20', 'rsi', 'vwap', 'supertrend', 'atr']
2026-08-21 13:00:05,177 - INFO - Capping position size 0.360564 BTC to available cash equivalent 0.196308 BTC.
2026-08-21 13:00:05,181 - INFO - [bot-1787212101513-5cec] Signal LONG active pending approval already exists (ID: 165).
2026-08-21 13:00:05,379 - INFO - Logged heartbeat status: OK
2026-08-21 13:00:05,381 - INFO - Job "LiveRunner.process_cycle (trigger: interval[0:05:00], next run at: 2026-08-21 13:05:04 IST)" executed successfully
2026-08-21 13:05:04,536 - INFO - Running job "LiveRunner.process_cycle (trigger: interval[0:05:00], next run at: 2026-08-21 13:10:04 IST)" (scheduled at 2026-08-21 13:05:04.460756+05:30)
2026-08-21 13:05:04,653 - INFO - [bot-1787212101513-5cec] Starting signal check cycle for BTC/USDT (5m)...
2026-08-21 13:05:04,715 - INFO - Fetching recent candles for BTC/USDT (5m) [Bot: bot-1787212101513-5cec] via ProviderManager...
2026-08-21 13:05:05,466 - INFO - Indicators computed | close=76384.66 ema_9=76153.69 ema_20=75854.48 ema_50=75376.20 ema_200=73799.06 macd=317.7412 poc=64325.0 val=64025.0 vah=71925.0
2026-08-21 13:05:05,467 - INFO - [bot-1787212101513-5cec] Evaluating strategy on completed candle: 2026-08-21 07:30:00+00:00 at Close price: 76384.61
2026-08-21 13:05:05,637 - INFO - Confluence Evaluation | Regime: TRENDING (ADX=33.2) | Direction: HOLD | BullScore: 55.9% | BearScore: 44.1% | Active: ['ema_9', 'ema_20', 'rsi', 'vwap', 'supertrend', 'atr']
2026-08-21 13:05:05,816 - INFO - Signal evaluated: HOLD. Reason/Details: Confluence score: 56% (HOLD)
2026-08-21 13:05:06,082 - INFO - Logged heartbeat status: OK
2026-08-21 13:05:06,083 - INFO - Job "LiveRunner.process_cycle (trigger: interval[0:05:00], next run at: 2026-08-21 13:10:04 IST)" executed successfully
2026-08-21 13:10:04,498 - INFO - Running job "LiveRunner.process_cycle (trigger: interval[0:05:00], next run at: 2026-08-21 13:15:04 IST)" (scheduled at 2026-08-21 13:10:04.460756+05:30)
2026-08-21 13:10:04,516 - INFO - [bot-1787212101513-5cec] Starting signal check cycle for BTC/USDT (5m)...
2026-08-21 13:10:04,571 - INFO - Fetching recent candles for BTC/USDT (5m) [Bot: bot-1787212101513-5cec] via ProviderManager...
2026-08-21 13:10:05,056 - INFO - Indicators computed | close=76533.61 ema_9=76251.89 ema_20=75931.13 ema_50=75426.82 ema_200=73827.64 macd=340.8847 poc=64325.0 val=64025.0 vah=71925.0
2026-08-21 13:10:05,059 - INFO - [bot-1787212101513-5cec] Evaluating strategy on completed candle: 2026-08-21 07:35:00+00:00 at Close price: 76523.53
2026-08-21 13:10:05,138 - INFO - Confluence Evaluation | Regime: TRENDING (ADX=38.7) | Direction: LONG | BullScore: 100.0% | BearScore: 0.0% | Active: ['ema_9', 'ema_20', 'rsi', 'vwap', 'supertrend', 'atr']
2026-08-21 13:10:05,228 - INFO - Capping position size 0.449324 BTC to available cash equivalent 0.196018 BTC.
2026-08-21 13:10:05,239 - INFO - [bot-1787212101513-5cec] Signal LONG active pending approval already exists (ID: 165).
2026-08-21 13:10:05,480 - INFO - Logged heartbeat status: OK
2026-08-21 13:10:05,480 - INFO - Job "LiveRunner.process_cycle (trigger: interval[0:05:00], next run at: 2026-08-21 13:15:04 IST)" executed successfully
2026-08-21 13:15:04,479 - INFO - Running job "LiveRunner.process_cycle (trigger: interval[0:05:00], next run at: 2026-08-21 13:20:04 IST)" (scheduled at 2026-08-21 13:15:04.460756+05:30)
2026-08-21 13:15:04,495 - INFO - [bot-1787212101513-5cec] Starting signal check cycle for BTC/USDT (5m)...
2026-08-21 13:15:04,579 - INFO - Fetching recent candles for BTC/USDT (5m) [Bot: bot-1787212101513-5cec] via ProviderManager...
2026-08-21 13:15:05,728 - INFO - Indicators computed | close=76584.55 ema_9=76328.39 ema_20=75998.72 ema_50=75474.57 ema_200=73855.69 macd=354.3524 poc=64325.0 val=64025.0 vah=71950.0
2026-08-21 13:15:05,730 - INFO - [bot-1787212101513-5cec] Evaluating strategy on completed candle: 2026-08-21 07:40:00+00:00 at Close price: 76595.89
2026-08-21 13:15:05,896 - INFO - Confluence Evaluation | Regime: TRENDING (ADX=43.7) | Direction: LONG | BullScore: 100.0% | BearScore: 0.0% | Active: ['ema_9', 'ema_20', 'rsi', 'vwap', 'supertrend', 'atr']
2026-08-21 13:15:06,076 - INFO - Capping position size 0.716897 BTC to available cash equivalent 0.195833 BTC.
2026-08-21 13:15:06,244 - INFO - Created pending signal approval ID 192 for bot bot-1787212101513-5cec (LONG @ $76595.89, status: WAITING_APPROVAL)
2026-08-21 13:15:06,319 - INFO - [bot-1787212101513-5cec] Signal LONG generated (ID: 192). Waiting for manual user approval.
2026-08-21 13:15:06,609 - INFO - Logged heartbeat status: OK
2026-08-21 13:15:06,609 - INFO - Job "LiveRunner.process_cycle (trigger: interval[0:05:00], next run at: 2026-08-21 13:20:04 IST)" executed successfully
2026-08-21 13:20:04,515 - INFO - Running job "LiveRunner.process_cycle (trigger: interval[0:05:00], next run at: 2026-08-21 13:25:04 IST)" (scheduled at 2026-08-21 13:20:04.460756+05:30)
2026-08-21 13:20:04,532 - INFO - [bot-1787212101513-5cec] Starting signal check cycle for BTC/USDT (5m)...
2026-08-21 13:20:04,580 - INFO - Fetching recent candles for BTC/USDT (5m) [Bot: bot-1787212101513-5cec] via ProviderManager...
2026-08-21 13:20:14,630 - ERROR - Binance Spot Network Error: binance GET https://api.binance.com/api/v3/klines?interval=5m&limit=1000&symbol=BTCUSDT
--- Logging error ---
Traceback (most recent call last):
  File "/Users/ashishparadkar/Downloads/algo-code-main/.venv/lib/python3.9/site-packages/urllib3/connectionpool.py", line 534, in _make_request
    response = conn.getresponse()
  File "/Users/ashishparadkar/Downloads/algo-code-main/.venv/lib/python3.9/site-packages/urllib3/connection.py", line 571, in getresponse
    httplib_response = super().getresponse()
  File "/Library/Developer/CommandLineTools/Library/Frameworks/Python3.framework/Versions/3.9/lib/python3.9/http/client.py", line 1349, in getresponse
    response.begin()
  File "/Library/Developer/CommandLineTools/Library/Frameworks/Python3.framework/Versions/3.9/lib/python3.9/http/client.py", line 316, in begin
    version, status, reason = self._read_status()
  File "/Library/Developer/CommandLineTools/Library/Frameworks/Python3.framework/Versions/3.9/lib/python3.9/http/client.py", line 277, in _read_status
    line = str(self.fp.readline(_MAXLINE + 1), "iso-8859-1")
  File "/Library/Developer/CommandLineTools/Library/Frameworks/Python3.framework/Versions/3.9/lib/python3.9/socket.py", line 704, in readinto
    return self._sock.recv_into(b)
  File "/Library/Developer/CommandLineTools/Library/Frameworks/Python3.framework/Versions/3.9/lib/python3.9/ssl.py", line 1241, in recv_into
    return self.read(nbytes, buffer)
  File "/Library/Developer/CommandLineTools/Library/Frameworks/Python3.framework/Versions/3.9/lib/python3.9/ssl.py", line 1099, in read
    return self._sslobj.read(len, buffer)
socket.timeout: The read operation timed out

The above exception was the direct cause of the following exception:

Traceback (most recent call last):
  File "/Users/ashishparadkar/Downloads/algo-code-main/.venv/lib/python3.9/site-packages/requests/adapters.py", line 644, in send
    resp = conn.urlopen(
  File "/Users/ashishparadkar/Downloads/algo-code-main/.venv/lib/python3.9/site-packages/urllib3/connectionpool.py", line 841, in urlopen
    retries = retries.increment(
  File "/Users/ashishparadkar/Downloads/algo-code-main/.venv/lib/python3.9/site-packages/urllib3/util/retry.py", line 490, in increment
    raise reraise(type(error), error, _stacktrace)
  File "/Users/ashishparadkar/Downloads/algo-code-main/.venv/lib/python3.9/site-packages/urllib3/util/util.py", line 39, in reraise
    raise value
  File "/Users/ashishparadkar/Downloads/algo-code-main/.venv/lib/python3.9/site-packages/urllib3/connectionpool.py", line 787, in urlopen
    response = self._make_request(
  File "/Users/ashishparadkar/Downloads/algo-code-main/.venv/lib/python3.9/site-packages/urllib3/connectionpool.py", line 536, in _make_request
    self._raise_timeout(err=e, url=url, timeout_value=read_timeout)
  File "/Users/ashishparadkar/Downloads/algo-code-main/.venv/lib/python3.9/site-packages/urllib3/connectionpool.py", line 367, in _raise_timeout
    raise ReadTimeoutError(
urllib3.exceptions.ReadTimeoutError: HTTPSConnectionPool(host='api.binance.com', port=443): Read timed out. (read timeout=10.0)

During handling of the above exception, another exception occurred:

Traceback (most recent call last):
  File "/Users/ashishparadkar/Downloads/algo-code-main/.venv/lib/python3.9/site-packages/ccxt/base/exchange.py", line 665, in fetch
    response = self.session.request(
  File "/Users/ashishparadkar/Downloads/algo-code-main/.venv/lib/python3.9/site-packages/requests/sessions.py", line 589, in request
    resp = self.send(prep, **send_kwargs)
  File "/Users/ashishparadkar/Downloads/algo-code-main/.venv/lib/python3.9/site-packages/requests/sessions.py", line 703, in send
    r = adapter.send(request, **kwargs)
  File "/Users/ashishparadkar/Downloads/algo-code-main/.venv/lib/python3.9/site-packages/requests/adapters.py", line 690, in send
    raise ReadTimeout(e, request=request)
requests.exceptions.ReadTimeout: HTTPSConnectionPool(host='api.binance.com', port=443): Read timed out. (read timeout=10.0)

The above exception was the direct cause of the following exception:

Traceback (most recent call last):
  File "/Users/ashishparadkar/Downloads/algo-code-main/src/provider_manager.py", line 351, in fetch_ohlcv_safe
    df = adapter.fetch_ohlcv(instrument, timeframe, limit=limit)
  File "/Users/ashishparadkar/Downloads/algo-code-main/src/provider_manager.py", line 211, in fetch_ohlcv
    raise net_err
  File "/Users/ashishparadkar/Downloads/algo-code-main/src/provider_manager.py", line 183, in fetch_ohlcv
    raw_candles = self.exchange.fetch_ohlcv(
  File "/Users/ashishparadkar/Downloads/algo-code-main/.venv/lib/python3.9/site-packages/ccxt/binance.py", line 4759, in fetch_ohlcv
    response = self.publicGetKlines(self.extend(request, params))
  File "/Users/ashishparadkar/Downloads/algo-code-main/.venv/lib/python3.9/site-packages/ccxt/base/types.py", line 35, in unbound_method
    return _self.request(self.path, self.api, self.method, params, config=self.config)
  File "/Users/ashishparadkar/Downloads/algo-code-main/.venv/lib/python3.9/site-packages/ccxt/binance.py", line 11724, in request
    response = self.fetch2(path, api, method, params, headers, body, config)
  File "/Users/ashishparadkar/Downloads/algo-code-main/.venv/lib/python3.9/site-packages/ccxt/base/exchange.py", line 5566, in fetch2
    raise e
  File "/Users/ashishparadkar/Downloads/algo-code-main/.venv/lib/python3.9/site-packages/ccxt/base/exchange.py", line 5549, in fetch2
    response = self.fetch(request['url'], request['method'], request['headers'], request['body'])
  File "/Users/ashishparadkar/Downloads/algo-code-main/.venv/lib/python3.9/site-packages/ccxt/base/exchange.py", line 698, in fetch
    raise RequestTimeout(details) from e
ccxt.base.errors.RequestTimeout: binance GET https://api.binance.com/api/v3/klines?interval=5m&limit=1000&symbol=BTCUSDT

During handling of the above exception, another exception occurred:

Traceback (most recent call last):
  File "/Library/Developer/CommandLineTools/Library/Frameworks/Python3.framework/Versions/3.9/lib/python3.9/logging/__init__.py", line 1083, in emit
    msg = self.format(record)
  File "/Library/Developer/CommandLineTools/Library/Frameworks/Python3.framework/Versions/3.9/lib/python3.9/logging/__init__.py", line 927, in format
    return fmt.format(record)
  File "/Library/Developer/CommandLineTools/Library/Frameworks/Python3.framework/Versions/3.9/lib/python3.9/logging/__init__.py", line 663, in format
    record.message = record.getMessage()
  File "/Library/Developer/CommandLineTools/Library/Frameworks/Python3.framework/Versions/3.9/lib/python3.9/logging/__init__.py", line 367, in getMessage
    msg = msg % self.args
TypeError: must be real number, not RequestTimeout
Call stack:
  File "/Library/Developer/CommandLineTools/Library/Frameworks/Python3.framework/Versions/3.9/lib/python3.9/threading.py", line 930, in _bootstrap
    self._bootstrap_inner()
  File "/Library/Developer/CommandLineTools/Library/Frameworks/Python3.framework/Versions/3.9/lib/python3.9/threading.py", line 973, in _bootstrap_inner
    self.run()
  File "/Library/Developer/CommandLineTools/Library/Frameworks/Python3.framework/Versions/3.9/lib/python3.9/threading.py", line 910, in run
    self._target(*self._args, **self._kwargs)
  File "/Library/Developer/CommandLineTools/Library/Frameworks/Python3.framework/Versions/3.9/lib/python3.9/concurrent/futures/thread.py", line 77, in _worker
    work_item.run()
  File "/Library/Developer/CommandLineTools/Library/Frameworks/Python3.framework/Versions/3.9/lib/python3.9/concurrent/futures/thread.py", line 52, in run
    result = self.fn(*self.args, **self.kwargs)
  File "/Users/ashishparadkar/Downloads/algo-code-main/.venv/lib/python3.9/site-packages/apscheduler/executors/base.py", line 131, in run_job
    retval = job.func(*job.args, **job.kwargs)
  File "/Users/ashishparadkar/Downloads/algo-code-main/src/live_runner.py", line 199, in process_cycle
    df, _ = self.provider_manager.fetch_ohlcv_safe(self.symbol, self.timeframe, limit=1000)
  File "/Users/ashishparadkar/Downloads/algo-code-main/src/provider_manager.py", line 362, in fetch_ohlcv_safe
    logger.warning(
Message: 'Retryable network failure for %s (Attempt %d/%d). Backing off %.2fs: %s'
Arguments: ('BTC/USDT', 1, 3, RequestTimeout('binance GET https://api.binance.com/api/v3/klines?interval=5m&limit=1000&symbol=BTCUSDT'))
2026-08-21 13:20:16,489 - ERROR - Binance Spot Network Error: binance GET https://api.binance.com/api/v3/klines?interval=5m&limit=1000&symbol=BTCUSDT
--- Logging error ---
Traceback (most recent call last):
  File "/Users/ashishparadkar/Downloads/algo-code-main/.venv/lib/python3.9/site-packages/urllib3/connection.py", line 204, in _new_conn
    sock = connection.create_connection(
  File "/Users/ashishparadkar/Downloads/algo-code-main/.venv/lib/python3.9/site-packages/urllib3/util/connection.py", line 60, in create_connection
    for res in socket.getaddrinfo(host, port, family, socket.SOCK_STREAM):
  File "/Library/Developer/CommandLineTools/Library/Frameworks/Python3.framework/Versions/3.9/lib/python3.9/socket.py", line 953, in getaddrinfo
    for res in _socket.getaddrinfo(host, port, family, type, proto, flags):
socket.gaierror: [Errno 8] nodename nor servname provided, or not known

The above exception was the direct cause of the following exception:

Traceback (most recent call last):
  File "/Users/ashishparadkar/Downloads/algo-code-main/.venv/lib/python3.9/site-packages/urllib3/connectionpool.py", line 787, in urlopen
    response = self._make_request(
  File "/Users/ashishparadkar/Downloads/algo-code-main/.venv/lib/python3.9/site-packages/urllib3/connectionpool.py", line 488, in _make_request
    raise new_e
  File "/Users/ashishparadkar/Downloads/algo-code-main/.venv/lib/python3.9/site-packages/urllib3/connectionpool.py", line 464, in _make_request
    self._validate_conn(conn)
  File "/Users/ashishparadkar/Downloads/algo-code-main/.venv/lib/python3.9/site-packages/urllib3/connectionpool.py", line 1093, in _validate_conn
    conn.connect()
  File "/Users/ashishparadkar/Downloads/algo-code-main/.venv/lib/python3.9/site-packages/urllib3/connection.py", line 759, in connect
    self.sock = sock = self._new_conn()
  File "/Users/ashishparadkar/Downloads/algo-code-main/.venv/lib/python3.9/site-packages/urllib3/connection.py", line 211, in _new_conn
    raise NameResolutionError(self.host, self, e) from e
urllib3.exceptions.NameResolutionError: HTTPSConnection(host='api.binance.com', port=443): Failed to resolve 'api.binance.com' ([Errno 8] nodename nor servname provided, or not known)

The above exception was the direct cause of the following exception:

Traceback (most recent call last):
  File "/Users/ashishparadkar/Downloads/algo-code-main/.venv/lib/python3.9/site-packages/requests/adapters.py", line 644, in send
    resp = conn.urlopen(
  File "/Users/ashishparadkar/Downloads/algo-code-main/.venv/lib/python3.9/site-packages/urllib3/connectionpool.py", line 841, in urlopen
    retries = retries.increment(
  File "/Users/ashishparadkar/Downloads/algo-code-main/.venv/lib/python3.9/site-packages/urllib3/util/retry.py", line 535, in increment
    raise MaxRetryError(_pool, url, reason) from reason  # type: ignore[arg-type]
urllib3.exceptions.MaxRetryError: HTTPSConnectionPool(host='api.binance.com', port=443): Max retries exceeded with url: /api/v3/klines?interval=5m&limit=1000&symbol=BTCUSDT (Caused by NameResolutionError("HTTPSConnection(host='api.binance.com', port=443): Failed to resolve 'api.binance.com' ([Errno 8] nodename nor servname provided, or not known)"))

During handling of the above exception, another exception occurred:

Traceback (most recent call last):
  File "/Users/ashishparadkar/Downloads/algo-code-main/.venv/lib/python3.9/site-packages/ccxt/base/exchange.py", line 665, in fetch
    response = self.session.request(
  File "/Users/ashishparadkar/Downloads/algo-code-main/.venv/lib/python3.9/site-packages/requests/sessions.py", line 589, in request
    resp = self.send(prep, **send_kwargs)
  File "/Users/ashishparadkar/Downloads/algo-code-main/.venv/lib/python3.9/site-packages/requests/sessions.py", line 703, in send
    r = adapter.send(request, **kwargs)
  File "/Users/ashishparadkar/Downloads/algo-code-main/.venv/lib/python3.9/site-packages/requests/adapters.py", line 677, in send
    raise ConnectionError(e, request=request)
requests.exceptions.ConnectionError: HTTPSConnectionPool(host='api.binance.com', port=443): Max retries exceeded with url: /api/v3/klines?interval=5m&limit=1000&symbol=BTCUSDT (Caused by NameResolutionError("HTTPSConnection(host='api.binance.com', port=443): Failed to resolve 'api.binance.com' ([Errno 8] nodename nor servname provided, or not known)"))

The above exception was the direct cause of the following exception:

Traceback (most recent call last):
  File "/Users/ashishparadkar/Downloads/algo-code-main/src/provider_manager.py", line 351, in fetch_ohlcv_safe
    df = adapter.fetch_ohlcv(instrument, timeframe, limit=limit)
  File "/Users/ashishparadkar/Downloads/algo-code-main/src/provider_manager.py", line 211, in fetch_ohlcv
    raise net_err
  File "/Users/ashishparadkar/Downloads/algo-code-main/src/provider_manager.py", line 183, in fetch_ohlcv
    raw_candles = self.exchange.fetch_ohlcv(
  File "/Users/ashishparadkar/Downloads/algo-code-main/.venv/lib/python3.9/site-packages/ccxt/binance.py", line 4759, in fetch_ohlcv
    response = self.publicGetKlines(self.extend(request, params))
  File "/Users/ashishparadkar/Downloads/algo-code-main/.venv/lib/python3.9/site-packages/ccxt/base/types.py", line 35, in unbound_method
    return _self.request(self.path, self.api, self.method, params, config=self.config)
  File "/Users/ashishparadkar/Downloads/algo-code-main/.venv/lib/python3.9/site-packages/ccxt/binance.py", line 11724, in request
    response = self.fetch2(path, api, method, params, headers, body, config)
  File "/Users/ashishparadkar/Downloads/algo-code-main/.venv/lib/python3.9/site-packages/ccxt/base/exchange.py", line 5566, in fetch2
    raise e
  File "/Users/ashishparadkar/Downloads/algo-code-main/.venv/lib/python3.9/site-packages/ccxt/base/exchange.py", line 5549, in fetch2
    response = self.fetch(request['url'], request['method'], request['headers'], request['body'])
  File "/Users/ashishparadkar/Downloads/algo-code-main/.venv/lib/python3.9/site-packages/ccxt/base/exchange.py", line 721, in fetch
    raise NetworkError(details) from e
ccxt.base.errors.NetworkError: binance GET https://api.binance.com/api/v3/klines?interval=5m&limit=1000&symbol=BTCUSDT

During handling of the above exception, another exception occurred:

Traceback (most recent call last):
  File "/Library/Developer/CommandLineTools/Library/Frameworks/Python3.framework/Versions/3.9/lib/python3.9/logging/__init__.py", line 1083, in emit
    msg = self.format(record)
  File "/Library/Developer/CommandLineTools/Library/Frameworks/Python3.framework/Versions/3.9/lib/python3.9/logging/__init__.py", line 927, in format
    return fmt.format(record)
  File "/Library/Developer/CommandLineTools/Library/Frameworks/Python3.framework/Versions/3.9/lib/python3.9/logging/__init__.py", line 663, in format
    record.message = record.getMessage()
  File "/Library/Developer/CommandLineTools/Library/Frameworks/Python3.framework/Versions/3.9/lib/python3.9/logging/__init__.py", line 367, in getMessage
    msg = msg % self.args
TypeError: must be real number, not NetworkError
Call stack:
  File "/Library/Developer/CommandLineTools/Library/Frameworks/Python3.framework/Versions/3.9/lib/python3.9/threading.py", line 930, in _bootstrap
    self._bootstrap_inner()
  File "/Library/Developer/CommandLineTools/Library/Frameworks/Python3.framework/Versions/3.9/lib/python3.9/threading.py", line 973, in _bootstrap_inner
    self.run()
  File "/Library/Developer/CommandLineTools/Library/Frameworks/Python3.framework/Versions/3.9/lib/python3.9/threading.py", line 910, in run
    self._target(*self._args, **self._kwargs)
  File "/Library/Developer/CommandLineTools/Library/Frameworks/Python3.framework/Versions/3.9/lib/python3.9/concurrent/futures/thread.py", line 77, in _worker
    work_item.run()
  File "/Library/Developer/CommandLineTools/Library/Frameworks/Python3.framework/Versions/3.9/lib/python3.9/concurrent/futures/thread.py", line 52, in run
    result = self.fn(*self.args, **self.kwargs)
  File "/Users/ashishparadkar/Downloads/algo-code-main/.venv/lib/python3.9/site-packages/apscheduler/executors/base.py", line 131, in run_job
    retval = job.func(*job.args, **job.kwargs)
  File "/Users/ashishparadkar/Downloads/algo-code-main/src/live_runner.py", line 199, in process_cycle
    df, _ = self.provider_manager.fetch_ohlcv_safe(self.symbol, self.timeframe, limit=1000)
  File "/Users/ashishparadkar/Downloads/algo-code-main/src/provider_manager.py", line 362, in fetch_ohlcv_safe
    logger.warning(
Message: 'Retryable network failure for %s (Attempt %d/%d). Backing off %.2fs: %s'
Arguments: ('BTC/USDT', 2, 3, NetworkError('binance GET https://api.binance.com/api/v3/klines?interval=5m&limit=1000&symbol=BTCUSDT'))
2026-08-21 13:20:18,774 - ERROR - Binance Spot Network Error: binance GET https://api.binance.com/api/v3/klines?interval=5m&limit=1000&symbol=BTCUSDT
2026-08-21 13:20:18,775 - ERROR - System Error in runner execution cycle: binance GET https://api.binance.com/api/v3/klines?interval=5m&limit=1000&symbol=BTCUSDT
Traceback (most recent call last):
  File "/Users/ashishparadkar/Downloads/algo-code-main/.venv/lib/python3.9/site-packages/urllib3/connection.py", line 204, in _new_conn
    sock = connection.create_connection(
  File "/Users/ashishparadkar/Downloads/algo-code-main/.venv/lib/python3.9/site-packages/urllib3/util/connection.py", line 60, in create_connection
    for res in socket.getaddrinfo(host, port, family, socket.SOCK_STREAM):
  File "/Library/Developer/CommandLineTools/Library/Frameworks/Python3.framework/Versions/3.9/lib/python3.9/socket.py", line 953, in getaddrinfo
    for res in _socket.getaddrinfo(host, port, family, type, proto, flags):
socket.gaierror: [Errno 8] nodename nor servname provided, or not known

The above exception was the direct cause of the following exception:

Traceback (most recent call last):
  File "/Users/ashishparadkar/Downloads/algo-code-main/.venv/lib/python3.9/site-packages/urllib3/connectionpool.py", line 787, in urlopen
    response = self._make_request(
  File "/Users/ashishparadkar/Downloads/algo-code-main/.venv/lib/python3.9/site-packages/urllib3/connectionpool.py", line 488, in _make_request
    raise new_e
  File "/Users/ashishparadkar/Downloads/algo-code-main/.venv/lib/python3.9/site-packages/urllib3/connectionpool.py", line 464, in _make_request
    self._validate_conn(conn)
  File "/Users/ashishparadkar/Downloads/algo-code-main/.venv/lib/python3.9/site-packages/urllib3/connectionpool.py", line 1093, in _validate_conn
    conn.connect()
  File "/Users/ashishparadkar/Downloads/algo-code-main/.venv/lib/python3.9/site-packages/urllib3/connection.py", line 759, in connect
    self.sock = sock = self._new_conn()
  File "/Users/ashishparadkar/Downloads/algo-code-main/.venv/lib/python3.9/site-packages/urllib3/connection.py", line 211, in _new_conn
    raise NameResolutionError(self.host, self, e) from e
urllib3.exceptions.NameResolutionError: HTTPSConnection(host='api.binance.com', port=443): Failed to resolve 'api.binance.com' ([Errno 8] nodename nor servname provided, or not known)

The above exception was the direct cause of the following exception:

Traceback (most recent call last):
  File "/Users/ashishparadkar/Downloads/algo-code-main/.venv/lib/python3.9/site-packages/requests/adapters.py", line 644, in send
    resp = conn.urlopen(
  File "/Users/ashishparadkar/Downloads/algo-code-main/.venv/lib/python3.9/site-packages/urllib3/connectionpool.py", line 841, in urlopen
    retries = retries.increment(
  File "/Users/ashishparadkar/Downloads/algo-code-main/.venv/lib/python3.9/site-packages/urllib3/util/retry.py", line 535, in increment
    raise MaxRetryError(_pool, url, reason) from reason  # type: ignore[arg-type]
urllib3.exceptions.MaxRetryError: HTTPSConnectionPool(host='api.binance.com', port=443): Max retries exceeded with url: /api/v3/klines?interval=5m&limit=1000&symbol=BTCUSDT (Caused by NameResolutionError("HTTPSConnection(host='api.binance.com', port=443): Failed to resolve 'api.binance.com' ([Errno 8] nodename nor servname provided, or not known)"))

During handling of the above exception, another exception occurred:

Traceback (most recent call last):
  File "/Users/ashishparadkar/Downloads/algo-code-main/.venv/lib/python3.9/site-packages/ccxt/base/exchange.py", line 665, in fetch
    response = self.session.request(
  File "/Users/ashishparadkar/Downloads/algo-code-main/.venv/lib/python3.9/site-packages/requests/sessions.py", line 589, in request
    resp = self.send(prep, **send_kwargs)
  File "/Users/ashishparadkar/Downloads/algo-code-main/.venv/lib/python3.9/site-packages/requests/sessions.py", line 703, in send
    r = adapter.send(request, **kwargs)
  File "/Users/ashishparadkar/Downloads/algo-code-main/.venv/lib/python3.9/site-packages/requests/adapters.py", line 677, in send
    raise ConnectionError(e, request=request)
requests.exceptions.ConnectionError: HTTPSConnectionPool(host='api.binance.com', port=443): Max retries exceeded with url: /api/v3/klines?interval=5m&limit=1000&symbol=BTCUSDT (Caused by NameResolutionError("HTTPSConnection(host='api.binance.com', port=443): Failed to resolve 'api.binance.com' ([Errno 8] nodename nor servname provided, or not known)"))

The above exception was the direct cause of the following exception:

Traceback (most recent call last):
  File "/Users/ashishparadkar/Downloads/algo-code-main/src/live_runner.py", line 199, in process_cycle
    df, _ = self.provider_manager.fetch_ohlcv_safe(self.symbol, self.timeframe, limit=1000)
  File "/Users/ashishparadkar/Downloads/algo-code-main/src/provider_manager.py", line 359, in fetch_ohlcv_safe
    raise retryable_err
  File "/Users/ashishparadkar/Downloads/algo-code-main/src/provider_manager.py", line 351, in fetch_ohlcv_safe
    df = adapter.fetch_ohlcv(instrument, timeframe, limit=limit)
  File "/Users/ashishparadkar/Downloads/algo-code-main/src/provider_manager.py", line 211, in fetch_ohlcv
    raise net_err
  File "/Users/ashishparadkar/Downloads/algo-code-main/src/provider_manager.py", line 183, in fetch_ohlcv
    raw_candles = self.exchange.fetch_ohlcv(
  File "/Users/ashishparadkar/Downloads/algo-code-main/.venv/lib/python3.9/site-packages/ccxt/binance.py", line 4759, in fetch_ohlcv
    response = self.publicGetKlines(self.extend(request, params))
  File "/Users/ashishparadkar/Downloads/algo-code-main/.venv/lib/python3.9/site-packages/ccxt/base/types.py", line 35, in unbound_method
    return _self.request(self.path, self.api, self.method, params, config=self.config)
  File "/Users/ashishparadkar/Downloads/algo-code-main/.venv/lib/python3.9/site-packages/ccxt/binance.py", line 11724, in request
    response = self.fetch2(path, api, method, params, headers, body, config)
  File "/Users/ashishparadkar/Downloads/algo-code-main/.venv/lib/python3.9/site-packages/ccxt/base/exchange.py", line 5566, in fetch2
    raise e
  File "/Users/ashishparadkar/Downloads/algo-code-main/.venv/lib/python3.9/site-packages/ccxt/base/exchange.py", line 5549, in fetch2
    response = self.fetch(request['url'], request['method'], request['headers'], request['body'])
  File "/Users/ashishparadkar/Downloads/algo-code-main/.venv/lib/python3.9/site-packages/ccxt/base/exchange.py", line 721, in fetch
    raise NetworkError(details) from e
ccxt.base.errors.NetworkError: binance GET https://api.binance.com/api/v3/klines?interval=5m&limit=1000&symbol=BTCUSDT
2026-08-21 13:20:18,870 - WARNING - [bot-1787212101513-5cec] Marked bot as non-retryable configuration error to prevent infinite error storm.
2026-08-21 13:20:18,993 - WARNING - Telegram alert [GENERAL] failed (Connection Error: HTTPSConnectionPool(host='api.telegram.org', port=443): Max retries exceeded with url: /bot8865086302:AAHhh3VL9czoQRSnw8Hf9iyDEwGJnqQTtqc/sendMessage (Caused by NameResolutionError("HTTPSConnection(host='api.telegram.org', port=443): Failed to resolve 'api.telegram.org' ([Errno 8] nodename nor servname provided, or not known)"))). Re-queueing retry 1/3 in 1.0s
2026-08-21 13:20:19,167 - INFO - Logged heartbeat status: ERROR
2026-08-21 13:20:19,168 - INFO - Job "LiveRunner.process_cycle (trigger: interval[0:05:00], next run at: 2026-08-21 13:25:04 IST)" executed successfully
2026-08-21 13:20:20,002 - WARNING - Telegram alert [GENERAL] failed (Connection Error: HTTPSConnectionPool(host='api.telegram.org', port=443): Max retries exceeded with url: /bot8865086302:AAHhh3VL9czoQRSnw8Hf9iyDEwGJnqQTtqc/sendMessage (Caused by NameResolutionError("HTTPSConnection(host='api.telegram.org', port=443): Failed to resolve 'api.telegram.org' ([Errno 8] nodename nor servname provided, or not known)"))). Re-queueing retry 2/3 in 2.0s
2026-08-21 13:20:21,020 - WARNING - Telegram alert [GENERAL] failed (Connection Error: HTTPSConnectionPool(host='api.telegram.org', port=443): Max retries exceeded with url: /bot8865086302:AAHhh3VL9czoQRSnw8Hf9iyDEwGJnqQTtqc/sendMessage (Caused by NameResolutionError("HTTPSConnection(host='api.telegram.org', port=443): Failed to resolve 'api.telegram.org' ([Errno 8] nodename nor servname provided, or not known)"))). Re-queueing retry 3/3 in 4.0s
2026-08-21 13:20:22,029 - ERROR - Telegram alert [GENERAL] failed permanently after 3 retries: Connection Error: HTTPSConnectionPool(host='api.telegram.org', port=443): Max retries exceeded with url: /bot8865086302:AAHhh3VL9czoQRSnw8Hf9iyDEwGJnqQTtqc/sendMessage (Caused by NameResolutionError("HTTPSConnection(host='api.telegram.org', port=443): Failed to resolve 'api.telegram.org' ([Errno 8] nodename nor servname provided, or not known)"))
2026-08-21 13:25:04,479 - INFO - Running job "LiveRunner.process_cycle (trigger: interval[0:05:00], next run at: 2026-08-21 13:30:04 IST)" (scheduled at 2026-08-21 13:25:04.460756+05:30)
2026-08-21 13:25:04,485 - ERROR - [bot-1787212101513-5cec] Halting runner cycle: Bot is configured with unexecutable instrument 'BTC/USDT'. Error: Fatal Non-Retryable Error: binance GET https://api.binance.com/api/v3/klines?interval=5m&limit=1000&symbol=BTCUSDT
2026-08-21 13:25:04,617 - INFO - Job "LiveRunner.process_cycle (trigger: interval[0:05:00], next run at: 2026-08-21 13:30:04 IST)" executed successfully
2026-08-21 13:30:04,475 - INFO - Running job "LiveRunner.process_cycle (trigger: interval[0:05:00], next run at: 2026-08-21 13:35:04 IST)" (scheduled at 2026-08-21 13:30:04.460756+05:30)
2026-08-21 13:30:04,475 - ERROR - [bot-1787212101513-5cec] Halting runner cycle: Bot is configured with unexecutable instrument 'BTC/USDT'. Error: Fatal Non-Retryable Error: binance GET https://api.binance.com/api/v3/klines?interval=5m&limit=1000&symbol=BTCUSDT
2026-08-21 13:30:04,619 - INFO - Job "LiveRunner.process_cycle (trigger: interval[0:05:00], next run at: 2026-08-21 13:35:04 IST)" executed successfully
2026-08-21 13:35:04,532 - INFO - Running job "LiveRunner.process_cycle (trigger: interval[0:05:00], next run at: 2026-08-21 13:40:04 IST)" (scheduled at 2026-08-21 13:35:04.460756+05:30)
2026-08-21 13:35:04,538 - ERROR - [bot-1787212101513-5cec] Halting runner cycle: Bot is configured with unexecutable instrument 'BTC/USDT'. Error: Fatal Non-Retryable Error: binance GET https://api.binance.com/api/v3/klines?interval=5m&limit=1000&symbol=BTCUSDT
2026-08-21 13:35:04,696 - INFO - Job "LiveRunner.process_cycle (trigger: interval[0:05:00], next run at: 2026-08-21 13:40:04 IST)" executed successfully
/Users/ashishparadkar/Downloads/algo-code-main/.venv/lib/python3.9/site-packages/urllib3/__init__.py:35: NotOpenSSLWarning: urllib3 v2 only supports OpenSSL 1.1.1+, currently the 'ssl' module is compiled with 'LibreSSL 2.8.3'. See: https://github.com/urllib3/urllib3/issues/3020
  warnings.warn(
2026-08-21 14:50:33,678 - INFO - Bot state startup reconciliation finished: 0 bot(s) reconciled to STOPPED.
2026-08-21 14:50:34,043 - INFO - Telegram notification service initialized successfully (Chat ID: 5657...)
2026-08-21 14:50:34,052 - INFO - Initializing scheduled trading bot live runner for bot-1787212101513-5cec...
2026-08-21 14:50:34,269 - INFO - SQLite database tables verified/created.
2026-08-21 14:50:34,792 - INFO - Initializing CCXT Binance in TESTNET mode.
2026-08-21 14:50:49,103 - INFO - [bot-1787212101513-5cec] Pre-flight instrument resolved: BTC/USDT (SPOT via binance_spot)
2026-08-21 14:50:49,298 - INFO - [bot-1787212101513-5cec] Starting signal check cycle for BTC/USDT (5m)...
2026-08-21 14:50:49,307 - INFO - Fetching recent candles for BTC/USDT (5m) [Bot: bot-1787212101513-5cec] via ProviderManager...
/Users/ashishparadkar/Downloads/algo-code-main/.venv/lib/python3.9/site-packages/urllib3/__init__.py:35: NotOpenSSLWarning: urllib3 v2 only supports OpenSSL 1.1.1+, currently the 'ssl' module is compiled with 'LibreSSL 2.8.3'. See: https://github.com/urllib3/urllib3/issues/3020
  warnings.warn(
2026-08-21 15:30:01,913 - INFO - Bot state startup reconciliation finished: 0 bot(s) reconciled to STOPPED.
2026-08-21 15:30:02,165 - INFO - Telegram notification service initialized successfully (Chat ID: 5657...)
2026-08-21 15:30:02,334 - INFO - Initializing scheduled trading bot live runner for bot-1787212101513-5cec...
2026-08-21 15:30:02,420 - INFO - SQLite database tables verified/created.
2026-08-21 15:30:02,829 - INFO - Initializing CCXT Binance in TESTNET mode.
2026-08-21 15:30:14,253 - INFO - [bot-1787212101513-5cec] Pre-flight instrument resolved: BTC/USDT (SPOT via binance_spot)
2026-08-21 15:30:14,316 - INFO - [bot-1787212101513-5cec] Starting signal check cycle for BTC/USDT (5m)...
2026-08-21 15:30:14,496 - INFO - Fetching recent candles for BTC/USDT (5m) [Bot: bot-1787212101513-5cec] via ProviderManager...
2026-08-21 15:31:23,283 - INFO - Indicators computed | close=77875.27 ema_9=77956.81 ema_20=77745.79 ema_50=76971.88 ema_200=74752.70 macd=334.7528 poc=64250.0 val=64025.0 vah=72475.0
2026-08-21 15:31:23,316 - INFO - [bot-1787212101513-5cec] Evaluating strategy on completed candle: 2026-08-21 09:55:00+00:00 at Close price: 77910.71
2026-08-21 15:31:25,454 - INFO - Confluence Evaluation | Regime: TRENDING (ADX=33.1) | Direction: HOLD | BullScore: 44.1% | BearScore: 55.9% | Active: ['ema_9', 'ema_20', 'rsi', 'vwap', 'supertrend', 'atr']
2026-08-21 15:31:26,213 - INFO - Signal evaluated: HOLD. Reason/Details: Confluence score: 56% (HOLD)
2026-08-21 15:31:30,162 - INFO - Logged heartbeat status: OK
2026-08-21 15:31:30,206 - INFO - Adding job tentatively -- it will be properly scheduled when the scheduler starts
2026-08-21 15:31:30,206 - INFO - Bot bot-1787212101513-5cec scheduled to check every 5 minutes.
2026-08-21 15:31:30,216 - INFO - Added job "LiveRunner.process_cycle" to job store "default"
2026-08-21 15:31:30,216 - INFO - Scheduler started
/Users/ashishparadkar/Downloads/algo-code-main/.venv/lib/python3.9/site-packages/urllib3/__init__.py:35: NotOpenSSLWarning: urllib3 v2 only supports OpenSSL 1.1.1+, currently the 'ssl' module is compiled with 'LibreSSL 2.8.3'. See: https://github.com/urllib3/urllib3/issues/3020
  warnings.warn(
2026-08-21 18:13:10,738 - INFO - Bot state startup reconciliation finished: 0 bot(s) reconciled to STOPPED.
2026-08-21 18:13:10,981 - INFO - Telegram notification service initialized successfully (Chat ID: 5657...)
2026-08-21 18:13:10,993 - INFO - Initializing scheduled trading bot live runner for bot-1787212101513-5cec...
2026-08-21 18:13:11,037 - INFO - SQLite database tables verified/created.
2026-08-21 18:13:11,592 - INFO - Initializing CCXT Binance in TESTNET mode.
2026-08-21 18:13:26,385 - INFO - [bot-1787212101513-5cec] Pre-flight instrument resolved: BTC/USDT (SPOT via binance_spot)
2026-08-21 18:13:26,418 - INFO - [bot-1787212101513-5cec] Starting signal check cycle for BTC/USDT (5m)...
2026-08-21 18:13:26,426 - INFO - Fetching recent candles for BTC/USDT (5m) [Bot: bot-1787212101513-5cec] via ProviderManager...
2026-08-21 18:14:52,072 - INFO - Indicators computed | close=77415.73 ema_9=76994.64 ema_20=77075.80 ema_50=77128.65 ema_200=75448.31 macd=-135.8090 poc=64250.0 val=64025.0 vah=72775.0
2026-08-21 18:14:52,107 - INFO - [bot-1787212101513-5cec] Evaluating strategy on completed candle: 2026-08-21 12:35:00+00:00 at Close price: 77230.98
2026-08-21 18:14:54,379 - INFO - Confluence Evaluation | Regime: TRENDING (ADX=60.3) | Direction: LONG | BullScore: 88.2% | BearScore: 11.8% | Active: ['ema_9', 'ema_20', 'rsi', 'vwap', 'supertrend', 'atr']
2026-08-21 18:14:54,725 - INFO - Capping position size 0.436815 BTC to available cash equivalent 0.194223 BTC.
2026-08-21 18:14:55,669 - INFO - Created pending signal approval ID 202 for bot bot-1787212101513-5cec (LONG @ $77230.98, status: WAITING_APPROVAL)
2026-08-21 18:14:55,737 - INFO - [bot-1787212101513-5cec] Signal LONG generated (ID: 202). Waiting for manual user approval.
2026-08-21 18:14:57,572 - INFO - Logged heartbeat status: OK
2026-08-21 18:14:58,450 - INFO - Adding job tentatively -- it will be properly scheduled when the scheduler starts
2026-08-21 18:14:58,452 - INFO - Bot bot-1787212101513-5cec scheduled to check every 5 minutes.
2026-08-21 18:14:58,460 - INFO - Added job "LiveRunner.process_cycle" to job store "default"
2026-08-21 18:14:58,460 - INFO - Scheduler started
/Users/ashishparadkar/Downloads/algo-code-main/.venv/lib/python3.9/site-packages/urllib3/__init__.py:35: NotOpenSSLWarning: urllib3 v2 only supports OpenSSL 1.1.1+, currently the 'ssl' module is compiled with 'LibreSSL 2.8.3'. See: https://github.com/urllib3/urllib3/issues/3020
  warnings.warn(
2026-08-21 20:26:40,794 - INFO - Bot state startup reconciliation finished: 0 bot(s) reconciled to STOPPED.
2026-08-21 20:26:41,198 - INFO - Telegram notification service initialized successfully (Chat ID: 5657...)
2026-08-21 20:26:41,361 - INFO - Initializing scheduled trading bot live runner for bot-1787212101513-5cec...
2026-08-21 20:26:41,642 - INFO - SQLite database tables verified/created.
2026-08-21 20:26:41,821 - INFO - Initializing CCXT Binance in TESTNET mode.
2026-08-21 20:26:57,993 - INFO - [bot-1787212101513-5cec] Pre-flight instrument resolved: BTC/USDT (SPOT via binance_spot)
2026-08-21 20:26:58,283 - INFO - [bot-1787212101513-5cec] Starting signal check cycle for BTC/USDT (5m)...
2026-08-21 20:26:58,641 - INFO - Fetching recent candles for BTC/USDT (5m) [Bot: bot-1787212101513-5cec] via ProviderManager...
2026-08-21 20:28:15,484 - INFO - Indicators computed | close=77342.90 ema_9=77167.72 ema_20=77111.63 ema_50=77111.59 ema_200=75840.18 macd=29.1128 poc=64250.0 val=64025.0 vah=73700.0
2026-08-21 20:28:15,496 - INFO - [bot-1787212101513-5cec] Evaluating strategy on completed candle: 2026-08-21 14:50:00+00:00 at Close price: 77307.08
2026-08-21 20:28:18,412 - INFO - Confluence Evaluation | Regime: RANGING (ADX=13.6) | Direction: HOLD | BullScore: 26.2% | BearScore: 73.8% | Active: ['ema_9', 'ema_20', 'rsi', 'vwap', 'supertrend', 'atr']
2026-08-21 20:28:18,724 - INFO - Signal evaluated: HOLD. Reason/Details: Confluence score: 74% (HOLD)
2026-08-21 20:28:19,794 - INFO - Logged heartbeat status: OK
2026-08-21 20:28:22,003 - INFO - Adding job tentatively -- it will be properly scheduled when the scheduler starts
2026-08-21 20:28:22,424 - INFO - Bot bot-1787212101513-5cec scheduled to check every 5 minutes.
2026-08-21 20:28:22,969 - INFO - Added job "LiveRunner.process_cycle" to job store "default"
2026-08-21 20:28:22,969 - INFO - Scheduler started
/Users/ashishparadkar/Downloads/algo-code-main/.venv/lib/python3.9/site-packages/urllib3/__init__.py:35: NotOpenSSLWarning: urllib3 v2 only supports OpenSSL 1.1.1+, currently the 'ssl' module is compiled with 'LibreSSL 2.8.3'. See: https://github.com/urllib3/urllib3/issues/3020
  warnings.warn(
2026-08-21 21:32:20,910 - INFO - Bot state startup reconciliation finished: 0 bot(s) reconciled to STOPPED.
2026-08-21 21:32:21,408 - INFO - Telegram notification service initialized successfully (Chat ID: 5657...)
2026-08-21 21:32:21,425 - INFO - Initializing scheduled trading bot live runner for bot-1787212101513-5cec...
2026-08-21 21:32:21,844 - INFO - SQLite database tables verified/created.
2026-08-21 21:32:22,066 - INFO - Initializing CCXT Binance in TESTNET mode.
2026-08-21 21:32:49,827 - INFO - [bot-1787212101513-5cec] Pre-flight instrument resolved: BTC/USDT (SPOT via binance_spot)
2026-08-21 21:32:49,864 - INFO - [bot-1787212101513-5cec] Starting signal check cycle for BTC/USDT (5m)...
2026-08-21 21:32:49,881 - INFO - Fetching recent candles for BTC/USDT (5m) [Bot: bot-1787212101513-5cec] via ProviderManager...
2026-08-21 21:36:08,015 - INFO - Indicators computed | close=77143.83 ema_9=77307.79 ema_20=77328.62 ema_50=77254.75 ema_200=76052.84 macd=17.5949 poc=64250.0 val=64025.0 vah=74275.0
2026-08-21 21:36:09,468 - INFO - [bot-1787212101513-5cec] Evaluating strategy on completed candle: 2026-08-21 16:00:00+00:00 at Close price: 77088.00
2026-08-21 21:36:20,751 - INFO - Confluence Evaluation | Regime: TRENDING (ADX=29.5) | Direction: HOLD | BullScore: 0.0% | BearScore: 55.9% | Active: ['ema_9', 'ema_20', 'rsi', 'vwap', 'supertrend', 'atr']
2026-08-21 21:36:24,611 - INFO - Signal evaluated: HOLD. Reason/Details: Confluence score: 56% (HOLD)
2026-08-21 21:36:26,022 - INFO - Logged heartbeat status: OK
2026-08-21 21:36:30,589 - INFO - Adding job tentatively -- it will be properly scheduled when the scheduler starts
2026-08-21 21:36:30,592 - INFO - Bot bot-1787212101513-5cec scheduled to check every 5 minutes.
2026-08-21 21:36:30,608 - INFO - Added job "LiveRunner.process_cycle" to job store "default"
2026-08-21 21:36:30,609 - INFO - Scheduler started
2026-08-21 21:41:41,561 - WARNING - Run time of job "LiveRunner.process_cycle (trigger: interval[0:05:00], next run at: 2026-08-21 21:46:30 IST)" was missed by 0:00:10.922575
2026-08-21 21:46:33,406 - WARNING - Run time of job "LiveRunner.process_cycle (trigger: interval[0:05:00], next run at: 2026-08-21 21:46:30 IST)" was missed by 0:00:02.812580
2026-08-21 21:51:33,963 - WARNING - Run time of job "LiveRunner.process_cycle (trigger: interval[0:05:00], next run at: 2026-08-21 21:56:30 IST)" was missed by 0:00:03.035874
2026-08-21 21:56:32,765 - WARNING - Run time of job "LiveRunner.process_cycle (trigger: interval[0:05:00], next run at: 2026-08-21 22:01:30 IST)" was missed by 0:00:01.826763
2026-08-21 22:01:31,503 - INFO - Running job "LiveRunner.process_cycle (trigger: interval[0:05:00], next run at: 2026-08-21 22:06:30 IST)" (scheduled at 2026-08-21 22:01:30.574957+05:30)
2026-08-21 22:01:36,954 - INFO - [bot-1787212101513-5cec] Starting signal check cycle for BTC/USDT (5m)...
2026-08-21 22:01:38,661 - INFO - Fetching recent candles for BTC/USDT (5m) [Bot: bot-1787212101513-5cec] via ProviderManager...
2026-08-21 22:02:27,197 - INFO - Indicators computed | close=77299.65 ema_9=77231.95 ema_20=77262.70 ema_50=77234.42 ema_200=76105.52 macd=-16.7492 poc=69350.0 val=64025.0 vah=74450.0
2026-08-21 22:02:27,643 - INFO - [bot-1787212101513-5cec] Evaluating strategy on completed candle: 2026-08-21 16:25:00+00:00 at Close price: 77383.87
2026-08-21 22:02:29,641 - INFO - Confluence Evaluation | Regime: TRENDING (ADX=39.1) | Direction: LONG | BullScore: 88.2% | BearScore: 11.8% | Active: ['ema_9', 'ema_20', 'rsi', 'vwap', 'supertrend', 'atr']
2026-08-21 22:02:31,325 - INFO - Capping position size 0.443892 BTC to available cash equivalent 0.193839 BTC.
2026-08-21 22:02:32,181 - INFO - Created pending signal approval ID 212 for bot bot-1787212101513-5cec (LONG @ $77383.87, status: WAITING_APPROVAL)
2026-08-21 22:02:32,782 - INFO - [bot-1787212101513-5cec] Signal LONG generated (ID: 212). Waiting for manual user approval.
2026-08-21 22:02:34,309 - INFO - Logged heartbeat status: OK
2026-08-21 22:02:34,313 - INFO - Job "LiveRunner.process_cycle (trigger: interval[0:05:00], next run at: 2026-08-21 22:06:30 IST)" executed successfully
2026-08-21 22:06:31,072 - INFO - Running job "LiveRunner.process_cycle (trigger: interval[0:05:00], next run at: 2026-08-21 22:11:30 IST)" (scheduled at 2026-08-21 22:06:30.574957+05:30)
2026-08-21 22:06:31,147 - INFO - [bot-1787212101513-5cec] Starting signal check cycle for BTC/USDT (5m)...
2026-08-21 22:06:31,369 - INFO - Fetching recent candles for BTC/USDT (5m) [Bot: bot-1787212101513-5cec] via ProviderManager...
2026-08-21 22:06:34,704 - INFO - Indicators computed | close=77289.06 ema_9=77249.53 ema_20=77268.52 ema_50=77238.01 ema_200=76117.67 macd=-9.6589 poc=69350.0 val=64025.0 vah=74475.0
2026-08-21 22:06:34,705 - INFO - [bot-1787212101513-5cec] Evaluating strategy on completed candle: 2026-08-21 16:30:00+00:00 at Close price: 77338.12
2026-08-21 22:06:34,869 - INFO - Confluence Evaluation | Regime: TRENDING (ADX=39.7) | Direction: HOLD | BullScore: 44.1% | BearScore: 55.9% | Active: ['ema_9', 'ema_20', 'rsi', 'vwap', 'supertrend', 'atr']
2026-08-21 22:06:35,271 - INFO - Signal evaluated: HOLD. Reason/Details: Confluence score: 56% (HOLD)
2026-08-21 22:06:35,742 - INFO - Logged heartbeat status: OK
2026-08-21 22:06:35,743 - INFO - Job "LiveRunner.process_cycle (trigger: interval[0:05:00], next run at: 2026-08-21 22:11:30 IST)" executed successfully
2026-08-21 22:11:30,609 - INFO - Running job "LiveRunner.process_cycle (trigger: interval[0:05:00], next run at: 2026-08-21 22:16:30 IST)" (scheduled at 2026-08-21 22:11:30.574957+05:30)
2026-08-21 22:11:30,653 - INFO - [bot-1787212101513-5cec] Starting signal check cycle for BTC/USDT (5m)...
2026-08-21 22:11:30,708 - INFO - Fetching recent candles for BTC/USDT (5m) [Bot: bot-1787212101513-5cec] via ProviderManager...
2026-08-21 22:11:31,334 - INFO - Indicators computed | close=77301.72 ema_9=77264.32 ema_20=77274.03 ema_50=77241.53 ema_200=76129.72 macd=-3.7117 poc=69350.0 val=64025.0 vah=74475.0
2026-08-21 22:11:31,337 - INFO - [bot-1787212101513-5cec] Evaluating strategy on completed candle: 2026-08-21 16:35:00+00:00 at Close price: 77316.28
2026-08-21 22:11:31,410 - INFO - Confluence Evaluation | Regime: TRENDING (ADX=39.7) | Direction: HOLD | BullScore: 44.1% | BearScore: 55.9% | Active: ['ema_9', 'ema_20', 'rsi', 'vwap', 'supertrend', 'atr']
2026-08-21 22:11:31,572 - INFO - Signal evaluated: HOLD. Reason/Details: Confluence score: 56% (HOLD)
2026-08-21 22:11:31,803 - INFO - Logged heartbeat status: OK
2026-08-21 22:11:31,804 - INFO - Job "LiveRunner.process_cycle (trigger: interval[0:05:00], next run at: 2026-08-21 22:16:30 IST)" executed successfully
2026-08-21 22:16:30,605 - INFO - Running job "LiveRunner.process_cycle (trigger: interval[0:05:00], next run at: 2026-08-21 22:21:30 IST)" (scheduled at 2026-08-21 22:16:30.574957+05:30)
2026-08-21 22:16:30,652 - INFO - [bot-1787212101513-5cec] Starting signal check cycle for BTC/USDT (5m)...
2026-08-21 22:16:30,719 - INFO - Fetching recent candles for BTC/USDT (5m) [Bot: bot-1787212101513-5cec] via ProviderManager...
2026-08-21 22:16:32,719 - INFO - Indicators computed | close=77368.00 ema_9=77294.71 ema_20=77288.18 ema_50=77248.76 ema_200=76142.64 macd=8.2912 poc=69350.0 val=64025.0 vah=74500.0
2026-08-21 22:16:32,754 - INFO - [bot-1787212101513-5cec] Evaluating strategy on completed candle: 2026-08-21 16:40:00+00:00 at Close price: 77362.04
2026-08-21 22:16:32,983 - INFO - Confluence Evaluation | Regime: TRENDING (ADX=40.2) | Direction: LONG | BullScore: 88.2% | BearScore: 11.8% | Active: ['ema_9', 'ema_20', 'rsi', 'vwap', 'supertrend', 'atr']
2026-08-21 22:16:33,236 - INFO - Capping position size 0.791348 BTC to available cash equivalent 0.193894 BTC.
2026-08-21 22:16:33,406 - INFO - [bot-1787212101513-5cec] Signal LONG active pending approval already exists (ID: 212).
2026-08-21 22:16:34,086 - INFO - Logged heartbeat status: OK
2026-08-21 22:16:34,095 - INFO - Job "LiveRunner.process_cycle (trigger: interval[0:05:00], next run at: 2026-08-21 22:21:30 IST)" executed successfully
2026-08-21 22:21:30,617 - INFO - Running job "LiveRunner.process_cycle (trigger: interval[0:05:00], next run at: 2026-08-21 22:26:30 IST)" (scheduled at 2026-08-21 22:21:30.574957+05:30)
2026-08-21 22:21:30,660 - INFO - [bot-1787212101513-5cec] Starting signal check cycle for BTC/USDT (5m)...
2026-08-21 22:21:30,717 - INFO - Fetching recent candles for BTC/USDT (5m) [Bot: bot-1787212101513-5cec] via ProviderManager...
2026-08-21 22:21:31,367 - INFO - Indicators computed | close=77506.01 ema_9=77362.92 ema_20=77322.90 ema_50=77264.96 ema_200=76157.80 macd=34.8295 poc=69350.0 val=64025.0 vah=74525.0
2026-08-21 22:21:31,368 - INFO - [bot-1787212101513-5cec] Evaluating strategy on completed candle: 2026-08-21 16:45:00+00:00 at Close price: 77530.19
2026-08-21 22:21:31,467 - INFO - LONG signal blocked | Location blocked (Close 77530.19 outside Value Area [62744.50 - 76015.50], VAL=64025.00, VAH=74525.00) | context={'close': 77530.19, 'ema_9': 77327.14786556269, 'ema_20': 77303.62543003306, 'ema_50': 77255.12450110391, 'ema_200': 76144.25262187838, 'macd_line': 21.229475276821177, 'macd_signal': 6.32280964717363, 'macd_hist': 14.906665629647547, 'poc': np.float64(69350.0), 'val': np.float64(64025.0), 'vah': np.float64(74525.0)}
2026-08-21 22:21:31,484 - INFO - Confluence Evaluation | Regime: TRENDING (ADX=39.6) | Direction: LONG | BullScore: 88.2% | BearScore: 11.8% | Active: ['ema_9', 'ema_20', 'rsi', 'vwap', 'supertrend', 'atr']
2026-08-21 22:21:31,575 - INFO - Signal evaluated: HOLD. Reason/Details: Confluence score: 88% (LONG) meets 75% threshold
2026-08-21 22:21:31,868 - INFO - Logged heartbeat status: OK
2026-08-21 22:21:31,869 - INFO - Job "LiveRunner.process_cycle (trigger: interval[0:05:00], next run at: 2026-08-21 22:26:30 IST)" executed successfully
2026-08-21 22:26:30,630 - INFO - Running job "LiveRunner.process_cycle (trigger: interval[0:05:00], next run at: 2026-08-21 22:31:30 IST)" (scheduled at 2026-08-21 22:26:30.574957+05:30)
2026-08-21 22:26:30,689 - INFO - [bot-1787212101513-5cec] Starting signal check cycle for BTC/USDT (5m)...
2026-08-21 22:26:30,782 - INFO - Fetching recent candles for BTC/USDT (5m) [Bot: bot-1787212101513-5cec] via ProviderManager...
2026-08-21 22:26:31,852 - INFO - Indicators computed | close=77522.01 ema_9=77388.98 ema_20=77338.76 ema_50=77273.69 ema_200=76171.02 macd=44.1464 poc=69350.0 val=64025.0 vah=74525.0
2026-08-21 22:26:31,859 - INFO - [bot-1787212101513-5cec] Evaluating strategy on completed candle: 2026-08-21 16:50:00+00:00 at Close price: 77470.00
2026-08-21 22:26:31,944 - INFO - Confluence Evaluation | Regime: TRENDING (ADX=39.0) | Direction: HOLD | BullScore: 44.1% | BearScore: 55.9% | Active: ['ema_9', 'ema_20', 'rsi', 'vwap', 'supertrend', 'atr']
2026-08-21 22:26:32,136 - INFO - Signal evaluated: HOLD. Reason/Details: Confluence score: 56% (HOLD)
2026-08-21 22:26:32,344 - INFO - Logged heartbeat status: OK
2026-08-21 22:26:32,344 - INFO - Job "LiveRunner.process_cycle (trigger: interval[0:05:00], next run at: 2026-08-21 22:31:30 IST)" executed successfully
2026-08-21 22:31:30,629 - INFO - Running job "LiveRunner.process_cycle (trigger: interval[0:05:00], next run at: 2026-08-21 22:36:30 IST)" (scheduled at 2026-08-21 22:31:30.574957+05:30)
2026-08-21 22:31:30,724 - INFO - [bot-1787212101513-5cec] Starting signal check cycle for BTC/USDT (5m)...
2026-08-21 22:31:30,793 - INFO - Fetching recent candles for BTC/USDT (5m) [Bot: bot-1787212101513-5cec] via ProviderManager...
2026-08-21 22:31:32,460 - INFO - Indicators computed | close=77522.01 ema_9=77409.82 ema_20=77353.11 ema_50=77282.07 ema_200=76184.11 macd=50.9762 poc=69350.0 val=64025.0 vah=74550.0
2026-08-21 22:31:32,463 - INFO - [bot-1787212101513-5cec] Evaluating strategy on completed candle: 2026-08-21 16:55:00+00:00 at Close price: 77486.01
2026-08-21 22:31:32,660 - INFO - Confluence Evaluation | Regime: TRENDING (ADX=37.1) | Direction: LONG | BullScore: 100.0% | BearScore: 0.0% | Active: ['ema_9', 'ema_20', 'rsi', 'vwap', 'supertrend', 'atr']
2026-08-21 22:31:32,861 - INFO - Capping position size 0.927013 BTC to available cash equivalent 0.193583 BTC.
2026-08-21 22:31:32,900 - INFO - [bot-1787212101513-5cec] Signal LONG active pending approval already exists (ID: 212).
2026-08-21 22:31:33,029 - INFO - Logged heartbeat status: OK
2026-08-21 22:31:33,030 - INFO - Job "LiveRunner.process_cycle (trigger: interval[0:05:00], next run at: 2026-08-21 22:36:30 IST)" executed successfully
2026-08-21 22:36:30,593 - INFO - Running job "LiveRunner.process_cycle (trigger: interval[0:05:00], next run at: 2026-08-21 22:41:30 IST)" (scheduled at 2026-08-21 22:36:30.574957+05:30)
2026-08-21 22:36:30,625 - INFO - [bot-1787212101513-5cec] Starting signal check cycle for BTC/USDT (5m)...
2026-08-21 22:36:30,697 - INFO - Fetching recent candles for BTC/USDT (5m) [Bot: bot-1787212101513-5cec] via ProviderManager...
2026-08-21 22:36:31,361 - INFO - Indicators computed | close=77576.00 ema_9=77443.06 ema_20=77374.34 ema_50=77293.59 ema_200=76197.96 macd=62.3025 poc=69350.0 val=64025.0 vah=74575.0
2026-08-21 22:36:31,362 - INFO - [bot-1787212101513-5cec] Evaluating strategy on completed candle: 2026-08-21 17:00:00+00:00 at Close price: 77522.00
2026-08-21 22:36:31,500 - INFO - Confluence Evaluation | Regime: TRENDING (ADX=34.7) | Direction: LONG | BullScore: 100.0% | BearScore: 0.0% | Active: ['ema_9', 'ema_20', 'rsi', 'vwap', 'supertrend', 'atr']
2026-08-21 22:36:31,607 - INFO - Capping position size 0.922311 BTC to available cash equivalent 0.193493 BTC.
2026-08-21 22:36:31,694 - INFO - Created pending signal approval ID 260 for bot bot-1787212101513-5cec (LONG @ $77522.00, status: WAITING_APPROVAL)
2026-08-21 22:36:31,772 - INFO - [bot-1787212101513-5cec] Signal LONG generated (ID: 260). Waiting for manual user approval.
2026-08-21 22:36:31,935 - INFO - Logged heartbeat status: OK
2026-08-21 22:36:31,936 - INFO - Job "LiveRunner.process_cycle (trigger: interval[0:05:00], next run at: 2026-08-21 22:41:30 IST)" executed successfully
2026-08-21 22:41:30,726 - INFO - Running job "LiveRunner.process_cycle (trigger: interval[0:05:00], next run at: 2026-08-21 22:41:30 IST)" (scheduled at 2026-08-21 22:41:30.574957+05:30)
2026-08-21 22:41:30,810 - INFO - [bot-1787212101513-5cec] Starting signal check cycle for BTC/USDT (5m)...
2026-08-21 22:41:30,860 - INFO - Fetching recent candles for BTC/USDT (5m) [Bot: bot-1787212101513-5cec] via ProviderManager...
2026-08-21 22:41:31,843 - INFO - Indicators computed | close=77610.00 ema_9=77483.06 ema_20=77400.35 ema_50=77307.56 ema_200=76212.42 macd=75.7272 poc=69350.0 val=64025.0 vah=74575.0
2026-08-21 22:41:31,852 - INFO - [bot-1787212101513-5cec] Evaluating strategy on completed candle: 2026-08-21 17:05:00+00:00 at Close price: 77617.37
2026-08-21 22:41:32,193 - INFO - Confluence Evaluation | Regime: TRENDING (ADX=35.6) | Direction: LONG | BullScore: 100.0% | BearScore: 0.0% | Active: ['ema_9', 'ema_20', 'rsi', 'vwap', 'supertrend', 'atr']
2026-08-21 22:41:32,316 - INFO - Capping position size 0.796411 BTC to available cash equivalent 0.193256 BTC.
2026-08-21 22:41:32,393 - INFO - [bot-1787212101513-5cec] Signal LONG active pending approval already exists (ID: 260).
2026-08-21 22:41:32,942 - INFO - Logged heartbeat status: OK
2026-08-21 22:41:32,943 - INFO - Job "LiveRunner.process_cycle (trigger: interval[0:05:00], next run at: 2026-08-21 22:46:30 IST)" executed successfully
/Users/ashishparadkar/Downloads/algo-code-main/.venv/lib/python3.9/site-packages/urllib3/__init__.py:35: NotOpenSSLWarning: urllib3 v2 only supports OpenSSL 1.1.1+, currently the 'ssl' module is compiled with 'LibreSSL 2.8.3'. See: https://github.com/urllib3/urllib3/issues/3020
  warnings.warn(
2026-08-21 22:44:30,589 - INFO - Bot state startup reconciliation finished: 0 bot(s) reconciled to STOPPED.
2026-08-21 22:44:31,109 - INFO - Telegram notification service initialized successfully (Chat ID: 5657...)
2026-08-21 22:44:31,129 - INFO - Initializing scheduled trading bot live runner for bot-1787212101513-5cec...
2026-08-21 22:44:31,359 - INFO - SQLite database tables verified/created.
2026-08-21 22:44:31,874 - INFO - Initializing CCXT Binance in TESTNET mode.
2026-08-21 22:44:53,033 - INFO - [bot-1787212101513-5cec] Pre-flight instrument resolved: BTC/USDT (SPOT via binance_spot)
2026-08-21 22:44:53,392 - INFO - [bot-1787212101513-5cec] Starting signal check cycle for BTC/USDT (5m)...
2026-08-21 22:44:53,399 - INFO - Fetching recent candles for BTC/USDT (5m) [Bot: bot-1787212101513-5cec] via ProviderManager...
