/Users/ashishparadkar/Downloads/algo-code-main/.venv/lib/python3.9/site-packages/urllib3/__init__.py:35: NotOpenSSLWarning: urllib3 v2 only supports OpenSSL 1.1.1+, currently the 'ssl' module is compiled with 'LibreSSL 2.8.3'. See: https://github.com/urllib3/urllib3/issues/3020
  warnings.warn(
2026-08-20 13:26:04,107 - INFO - Bot state startup reconciliation finished: 0 bot(s) reconciled to STOPPED.
2026-08-20 13:26:04,901 - INFO - Telegram notification service initialized successfully (Chat ID: 5657...)
2026-08-20 13:26:04,910 - INFO - Initializing scheduled trading bot live runner for bot-1787212200345-a163...
/Users/ashishparadkar/Downloads/algo-code-main/.venv/lib/python3.9/site-packages/urllib3/__init__.py:35: NotOpenSSLWarning: urllib3 v2 only supports OpenSSL 1.1.1+, currently the 'ssl' module is compiled with 'LibreSSL 2.8.3'. See: https://github.com/urllib3/urllib3/issues/3020
  warnings.warn(
2026-08-20 22:17:24,568 - INFO - Bot state startup reconciliation finished: 0 bot(s) reconciled to STOPPED.
2026-08-20 22:17:25,917 - INFO - Telegram notification service initialized successfully (Chat ID: 5657...)
2026-08-20 22:17:26,321 - INFO - Initializing scheduled trading bot live runner for bot-1787212200345-a163...
2026-08-20 22:17:26,835 - INFO - SQLite database tables verified/created.
2026-08-20 22:17:27,303 - INFO - Initializing CCXT Binance in TESTNET mode.
2026-08-20 22:18:01,745 - INFO - [bot-1787212200345-a163] Pre-flight instrument resolved: BTC/USDT (SPOT via binance_spot)
2026-08-20 22:18:02,463 - INFO - [bot-1787212200345-a163] Starting signal check cycle for BTC/USDT (5m)...
2026-08-20 22:18:02,519 - INFO - Fetching recent candles for BTC/USDT (5m) [Bot: bot-1787212200345-a163] via ProviderManager...
2026-08-20 22:19:24,724 - INFO - Indicators computed | close=72556.00 ema_9=72455.32 ema_20=72334.85 ema_50=72095.38 ema_200=70831.25 macd=146.1315 poc=64325.0 val=63300.0 vah=69600.0
2026-08-20 22:19:24,740 - INFO - [bot-1787212200345-a163] Evaluating strategy on completed candle: 2026-08-20 16:40:00+00:00 at Close price: 72630.89
2026-08-20 22:19:25,147 - INFO - Confluence Evaluation | Regime: TRENDING (ADX=34.9) | Direction: LONG | BullScore: 82.6% | BearScore: 17.4% | Active: ['ema', 'macd', 'rsi', 'vp']
2026-08-20 22:19:25,650 - INFO - Capping position size 0.711946 BTC to available cash equivalent 0.206524 BTC.
2026-08-20 22:19:25,889 - INFO - Created pending signal approval ID 46 for bot bot-1787212200345-a163 (LONG @ $72630.89, status: WAITING_APPROVAL)
2026-08-20 22:19:26,211 - INFO - [bot-1787212200345-a163] Signal LONG generated (ID: 46). Waiting for manual user approval.
2026-08-20 22:19:26,862 - INFO - Logged heartbeat status: OK
2026-08-20 22:19:27,653 - INFO - Adding job tentatively -- it will be properly scheduled when the scheduler starts
2026-08-20 22:19:27,654 - INFO - Bot bot-1787212200345-a163 scheduled to check every 5 minutes.
2026-08-20 22:19:27,758 - INFO - Added job "LiveRunner.process_cycle" to job store "default"
2026-08-20 22:19:27,758 - INFO - Scheduler started
2026-08-20 22:24:27,639 - INFO - Running job "LiveRunner.process_cycle (trigger: interval[0:05:00], next run at: 2026-08-20 22:29:27 IST)" (scheduled at 2026-08-20 22:24:27.371763+05:30)
2026-08-20 22:24:27,743 - INFO - [bot-1787212200345-a163] Starting signal check cycle for BTC/USDT (5m)...
2026-08-20 22:24:27,845 - INFO - Fetching recent candles for BTC/USDT (5m) [Bot: bot-1787212200345-a163] via ProviderManager...
2026-08-20 22:24:28,781 - INFO - Indicators computed | close=72649.31 ema_9=72496.04 ema_20=72365.83 ema_50=72117.55 ema_200=70849.46 macd=154.1351 poc=64325.0 val=63300.0 vah=69600.0
2026-08-20 22:24:28,787 - INFO - [bot-1787212200345-a163] Evaluating strategy on completed candle: 2026-08-20 16:45:00+00:00 at Close price: 72568.00
2026-08-20 22:24:28,864 - INFO - Confluence Evaluation | Regime: TRENDING (ADX=34.0) | Direction: LONG | BullScore: 82.6% | BearScore: 17.4% | Active: ['ema', 'macd', 'rsi', 'vp']
2026-08-20 22:24:28,947 - INFO - Capping position size 0.841538 BTC to available cash equivalent 0.206703 BTC.
2026-08-20 22:24:29,052 - INFO - [bot-1787212200345-a163] Signal LONG active pending approval already exists (ID: 46).
2026-08-20 22:24:29,299 - INFO - Logged heartbeat status: OK
2026-08-20 22:24:29,300 - INFO - Job "LiveRunner.process_cycle (trigger: interval[0:05:00], next run at: 2026-08-20 22:29:27 IST)" executed successfully
2026-08-20 22:29:27,392 - INFO - Running job "LiveRunner.process_cycle (trigger: interval[0:05:00], next run at: 2026-08-20 22:34:27 IST)" (scheduled at 2026-08-20 22:29:27.371763+05:30)
2026-08-20 22:29:27,405 - INFO - [bot-1787212200345-a163] Starting signal check cycle for BTC/USDT (5m)...
2026-08-20 22:29:27,453 - INFO - Fetching recent candles for BTC/USDT (5m) [Bot: bot-1787212200345-a163] via ProviderManager...
2026-08-20 22:29:28,014 - INFO - Indicators computed | close=72846.00 ema_9=72566.14 ema_20=72411.62 ema_50=72146.15 ema_200=70869.33 macd=173.6316 poc=64325.0 val=63300.0 vah=69625.0
2026-08-20 22:29:28,016 - INFO - [bot-1787212200345-a163] Evaluating strategy on completed candle: 2026-08-20 16:50:00+00:00 at Close price: 72649.99
2026-08-20 22:29:28,086 - INFO - Confluence Evaluation | Regime: TRENDING (ADX=33.2) | Direction: LONG | BullScore: 82.6% | BearScore: 17.4% | Active: ['ema', 'macd', 'rsi', 'vp']
2026-08-20 22:29:28,178 - INFO - Capping position size 0.684510 BTC to available cash equivalent 0.206469 BTC.
2026-08-20 22:29:28,234 - INFO - [bot-1787212200345-a163] Signal LONG active pending approval already exists (ID: 46).
2026-08-20 22:29:28,424 - INFO - Logged heartbeat status: OK
2026-08-20 22:29:28,425 - INFO - Job "LiveRunner.process_cycle (trigger: interval[0:05:00], next run at: 2026-08-20 22:34:27 IST)" executed successfully
2026-08-20 22:34:27,403 - INFO - Running job "LiveRunner.process_cycle (trigger: interval[0:05:00], next run at: 2026-08-20 22:39:27 IST)" (scheduled at 2026-08-20 22:34:27.371763+05:30)
2026-08-20 22:34:27,434 - INFO - [bot-1787212200345-a163] Starting signal check cycle for BTC/USDT (5m)...
2026-08-20 22:34:27,475 - INFO - Fetching recent candles for BTC/USDT (5m) [Bot: bot-1787212200345-a163] via ProviderManager...
2026-08-20 22:34:27,944 - INFO - Indicators computed | close=72825.57 ema_9=72616.61 ema_20=72450.28 ema_50=72172.46 ema_200=70888.71 macd=184.7105 poc=64325.0 val=63300.0 vah=69625.0
2026-08-20 22:34:27,945 - INFO - [bot-1787212200345-a163] Evaluating strategy on completed candle: 2026-08-20 16:55:00+00:00 at Close price: 72837.15
2026-08-20 22:34:28,005 - INFO - Confluence Evaluation | Regime: TRENDING (ADX=33.1) | Direction: LONG | BullScore: 82.6% | BearScore: 17.4% | Active: ['ema', 'macd', 'rsi', 'vp']
2026-08-20 22:34:28,096 - INFO - Capping position size 0.492247 BTC to available cash equivalent 0.205939 BTC.
2026-08-20 22:34:28,102 - INFO - [bot-1787212200345-a163] Signal LONG active pending approval already exists (ID: 46).
2026-08-20 22:34:28,297 - INFO - Logged heartbeat status: OK
2026-08-20 22:34:28,298 - INFO - Job "LiveRunner.process_cycle (trigger: interval[0:05:00], next run at: 2026-08-20 22:39:27 IST)" executed successfully
2026-08-20 22:39:27,420 - INFO - Running job "LiveRunner.process_cycle (trigger: interval[0:05:00], next run at: 2026-08-20 22:44:27 IST)" (scheduled at 2026-08-20 22:39:27.371763+05:30)
2026-08-20 22:39:27,425 - INFO - [bot-1787212200345-a163] Starting signal check cycle for BTC/USDT (5m)...
2026-08-20 22:39:27,468 - INFO - Fetching recent candles for BTC/USDT (5m) [Bot: bot-1787212200345-a163] via ProviderManager...
2026-08-20 22:39:27,845 - INFO - Indicators computed | close=72721.58 ema_9=72628.09 ema_20=72470.99 ema_50=72191.75 ema_200=70906.36 macd=179.8811 poc=64325.0 val=63300.0 vah=69625.0
2026-08-20 22:39:27,846 - INFO - [bot-1787212200345-a163] Evaluating strategy on completed candle: 2026-08-20 17:00:00+00:00 at Close price: 72766.11
2026-08-20 22:39:27,902 - INFO - Confluence Evaluation | Regime: TRENDING (ADX=31.9) | Direction: LONG | BullScore: 82.6% | BearScore: 17.4% | Active: ['ema', 'macd', 'rsi', 'vp']
2026-08-20 22:39:27,979 - INFO - Capping position size 0.772062 BTC to available cash equivalent 0.206140 BTC.
2026-08-20 22:39:28,033 - INFO - [bot-1787212200345-a163] Signal LONG active pending approval already exists (ID: 46).
2026-08-20 22:39:28,213 - INFO - Logged heartbeat status: OK
2026-08-20 22:39:28,213 - INFO - Job "LiveRunner.process_cycle (trigger: interval[0:05:00], next run at: 2026-08-20 22:44:27 IST)" executed successfully
2026-08-20 22:44:27,386 - INFO - Running job "LiveRunner.process_cycle (trigger: interval[0:05:00], next run at: 2026-08-20 22:49:27 IST)" (scheduled at 2026-08-20 22:44:27.371763+05:30)
2026-08-20 22:44:27,393 - INFO - [bot-1787212200345-a163] Starting signal check cycle for BTC/USDT (5m)...
2026-08-20 22:44:27,437 - INFO - Fetching recent candles for BTC/USDT (5m) [Bot: bot-1787212200345-a163] via ProviderManager...
2026-08-20 22:44:27,993 - INFO - Indicators computed | close=72692.09 ema_9=72631.68 ema_20=72487.09 ema_50=72209.20 ema_200=70923.57 macd=171.8648 poc=64325.0 val=63300.0 vah=69625.0
2026-08-20 22:44:27,994 - INFO - [bot-1787212200345-a163] Evaluating strategy on completed candle: 2026-08-20 17:05:00+00:00 at Close price: 72664.00
2026-08-20 22:44:28,089 - INFO - Confluence Evaluation | Regime: TRENDING (ADX=29.5) | Direction: LONG | BullScore: 82.6% | BearScore: 17.4% | Active: ['ema', 'macd', 'rsi', 'vp']
2026-08-20 22:44:28,174 - INFO - Capping position size 1.367989 BTC to available cash equivalent 0.206430 BTC.
2026-08-20 22:44:28,189 - INFO - [bot-1787212200345-a163] Signal LONG active pending approval already exists (ID: 46).
2026-08-20 22:44:28,304 - INFO - Logged heartbeat status: OK
2026-08-20 22:44:28,305 - INFO - Job "LiveRunner.process_cycle (trigger: interval[0:05:00], next run at: 2026-08-20 22:49:27 IST)" executed successfully
2026-08-20 22:49:27,382 - INFO - Running job "LiveRunner.process_cycle (trigger: interval[0:05:00], next run at: 2026-08-20 22:54:27 IST)" (scheduled at 2026-08-20 22:49:27.371763+05:30)
2026-08-20 22:49:27,388 - INFO - [bot-1787212200345-a163] Starting signal check cycle for BTC/USDT (5m)...
2026-08-20 22:49:27,432 - INFO - Fetching recent candles for BTC/USDT (5m) [Bot: bot-1787212200345-a163] via ProviderManager...
2026-08-20 22:49:27,869 - INFO - Indicators computed | close=72666.58 ema_9=72638.64 ema_20=72504.18 ema_50=72227.14 ema_200=70940.91 macd=165.1839 poc=64325.0 val=63300.0 vah=69625.0
2026-08-20 22:49:27,870 - INFO - [bot-1787212200345-a163] Evaluating strategy on completed candle: 2026-08-20 17:10:00+00:00 at Close price: 72692.00
2026-08-20 22:49:27,935 - INFO - Confluence Evaluation | Regime: TRENDING (ADX=28.2) | Direction: LONG | BullScore: 82.6% | BearScore: 17.4% | Active: ['ema', 'macd', 'rsi', 'vp']
2026-08-20 22:49:28,024 - INFO - Capping position size 1.305369 BTC to available cash equivalent 0.206350 BTC.
2026-08-20 22:49:28,128 - INFO - Created pending signal approval ID 72 for bot bot-1787212200345-a163 (LONG @ $72692.00, status: WAITING_APPROVAL)
2026-08-20 22:49:28,205 - INFO - [bot-1787212200345-a163] Signal LONG generated (ID: 72). Waiting for manual user approval.
2026-08-20 22:49:28,422 - INFO - Logged heartbeat status: OK
2026-08-20 22:49:28,423 - INFO - Job "LiveRunner.process_cycle (trigger: interval[0:05:00], next run at: 2026-08-20 22:54:27 IST)" executed successfully
2026-08-21 00:19:26,454 - WARNING - Run time of job "LiveRunner.process_cycle (trigger: interval[0:05:00], next run at: 2026-08-21 00:19:27 IST)" was missed by 0:04:59.067546
2026-08-21 00:19:27,378 - INFO - Running job "LiveRunner.process_cycle (trigger: interval[0:05:00], next run at: 2026-08-21 00:24:27 IST)" (scheduled at 2026-08-21 00:19:27.371763+05:30)
2026-08-21 00:19:27,418 - INFO - [bot-1787212200345-a163] Starting signal check cycle for BTC/USDT (5m)...
2026-08-21 00:19:27,473 - INFO - Fetching recent candles for BTC/USDT (5m) [Bot: bot-1787212200345-a163] via ProviderManager...
2026-08-21 00:19:37,540 - ERROR - Binance Spot Network Error: binance GET https://api.binance.com/api/v3/klines?interval=5m&limit=1000&symbol=BTCUSDT
--- Logging error ---
Traceback (most recent call last):
  File "/Users/ashishparadkar/Downloads/algo-code-main/.venv/lib/python3.9/site-packages/urllib3/connectionpool.py", line 534, in _make_request
    response = conn.getresponse()
  File "/Users/ashishparadkar/Downloads/algo-code-main/.venv/lib/python3.9/site-packages/urllib3/connection.py", line 571, in getresponse
    httplib_response = super().getresponse()
  File "/Library/Developer/CommandLineTools/Library/Frameworks/Python3.framework/Versions/3.9/lib/python3.9/http/client.py", line 1349, in getresponse
    response.begin()
  File "/Library/Developer/CommandLineTools/Library/Frameworks/Python3.framework/Versions/3.9/lib/python3.9/http/client.py", line 316, in begin
    version, status, reason = self._read_status()
  File "/Library/Developer/CommandLineTools/Library/Frameworks/Python3.framework/Versions/3.9/lib/python3.9/http/client.py", line 277, in _read_status
    line = str(self.fp.readline(_MAXLINE + 1), "iso-8859-1")
  File "/Library/Developer/CommandLineTools/Library/Frameworks/Python3.framework/Versions/3.9/lib/python3.9/socket.py", line 704, in readinto
    return self._sock.recv_into(b)
  File "/Library/Developer/CommandLineTools/Library/Frameworks/Python3.framework/Versions/3.9/lib/python3.9/ssl.py", line 1241, in recv_into
    return self.read(nbytes, buffer)
  File "/Library/Developer/CommandLineTools/Library/Frameworks/Python3.framework/Versions/3.9/lib/python3.9/ssl.py", line 1099, in read
    return self._sslobj.read(len, buffer)
socket.timeout: The read operation timed out

The above exception was the direct cause of the following exception:

Traceback (most recent call last):
  File "/Users/ashishparadkar/Downloads/algo-code-main/.venv/lib/python3.9/site-packages/requests/adapters.py", line 644, in send
    resp = conn.urlopen(
  File "/Users/ashishparadkar/Downloads/algo-code-main/.venv/lib/python3.9/site-packages/urllib3/connectionpool.py", line 841, in urlopen
    retries = retries.increment(
  File "/Users/ashishparadkar/Downloads/algo-code-main/.venv/lib/python3.9/site-packages/urllib3/util/retry.py", line 490, in increment
    raise reraise(type(error), error, _stacktrace)
  File "/Users/ashishparadkar/Downloads/algo-code-main/.venv/lib/python3.9/site-packages/urllib3/util/util.py", line 39, in reraise
    raise value
  File "/Users/ashishparadkar/Downloads/algo-code-main/.venv/lib/python3.9/site-packages/urllib3/connectionpool.py", line 787, in urlopen
    response = self._make_request(
  File "/Users/ashishparadkar/Downloads/algo-code-main/.venv/lib/python3.9/site-packages/urllib3/connectionpool.py", line 536, in _make_request
    self._raise_timeout(err=e, url=url, timeout_value=read_timeout)
  File "/Users/ashishparadkar/Downloads/algo-code-main/.venv/lib/python3.9/site-packages/urllib3/connectionpool.py", line 367, in _raise_timeout
    raise ReadTimeoutError(
urllib3.exceptions.ReadTimeoutError: HTTPSConnectionPool(host='api.binance.com', port=443): Read timed out. (read timeout=10.0)

During handling of the above exception, another exception occurred:

Traceback (most recent call last):
  File "/Users/ashishparadkar/Downloads/algo-code-main/.venv/lib/python3.9/site-packages/ccxt/base/exchange.py", line 665, in fetch
    response = self.session.request(
  File "/Users/ashishparadkar/Downloads/algo-code-main/.venv/lib/python3.9/site-packages/requests/sessions.py", line 589, in request
    resp = self.send(prep, **send_kwargs)
  File "/Users/ashishparadkar/Downloads/algo-code-main/.venv/lib/python3.9/site-packages/requests/sessions.py", line 703, in send
    r = adapter.send(request, **kwargs)
  File "/Users/ashishparadkar/Downloads/algo-code-main/.venv/lib/python3.9/site-packages/requests/adapters.py", line 690, in send
    raise ReadTimeout(e, request=request)
requests.exceptions.ReadTimeout: HTTPSConnectionPool(host='api.binance.com', port=443): Read timed out. (read timeout=10.0)

The above exception was the direct cause of the following exception:

Traceback (most recent call last):
  File "/Users/ashishparadkar/Downloads/algo-code-main/src/provider_manager.py", line 351, in fetch_ohlcv_safe
    df = adapter.fetch_ohlcv(instrument, timeframe, limit=limit)
  File "/Users/ashishparadkar/Downloads/algo-code-main/src/provider_manager.py", line 211, in fetch_ohlcv
    raise net_err
  File "/Users/ashishparadkar/Downloads/algo-code-main/src/provider_manager.py", line 183, in fetch_ohlcv
    raw_candles = self.exchange.fetch_ohlcv(
  File "/Users/ashishparadkar/Downloads/algo-code-main/.venv/lib/python3.9/site-packages/ccxt/binance.py", line 4759, in fetch_ohlcv
    response = self.publicGetKlines(self.extend(request, params))
  File "/Users/ashishparadkar/Downloads/algo-code-main/.venv/lib/python3.9/site-packages/ccxt/base/types.py", line 35, in unbound_method
    return _self.request(self.path, self.api, self.method, params, config=self.config)
  File "/Users/ashishparadkar/Downloads/algo-code-main/.venv/lib/python3.9/site-packages/ccxt/binance.py", line 11724, in request
    response = self.fetch2(path, api, method, params, headers, body, config)
  File "/Users/ashishparadkar/Downloads/algo-code-main/.venv/lib/python3.9/site-packages/ccxt/base/exchange.py", line 5566, in fetch2
    raise e
  File "/Users/ashishparadkar/Downloads/algo-code-main/.venv/lib/python3.9/site-packages/ccxt/base/exchange.py", line 5549, in fetch2
    response = self.fetch(request['url'], request['method'], request['headers'], request['body'])
  File "/Users/ashishparadkar/Downloads/algo-code-main/.venv/lib/python3.9/site-packages/ccxt/base/exchange.py", line 698, in fetch
    raise RequestTimeout(details) from e
ccxt.base.errors.RequestTimeout: binance GET https://api.binance.com/api/v3/klines?interval=5m&limit=1000&symbol=BTCUSDT

During handling of the above exception, another exception occurred:

Traceback (most recent call last):
  File "/Library/Developer/CommandLineTools/Library/Frameworks/Python3.framework/Versions/3.9/lib/python3.9/logging/__init__.py", line 1083, in emit
    msg = self.format(record)
  File "/Library/Developer/CommandLineTools/Library/Frameworks/Python3.framework/Versions/3.9/lib/python3.9/logging/__init__.py", line 927, in format
    return fmt.format(record)
  File "/Library/Developer/CommandLineTools/Library/Frameworks/Python3.framework/Versions/3.9/lib/python3.9/logging/__init__.py", line 663, in format
    record.message = record.getMessage()
  File "/Library/Developer/CommandLineTools/Library/Frameworks/Python3.framework/Versions/3.9/lib/python3.9/logging/__init__.py", line 367, in getMessage
    msg = msg % self.args
TypeError: must be real number, not RequestTimeout
Call stack:
  File "/Library/Developer/CommandLineTools/Library/Frameworks/Python3.framework/Versions/3.9/lib/python3.9/threading.py", line 930, in _bootstrap
    self._bootstrap_inner()
  File "/Library/Developer/CommandLineTools/Library/Frameworks/Python3.framework/Versions/3.9/lib/python3.9/threading.py", line 973, in _bootstrap_inner
    self.run()
  File "/Library/Developer/CommandLineTools/Library/Frameworks/Python3.framework/Versions/3.9/lib/python3.9/threading.py", line 910, in run
    self._target(*self._args, **self._kwargs)
  File "/Library/Developer/CommandLineTools/Library/Frameworks/Python3.framework/Versions/3.9/lib/python3.9/concurrent/futures/thread.py", line 77, in _worker
    work_item.run()
  File "/Library/Developer/CommandLineTools/Library/Frameworks/Python3.framework/Versions/3.9/lib/python3.9/concurrent/futures/thread.py", line 52, in run
    result = self.fn(*self.args, **self.kwargs)
  File "/Users/ashishparadkar/Downloads/algo-code-main/.venv/lib/python3.9/site-packages/apscheduler/executors/base.py", line 131, in run_job
    retval = job.func(*job.args, **job.kwargs)
  File "/Users/ashishparadkar/Downloads/algo-code-main/src/live_runner.py", line 199, in process_cycle
    df, _ = self.provider_manager.fetch_ohlcv_safe(self.symbol, self.timeframe, limit=1000)
  File "/Users/ashishparadkar/Downloads/algo-code-main/src/provider_manager.py", line 362, in fetch_ohlcv_safe
    logger.warning(
Message: 'Retryable network failure for %s (Attempt %d/%d). Backing off %.2fs: %s'
Arguments: ('BTC/USDT', 1, 3, RequestTimeout('binance GET https://api.binance.com/api/v3/klines?interval=5m&limit=1000&symbol=BTCUSDT'))
2026-08-21 00:19:40,534 - INFO - Indicators computed | close=72533.99 ema_9=72573.87 ema_20=72602.16 ema_50=72445.30 ema_200=71225.40 macd=8.6469 poc=64325.0 val=63300.0 vah=69700.0
2026-08-21 00:19:40,535 - INFO - [bot-1787212200345-a163] Evaluating strategy on completed candle: 2026-08-20 18:40:00+00:00 at Close price: 72501.42
2026-08-21 00:19:40,619 - INFO - Confluence Evaluation | Regime: TRENDING (ADX=27.9) | Direction: HOLD | BullScore: 0.0% | BearScore: 34.8% | Active: ['ema', 'macd', 'rsi', 'vp']
2026-08-21 00:19:40,720 - INFO - Signal evaluated: HOLD. Reason/Details: Confluence score: 35% (HOLD)
2026-08-21 00:19:40,884 - INFO - Logged heartbeat status: OK
2026-08-21 00:19:40,884 - INFO - Job "LiveRunner.process_cycle (trigger: interval[0:05:00], next run at: 2026-08-21 00:24:27 IST)" executed successfully
2026-08-21 00:24:27,389 - INFO - Running job "LiveRunner.process_cycle (trigger: interval[0:05:00], next run at: 2026-08-21 00:29:27 IST)" (scheduled at 2026-08-21 00:24:27.371763+05:30)
2026-08-21 00:24:27,405 - INFO - [bot-1787212200345-a163] Starting signal check cycle for BTC/USDT (5m)...
2026-08-21 00:24:27,451 - INFO - Fetching recent candles for BTC/USDT (5m) [Bot: bot-1787212200345-a163] via ProviderManager...
2026-08-21 00:24:28,181 - INFO - Indicators computed | close=72472.27 ema_9=72553.55 ema_20=72589.79 ema_50=72446.35 ema_200=71237.80 macd=-1.5949 poc=64325.0 val=63300.0 vah=69700.0
2026-08-21 00:24:28,182 - INFO - [bot-1787212200345-a163] Evaluating strategy on completed candle: 2026-08-20 18:45:00+00:00 at Close price: 72534.00
2026-08-21 00:24:28,305 - INFO - Confluence Evaluation | Regime: TRENDING (ADX=27.7) | Direction: HOLD | BullScore: 0.0% | BearScore: 34.8% | Active: ['ema', 'macd', 'rsi', 'vp']
2026-08-21 00:24:28,471 - INFO - Signal evaluated: HOLD. Reason/Details: Confluence score: 35% (HOLD)
2026-08-21 00:24:28,745 - INFO - Logged heartbeat status: OK
2026-08-21 00:24:28,759 - INFO - Job "LiveRunner.process_cycle (trigger: interval[0:05:00], next run at: 2026-08-21 00:29:27 IST)" executed successfully
/Users/ashishparadkar/Downloads/algo-code-main/.venv/lib/python3.9/site-packages/urllib3/__init__.py:35: NotOpenSSLWarning: urllib3 v2 only supports OpenSSL 1.1.1+, currently the 'ssl' module is compiled with 'LibreSSL 2.8.3'. See: https://github.com/urllib3/urllib3/issues/3020
  warnings.warn(
2026-08-21 06:20:59,991 - INFO - Bot state startup reconciliation finished: 0 bot(s) reconciled to STOPPED.
2026-08-21 06:21:00,623 - INFO - Telegram notification service initialized successfully (Chat ID: 5657...)
2026-08-21 06:21:00,636 - INFO - Initializing scheduled trading bot live runner for bot-1787212200345-a163...
2026-08-21 06:21:01,615 - INFO - SQLite database tables verified/created.
2026-08-21 06:21:01,897 - INFO - Initializing CCXT Binance in TESTNET mode.
2026-08-21 06:21:25,802 - INFO - [bot-1787212200345-a163] Pre-flight instrument resolved: BTC/USDT (SPOT via binance_spot)
2026-08-21 06:21:25,843 - INFO - [bot-1787212200345-a163] Starting signal check cycle for BTC/USDT (5m)...
2026-08-21 06:21:25,853 - INFO - Fetching recent candles for BTC/USDT (5m) [Bot: bot-1787212200345-a163] via ProviderManager...
2026-08-21 06:22:45,353 - INFO - Indicators computed | close=73799.99 ema_9=73643.77 ema_20=73423.42 ema_50=73102.29 ema_200=72114.30 macd=243.4649 poc=64325.0 val=63575.0 vah=71300.0
2026-08-21 06:22:45,372 - INFO - [bot-1787212200345-a163] Evaluating strategy on completed candle: 2026-08-21 00:45:00+00:00 at Close price: 73761.56
2026-08-21 06:22:46,547 - INFO - Confluence Evaluation | Regime: TRENDING (ADX=53.5) | Direction: LONG | BullScore: 82.6% | BearScore: 17.4% | Active: ['ema', 'macd', 'rsi', 'vp']
2026-08-21 06:22:47,093 - INFO - Capping position size 0.986064 BTC to available cash equivalent 0.203358 BTC.
2026-08-21 06:22:47,201 - INFO - Created pending signal approval ID 95 for bot bot-1787212200345-a163 (LONG @ $73761.56, status: WAITING_APPROVAL)
2026-08-21 06:22:47,844 - INFO - [bot-1787212200345-a163] Signal LONG generated (ID: 95). Waiting for manual user approval.
2026-08-21 06:22:48,604 - INFO - Logged heartbeat status: OK
2026-08-21 06:22:48,792 - INFO - Adding job tentatively -- it will be properly scheduled when the scheduler starts
2026-08-21 06:22:48,792 - INFO - Bot bot-1787212200345-a163 scheduled to check every 5 minutes.
2026-08-21 06:22:48,815 - INFO - Added job "LiveRunner.process_cycle" to job store "default"
2026-08-21 06:22:48,815 - INFO - Scheduler started
2026-08-21 06:27:48,925 - INFO - Running job "LiveRunner.process_cycle (trigger: interval[0:05:00], next run at: 2026-08-21 06:32:48 IST)" (scheduled at 2026-08-21 06:27:48.791123+05:30)
2026-08-21 06:27:49,006 - INFO - [bot-1787212200345-a163] Starting signal check cycle for BTC/USDT (5m)...
2026-08-21 06:27:49,054 - INFO - Fetching recent candles for BTC/USDT (5m) [Bot: bot-1787212200345-a163] via ProviderManager...
2026-08-21 06:27:49,698 - INFO - Indicators computed | close=73672.01 ema_9=73627.98 ema_20=73435.55 ema_50=73119.58 ema_200=72128.48 macd=224.7437 poc=64325.0 val=63575.0 vah=71300.0
2026-08-21 06:27:49,699 - INFO - [bot-1787212200345-a163] Evaluating strategy on completed candle: 2026-08-21 00:50:00+00:00 at Close price: 73666.00
2026-08-21 06:27:49,774 - INFO - Confluence Evaluation | Regime: TRENDING (ADX=53.5) | Direction: LONG | BullScore: 82.6% | BearScore: 17.4% | Active: ['ema', 'macd', 'rsi', 'vp']
2026-08-21 06:27:49,865 - INFO - Capping position size 1.437608 BTC to available cash equivalent 0.203622 BTC.
2026-08-21 06:27:49,872 - INFO - [bot-1787212200345-a163] Signal LONG active pending approval already exists (ID: 95).
2026-08-21 06:27:50,058 - INFO - Logged heartbeat status: OK
2026-08-21 06:27:50,059 - INFO - Job "LiveRunner.process_cycle (trigger: interval[0:05:00], next run at: 2026-08-21 06:32:48 IST)" executed successfully
2026-08-21 06:32:48,869 - INFO - Running job "LiveRunner.process_cycle (trigger: interval[0:05:00], next run at: 2026-08-21 06:37:48 IST)" (scheduled at 2026-08-21 06:32:48.791123+05:30)
2026-08-21 06:32:48,899 - INFO - [bot-1787212200345-a163] Starting signal check cycle for BTC/USDT (5m)...
2026-08-21 06:32:48,953 - INFO - Fetching recent candles for BTC/USDT (5m) [Bot: bot-1787212200345-a163] via ProviderManager...
2026-08-21 06:32:49,592 - INFO - Indicators computed | close=73832.00 ema_9=73674.54 ema_20=73476.41 ema_50=73148.88 ema_200=72145.78 macd=230.8698 poc=64325.0 val=63575.0 vah=71300.0
2026-08-21 06:32:49,593 - INFO - [bot-1787212200345-a163] Evaluating strategy on completed candle: 2026-08-21 00:55:00+00:00 at Close price: 73708.02
2026-08-21 06:32:49,658 - INFO - Confluence Evaluation | Regime: TRENDING (ADX=53.7) | Direction: LONG | BullScore: 82.6% | BearScore: 17.4% | Active: ['ema', 'macd', 'rsi', 'vp']
2026-08-21 06:32:49,741 - INFO - Capping position size 1.196649 BTC to available cash equivalent 0.203506 BTC.
2026-08-21 06:32:49,748 - INFO - [bot-1787212200345-a163] Signal LONG active pending approval already exists (ID: 95).
2026-08-21 06:32:49,923 - INFO - Logged heartbeat status: OK
2026-08-21 06:32:49,924 - INFO - Job "LiveRunner.process_cycle (trigger: interval[0:05:00], next run at: 2026-08-21 06:37:48 IST)" executed successfully
2026-08-21 06:37:48,857 - INFO - Running job "LiveRunner.process_cycle (trigger: interval[0:05:00], next run at: 2026-08-21 06:42:48 IST)" (scheduled at 2026-08-21 06:37:48.791123+05:30)
2026-08-21 06:37:48,887 - INFO - [bot-1787212200345-a163] Starting signal check cycle for BTC/USDT (5m)...
2026-08-21 06:37:48,933 - INFO - Fetching recent candles for BTC/USDT (5m) [Bot: bot-1787212200345-a163] via ProviderManager...
2026-08-21 06:37:49,522 - INFO - Indicators computed | close=73880.00 ema_9=73716.92 ema_20=73515.54 ema_50=73177.85 ema_200=72163.12 macd=235.1102 poc=64325.0 val=63575.0 vah=71325.0
2026-08-21 06:37:49,523 - INFO - [bot-1787212200345-a163] Evaluating strategy on completed candle: 2026-08-21 01:00:00+00:00 at Close price: 73840.01
2026-08-21 06:37:49,603 - INFO - Confluence Evaluation | Regime: TRENDING (ADX=55.5) | Direction: LONG | BullScore: 82.6% | BearScore: 17.4% | Active: ['ema', 'macd', 'rsi', 'vp']
2026-08-21 06:37:49,711 - INFO - Capping position size 0.783924 BTC to available cash equivalent 0.203142 BTC.
2026-08-21 06:37:49,763 - INFO - [bot-1787212200345-a163] Signal LONG active pending approval already exists (ID: 95).
2026-08-21 06:37:49,957 - INFO - Logged heartbeat status: OK
2026-08-21 06:37:49,962 - INFO - Job "LiveRunner.process_cycle (trigger: interval[0:05:00], next run at: 2026-08-21 06:42:48 IST)" executed successfully
2026-08-21 06:42:48,805 - INFO - Running job "LiveRunner.process_cycle (trigger: interval[0:05:00], next run at: 2026-08-21 06:47:48 IST)" (scheduled at 2026-08-21 06:42:48.791123+05:30)
2026-08-21 06:42:48,814 - INFO - [bot-1787212200345-a163] Starting signal check cycle for BTC/USDT (5m)...
2026-08-21 06:42:48,865 - INFO - Fetching recent candles for BTC/USDT (5m) [Bot: bot-1787212200345-a163] via ProviderManager...
2026-08-21 06:42:49,293 - INFO - Indicators computed | close=73934.00 ema_9=73768.31 ema_20=73559.69 ema_50=73209.38 ema_200=72181.23 macd=242.6318 poc=64325.0 val=63575.0 vah=71325.0
2026-08-21 06:42:49,294 - INFO - [bot-1787212200345-a163] Evaluating strategy on completed candle: 2026-08-21 01:05:00+00:00 at Close price: 73929.87
2026-08-21 06:42:49,372 - INFO - Confluence Evaluation | Regime: TRENDING (ADX=57.3) | Direction: LONG | BullScore: 82.6% | BearScore: 17.4% | Active: ['ema', 'macd', 'rsi', 'vp']
2026-08-21 06:42:49,467 - INFO - Capping position size 0.722509 BTC to available cash equivalent 0.202895 BTC.
2026-08-21 06:42:49,473 - INFO - [bot-1787212200345-a163] Signal LONG active pending approval already exists (ID: 95).
2026-08-21 06:42:49,694 - INFO - Logged heartbeat status: OK
2026-08-21 06:42:49,695 - INFO - Job "LiveRunner.process_cycle (trigger: interval[0:05:00], next run at: 2026-08-21 06:47:48 IST)" executed successfully
2026-08-21 06:47:48,876 - INFO - Running job "LiveRunner.process_cycle (trigger: interval[0:05:00], next run at: 2026-08-21 06:52:48 IST)" (scheduled at 2026-08-21 06:47:48.791123+05:30)
2026-08-21 06:47:48,945 - INFO - [bot-1787212200345-a163] Starting signal check cycle for BTC/USDT (5m)...
2026-08-21 06:47:48,999 - INFO - Fetching recent candles for BTC/USDT (5m) [Bot: bot-1787212200345-a163] via ProviderManager...
2026-08-21 06:47:49,693 - INFO - Indicators computed | close=74179.35 ema_9=73859.56 ema_20=73623.57 ema_50=73249.55 ema_200=72201.67 macd=265.6948 poc=64325.0 val=63575.0 vah=71350.0
2026-08-21 06:47:49,696 - INFO - [bot-1787212200345-a163] Evaluating strategy on completed candle: 2026-08-21 01:10:00+00:00 at Close price: 73990.50
2026-08-21 06:47:49,816 - INFO - Confluence Evaluation | Regime: TRENDING (ADX=59.3) | Direction: LONG | BullScore: 82.6% | BearScore: 17.4% | Active: ['ema', 'macd', 'rsi', 'vp']
2026-08-21 06:47:49,952 - INFO - Capping position size 0.630451 BTC to available cash equivalent 0.202729 BTC.
2026-08-21 06:47:50,016 - INFO - [bot-1787212200345-a163] Signal LONG active pending approval already exists (ID: 95).
2026-08-21 06:47:50,092 - INFO - Logged heartbeat status: OK
2026-08-21 06:47:50,093 - INFO - Job "LiveRunner.process_cycle (trigger: interval[0:05:00], next run at: 2026-08-21 06:52:48 IST)" executed successfully
2026-08-21 06:52:48,803 - INFO - Running job "LiveRunner.process_cycle (trigger: interval[0:05:00], next run at: 2026-08-21 06:57:48 IST)" (scheduled at 2026-08-21 06:52:48.791123+05:30)
2026-08-21 06:52:48,812 - INFO - [bot-1787212200345-a163] Starting signal check cycle for BTC/USDT (5m)...
2026-08-21 06:52:48,855 - INFO - Fetching recent candles for BTC/USDT (5m) [Bot: bot-1787212200345-a163] via ProviderManager...
2026-08-21 06:52:49,232 - INFO - Indicators computed | close=74349.57 ema_9=74034.45 ema_20=73734.12 ema_50=73310.79 ema_200=72227.78 macd=320.3824 poc=64325.0 val=63575.0 vah=71425.0
2026-08-21 06:52:49,233 - INFO - [bot-1787212200345-a163] Evaluating strategy on completed candle: 2026-08-21 01:15:00+00:00 at Close price: 74659.92
2026-08-21 06:52:49,302 - INFO - Confluence Evaluation | Regime: TRENDING (ADX=60.9) | Direction: LONG | BullScore: 82.6% | BearScore: 17.4% | Active: ['ema', 'macd', 'rsi', 'vp']
2026-08-21 06:52:49,396 - INFO - Capping position size 0.261947 BTC to available cash equivalent 0.200911 BTC.
2026-08-21 06:52:49,457 - INFO - Created pending signal approval ID 125 for bot bot-1787212200345-a163 (LONG @ $74659.92, status: WAITING_APPROVAL)
2026-08-21 06:52:49,553 - INFO - [bot-1787212200345-a163] Signal LONG generated (ID: 125). Waiting for manual user approval.
2026-08-21 06:52:49,755 - INFO - Logged heartbeat status: OK
2026-08-21 06:52:49,756 - INFO - Job "LiveRunner.process_cycle (trigger: interval[0:05:00], next run at: 2026-08-21 06:57:48 IST)" executed successfully
2026-08-21 06:57:48,812 - INFO - Running job "LiveRunner.process_cycle (trigger: interval[0:05:00], next run at: 2026-08-21 07:02:48 IST)" (scheduled at 2026-08-21 06:57:48.791123+05:30)
2026-08-21 06:57:48,823 - INFO - [bot-1787212200345-a163] Starting signal check cycle for BTC/USDT (5m)...
2026-08-21 06:57:48,863 - INFO - Fetching recent candles for BTC/USDT (5m) [Bot: bot-1787212200345-a163] via ProviderManager...
2026-08-21 06:57:49,519 - INFO - Indicators computed | close=74692.91 ema_9=74190.47 ema_20=73838.54 ema_50=73370.72 ema_200=72253.80 macd=366.2942 poc=64325.0 val=63575.0 vah=71450.0
2026-08-21 06:57:49,520 - INFO - [bot-1787212200345-a163] Evaluating strategy on completed candle: 2026-08-21 01:20:00+00:00 at Close price: 74501.59
2026-08-21 06:57:49,589 - INFO - Confluence Evaluation | Regime: TRENDING (ADX=62.1) | Direction: LONG | BullScore: 82.6% | BearScore: 17.4% | Active: ['ema', 'macd', 'rsi', 'vp']
2026-08-21 06:57:49,680 - INFO - Capping position size 0.330666 BTC to available cash equivalent 0.201338 BTC.
2026-08-21 06:57:49,688 - INFO - [bot-1787212200345-a163] Signal LONG active pending approval already exists (ID: 125).
2026-08-21 06:57:49,899 - INFO - Logged heartbeat status: OK
2026-08-21 06:57:49,899 - INFO - Job "LiveRunner.process_cycle (trigger: interval[0:05:00], next run at: 2026-08-21 07:02:48 IST)" executed successfully
2026-08-21 07:02:48,809 - INFO - Running job "LiveRunner.process_cycle (trigger: interval[0:05:00], next run at: 2026-08-21 07:07:48 IST)" (scheduled at 2026-08-21 07:02:48.791123+05:30)
2026-08-21 07:02:48,815 - INFO - [bot-1787212200345-a163] Starting signal check cycle for BTC/USDT (5m)...
2026-08-21 07:02:48,861 - INFO - Fetching recent candles for BTC/USDT (5m) [Bot: bot-1787212200345-a163] via ProviderManager...
2026-08-21 07:02:49,233 - INFO - Indicators computed | close=74916.61 ema_9=74341.11 ema_20=73944.13 ema_50=73432.62 ema_200=72280.63 macd=408.5200 poc=64325.0 val=63575.0 vah=71475.0
2026-08-21 07:02:49,234 - INFO - [bot-1787212200345-a163] Evaluating strategy on completed candle: 2026-08-21 01:25:00+00:00 at Close price: 74726.77
2026-08-21 07:02:49,301 - INFO - Confluence Evaluation | Regime: TRENDING (ADX=62.4) | Direction: LONG | BullScore: 82.6% | BearScore: 17.4% | Active: ['ema', 'macd', 'rsi', 'vp']
2026-08-21 07:02:49,397 - INFO - Capping position size 0.302243 BTC to available cash equivalent 0.200731 BTC.
2026-08-21 07:02:49,403 - INFO - [bot-1787212200345-a163] Signal LONG active pending approval already exists (ID: 125).
2026-08-21 07:02:49,623 - INFO - Logged heartbeat status: OK
2026-08-21 07:02:49,624 - INFO - Job "LiveRunner.process_cycle (trigger: interval[0:05:00], next run at: 2026-08-21 07:07:48 IST)" executed successfully
/Users/ashishparadkar/Downloads/algo-code-main/.venv/lib/python3.9/site-packages/urllib3/__init__.py:35: NotOpenSSLWarning: urllib3 v2 only supports OpenSSL 1.1.1+, currently the 'ssl' module is compiled with 'LibreSSL 2.8.3'. See: https://github.com/urllib3/urllib3/issues/3020
  warnings.warn(
2026-08-21 12:13:37,429 - INFO - Bot state startup reconciliation finished: 0 bot(s) reconciled to STOPPED.
2026-08-21 12:13:38,097 - INFO - Telegram notification service initialized successfully (Chat ID: 5657...)
2026-08-21 12:13:38,466 - INFO - Initializing scheduled trading bot live runner for bot-1787212200345-a163...
2026-08-21 12:13:38,971 - INFO - SQLite database tables verified/created.
2026-08-21 12:13:39,467 - INFO - Initializing CCXT Binance in TESTNET mode.
2026-08-21 12:14:09,672 - INFO - [bot-1787212200345-a163] Pre-flight instrument resolved: BTC/USDT (SPOT via binance_spot)
2026-08-21 12:14:10,251 - INFO - [bot-1787212200345-a163] Starting signal check cycle for BTC/USDT (5m)...
2026-08-21 12:14:10,535 - INFO - Fetching recent candles for BTC/USDT (5m) [Bot: bot-1787212200345-a163] via ProviderManager...
2026-08-21 12:15:35,820 - INFO - Indicators computed | close=75348.02 ema_9=75418.42 ema_20=75325.24 ema_50=75012.06 ema_200=73557.83 macd=130.7159 poc=64275.0 val=64025.0 vah=71850.0
2026-08-21 12:15:35,827 - INFO - [bot-1787212200345-a163] Evaluating strategy on completed candle: 2026-08-21 06:40:00+00:00 at Close price: 75394.97
2026-08-21 12:15:37,312 - INFO - Confluence Evaluation | Regime: TRENDING (ADX=26.8) | Direction: HOLD | BullScore: 50.0% | BearScore: 17.4% | Active: ['ema', 'macd', 'rsi', 'vp']
2026-08-21 12:15:37,853 - INFO - Signal evaluated: HOLD. Reason/Details: Confluence score: 50% (HOLD)
2026-08-21 12:15:38,874 - INFO - Logged heartbeat status: OK
2026-08-21 12:15:38,931 - INFO - Adding job tentatively -- it will be properly scheduled when the scheduler starts
2026-08-21 12:15:38,931 - INFO - Bot bot-1787212200345-a163 scheduled to check every 5 minutes.
2026-08-21 12:15:39,328 - INFO - Added job "LiveRunner.process_cycle" to job store "default"
2026-08-21 12:15:39,328 - INFO - Scheduler started
2026-08-21 12:20:39,231 - INFO - Running job "LiveRunner.process_cycle (trigger: interval[0:05:00], next run at: 2026-08-21 12:25:38 IST)" (scheduled at 2026-08-21 12:20:38.930227+05:30)
2026-08-21 12:20:39,425 - INFO - [bot-1787212200345-a163] Starting signal check cycle for BTC/USDT (5m)...
2026-08-21 12:20:39,552 - INFO - Fetching recent candles for BTC/USDT (5m) [Bot: bot-1787212200345-a163] via ProviderManager...
2026-08-21 12:20:40,785 - INFO - Indicators computed | close=75494.00 ema_9=75460.46 ema_20=75355.81 ema_50=75037.30 ema_200=73578.75 macd=139.1355 poc=64275.0 val=64025.0 vah=71850.0
2026-08-21 12:20:40,787 - INFO - [bot-1787212200345-a163] Evaluating strategy on completed candle: 2026-08-21 06:45:00+00:00 at Close price: 75516.28
2026-08-21 12:20:40,915 - INFO - Confluence Evaluation | Regime: TRENDING (ADX=25.9) | Direction: HOLD | BullScore: 50.0% | BearScore: 17.4% | Active: ['ema', 'macd', 'rsi', 'vp']
2026-08-21 12:20:41,030 - INFO - Signal evaluated: HOLD. Reason/Details: Confluence score: 50% (HOLD)
2026-08-21 12:20:41,245 - INFO - Logged heartbeat status: OK
2026-08-21 12:20:41,251 - INFO - Job "LiveRunner.process_cycle (trigger: interval[0:05:00], next run at: 2026-08-21 12:25:38 IST)" executed successfully
2026-08-21 12:25:38,968 - INFO - Running job "LiveRunner.process_cycle (trigger: interval[0:05:00], next run at: 2026-08-21 12:30:38 IST)" (scheduled at 2026-08-21 12:25:38.930227+05:30)
2026-08-21 12:25:38,988 - INFO - [bot-1787212200345-a163] Starting signal check cycle for BTC/USDT (5m)...
2026-08-21 12:25:39,039 - INFO - Fetching recent candles for BTC/USDT (5m) [Bot: bot-1787212200345-a163] via ProviderManager...
2026-08-21 12:25:40,122 - INFO - Indicators computed | close=75581.65 ema_9=75492.70 ema_20=75381.63 ema_50=75060.53 ema_200=73599.17 macd=143.7019 poc=64275.0 val=64025.0 vah=71875.0
2026-08-21 12:25:40,127 - INFO - [bot-1787212200345-a163] Evaluating strategy on completed candle: 2026-08-21 06:50:00+00:00 at Close price: 75544.00
2026-08-21 12:25:40,309 - INFO - Confluence Evaluation | Regime: TRENDING (ADX=25.1) | Direction: HOLD | BullScore: 50.0% | BearScore: 17.4% | Active: ['ema', 'macd', 'rsi', 'vp']
2026-08-21 12:25:40,476 - INFO - Signal evaluated: HOLD. Reason/Details: Confluence score: 50% (HOLD)
2026-08-21 12:25:40,756 - INFO - Logged heartbeat status: OK
2026-08-21 12:25:40,757 - INFO - Job "LiveRunner.process_cycle (trigger: interval[0:05:00], next run at: 2026-08-21 12:30:38 IST)" executed successfully
2026-08-21 12:30:38,960 - INFO - Running job "LiveRunner.process_cycle (trigger: interval[0:05:00], next run at: 2026-08-21 12:35:38 IST)" (scheduled at 2026-08-21 12:30:38.930227+05:30)
2026-08-21 12:30:38,979 - INFO - [bot-1787212200345-a163] Starting signal check cycle for BTC/USDT (5m)...
2026-08-21 12:30:39,048 - INFO - Fetching recent candles for BTC/USDT (5m) [Bot: bot-1787212200345-a163] via ProviderManager...
2026-08-21 12:30:39,770 - INFO - Indicators computed | close=75668.00 ema_9=75538.09 ema_20=75414.46 ema_50=75086.78 ema_200=73620.39 macd=153.3815 poc=64275.0 val=64025.0 vah=71875.0
2026-08-21 12:30:39,772 - INFO - [bot-1787212200345-a163] Evaluating strategy on completed candle: 2026-08-21 06:55:00+00:00 at Close price: 75646.21
2026-08-21 12:30:39,913 - INFO - Confluence Evaluation | Regime: RANGING (ADX=24.8) | Direction: HOLD | BullScore: 67.4% | BearScore: 32.6% | Active: ['ema', 'macd', 'rsi', 'vp']
2026-08-21 12:30:39,991 - INFO - Signal evaluated: HOLD. Reason/Details: Confluence score: 67% (HOLD)
2026-08-21 12:30:40,100 - INFO - Logged heartbeat status: OK
2026-08-21 12:30:40,101 - INFO - Job "LiveRunner.process_cycle (trigger: interval[0:05:00], next run at: 2026-08-21 12:35:38 IST)" executed successfully
2026-08-21 12:35:38,966 - INFO - Running job "LiveRunner.process_cycle (trigger: interval[0:05:00], next run at: 2026-08-21 12:40:38 IST)" (scheduled at 2026-08-21 12:35:38.930227+05:30)
2026-08-21 12:35:38,974 - INFO - [bot-1787212200345-a163] Starting signal check cycle for BTC/USDT (5m)...
2026-08-21 12:35:39,019 - INFO - Fetching recent candles for BTC/USDT (5m) [Bot: bot-1787212200345-a163] via ProviderManager...
2026-08-21 12:35:39,469 - INFO - Indicators computed | close=75738.01 ema_9=75588.57 ema_20=75450.93 ema_50=75114.79 ema_200=73642.11 macd=164.8081 poc=64275.0 val=64025.0 vah=71875.0
2026-08-21 12:35:39,470 - INFO - [bot-1787212200345-a163] Evaluating strategy on completed candle: 2026-08-21 07:00:00+00:00 at Close price: 75733.61
2026-08-21 12:35:39,529 - INFO - Confluence Evaluation | Regime: RANGING (ADX=23.7) | Direction: HOLD | BullScore: 67.4% | BearScore: 32.6% | Active: ['ema', 'macd', 'rsi', 'vp']
2026-08-21 12:35:39,619 - INFO - Signal evaluated: HOLD. Reason/Details: Confluence score: 67% (HOLD)
2026-08-21 12:35:39,789 - INFO - Logged heartbeat status: OK
2026-08-21 12:35:39,789 - INFO - Job "LiveRunner.process_cycle (trigger: interval[0:05:00], next run at: 2026-08-21 12:40:38 IST)" executed successfully
2026-08-21 12:40:38,942 - INFO - Running job "LiveRunner.process_cycle (trigger: interval[0:05:00], next run at: 2026-08-21 12:45:38 IST)" (scheduled at 2026-08-21 12:40:38.930227+05:30)
2026-08-21 12:40:38,953 - INFO - [bot-1787212200345-a163] Starting signal check cycle for BTC/USDT (5m)...
2026-08-21 12:40:39,010 - INFO - Fetching recent candles for BTC/USDT (5m) [Bot: bot-1787212200345-a163] via ProviderManager...
2026-08-21 12:40:39,431 - INFO - Indicators computed | close=75914.98 ema_9=75674.69 ema_20=75506.35 ema_50=75151.08 ema_200=73666.01 macd=189.9225 poc=64275.0 val=64025.0 vah=71875.0
2026-08-21 12:40:39,432 - INFO - [bot-1787212200345-a163] Evaluating strategy on completed candle: 2026-08-21 07:05:00+00:00 at Close price: 75868.28
2026-08-21 12:40:39,500 - INFO - Confluence Evaluation | Regime: RANGING (ADX=22.5) | Direction: HOLD | BullScore: 67.4% | BearScore: 32.6% | Active: ['ema', 'macd', 'rsi', 'vp']
2026-08-21 12:40:39,602 - INFO - Signal evaluated: HOLD. Reason/Details: Confluence score: 67% (HOLD)
2026-08-21 12:40:39,962 - INFO - Logged heartbeat status: OK
2026-08-21 12:40:39,962 - INFO - Job "LiveRunner.process_cycle (trigger: interval[0:05:00], next run at: 2026-08-21 12:45:38 IST)" executed successfully
2026-08-21 12:45:38,943 - INFO - Running job "LiveRunner.process_cycle (trigger: interval[0:05:00], next run at: 2026-08-21 12:50:38 IST)" (scheduled at 2026-08-21 12:45:38.930227+05:30)
2026-08-21 12:45:38,950 - INFO - [bot-1787212200345-a163] Starting signal check cycle for BTC/USDT (5m)...
2026-08-21 12:45:38,994 - INFO - Fetching recent candles for BTC/USDT (5m) [Bot: bot-1787212200345-a163] via ProviderManager...
2026-08-21 12:45:39,434 - INFO - Indicators computed | close=76458.29 ema_9=75840.22 ema_20=75601.75 ema_50=75204.42 ema_200=73694.33 macd=246.0219 poc=64275.0 val=64025.0 vah=71875.0
2026-08-21 12:45:39,435 - INFO - [bot-1787212200345-a163] Evaluating strategy on completed candle: 2026-08-21 07:10:00+00:00 at Close price: 75969.99
2026-08-21 12:45:39,500 - INFO - Confluence Evaluation | Regime: RANGING (ADX=21.9) | Direction: HOLD | BullScore: 67.4% | BearScore: 32.6% | Active: ['ema', 'macd', 'rsi', 'vp']
2026-08-21 12:45:39,589 - INFO - Signal evaluated: HOLD. Reason/Details: Confluence score: 67% (HOLD)
2026-08-21 12:45:39,855 - INFO - Logged heartbeat status: OK
2026-08-21 12:45:39,856 - INFO - Job "LiveRunner.process_cycle (trigger: interval[0:05:00], next run at: 2026-08-21 12:50:38 IST)" executed successfully
2026-08-21 12:50:38,980 - INFO - Running job "LiveRunner.process_cycle (trigger: interval[0:05:00], next run at: 2026-08-21 12:55:38 IST)" (scheduled at 2026-08-21 12:50:38.930227+05:30)
2026-08-21 12:50:38,987 - INFO - [bot-1787212200345-a163] Starting signal check cycle for BTC/USDT (5m)...
2026-08-21 12:50:39,035 - INFO - Fetching recent candles for BTC/USDT (5m) [Bot: bot-1787212200345-a163] via ProviderManager...
2026-08-21 12:50:39,591 - INFO - Indicators computed | close=76427.05 ema_9=75961.77 ema_20=75682.61 ema_50=75253.35 ema_200=73721.78 macd=282.8536 poc=64275.0 val=64025.0 vah=71900.0
2026-08-21 12:50:39,592 - INFO - [bot-1787212200345-a163] Evaluating strategy on completed candle: 2026-08-21 07:15:00+00:00 at Close price: 76484.48
2026-08-21 12:50:39,672 - INFO - Confluence Evaluation | Regime: RANGING (ADX=23.2) | Direction: HOLD | BullScore: 67.4% | BearScore: 32.6% | Active: ['ema', 'macd', 'rsi', 'vp']
2026-08-21 12:50:39,791 - INFO - Signal evaluated: HOLD. Reason/Details: Confluence score: 67% (HOLD)
2026-08-21 12:50:39,972 - INFO - Logged heartbeat status: OK
2026-08-21 12:50:39,972 - INFO - Job "LiveRunner.process_cycle (trigger: interval[0:05:00], next run at: 2026-08-21 12:55:38 IST)" executed successfully
2026-08-21 12:55:38,945 - INFO - Running job "LiveRunner.process_cycle (trigger: interval[0:05:00], next run at: 2026-08-21 13:00:38 IST)" (scheduled at 2026-08-21 12:55:38.930227+05:30)
2026-08-21 12:55:38,956 - INFO - [bot-1787212200345-a163] Starting signal check cycle for BTC/USDT (5m)...
2026-08-21 12:55:38,980 - INFO - Fetching recent candles for BTC/USDT (5m) [Bot: bot-1787212200345-a163] via ProviderManager...
2026-08-21 12:55:39,478 - INFO - Indicators computed | close=76340.28 ema_9=76009.76 ema_20=75730.32 ema_50=75289.45 ema_200=73746.13 macd=289.2602 poc=64275.0 val=64025.0 vah=71900.0
2026-08-21 12:55:39,480 - INFO - [bot-1787212200345-a163] Evaluating strategy on completed candle: 2026-08-21 07:20:00+00:00 at Close price: 76253.84
2026-08-21 12:55:39,747 - INFO - Confluence Evaluation | Regime: TRENDING (ADX=25.2) | Direction: LONG | BullScore: 82.6% | BearScore: 17.4% | Active: ['ema', 'macd', 'rsi', 'vp']
2026-08-21 12:55:39,855 - INFO - Capping position size 0.422857 BTC to available cash equivalent 0.196711 BTC.
2026-08-21 12:55:39,961 - INFO - Created pending signal approval ID 170 for bot bot-1787212200345-a163 (LONG @ $76253.84, status: WAITING_APPROVAL)
2026-08-21 12:55:40,072 - INFO - [bot-1787212200345-a163] Signal LONG generated (ID: 170). Waiting for manual user approval.
2026-08-21 12:55:40,338 - INFO - Logged heartbeat status: OK
2026-08-21 12:55:40,342 - INFO - Job "LiveRunner.process_cycle (trigger: interval[0:05:00], next run at: 2026-08-21 13:00:38 IST)" executed successfully
2026-08-21 13:00:38,961 - INFO - Running job "LiveRunner.process_cycle (trigger: interval[0:05:00], next run at: 2026-08-21 13:05:38 IST)" (scheduled at 2026-08-21 13:00:38.930227+05:30)
2026-08-21 13:00:38,973 - INFO - [bot-1787212200345-a163] Starting signal check cycle for BTC/USDT (5m)...
2026-08-21 13:00:39,018 - INFO - Fetching recent candles for BTC/USDT (5m) [Bot: bot-1787212200345-a163] via ProviderManager...
2026-08-21 13:00:39,728 - INFO - Indicators computed | close=76452.01 ema_9=76109.43 ema_20=75805.09 ema_50=75337.68 ema_200=73773.75 macd=315.0392 poc=64275.0 val=64025.0 vah=71925.0
2026-08-21 13:00:39,730 - INFO - [bot-1787212200345-a163] Evaluating strategy on completed candle: 2026-08-21 07:25:00+00:00 at Close price: 76410.38
2026-08-21 13:00:39,841 - INFO - Confluence Evaluation | Regime: TRENDING (ADX=27.7) | Direction: LONG | BullScore: 82.6% | BearScore: 17.4% | Active: ['ema', 'macd', 'rsi', 'vp']
2026-08-21 13:00:39,936 - INFO - Capping position size 0.360564 BTC to available cash equivalent 0.196308 BTC.
2026-08-21 13:00:40,063 - INFO - [bot-1787212200345-a163] Signal LONG active pending approval already exists (ID: 170).
2026-08-21 13:00:40,184 - INFO - Logged heartbeat status: OK
2026-08-21 13:00:40,184 - INFO - Job "LiveRunner.process_cycle (trigger: interval[0:05:00], next run at: 2026-08-21 13:05:38 IST)" executed successfully
2026-08-21 13:05:39,015 - INFO - Running job "LiveRunner.process_cycle (trigger: interval[0:05:00], next run at: 2026-08-21 13:05:38 IST)" (scheduled at 2026-08-21 13:05:38.930227+05:30)
2026-08-21 13:05:39,084 - INFO - [bot-1787212200345-a163] Starting signal check cycle for BTC/USDT (5m)...
2026-08-21 13:05:39,150 - INFO - Fetching recent candles for BTC/USDT (5m) [Bot: bot-1787212200345-a163] via ProviderManager...
2026-08-21 13:05:39,691 - INFO - Indicators computed | close=76405.01 ema_9=76157.76 ema_20=75856.42 ema_50=75377.00 ema_200=73799.26 macd=319.3645 poc=64325.0 val=64025.0 vah=71925.0
2026-08-21 13:05:39,693 - INFO - [bot-1787212200345-a163] Evaluating strategy on completed candle: 2026-08-21 07:30:00+00:00 at Close price: 76384.61
2026-08-21 13:05:39,763 - INFO - Confluence Evaluation | Regime: TRENDING (ADX=33.2) | Direction: LONG | BullScore: 82.6% | BearScore: 17.4% | Active: ['ema', 'macd', 'rsi', 'vp']
2026-08-21 13:05:39,859 - INFO - Capping position size 0.506586 BTC to available cash equivalent 0.196375 BTC.
2026-08-21 13:05:39,890 - INFO - [bot-1787212200345-a163] Signal LONG active pending approval already exists (ID: 170).
2026-08-21 13:05:40,043 - INFO - Logged heartbeat status: OK
2026-08-21 13:05:40,044 - INFO - Job "LiveRunner.process_cycle (trigger: interval[0:05:00], next run at: 2026-08-21 13:10:38 IST)" executed successfully
2026-08-21 13:10:38,948 - INFO - Running job "LiveRunner.process_cycle (trigger: interval[0:05:00], next run at: 2026-08-21 13:15:38 IST)" (scheduled at 2026-08-21 13:10:38.930227+05:30)
2026-08-21 13:10:38,961 - INFO - [bot-1787212200345-a163] Starting signal check cycle for BTC/USDT (5m)...
2026-08-21 13:10:39,013 - INFO - Fetching recent candles for BTC/USDT (5m) [Bot: bot-1787212200345-a163] via ProviderManager...
2026-08-21 13:10:39,530 - INFO - Indicators computed | close=76558.00 ema_9=76256.77 ema_20=75933.45 ema_50=75427.78 ema_200=73827.88 macd=342.8303 poc=64325.0 val=64025.0 vah=71925.0
2026-08-21 13:10:39,531 - INFO - [bot-1787212200345-a163] Evaluating strategy on completed candle: 2026-08-21 07:35:00+00:00 at Close price: 76523.53
2026-08-21 13:10:39,602 - INFO - Confluence Evaluation | Regime: TRENDING (ADX=38.7) | Direction: LONG | BullScore: 82.6% | BearScore: 17.4% | Active: ['ema', 'macd', 'rsi', 'vp']
2026-08-21 13:10:39,704 - INFO - Capping position size 0.449324 BTC to available cash equivalent 0.196018 BTC.
2026-08-21 13:10:39,760 - INFO - [bot-1787212200345-a163] Signal LONG active pending approval already exists (ID: 170).
2026-08-21 13:10:39,901 - INFO - Logged heartbeat status: OK
2026-08-21 13:10:39,902 - INFO - Job "LiveRunner.process_cycle (trigger: interval[0:05:00], next run at: 2026-08-21 13:15:38 IST)" executed successfully
2026-08-21 13:15:38,941 - INFO - Running job "LiveRunner.process_cycle (trigger: interval[0:05:00], next run at: 2026-08-21 13:20:38 IST)" (scheduled at 2026-08-21 13:15:38.930227+05:30)
2026-08-21 13:15:38,948 - INFO - [bot-1787212200345-a163] Starting signal check cycle for BTC/USDT (5m)...
2026-08-21 13:15:39,000 - INFO - Fetching recent candles for BTC/USDT (5m) [Bot: bot-1787212200345-a163] via ProviderManager...
2026-08-21 13:15:39,477 - INFO - Indicators computed | close=76565.17 ema_9=76324.51 ema_20=75996.88 ema_50=75473.81 ema_200=73855.49 macd=352.8065 poc=64325.0 val=64025.0 vah=71950.0
2026-08-21 13:15:39,478 - INFO - [bot-1787212200345-a163] Evaluating strategy on completed candle: 2026-08-21 07:40:00+00:00 at Close price: 76595.89
2026-08-21 13:15:39,553 - INFO - Confluence Evaluation | Regime: TRENDING (ADX=43.7) | Direction: LONG | BullScore: 82.6% | BearScore: 17.4% | Active: ['ema', 'macd', 'rsi', 'vp']
2026-08-21 13:15:39,646 - INFO - Capping position size 0.716897 BTC to available cash equivalent 0.195833 BTC.
2026-08-21 13:15:39,701 - INFO - [bot-1787212200345-a163] Signal LONG active pending approval already exists (ID: 170).
2026-08-21 13:15:39,828 - INFO - Logged heartbeat status: OK
2026-08-21 13:15:39,829 - INFO - Job "LiveRunner.process_cycle (trigger: interval[0:05:00], next run at: 2026-08-21 13:20:38 IST)" executed successfully
2026-08-21 13:20:38,986 - INFO - Running job "LiveRunner.process_cycle (trigger: interval[0:05:00], next run at: 2026-08-21 13:25:38 IST)" (scheduled at 2026-08-21 13:20:38.930227+05:30)
2026-08-21 13:20:38,998 - INFO - [bot-1787212200345-a163] Starting signal check cycle for BTC/USDT (5m)...
2026-08-21 13:20:39,044 - INFO - Fetching recent candles for BTC/USDT (5m) [Bot: bot-1787212200345-a163] via ProviderManager...
2026-08-21 13:20:49,101 - ERROR - Binance Spot Network Error: binance GET https://api.binance.com/api/v3/klines?interval=5m&limit=1000&symbol=BTCUSDT
--- Logging error ---
Traceback (most recent call last):
  File "/Users/ashishparadkar/Downloads/algo-code-main/.venv/lib/python3.9/site-packages/urllib3/connectionpool.py", line 534, in _make_request
    response = conn.getresponse()
  File "/Users/ashishparadkar/Downloads/algo-code-main/.venv/lib/python3.9/site-packages/urllib3/connection.py", line 571, in getresponse
    httplib_response = super().getresponse()
  File "/Library/Developer/CommandLineTools/Library/Frameworks/Python3.framework/Versions/3.9/lib/python3.9/http/client.py", line 1349, in getresponse
    response.begin()
  File "/Library/Developer/CommandLineTools/Library/Frameworks/Python3.framework/Versions/3.9/lib/python3.9/http/client.py", line 316, in begin
    version, status, reason = self._read_status()
  File "/Library/Developer/CommandLineTools/Library/Frameworks/Python3.framework/Versions/3.9/lib/python3.9/http/client.py", line 277, in _read_status
    line = str(self.fp.readline(_MAXLINE + 1), "iso-8859-1")
  File "/Library/Developer/CommandLineTools/Library/Frameworks/Python3.framework/Versions/3.9/lib/python3.9/socket.py", line 704, in readinto
    return self._sock.recv_into(b)
  File "/Library/Developer/CommandLineTools/Library/Frameworks/Python3.framework/Versions/3.9/lib/python3.9/ssl.py", line 1241, in recv_into
    return self.read(nbytes, buffer)
  File "/Library/Developer/CommandLineTools/Library/Frameworks/Python3.framework/Versions/3.9/lib/python3.9/ssl.py", line 1099, in read
    return self._sslobj.read(len, buffer)
socket.timeout: The read operation timed out

The above exception was the direct cause of the following exception:

Traceback (most recent call last):
  File "/Users/ashishparadkar/Downloads/algo-code-main/.venv/lib/python3.9/site-packages/requests/adapters.py", line 644, in send
    resp = conn.urlopen(
  File "/Users/ashishparadkar/Downloads/algo-code-main/.venv/lib/python3.9/site-packages/urllib3/connectionpool.py", line 841, in urlopen
    retries = retries.increment(
  File "/Users/ashishparadkar/Downloads/algo-code-main/.venv/lib/python3.9/site-packages/urllib3/util/retry.py", line 490, in increment
    raise reraise(type(error), error, _stacktrace)
  File "/Users/ashishparadkar/Downloads/algo-code-main/.venv/lib/python3.9/site-packages/urllib3/util/util.py", line 39, in reraise
    raise value
  File "/Users/ashishparadkar/Downloads/algo-code-main/.venv/lib/python3.9/site-packages/urllib3/connectionpool.py", line 787, in urlopen
    response = self._make_request(
  File "/Users/ashishparadkar/Downloads/algo-code-main/.venv/lib/python3.9/site-packages/urllib3/connectionpool.py", line 536, in _make_request
    self._raise_timeout(err=e, url=url, timeout_value=read_timeout)
  File "/Users/ashishparadkar/Downloads/algo-code-main/.venv/lib/python3.9/site-packages/urllib3/connectionpool.py", line 367, in _raise_timeout
    raise ReadTimeoutError(
urllib3.exceptions.ReadTimeoutError: HTTPSConnectionPool(host='api.binance.com', port=443): Read timed out. (read timeout=10.0)

During handling of the above exception, another exception occurred:

Traceback (most recent call last):
  File "/Users/ashishparadkar/Downloads/algo-code-main/.venv/lib/python3.9/site-packages/ccxt/base/exchange.py", line 665, in fetch
    response = self.session.request(
  File "/Users/ashishparadkar/Downloads/algo-code-main/.venv/lib/python3.9/site-packages/requests/sessions.py", line 589, in request
    resp = self.send(prep, **send_kwargs)
  File "/Users/ashishparadkar/Downloads/algo-code-main/.venv/lib/python3.9/site-packages/requests/sessions.py", line 703, in send
    r = adapter.send(request, **kwargs)
  File "/Users/ashishparadkar/Downloads/algo-code-main/.venv/lib/python3.9/site-packages/requests/adapters.py", line 690, in send
    raise ReadTimeout(e, request=request)
requests.exceptions.ReadTimeout: HTTPSConnectionPool(host='api.binance.com', port=443): Read timed out. (read timeout=10.0)

The above exception was the direct cause of the following exception:

Traceback (most recent call last):
  File "/Users/ashishparadkar/Downloads/algo-code-main/src/provider_manager.py", line 351, in fetch_ohlcv_safe
    df = adapter.fetch_ohlcv(instrument, timeframe, limit=limit)
  File "/Users/ashishparadkar/Downloads/algo-code-main/src/provider_manager.py", line 211, in fetch_ohlcv
    raise net_err
  File "/Users/ashishparadkar/Downloads/algo-code-main/src/provider_manager.py", line 183, in fetch_ohlcv
    raw_candles = self.exchange.fetch_ohlcv(
  File "/Users/ashishparadkar/Downloads/algo-code-main/.venv/lib/python3.9/site-packages/ccxt/binance.py", line 4759, in fetch_ohlcv
    response = self.publicGetKlines(self.extend(request, params))
  File "/Users/ashishparadkar/Downloads/algo-code-main/.venv/lib/python3.9/site-packages/ccxt/base/types.py", line 35, in unbound_method
    return _self.request(self.path, self.api, self.method, params, config=self.config)
  File "/Users/ashishparadkar/Downloads/algo-code-main/.venv/lib/python3.9/site-packages/ccxt/binance.py", line 11724, in request
    response = self.fetch2(path, api, method, params, headers, body, config)
  File "/Users/ashishparadkar/Downloads/algo-code-main/.venv/lib/python3.9/site-packages/ccxt/base/exchange.py", line 5566, in fetch2
    raise e
  File "/Users/ashishparadkar/Downloads/algo-code-main/.venv/lib/python3.9/site-packages/ccxt/base/exchange.py", line 5549, in fetch2
    response = self.fetch(request['url'], request['method'], request['headers'], request['body'])
  File "/Users/ashishparadkar/Downloads/algo-code-main/.venv/lib/python3.9/site-packages/ccxt/base/exchange.py", line 698, in fetch
    raise RequestTimeout(details) from e
ccxt.base.errors.RequestTimeout: binance GET https://api.binance.com/api/v3/klines?interval=5m&limit=1000&symbol=BTCUSDT

During handling of the above exception, another exception occurred:

Traceback (most recent call last):
  File "/Library/Developer/CommandLineTools/Library/Frameworks/Python3.framework/Versions/3.9/lib/python3.9/logging/__init__.py", line 1083, in emit
    msg = self.format(record)
  File "/Library/Developer/CommandLineTools/Library/Frameworks/Python3.framework/Versions/3.9/lib/python3.9/logging/__init__.py", line 927, in format
    return fmt.format(record)
  File "/Library/Developer/CommandLineTools/Library/Frameworks/Python3.framework/Versions/3.9/lib/python3.9/logging/__init__.py", line 663, in format
    record.message = record.getMessage()
  File "/Library/Developer/CommandLineTools/Library/Frameworks/Python3.framework/Versions/3.9/lib/python3.9/logging/__init__.py", line 367, in getMessage
    msg = msg % self.args
TypeError: must be real number, not RequestTimeout
Call stack:
  File "/Library/Developer/CommandLineTools/Library/Frameworks/Python3.framework/Versions/3.9/lib/python3.9/threading.py", line 930, in _bootstrap
    self._bootstrap_inner()
  File "/Library/Developer/CommandLineTools/Library/Frameworks/Python3.framework/Versions/3.9/lib/python3.9/threading.py", line 973, in _bootstrap_inner
    self.run()
  File "/Library/Developer/CommandLineTools/Library/Frameworks/Python3.framework/Versions/3.9/lib/python3.9/threading.py", line 910, in run
    self._target(*self._args, **self._kwargs)
  File "/Library/Developer/CommandLineTools/Library/Frameworks/Python3.framework/Versions/3.9/lib/python3.9/concurrent/futures/thread.py", line 77, in _worker
    work_item.run()
  File "/Library/Developer/CommandLineTools/Library/Frameworks/Python3.framework/Versions/3.9/lib/python3.9/concurrent/futures/thread.py", line 52, in run
    result = self.fn(*self.args, **self.kwargs)
  File "/Users/ashishparadkar/Downloads/algo-code-main/.venv/lib/python3.9/site-packages/apscheduler/executors/base.py", line 131, in run_job
    retval = job.func(*job.args, **job.kwargs)
  File "/Users/ashishparadkar/Downloads/algo-code-main/src/live_runner.py", line 199, in process_cycle
    df, _ = self.provider_manager.fetch_ohlcv_safe(self.symbol, self.timeframe, limit=1000)
  File "/Users/ashishparadkar/Downloads/algo-code-main/src/provider_manager.py", line 362, in fetch_ohlcv_safe
    logger.warning(
Message: 'Retryable network failure for %s (Attempt %d/%d). Backing off %.2fs: %s'
Arguments: ('BTC/USDT', 1, 3, RequestTimeout('binance GET https://api.binance.com/api/v3/klines?interval=5m&limit=1000&symbol=BTCUSDT'))
2026-08-21 13:20:50,989 - ERROR - Binance Spot Network Error: binance GET https://api.binance.com/api/v3/klines?interval=5m&limit=1000&symbol=BTCUSDT
--- Logging error ---
Traceback (most recent call last):
  File "/Users/ashishparadkar/Downloads/algo-code-main/.venv/lib/python3.9/site-packages/urllib3/connection.py", line 204, in _new_conn
    sock = connection.create_connection(
  File "/Users/ashishparadkar/Downloads/algo-code-main/.venv/lib/python3.9/site-packages/urllib3/util/connection.py", line 60, in create_connection
    for res in socket.getaddrinfo(host, port, family, socket.SOCK_STREAM):
  File "/Library/Developer/CommandLineTools/Library/Frameworks/Python3.framework/Versions/3.9/lib/python3.9/socket.py", line 953, in getaddrinfo
    for res in _socket.getaddrinfo(host, port, family, type, proto, flags):
socket.gaierror: [Errno 8] nodename nor servname provided, or not known

The above exception was the direct cause of the following exception:

Traceback (most recent call last):
  File "/Users/ashishparadkar/Downloads/algo-code-main/.venv/lib/python3.9/site-packages/urllib3/connectionpool.py", line 787, in urlopen
    response = self._make_request(
  File "/Users/ashishparadkar/Downloads/algo-code-main/.venv/lib/python3.9/site-packages/urllib3/connectionpool.py", line 488, in _make_request
    raise new_e
  File "/Users/ashishparadkar/Downloads/algo-code-main/.venv/lib/python3.9/site-packages/urllib3/connectionpool.py", line 464, in _make_request
    self._validate_conn(conn)
  File "/Users/ashishparadkar/Downloads/algo-code-main/.venv/lib/python3.9/site-packages/urllib3/connectionpool.py", line 1093, in _validate_conn
    conn.connect()
  File "/Users/ashishparadkar/Downloads/algo-code-main/.venv/lib/python3.9/site-packages/urllib3/connection.py", line 759, in connect
    self.sock = sock = self._new_conn()
  File "/Users/ashishparadkar/Downloads/algo-code-main/.venv/lib/python3.9/site-packages/urllib3/connection.py", line 211, in _new_conn
    raise NameResolutionError(self.host, self, e) from e
urllib3.exceptions.NameResolutionError: HTTPSConnection(host='api.binance.com', port=443): Failed to resolve 'api.binance.com' ([Errno 8] nodename nor servname provided, or not known)

The above exception was the direct cause of the following exception:

Traceback (most recent call last):
  File "/Users/ashishparadkar/Downloads/algo-code-main/.venv/lib/python3.9/site-packages/requests/adapters.py", line 644, in send
    resp = conn.urlopen(
  File "/Users/ashishparadkar/Downloads/algo-code-main/.venv/lib/python3.9/site-packages/urllib3/connectionpool.py", line 841, in urlopen
    retries = retries.increment(
  File "/Users/ashishparadkar/Downloads/algo-code-main/.venv/lib/python3.9/site-packages/urllib3/util/retry.py", line 535, in increment
    raise MaxRetryError(_pool, url, reason) from reason  # type: ignore[arg-type]
urllib3.exceptions.MaxRetryError: HTTPSConnectionPool(host='api.binance.com', port=443): Max retries exceeded with url: /api/v3/klines?interval=5m&limit=1000&symbol=BTCUSDT (Caused by NameResolutionError("HTTPSConnection(host='api.binance.com', port=443): Failed to resolve 'api.binance.com' ([Errno 8] nodename nor servname provided, or not known)"))

During handling of the above exception, another exception occurred:

Traceback (most recent call last):
  File "/Users/ashishparadkar/Downloads/algo-code-main/.venv/lib/python3.9/site-packages/ccxt/base/exchange.py", line 665, in fetch
    response = self.session.request(
  File "/Users/ashishparadkar/Downloads/algo-code-main/.venv/lib/python3.9/site-packages/requests/sessions.py", line 589, in request
    resp = self.send(prep, **send_kwargs)
  File "/Users/ashishparadkar/Downloads/algo-code-main/.venv/lib/python3.9/site-packages/requests/sessions.py", line 703, in send
    r = adapter.send(request, **kwargs)
  File "/Users/ashishparadkar/Downloads/algo-code-main/.venv/lib/python3.9/site-packages/requests/adapters.py", line 677, in send
    raise ConnectionError(e, request=request)
requests.exceptions.ConnectionError: HTTPSConnectionPool(host='api.binance.com', port=443): Max retries exceeded with url: /api/v3/klines?interval=5m&limit=1000&symbol=BTCUSDT (Caused by NameResolutionError("HTTPSConnection(host='api.binance.com', port=443): Failed to resolve 'api.binance.com' ([Errno 8] nodename nor servname provided, or not known)"))

The above exception was the direct cause of the following exception:

Traceback (most recent call last):
  File "/Users/ashishparadkar/Downloads/algo-code-main/src/provider_manager.py", line 351, in fetch_ohlcv_safe
    df = adapter.fetch_ohlcv(instrument, timeframe, limit=limit)
  File "/Users/ashishparadkar/Downloads/algo-code-main/src/provider_manager.py", line 211, in fetch_ohlcv
    raise net_err
  File "/Users/ashishparadkar/Downloads/algo-code-main/src/provider_manager.py", line 183, in fetch_ohlcv
    raw_candles = self.exchange.fetch_ohlcv(
  File "/Users/ashishparadkar/Downloads/algo-code-main/.venv/lib/python3.9/site-packages/ccxt/binance.py", line 4759, in fetch_ohlcv
    response = self.publicGetKlines(self.extend(request, params))
  File "/Users/ashishparadkar/Downloads/algo-code-main/.venv/lib/python3.9/site-packages/ccxt/base/types.py", line 35, in unbound_method
    return _self.request(self.path, self.api, self.method, params, config=self.config)
  File "/Users/ashishparadkar/Downloads/algo-code-main/.venv/lib/python3.9/site-packages/ccxt/binance.py", line 11724, in request
    response = self.fetch2(path, api, method, params, headers, body, config)
  File "/Users/ashishparadkar/Downloads/algo-code-main/.venv/lib/python3.9/site-packages/ccxt/base/exchange.py", line 5566, in fetch2
    raise e
  File "/Users/ashishparadkar/Downloads/algo-code-main/.venv/lib/python3.9/site-packages/ccxt/base/exchange.py", line 5549, in fetch2
    response = self.fetch(request['url'], request['method'], request['headers'], request['body'])
  File "/Users/ashishparadkar/Downloads/algo-code-main/.venv/lib/python3.9/site-packages/ccxt/base/exchange.py", line 721, in fetch
    raise NetworkError(details) from e
ccxt.base.errors.NetworkError: binance GET https://api.binance.com/api/v3/klines?interval=5m&limit=1000&symbol=BTCUSDT

During handling of the above exception, another exception occurred:

Traceback (most recent call last):
  File "/Library/Developer/CommandLineTools/Library/Frameworks/Python3.framework/Versions/3.9/lib/python3.9/logging/__init__.py", line 1083, in emit
    msg = self.format(record)
  File "/Library/Developer/CommandLineTools/Library/Frameworks/Python3.framework/Versions/3.9/lib/python3.9/logging/__init__.py", line 927, in format
    return fmt.format(record)
  File "/Library/Developer/CommandLineTools/Library/Frameworks/Python3.framework/Versions/3.9/lib/python3.9/logging/__init__.py", line 663, in format
    record.message = record.getMessage()
  File "/Library/Developer/CommandLineTools/Library/Frameworks/Python3.framework/Versions/3.9/lib/python3.9/logging/__init__.py", line 367, in getMessage
    msg = msg % self.args
TypeError: must be real number, not NetworkError
Call stack:
  File "/Library/Developer/CommandLineTools/Library/Frameworks/Python3.framework/Versions/3.9/lib/python3.9/threading.py", line 930, in _bootstrap
    self._bootstrap_inner()
  File "/Library/Developer/CommandLineTools/Library/Frameworks/Python3.framework/Versions/3.9/lib/python3.9/threading.py", line 973, in _bootstrap_inner
    self.run()
  File "/Library/Developer/CommandLineTools/Library/Frameworks/Python3.framework/Versions/3.9/lib/python3.9/threading.py", line 910, in run
    self._target(*self._args, **self._kwargs)
  File "/Library/Developer/CommandLineTools/Library/Frameworks/Python3.framework/Versions/3.9/lib/python3.9/concurrent/futures/thread.py", line 77, in _worker
    work_item.run()
  File "/Library/Developer/CommandLineTools/Library/Frameworks/Python3.framework/Versions/3.9/lib/python3.9/concurrent/futures/thread.py", line 52, in run
    result = self.fn(*self.args, **self.kwargs)
  File "/Users/ashishparadkar/Downloads/algo-code-main/.venv/lib/python3.9/site-packages/apscheduler/executors/base.py", line 131, in run_job
    retval = job.func(*job.args, **job.kwargs)
  File "/Users/ashishparadkar/Downloads/algo-code-main/src/live_runner.py", line 199, in process_cycle
    df, _ = self.provider_manager.fetch_ohlcv_safe(self.symbol, self.timeframe, limit=1000)
  File "/Users/ashishparadkar/Downloads/algo-code-main/src/provider_manager.py", line 362, in fetch_ohlcv_safe
    logger.warning(
Message: 'Retryable network failure for %s (Attempt %d/%d). Backing off %.2fs: %s'
Arguments: ('BTC/USDT', 2, 3, NetworkError('binance GET https://api.binance.com/api/v3/klines?interval=5m&limit=1000&symbol=BTCUSDT'))
2026-08-21 13:20:53,195 - ERROR - Binance Spot Network Error: binance GET https://api.binance.com/api/v3/klines?interval=5m&limit=1000&symbol=BTCUSDT
2026-08-21 13:20:53,196 - ERROR - System Error in runner execution cycle: binance GET https://api.binance.com/api/v3/klines?interval=5m&limit=1000&symbol=BTCUSDT
Traceback (most recent call last):
  File "/Users/ashishparadkar/Downloads/algo-code-main/.venv/lib/python3.9/site-packages/urllib3/connection.py", line 204, in _new_conn
    sock = connection.create_connection(
  File "/Users/ashishparadkar/Downloads/algo-code-main/.venv/lib/python3.9/site-packages/urllib3/util/connection.py", line 60, in create_connection
    for res in socket.getaddrinfo(host, port, family, socket.SOCK_STREAM):
  File "/Library/Developer/CommandLineTools/Library/Frameworks/Python3.framework/Versions/3.9/lib/python3.9/socket.py", line 953, in getaddrinfo
    for res in _socket.getaddrinfo(host, port, family, type, proto, flags):
socket.gaierror: [Errno 8] nodename nor servname provided, or not known

The above exception was the direct cause of the following exception:

Traceback (most recent call last):
  File "/Users/ashishparadkar/Downloads/algo-code-main/.venv/lib/python3.9/site-packages/urllib3/connectionpool.py", line 787, in urlopen
    response = self._make_request(
  File "/Users/ashishparadkar/Downloads/algo-code-main/.venv/lib/python3.9/site-packages/urllib3/connectionpool.py", line 488, in _make_request
    raise new_e
  File "/Users/ashishparadkar/Downloads/algo-code-main/.venv/lib/python3.9/site-packages/urllib3/connectionpool.py", line 464, in _make_request
    self._validate_conn(conn)
  File "/Users/ashishparadkar/Downloads/algo-code-main/.venv/lib/python3.9/site-packages/urllib3/connectionpool.py", line 1093, in _validate_conn
    conn.connect()
  File "/Users/ashishparadkar/Downloads/algo-code-main/.venv/lib/python3.9/site-packages/urllib3/connection.py", line 759, in connect
    self.sock = sock = self._new_conn()
  File "/Users/ashishparadkar/Downloads/algo-code-main/.venv/lib/python3.9/site-packages/urllib3/connection.py", line 211, in _new_conn
    raise NameResolutionError(self.host, self, e) from e
urllib3.exceptions.NameResolutionError: HTTPSConnection(host='api.binance.com', port=443): Failed to resolve 'api.binance.com' ([Errno 8] nodename nor servname provided, or not known)

The above exception was the direct cause of the following exception:

Traceback (most recent call last):
  File "/Users/ashishparadkar/Downloads/algo-code-main/.venv/lib/python3.9/site-packages/requests/adapters.py", line 644, in send
    resp = conn.urlopen(
  File "/Users/ashishparadkar/Downloads/algo-code-main/.venv/lib/python3.9/site-packages/urllib3/connectionpool.py", line 841, in urlopen
    retries = retries.increment(
  File "/Users/ashishparadkar/Downloads/algo-code-main/.venv/lib/python3.9/site-packages/urllib3/util/retry.py", line 535, in increment
    raise MaxRetryError(_pool, url, reason) from reason  # type: ignore[arg-type]
urllib3.exceptions.MaxRetryError: HTTPSConnectionPool(host='api.binance.com', port=443): Max retries exceeded with url: /api/v3/klines?interval=5m&limit=1000&symbol=BTCUSDT (Caused by NameResolutionError("HTTPSConnection(host='api.binance.com', port=443): Failed to resolve 'api.binance.com' ([Errno 8] nodename nor servname provided, or not known)"))

During handling of the above exception, another exception occurred:

Traceback (most recent call last):
  File "/Users/ashishparadkar/Downloads/algo-code-main/.venv/lib/python3.9/site-packages/ccxt/base/exchange.py", line 665, in fetch
    response = self.session.request(
  File "/Users/ashishparadkar/Downloads/algo-code-main/.venv/lib/python3.9/site-packages/requests/sessions.py", line 589, in request
    resp = self.send(prep, **send_kwargs)
  File "/Users/ashishparadkar/Downloads/algo-code-main/.venv/lib/python3.9/site-packages/requests/sessions.py", line 703, in send
    r = adapter.send(request, **kwargs)
  File "/Users/ashishparadkar/Downloads/algo-code-main/.venv/lib/python3.9/site-packages/requests/adapters.py", line 677, in send
    raise ConnectionError(e, request=request)
requests.exceptions.ConnectionError: HTTPSConnectionPool(host='api.binance.com', port=443): Max retries exceeded with url: /api/v3/klines?interval=5m&limit=1000&symbol=BTCUSDT (Caused by NameResolutionError("HTTPSConnection(host='api.binance.com', port=443): Failed to resolve 'api.binance.com' ([Errno 8] nodename nor servname provided, or not known)"))

The above exception was the direct cause of the following exception:

Traceback (most recent call last):
  File "/Users/ashishparadkar/Downloads/algo-code-main/src/live_runner.py", line 199, in process_cycle
    df, _ = self.provider_manager.fetch_ohlcv_safe(self.symbol, self.timeframe, limit=1000)
  File "/Users/ashishparadkar/Downloads/algo-code-main/src/provider_manager.py", line 359, in fetch_ohlcv_safe
    raise retryable_err
  File "/Users/ashishparadkar/Downloads/algo-code-main/src/provider_manager.py", line 351, in fetch_ohlcv_safe
    df = adapter.fetch_ohlcv(instrument, timeframe, limit=limit)
  File "/Users/ashishparadkar/Downloads/algo-code-main/src/provider_manager.py", line 211, in fetch_ohlcv
    raise net_err
  File "/Users/ashishparadkar/Downloads/algo-code-main/src/provider_manager.py", line 183, in fetch_ohlcv
    raw_candles = self.exchange.fetch_ohlcv(
  File "/Users/ashishparadkar/Downloads/algo-code-main/.venv/lib/python3.9/site-packages/ccxt/binance.py", line 4759, in fetch_ohlcv
    response = self.publicGetKlines(self.extend(request, params))
  File "/Users/ashishparadkar/Downloads/algo-code-main/.venv/lib/python3.9/site-packages/ccxt/base/types.py", line 35, in unbound_method
    return _self.request(self.path, self.api, self.method, params, config=self.config)
  File "/Users/ashishparadkar/Downloads/algo-code-main/.venv/lib/python3.9/site-packages/ccxt/binance.py", line 11724, in request
    response = self.fetch2(path, api, method, params, headers, body, config)
  File "/Users/ashishparadkar/Downloads/algo-code-main/.venv/lib/python3.9/site-packages/ccxt/base/exchange.py", line 5566, in fetch2
    raise e
  File "/Users/ashishparadkar/Downloads/algo-code-main/.venv/lib/python3.9/site-packages/ccxt/base/exchange.py", line 5549, in fetch2
    response = self.fetch(request['url'], request['method'], request['headers'], request['body'])
  File "/Users/ashishparadkar/Downloads/algo-code-main/.venv/lib/python3.9/site-packages/ccxt/base/exchange.py", line 721, in fetch
    raise NetworkError(details) from e
ccxt.base.errors.NetworkError: binance GET https://api.binance.com/api/v3/klines?interval=5m&limit=1000&symbol=BTCUSDT
2026-08-21 13:20:53,282 - WARNING - [bot-1787212200345-a163] Marked bot as non-retryable configuration error to prevent infinite error storm.
2026-08-21 13:20:53,396 - WARNING - Telegram alert [GENERAL] failed (Connection Error: HTTPSConnectionPool(host='api.telegram.org', port=443): Max retries exceeded with url: /bot8865086302:AAHhh3VL9czoQRSnw8Hf9iyDEwGJnqQTtqc/sendMessage (Caused by NameResolutionError("HTTPSConnection(host='api.telegram.org', port=443): Failed to resolve 'api.telegram.org' ([Errno 8] nodename nor servname provided, or not known)"))). Re-queueing retry 1/3 in 1.0s
2026-08-21 13:20:53,566 - INFO - Logged heartbeat status: ERROR
2026-08-21 13:20:53,567 - INFO - Job "LiveRunner.process_cycle (trigger: interval[0:05:00], next run at: 2026-08-21 13:25:38 IST)" executed successfully
2026-08-21 13:20:54,409 - WARNING - Telegram alert [GENERAL] failed (Connection Error: HTTPSConnectionPool(host='api.telegram.org', port=443): Max retries exceeded with url: /bot8865086302:AAHhh3VL9czoQRSnw8Hf9iyDEwGJnqQTtqc/sendMessage (Caused by NameResolutionError("HTTPSConnection(host='api.telegram.org', port=443): Failed to resolve 'api.telegram.org' ([Errno 8] nodename nor servname provided, or not known)"))). Re-queueing retry 2/3 in 2.0s
2026-08-21 13:20:55,419 - WARNING - Telegram alert [GENERAL] failed (Connection Error: HTTPSConnectionPool(host='api.telegram.org', port=443): Max retries exceeded with url: /bot8865086302:AAHhh3VL9czoQRSnw8Hf9iyDEwGJnqQTtqc/sendMessage (Caused by NameResolutionError("HTTPSConnection(host='api.telegram.org', port=443): Failed to resolve 'api.telegram.org' ([Errno 8] nodename nor servname provided, or not known)"))). Re-queueing retry 3/3 in 4.0s
2026-08-21 13:20:56,428 - ERROR - Telegram alert [GENERAL] failed permanently after 3 retries: Connection Error: HTTPSConnectionPool(host='api.telegram.org', port=443): Max retries exceeded with url: /bot8865086302:AAHhh3VL9czoQRSnw8Hf9iyDEwGJnqQTtqc/sendMessage (Caused by NameResolutionError("HTTPSConnection(host='api.telegram.org', port=443): Failed to resolve 'api.telegram.org' ([Errno 8] nodename nor servname provided, or not known)"))
2026-08-21 13:25:38,943 - INFO - Running job "LiveRunner.process_cycle (trigger: interval[0:05:00], next run at: 2026-08-21 13:30:38 IST)" (scheduled at 2026-08-21 13:25:38.930227+05:30)
2026-08-21 13:25:38,948 - ERROR - [bot-1787212200345-a163] Halting runner cycle: Bot is configured with unexecutable instrument 'BTC/USDT'. Error: Fatal Non-Retryable Error: binance GET https://api.binance.com/api/v3/klines?interval=5m&limit=1000&symbol=BTCUSDT
2026-08-21 13:25:39,099 - INFO - Job "LiveRunner.process_cycle (trigger: interval[0:05:00], next run at: 2026-08-21 13:30:38 IST)" executed successfully
2026-08-21 13:30:38,944 - INFO - Running job "LiveRunner.process_cycle (trigger: interval[0:05:00], next run at: 2026-08-21 13:35:38 IST)" (scheduled at 2026-08-21 13:30:38.930227+05:30)
2026-08-21 13:30:38,946 - ERROR - [bot-1787212200345-a163] Halting runner cycle: Bot is configured with unexecutable instrument 'BTC/USDT'. Error: Fatal Non-Retryable Error: binance GET https://api.binance.com/api/v3/klines?interval=5m&limit=1000&symbol=BTCUSDT
2026-08-21 13:30:39,140 - INFO - Job "LiveRunner.process_cycle (trigger: interval[0:05:00], next run at: 2026-08-21 13:35:38 IST)" executed successfully
2026-08-21 13:35:38,993 - INFO - Running job "LiveRunner.process_cycle (trigger: interval[0:05:00], next run at: 2026-08-21 13:40:38 IST)" (scheduled at 2026-08-21 13:35:38.930227+05:30)
2026-08-21 13:35:39,002 - ERROR - [bot-1787212200345-a163] Halting runner cycle: Bot is configured with unexecutable instrument 'BTC/USDT'. Error: Fatal Non-Retryable Error: binance GET https://api.binance.com/api/v3/klines?interval=5m&limit=1000&symbol=BTCUSDT
2026-08-21 13:35:39,216 - INFO - Job "LiveRunner.process_cycle (trigger: interval[0:05:00], next run at: 2026-08-21 13:40:38 IST)" executed successfully
/Users/ashishparadkar/Downloads/algo-code-main/.venv/lib/python3.9/site-packages/urllib3/__init__.py:35: NotOpenSSLWarning: urllib3 v2 only supports OpenSSL 1.1.1+, currently the 'ssl' module is compiled with 'LibreSSL 2.8.3'. See: https://github.com/urllib3/urllib3/issues/3020
  warnings.warn(
2026-08-21 14:50:55,426 - INFO - Bot state startup reconciliation finished: 0 bot(s) reconciled to STOPPED.
2026-08-21 14:50:56,411 - INFO - Telegram notification service initialized successfully (Chat ID: 5657...)
2026-08-21 14:50:56,648 - INFO - Initializing scheduled trading bot live runner for bot-1787212200345-a163...
2026-08-21 14:50:56,946 - INFO - SQLite database tables verified/created.
2026-08-21 14:50:56,997 - INFO - Initializing CCXT Binance in TESTNET mode.
2026-08-21 14:51:28,939 - INFO - [bot-1787212200345-a163] Pre-flight instrument resolved: BTC/USDT (SPOT via binance_spot)
2026-08-21 14:51:29,619 - INFO - [bot-1787212200345-a163] Starting signal check cycle for BTC/USDT (5m)...
2026-08-21 14:51:29,640 - INFO - Fetching recent candles for BTC/USDT (5m) [Bot: bot-1787212200345-a163] via ProviderManager...
/Users/ashishparadkar/Downloads/algo-code-main/.venv/lib/python3.9/site-packages/urllib3/__init__.py:35: NotOpenSSLWarning: urllib3 v2 only supports OpenSSL 1.1.1+, currently the 'ssl' module is compiled with 'LibreSSL 2.8.3'. See: https://github.com/urllib3/urllib3/issues/3020
  warnings.warn(
2026-08-21 15:30:20,586 - INFO - Bot state startup reconciliation finished: 0 bot(s) reconciled to STOPPED.
2026-08-21 15:30:21,198 - INFO - Telegram notification service initialized successfully (Chat ID: 5657...)
2026-08-21 15:30:21,216 - INFO - Initializing scheduled trading bot live runner for bot-1787212200345-a163...
2026-08-21 15:30:21,593 - INFO - SQLite database tables verified/created.
2026-08-21 15:30:22,257 - INFO - Initializing CCXT Binance in TESTNET mode.
2026-08-21 15:30:43,575 - INFO - [bot-1787212200345-a163] Pre-flight instrument resolved: BTC/USDT (SPOT via binance_spot)
2026-08-21 15:30:44,164 - INFO - [bot-1787212200345-a163] Starting signal check cycle for BTC/USDT (5m)...
2026-08-21 15:30:44,186 - INFO - Fetching recent candles for BTC/USDT (5m) [Bot: bot-1787212200345-a163] via ProviderManager...
/Users/ashishparadkar/Downloads/algo-code-main/.venv/lib/python3.9/site-packages/urllib3/__init__.py:35: NotOpenSSLWarning: urllib3 v2 only supports OpenSSL 1.1.1+, currently the 'ssl' module is compiled with 'LibreSSL 2.8.3'. See: https://github.com/urllib3/urllib3/issues/3020
  warnings.warn(
2026-08-21 18:13:30,155 - INFO - Bot state startup reconciliation finished: 0 bot(s) reconciled to STOPPED.
2026-08-21 18:13:30,829 - INFO - Telegram notification service initialized successfully (Chat ID: 5657...)
2026-08-21 18:13:30,839 - INFO - Initializing scheduled trading bot live runner for bot-1787212200345-a163...
2026-08-21 18:13:31,392 - INFO - SQLite database tables verified/created.
2026-08-21 18:13:31,897 - INFO - Initializing CCXT Binance in TESTNET mode.
2026-08-21 18:13:55,650 - INFO - [bot-1787212200345-a163] Pre-flight instrument resolved: BTC/USDT (SPOT via binance_spot)
2026-08-21 18:13:56,217 - INFO - [bot-1787212200345-a163] Starting signal check cycle for BTC/USDT (5m)...
2026-08-21 18:13:56,494 - INFO - Fetching recent candles for BTC/USDT (5m) [Bot: bot-1787212200345-a163] via ProviderManager...
/Users/ashishparadkar/Downloads/algo-code-main/.venv/lib/python3.9/site-packages/urllib3/__init__.py:35: NotOpenSSLWarning: urllib3 v2 only supports OpenSSL 1.1.1+, currently the 'ssl' module is compiled with 'LibreSSL 2.8.3'. See: https://github.com/urllib3/urllib3/issues/3020
  warnings.warn(
2026-08-21 20:27:03,017 - INFO - Bot state startup reconciliation finished: 0 bot(s) reconciled to STOPPED.
2026-08-21 20:27:03,582 - INFO - Telegram notification service initialized successfully (Chat ID: 5657...)
2026-08-21 20:27:03,610 - INFO - Initializing scheduled trading bot live runner for bot-1787212200345-a163...
2026-08-21 20:27:04,210 - INFO - SQLite database tables verified/created.
2026-08-21 20:27:04,725 - INFO - Initializing CCXT Binance in TESTNET mode.
2026-08-21 20:27:31,879 - INFO - [bot-1787212200345-a163] Pre-flight instrument resolved: BTC/USDT (SPOT via binance_spot)
2026-08-21 20:27:31,958 - INFO - [bot-1787212200345-a163] Starting signal check cycle for BTC/USDT (5m)...
2026-08-21 20:27:31,967 - INFO - Fetching recent candles for BTC/USDT (5m) [Bot: bot-1787212200345-a163] via ProviderManager...
/Users/ashishparadkar/Downloads/algo-code-main/.venv/lib/python3.9/site-packages/urllib3/__init__.py:35: NotOpenSSLWarning: urllib3 v2 only supports OpenSSL 1.1.1+, currently the 'ssl' module is compiled with 'LibreSSL 2.8.3'. See: https://github.com/urllib3/urllib3/issues/3020
  warnings.warn(
2026-08-21 21:32:45,683 - INFO - Bot state startup reconciliation finished: 0 bot(s) reconciled to STOPPED.
2026-08-21 21:32:46,814 - INFO - Telegram notification service initialized successfully (Chat ID: 5657...)
2026-08-21 21:32:47,310 - INFO - Initializing scheduled trading bot live runner for bot-1787212200345-a163...
2026-08-21 21:32:47,729 - INFO - SQLite database tables verified/created.
2026-08-21 21:32:48,697 - INFO - Initializing CCXT Binance in TESTNET mode.
2026-08-21 21:33:37,358 - INFO - [bot-1787212200345-a163] Pre-flight instrument resolved: BTC/USDT (SPOT via binance_spot)
2026-08-21 21:33:38,285 - INFO - [bot-1787212200345-a163] Starting signal check cycle for BTC/USDT (5m)...
2026-08-21 21:33:38,781 - INFO - Fetching recent candles for BTC/USDT (5m) [Bot: bot-1787212200345-a163] via ProviderManager...
2026-08-21 21:41:49,204 - INFO - Indicators computed | close=77110.01 ema_9=77239.14 ema_20=77292.14 ema_50=77242.22 ema_200=76061.57 macd=-12.4932 poc=64250.0 val=64025.0 vah=74325.0
2026-08-21 21:41:52,708 - INFO - [bot-1787212200345-a163] Evaluating strategy on completed candle: 2026-08-21 16:05:00+00:00 at Close price: 76962.00
2026-08-21 21:42:05,311 - INFO - SHORT signal blocked | Trend blocked (Close 76962.00 >= EMA200 76051.04) | Momentum blocked (MACD 3.0900 >= 0) | Location blocked (Close 76962.00 outside Value Area [62744.50 - 75811.50], VAL=64025.00, VAH=74325.00) | context={'close': 76962.0, 'ema_9': 77271.42691582377, 'ema_20': 77311.30652203494, 'ema_50': 77247.61567582296, 'ema_200': 76051.03583941142, 'macd_line': 3.089965001359815, 'macd_signal': 72.7531430614222, 'macd_hist': -69.66317806006238, 'poc': np.float64(64250.0), 'val': np.float64(64025.0), 'vah': np.float64(74325.0)}
2026-08-21 21:42:10,709 - INFO - Confluence Evaluation | Regime: TRENDING (ADX=29.8) | Direction: HOLD | BullScore: 0.0% | BearScore: 34.8% | Active: ['ema', 'macd', 'rsi', 'vp']
2026-08-21 21:42:14,502 - INFO - Signal evaluated: HOLD. Reason/Details: SHORT setup blocked: Trend blocked (Close 76962.00 >= EMA200 76051.04) | Momentum blocked (MACD 3.0900 >= 0) | Location blocked (Close 76962.00 outside Value Area [62744.50 - 75811.50], VAL=64025.00, VAH=74325.00)
2026-08-21 21:42:24,158 - INFO - Logged heartbeat status: OK
2026-08-21 21:42:37,177 - INFO - Adding job tentatively -- it will be properly scheduled when the scheduler starts
2026-08-21 21:42:37,184 - INFO - Bot bot-1787212200345-a163 scheduled to check every 5 minutes.
2026-08-21 21:42:38,577 - INFO - Added job "LiveRunner.process_cycle" to job store "default"
2026-08-21 21:42:38,577 - INFO - Scheduler started
2026-08-21 21:47:39,308 - WARNING - Run time of job "LiveRunner.process_cycle (trigger: interval[0:05:00], next run at: 2026-08-21 21:52:35 IST)" was missed by 0:00:03.165602
2026-08-21 21:52:39,454 - WARNING - Run time of job "LiveRunner.process_cycle (trigger: interval[0:05:00], next run at: 2026-08-21 21:57:35 IST)" was missed by 0:00:03.073137
2026-08-21 21:57:37,940 - WARNING - Run time of job "LiveRunner.process_cycle (trigger: interval[0:05:00], next run at: 2026-08-21 22:02:35 IST)" was missed by 0:00:01.800956
2026-08-21 22:02:36,264 - INFO - Running job "LiveRunner.process_cycle (trigger: interval[0:05:00], next run at: 2026-08-21 22:07:35 IST)" (scheduled at 2026-08-21 22:02:35.772711+05:30)
2026-08-21 22:02:39,038 - INFO - [bot-1787212200345-a163] Starting signal check cycle for BTC/USDT (5m)...
2026-08-21 22:02:40,365 - INFO - Fetching recent candles for BTC/USDT (5m) [Bot: bot-1787212200345-a163] via ProviderManager...
2026-08-21 22:03:09,143 - INFO - Indicators computed | close=77324.09 ema_9=77236.84 ema_20=77265.03 ema_50=77235.37 ema_200=76105.76 macd=-14.7995 poc=69350.0 val=64025.0 vah=74450.0
2026-08-21 22:03:09,396 - INFO - [bot-1787212200345-a163] Evaluating strategy on completed candle: 2026-08-21 16:25:00+00:00 at Close price: 77383.87
2026-08-21 22:03:10,427 - INFO - Confluence Evaluation | Regime: TRENDING (ADX=39.1) | Direction: HOLD | BullScore: 32.6% | BearScore: 67.4% | Active: ['ema', 'macd', 'rsi', 'vp']
2026-08-21 22:03:10,928 - INFO - Signal evaluated: HOLD. Reason/Details: Confluence score: 67% (HOLD)
2026-08-21 22:03:12,004 - INFO - Logged heartbeat status: OK
2026-08-21 22:03:12,016 - INFO - Job "LiveRunner.process_cycle (trigger: interval[0:05:00], next run at: 2026-08-21 22:07:35 IST)" executed successfully
2026-08-21 22:07:35,890 - INFO - Running job "LiveRunner.process_cycle (trigger: interval[0:05:00], next run at: 2026-08-21 22:12:35 IST)" (scheduled at 2026-08-21 22:07:35.772711+05:30)
2026-08-21 22:07:35,922 - INFO - [bot-1787212200345-a163] Starting signal check cycle for BTC/USDT (5m)...
2026-08-21 22:07:36,016 - INFO - Fetching recent candles for BTC/USDT (5m) [Bot: bot-1787212200345-a163] via ProviderManager...
2026-08-21 22:07:37,120 - INFO - Indicators computed | close=77254.01 ema_9=77242.52 ema_20=77265.19 ema_50=77236.63 ema_200=76117.32 macd=-12.4549 poc=69350.0 val=64025.0 vah=74475.0
2026-08-21 22:07:37,122 - INFO - [bot-1787212200345-a163] Evaluating strategy on completed candle: 2026-08-21 16:30:00+00:00 at Close price: 77338.12
2026-08-21 22:07:37,225 - INFO - Confluence Evaluation | Regime: TRENDING (ADX=39.7) | Direction: HOLD | BullScore: 32.6% | BearScore: 67.4% | Active: ['ema', 'macd', 'rsi', 'vp']
2026-08-21 22:07:37,328 - INFO - Signal evaluated: HOLD. Reason/Details: Confluence score: 67% (HOLD)
2026-08-21 22:07:37,534 - INFO - Logged heartbeat status: OK
2026-08-21 22:07:37,539 - INFO - Job "LiveRunner.process_cycle (trigger: interval[0:05:00], next run at: 2026-08-21 22:12:35 IST)" executed successfully
2026-08-21 22:12:35,814 - INFO - Running job "LiveRunner.process_cycle (trigger: interval[0:05:00], next run at: 2026-08-21 22:17:35 IST)" (scheduled at 2026-08-21 22:12:35.772711+05:30)
2026-08-21 22:12:35,913 - INFO - [bot-1787212200345-a163] Starting signal check cycle for BTC/USDT (5m)...
2026-08-21 22:12:35,961 - INFO - Fetching recent candles for BTC/USDT (5m) [Bot: bot-1787212200345-a163] via ProviderManager...
2026-08-21 22:12:36,797 - INFO - Indicators computed | close=77294.29 ema_9=77262.84 ema_20=77273.32 ema_50=77241.24 ema_200=76129.65 macd=-4.3044 poc=69350.0 val=64025.0 vah=74475.0
2026-08-21 22:12:36,800 - INFO - [bot-1787212200345-a163] Evaluating strategy on completed candle: 2026-08-21 16:35:00+00:00 at Close price: 77316.28
2026-08-21 22:12:36,904 - INFO - Confluence Evaluation | Regime: TRENDING (ADX=39.7) | Direction: HOLD | BullScore: 32.6% | BearScore: 67.4% | Active: ['ema', 'macd', 'rsi', 'vp']
2026-08-21 22:12:37,010 - INFO - Signal evaluated: HOLD. Reason/Details: Confluence score: 67% (HOLD)
2026-08-21 22:12:37,229 - INFO - Logged heartbeat status: OK
2026-08-21 22:12:37,230 - INFO - Job "LiveRunner.process_cycle (trigger: interval[0:05:00], next run at: 2026-08-21 22:17:35 IST)" executed successfully
2026-08-21 22:17:35,789 - INFO - Running job "LiveRunner.process_cycle (trigger: interval[0:05:00], next run at: 2026-08-21 22:22:35 IST)" (scheduled at 2026-08-21 22:17:35.772711+05:30)
2026-08-21 22:17:35,806 - INFO - [bot-1787212200345-a163] Starting signal check cycle for BTC/USDT (5m)...
2026-08-21 22:17:35,867 - INFO - Fetching recent candles for BTC/USDT (5m) [Bot: bot-1787212200345-a163] via ProviderManager...
2026-08-21 22:17:36,856 - INFO - Indicators computed | close=77398.58 ema_9=77300.83 ema_20=77291.09 ema_50=77249.96 ema_200=76142.94 macd=10.7307 poc=69350.0 val=64025.0 vah=74500.0
2026-08-21 22:17:36,857 - INFO - [bot-1787212200345-a163] Evaluating strategy on completed candle: 2026-08-21 16:40:00+00:00 at Close price: 77362.04
2026-08-21 22:17:36,989 - INFO - Confluence Evaluation | Regime: TRENDING (ADX=40.2) | Direction: HOLD | BullScore: 32.6% | BearScore: 34.8% | Active: ['ema', 'macd', 'rsi', 'vp']
2026-08-21 22:17:37,219 - INFO - Signal evaluated: HOLD. Reason/Details: Confluence score: 35% (HOLD)
2026-08-21 22:17:37,546 - INFO - Logged heartbeat status: OK
2026-08-21 22:17:37,547 - INFO - Job "LiveRunner.process_cycle (trigger: interval[0:05:00], next run at: 2026-08-21 22:22:35 IST)" executed successfully
2026-08-21 22:22:35,912 - INFO - Running job "LiveRunner.process_cycle (trigger: interval[0:05:00], next run at: 2026-08-21 22:27:35 IST)" (scheduled at 2026-08-21 22:22:35.772711+05:30)
2026-08-21 22:22:35,988 - INFO - [bot-1787212200345-a163] Starting signal check cycle for BTC/USDT (5m)...
2026-08-21 22:22:36,048 - INFO - Fetching recent candles for BTC/USDT (5m) [Bot: bot-1787212200345-a163] via ProviderManager...
2026-08-21 22:22:36,882 - INFO - Indicators computed | close=77454.00 ema_9=77352.52 ema_20=77317.95 ema_50=77262.92 ema_200=76157.28 macd=30.6806 poc=69350.0 val=64025.0 vah=74525.0
2026-08-21 22:22:36,883 - INFO - [bot-1787212200345-a163] Evaluating strategy on completed candle: 2026-08-21 16:45:00+00:00 at Close price: 77530.19
2026-08-21 22:22:36,990 - INFO - LONG signal blocked | Location blocked (Close 77530.19 outside Value Area [62744.50 - 76015.50], VAL=64025.00, VAH=74525.00) | context={'close': 77530.19, 'ema_9': 77327.14786556269, 'ema_20': 77303.62543003306, 'ema_50': 77255.12450110391, 'ema_200': 76144.25262187838, 'macd_line': 21.229475276821177, 'macd_signal': 6.32280964717363, 'macd_hist': 14.906665629647547, 'poc': np.float64(69350.0), 'val': np.float64(64025.0), 'vah': np.float64(74525.0)}
2026-08-21 22:22:37,012 - INFO - Confluence Evaluation | Regime: TRENDING (ADX=39.6) | Direction: HOLD | BullScore: 65.2% | BearScore: 34.8% | Active: ['ema', 'macd', 'rsi', 'vp']
2026-08-21 22:22:37,127 - INFO - Signal evaluated: HOLD. Reason/Details: LONG setup blocked: Location blocked (Close 77530.19 outside Value Area [62744.50 - 76015.50], VAL=64025.00, VAH=74525.00)
2026-08-21 22:22:37,546 - INFO - Logged heartbeat status: OK
2026-08-21 22:22:37,546 - INFO - Job "LiveRunner.process_cycle (trigger: interval[0:05:00], next run at: 2026-08-21 22:27:35 IST)" executed successfully
2026-08-21 22:27:35,783 - INFO - Running job "LiveRunner.process_cycle (trigger: interval[0:05:00], next run at: 2026-08-21 22:32:35 IST)" (scheduled at 2026-08-21 22:27:35.772711+05:30)
2026-08-21 22:27:35,797 - INFO - [bot-1787212200345-a163] Starting signal check cycle for BTC/USDT (5m)...
2026-08-21 22:27:35,857 - INFO - Fetching recent candles for BTC/USDT (5m) [Bot: bot-1787212200345-a163] via ProviderManager...
2026-08-21 22:27:36,350 - INFO - Indicators computed | close=77502.00 ema_9=77384.97 ema_20=77336.85 ema_50=77272.90 ema_200=76170.82 macd=42.5501 poc=69350.0 val=64025.0 vah=74550.0
2026-08-21 22:27:36,351 - INFO - [bot-1787212200345-a163] Evaluating strategy on completed candle: 2026-08-21 16:50:00+00:00 at Close price: 77470.00
2026-08-21 22:27:36,470 - INFO - Confluence Evaluation | Regime: TRENDING (ADX=39.0) | Direction: HOLD | BullScore: 65.2% | BearScore: 34.8% | Active: ['ema', 'macd', 'rsi', 'vp']
2026-08-21 22:27:36,580 - INFO - Signal evaluated: HOLD. Reason/Details: Confluence score: 65% (HOLD)
2026-08-21 22:27:36,813 - INFO - Logged heartbeat status: OK
2026-08-21 22:27:36,813 - INFO - Job "LiveRunner.process_cycle (trigger: interval[0:05:00], next run at: 2026-08-21 22:32:35 IST)" executed successfully
2026-08-21 22:32:35,862 - INFO - Running job "LiveRunner.process_cycle (trigger: interval[0:05:00], next run at: 2026-08-21 22:37:35 IST)" (scheduled at 2026-08-21 22:32:35.772711+05:30)
2026-08-21 22:32:35,949 - INFO - [bot-1787212200345-a163] Starting signal check cycle for BTC/USDT (5m)...
2026-08-21 22:32:36,026 - INFO - Fetching recent candles for BTC/USDT (5m) [Bot: bot-1787212200345-a163] via ProviderManager...
2026-08-21 22:32:38,676 - INFO - Indicators computed | close=77600.49 ema_9=77425.52 ema_20=77360.58 ema_50=77285.15 ema_200=76184.89 macd=57.2367 poc=69350.0 val=64025.0 vah=74550.0
2026-08-21 22:32:38,681 - INFO - [bot-1787212200345-a163] Evaluating strategy on completed candle: 2026-08-21 16:55:00+00:00 at Close price: 77486.01
2026-08-21 22:32:39,174 - INFO - Confluence Evaluation | Regime: TRENDING (ADX=37.1) | Direction: LONG | BullScore: 82.6% | BearScore: 17.4% | Active: ['ema', 'macd', 'rsi', 'vp']
2026-08-21 22:32:39,717 - INFO - Capping position size 0.927013 BTC to available cash equivalent 0.193583 BTC.
2026-08-21 22:32:39,885 - INFO - Created pending signal approval ID 251 for bot bot-1787212200345-a163 (LONG @ $77486.01, status: WAITING_APPROVAL)
2026-08-21 22:32:39,926 - INFO - [bot-1787212200345-a163] Signal LONG generated (ID: 251). Waiting for manual user approval.
2026-08-21 22:32:40,305 - INFO - Logged heartbeat status: OK
2026-08-21 22:32:40,305 - INFO - Job "LiveRunner.process_cycle (trigger: interval[0:05:00], next run at: 2026-08-21 22:37:35 IST)" executed successfully
2026-08-21 22:37:35,865 - INFO - Running job "LiveRunner.process_cycle (trigger: interval[0:05:00], next run at: 2026-08-21 22:42:35 IST)" (scheduled at 2026-08-21 22:37:35.772711+05:30)
2026-08-21 22:37:35,885 - INFO - [bot-1787212200345-a163] Starting signal check cycle for BTC/USDT (5m)...
2026-08-21 22:37:35,943 - INFO - Fetching recent candles for BTC/USDT (5m) [Bot: bot-1787212200345-a163] via ProviderManager...
2026-08-21 22:37:36,393 - INFO - Indicators computed | close=77671.99 ema_9=77462.26 ema_20=77383.48 ema_50=77297.36 ema_200=76198.92 macd=69.9598 poc=69350.0 val=64025.0 vah=74575.0
2026-08-21 22:37:36,394 - INFO - [bot-1787212200345-a163] Evaluating strategy on completed candle: 2026-08-21 17:00:00+00:00 at Close price: 77522.00
2026-08-21 22:37:36,472 - INFO - Confluence Evaluation | Regime: TRENDING (ADX=34.7) | Direction: LONG | BullScore: 82.6% | BearScore: 17.4% | Active: ['ema', 'macd', 'rsi', 'vp']
2026-08-21 22:37:36,640 - INFO - Capping position size 0.922311 BTC to available cash equivalent 0.193493 BTC.
2026-08-21 22:37:36,647 - INFO - [bot-1787212200345-a163] Signal LONG active pending approval already exists (ID: 251).
2026-08-21 22:37:36,872 - INFO - Logged heartbeat status: OK
2026-08-21 22:37:36,872 - INFO - Job "LiveRunner.process_cycle (trigger: interval[0:05:00], next run at: 2026-08-21 22:42:35 IST)" executed successfully
/Users/ashishparadkar/Downloads/algo-code-main/.venv/lib/python3.9/site-packages/urllib3/__init__.py:35: NotOpenSSLWarning: urllib3 v2 only supports OpenSSL 1.1.1+, currently the 'ssl' module is compiled with 'LibreSSL 2.8.3'. See: https://github.com/urllib3/urllib3/issues/3020
  warnings.warn(
2026-08-21 22:44:49,880 - INFO - Bot state startup reconciliation finished: 0 bot(s) reconciled to STOPPED.
2026-08-21 22:44:51,133 - INFO - Telegram notification service initialized successfully (Chat ID: 5657...)
2026-08-21 22:44:51,143 - INFO - Initializing scheduled trading bot live runner for bot-1787212200345-a163...
2026-08-21 22:44:51,438 - INFO - SQLite database tables verified/created.
2026-08-21 22:44:52,827 - INFO - Initializing CCXT Binance in TESTNET mode.
2026-08-21 22:45:29,901 - INFO - [bot-1787212200345-a163] Pre-flight instrument resolved: BTC/USDT (SPOT via binance_spot)
2026-08-21 22:45:30,658 - INFO - [bot-1787212200345-a163] Starting signal check cycle for BTC/USDT (5m)...
2026-08-21 22:45:31,329 - INFO - Fetching recent candles for BTC/USDT (5m) [Bot: bot-1787212200345-a163] via ProviderManager...
