/Users/ashishparadkar/Downloads/algo-code-main/.venv/lib/python3.9/site-packages/urllib3/__init__.py:35: NotOpenSSLWarning: urllib3 v2 only supports OpenSSL 1.1.1+, currently the 'ssl' module is compiled with 'LibreSSL 2.8.3'. See: https://github.com/urllib3/urllib3/issues/3020
  warnings.warn(
/Users/ashishparadkar/Downloads/algo-code-main/.venv/lib/python3.9/site-packages/urllib3/__init__.py:35: NotOpenSSLWarning: urllib3 v2 only supports OpenSSL 1.1.1+, currently the 'ssl' module is compiled with 'LibreSSL 2.8.3'. See: https://github.com/urllib3/urllib3/issues/3020
  warnings.warn(
2026-08-20 22:17:34,602 - INFO - Bot state startup reconciliation finished: 0 bot(s) reconciled to STOPPED.
2026-08-20 22:17:36,714 - INFO - Telegram notification service initialized successfully (Chat ID: 5657...)
2026-08-20 22:17:37,334 - INFO - Initializing scheduled trading bot live runner for bot-1787212200712-318e...
2026-08-20 22:17:38,760 - INFO - SQLite database tables verified/created.
2026-08-20 22:17:39,936 - INFO - Initializing CCXT Binance in TESTNET mode.
2026-08-20 22:18:16,100 - INFO - [bot-1787212200712-318e] Pre-flight instrument resolved: SOL/USDT (SPOT via binance_spot)
2026-08-20 22:18:16,168 - INFO - [bot-1787212200712-318e] Starting signal check cycle for SOL/USDT (5m)...
2026-08-20 22:18:16,719 - INFO - Fetching recent candles for SOL/USDT (5m) [Bot: bot-1787212200712-318e] via ProviderManager...
2026-08-20 22:19:43,971 - INFO - Indicators computed | close=87.45 ema_9=87.25 ema_20=87.12 ema_50=87.00 ema_200=85.95 macd=0.1347 poc=75.0 val=75.0 vah=75.0
2026-08-20 22:19:44,333 - INFO - [bot-1787212200712-318e] Evaluating strategy on completed candle: 2026-08-20 16:40:00+00:00 at Close price: 87.51
2026-08-20 22:19:45,349 - INFO - Confluence Evaluation | Regime: TRENDING (ADX=26.1) | Direction: LONG | BullScore: 82.6% | BearScore: 17.4% | Active: ['ema', 'macd', 'rsi', 'vp']
2026-08-20 22:19:45,733 - INFO - Capping position size 219.178082 BTC to available cash equivalent 91.418124 BTC.
2026-08-20 22:19:45,827 - INFO - Created pending signal approval ID 50 for bot bot-1787212200712-318e (LONG @ $87.51, status: WAITING_APPROVAL)
2026-08-20 22:19:46,247 - INFO - [bot-1787212200712-318e] Signal LONG generated (ID: 50). Waiting for manual user approval.
2026-08-20 22:19:46,659 - INFO - Logged heartbeat status: OK
2026-08-20 22:19:46,976 - INFO - Adding job tentatively -- it will be properly scheduled when the scheduler starts
2026-08-20 22:19:46,976 - INFO - Bot bot-1787212200712-318e scheduled to check every 5 minutes.
2026-08-20 22:19:46,981 - INFO - Added job "LiveRunner.process_cycle" to job store "default"
2026-08-20 22:19:46,981 - INFO - Scheduler started
2026-08-20 22:24:47,312 - INFO - Running job "LiveRunner.process_cycle (trigger: interval[0:05:00], next run at: 2026-08-20 22:29:46 IST)" (scheduled at 2026-08-20 22:24:46.973407+05:30)
2026-08-20 22:24:47,390 - INFO - [bot-1787212200712-318e] Starting signal check cycle for SOL/USDT (5m)...
2026-08-20 22:24:47,456 - INFO - Fetching recent candles for SOL/USDT (5m) [Bot: bot-1787212200712-318e] via ProviderManager...
2026-08-20 22:24:48,400 - INFO - Indicators computed | close=87.62 ema_9=87.32 ema_20=87.17 ema_50=87.02 ema_200=85.97 macd=0.1568 poc=75.0 val=75.0 vah=75.0
2026-08-20 22:24:48,404 - INFO - [bot-1787212200712-318e] Evaluating strategy on completed candle: 2026-08-20 16:45:00+00:00 at Close price: 87.44
2026-08-20 22:24:48,472 - INFO - Confluence Evaluation | Regime: TRENDING (ADX=27.5) | Direction: LONG | BullScore: 82.6% | BearScore: 17.4% | Active: ['ema', 'macd', 'rsi', 'vp']
2026-08-20 22:24:48,510 - INFO - Capping position size 242.424242 BTC to available cash equivalent 91.491308 BTC.
2026-08-20 22:24:48,542 - INFO - [bot-1787212200712-318e] Signal LONG active pending approval already exists (ID: 50).
2026-08-20 22:24:48,657 - INFO - Logged heartbeat status: OK
2026-08-20 22:24:48,664 - INFO - Job "LiveRunner.process_cycle (trigger: interval[0:05:00], next run at: 2026-08-20 22:29:46 IST)" executed successfully
2026-08-20 22:29:46,988 - INFO - Running job "LiveRunner.process_cycle (trigger: interval[0:05:00], next run at: 2026-08-20 22:34:46 IST)" (scheduled at 2026-08-20 22:29:46.973407+05:30)
2026-08-20 22:29:47,000 - INFO - [bot-1787212200712-318e] Starting signal check cycle for SOL/USDT (5m)...
2026-08-20 22:29:47,061 - INFO - Fetching recent candles for SOL/USDT (5m) [Bot: bot-1787212200712-318e] via ProviderManager...
2026-08-20 22:29:47,608 - INFO - Indicators computed | close=87.81 ema_9=87.42 ema_20=87.23 ema_50=87.05 ema_200=85.99 macd=0.1875 poc=75.0 val=75.0 vah=75.0
2026-08-20 22:29:47,609 - INFO - [bot-1787212200712-318e] Evaluating strategy on completed candle: 2026-08-20 16:50:00+00:00 at Close price: 87.61
2026-08-20 22:29:47,687 - INFO - Confluence Evaluation | Regime: TRENDING (ADX=29.1) | Direction: LONG | BullScore: 82.6% | BearScore: 17.4% | Active: ['ema', 'macd', 'rsi', 'vp']
2026-08-20 22:29:47,831 - INFO - Capping position size 210.526316 BTC to available cash equivalent 91.313777 BTC.
2026-08-20 22:29:47,891 - INFO - [bot-1787212200712-318e] Signal LONG active pending approval already exists (ID: 50).
2026-08-20 22:29:48,109 - INFO - Logged heartbeat status: OK
2026-08-20 22:29:48,110 - INFO - Job "LiveRunner.process_cycle (trigger: interval[0:05:00], next run at: 2026-08-20 22:34:46 IST)" executed successfully
2026-08-20 22:34:46,997 - INFO - Running job "LiveRunner.process_cycle (trigger: interval[0:05:00], next run at: 2026-08-20 22:39:46 IST)" (scheduled at 2026-08-20 22:34:46.973407+05:30)
2026-08-20 22:34:47,025 - INFO - [bot-1787212200712-318e] Starting signal check cycle for SOL/USDT (5m)...
2026-08-20 22:34:47,074 - INFO - Fetching recent candles for SOL/USDT (5m) [Bot: bot-1787212200712-318e] via ProviderManager...
2026-08-20 22:34:47,641 - INFO - Indicators computed | close=87.70 ema_9=87.47 ema_20=87.27 ema_50=87.07 ema_200=86.00 macd=0.1982 poc=75.0 val=75.0 vah=75.0
2026-08-20 22:34:47,642 - INFO - [bot-1787212200712-318e] Evaluating strategy on completed candle: 2026-08-20 16:55:00+00:00 at Close price: 87.76
2026-08-20 22:34:47,712 - INFO - Confluence Evaluation | Regime: TRENDING (ADX=30.7) | Direction: LONG | BullScore: 82.6% | BearScore: 17.4% | Active: ['ema', 'macd', 'rsi', 'vp']
2026-08-20 22:34:47,819 - INFO - Capping position size 202.531646 BTC to available cash equivalent 91.157703 BTC.
2026-08-20 22:34:47,829 - INFO - [bot-1787212200712-318e] Signal LONG active pending approval already exists (ID: 50).
2026-08-20 22:34:48,053 - INFO - Logged heartbeat status: OK
2026-08-20 22:34:48,054 - INFO - Job "LiveRunner.process_cycle (trigger: interval[0:05:00], next run at: 2026-08-20 22:39:46 IST)" executed successfully
2026-08-20 22:39:47,030 - INFO - Running job "LiveRunner.process_cycle (trigger: interval[0:05:00], next run at: 2026-08-20 22:44:46 IST)" (scheduled at 2026-08-20 22:39:46.973407+05:30)
2026-08-20 22:39:47,134 - INFO - [bot-1787212200712-318e] Starting signal check cycle for SOL/USDT (5m)...
2026-08-20 22:39:47,188 - INFO - Fetching recent candles for SOL/USDT (5m) [Bot: bot-1787212200712-318e] via ProviderManager...
2026-08-20 22:39:48,166 - INFO - Indicators computed | close=87.54 ema_9=87.48 ema_20=87.29 ema_50=87.09 ema_200=86.02 macd=0.1947 poc=75.0 val=75.0 vah=75.0
2026-08-20 22:39:48,170 - INFO - [bot-1787212200712-318e] Evaluating strategy on completed candle: 2026-08-20 17:00:00+00:00 at Close price: 87.70
2026-08-20 22:39:48,265 - INFO - Confluence Evaluation | Regime: TRENDING (ADX=30.8) | Direction: LONG | BullScore: 82.6% | BearScore: 17.4% | Active: ['ema', 'macd', 'rsi', 'vp']
2026-08-20 22:39:48,358 - INFO - Capping position size 290.909091 BTC to available cash equivalent 91.220068 BTC.
2026-08-20 22:39:48,418 - INFO - [bot-1787212200712-318e] Signal LONG active pending approval already exists (ID: 50).
2026-08-20 22:39:48,637 - INFO - Logged heartbeat status: OK
2026-08-20 22:39:48,638 - INFO - Job "LiveRunner.process_cycle (trigger: interval[0:05:00], next run at: 2026-08-20 22:44:46 IST)" executed successfully
2026-08-20 22:44:46,987 - INFO - Running job "LiveRunner.process_cycle (trigger: interval[0:05:00], next run at: 2026-08-20 22:49:46 IST)" (scheduled at 2026-08-20 22:44:46.973407+05:30)
2026-08-20 22:44:46,995 - INFO - [bot-1787212200712-318e] Starting signal check cycle for SOL/USDT (5m)...
2026-08-20 22:44:47,054 - INFO - Fetching recent candles for SOL/USDT (5m) [Bot: bot-1787212200712-318e] via ProviderManager...
2026-08-20 22:44:47,612 - INFO - Indicators computed | close=87.39 ema_9=87.47 ema_20=87.30 ema_50=87.10 ema_200=86.03 macd=0.1790 poc=75.0 val=75.0 vah=75.0
2026-08-20 22:44:47,613 - INFO - [bot-1787212200712-318e] Evaluating strategy on completed candle: 2026-08-20 17:05:00+00:00 at Close price: 87.56
2026-08-20 22:44:47,693 - INFO - Confluence Evaluation | Regime: TRENDING (ADX=29.0) | Direction: LONG | BullScore: 82.6% | BearScore: 17.4% | Active: ['ema', 'macd', 'rsi', 'vp']
2026-08-20 22:44:47,808 - INFO - Capping position size 615.384615 BTC to available cash equivalent 91.365921 BTC.
2026-08-20 22:44:47,868 - INFO - [bot-1787212200712-318e] Signal LONG active pending approval already exists (ID: 50).
2026-08-20 22:44:48,171 - INFO - Logged heartbeat status: OK
2026-08-20 22:44:48,172 - INFO - Job "LiveRunner.process_cycle (trigger: interval[0:05:00], next run at: 2026-08-20 22:49:46 IST)" executed successfully
2026-08-20 22:49:47,003 - INFO - Running job "LiveRunner.process_cycle (trigger: interval[0:05:00], next run at: 2026-08-20 22:54:46 IST)" (scheduled at 2026-08-20 22:49:46.973407+05:30)
2026-08-20 22:49:47,035 - INFO - [bot-1787212200712-318e] Starting signal check cycle for SOL/USDT (5m)...
2026-08-20 22:49:47,102 - INFO - Fetching recent candles for SOL/USDT (5m) [Bot: bot-1787212200712-318e] via ProviderManager...
2026-08-20 22:49:47,612 - INFO - Indicators computed | close=87.41 ema_9=87.46 ema_20=87.32 ema_50=87.12 ema_200=86.04 macd=0.1656 poc=75.0 val=75.0 vah=75.0
2026-08-20 22:49:47,617 - INFO - [bot-1787212200712-318e] Evaluating strategy on completed candle: 2026-08-20 17:10:00+00:00 at Close price: 87.40
2026-08-20 22:49:47,706 - INFO - Confluence Evaluation | Regime: TRENDING (ADX=28.0) | Direction: LONG | BullScore: 82.6% | BearScore: 17.4% | Active: ['ema', 'macd', 'rsi', 'vp']
2026-08-20 22:49:47,808 - INFO - Capping position size 1066.666667 BTC to available cash equivalent 91.533181 BTC.
2026-08-20 22:49:47,902 - INFO - Created pending signal approval ID 75 for bot bot-1787212200712-318e (LONG @ $87.40, status: WAITING_APPROVAL)
2026-08-20 22:49:48,012 - INFO - [bot-1787212200712-318e] Signal LONG generated (ID: 75). Waiting for manual user approval.
2026-08-20 22:49:48,231 - INFO - Logged heartbeat status: OK
2026-08-20 22:49:48,232 - INFO - Job "LiveRunner.process_cycle (trigger: interval[0:05:00], next run at: 2026-08-20 22:54:46 IST)" executed successfully
2026-08-21 00:19:46,038 - WARNING - Run time of job "LiveRunner.process_cycle (trigger: interval[0:05:00], next run at: 2026-08-20 22:54:46 IST)" was missed by 0:04:59.063420
2026-08-21 00:19:46,975 - INFO - Running job "LiveRunner.process_cycle (trigger: interval[0:05:00], next run at: 2026-08-21 00:24:46 IST)" (scheduled at 2026-08-21 00:19:46.973407+05:30)
2026-08-21 00:19:47,000 - INFO - [bot-1787212200712-318e] Starting signal check cycle for SOL/USDT (5m)...
2026-08-21 00:19:47,067 - INFO - Fetching recent candles for SOL/USDT (5m) [Bot: bot-1787212200712-318e] via ProviderManager...
2026-08-21 00:19:57,155 - ERROR - Binance Spot Network Error: binance GET https://api.binance.com/api/v3/klines?interval=5m&limit=1000&symbol=SOLUSDT
--- Logging error ---
Traceback (most recent call last):
  File "/Users/ashishparadkar/Downloads/algo-code-main/.venv/lib/python3.9/site-packages/urllib3/connectionpool.py", line 534, in _make_request
    response = conn.getresponse()
  File "/Users/ashishparadkar/Downloads/algo-code-main/.venv/lib/python3.9/site-packages/urllib3/connection.py", line 571, in getresponse
    httplib_response = super().getresponse()
  File "/Library/Developer/CommandLineTools/Library/Frameworks/Python3.framework/Versions/3.9/lib/python3.9/http/client.py", line 1349, in getresponse
    response.begin()
  File "/Library/Developer/CommandLineTools/Library/Frameworks/Python3.framework/Versions/3.9/lib/python3.9/http/client.py", line 316, in begin
    version, status, reason = self._read_status()
  File "/Library/Developer/CommandLineTools/Library/Frameworks/Python3.framework/Versions/3.9/lib/python3.9/http/client.py", line 277, in _read_status
    line = str(self.fp.readline(_MAXLINE + 1), "iso-8859-1")
  File "/Library/Developer/CommandLineTools/Library/Frameworks/Python3.framework/Versions/3.9/lib/python3.9/socket.py", line 704, in readinto
    return self._sock.recv_into(b)
  File "/Library/Developer/CommandLineTools/Library/Frameworks/Python3.framework/Versions/3.9/lib/python3.9/ssl.py", line 1241, in recv_into
    return self.read(nbytes, buffer)
  File "/Library/Developer/CommandLineTools/Library/Frameworks/Python3.framework/Versions/3.9/lib/python3.9/ssl.py", line 1099, in read
    return self._sslobj.read(len, buffer)
socket.timeout: The read operation timed out

The above exception was the direct cause of the following exception:

Traceback (most recent call last):
  File "/Users/ashishparadkar/Downloads/algo-code-main/.venv/lib/python3.9/site-packages/requests/adapters.py", line 644, in send
    resp = conn.urlopen(
  File "/Users/ashishparadkar/Downloads/algo-code-main/.venv/lib/python3.9/site-packages/urllib3/connectionpool.py", line 841, in urlopen
    retries = retries.increment(
  File "/Users/ashishparadkar/Downloads/algo-code-main/.venv/lib/python3.9/site-packages/urllib3/util/retry.py", line 490, in increment
    raise reraise(type(error), error, _stacktrace)
  File "/Users/ashishparadkar/Downloads/algo-code-main/.venv/lib/python3.9/site-packages/urllib3/util/util.py", line 39, in reraise
    raise value
  File "/Users/ashishparadkar/Downloads/algo-code-main/.venv/lib/python3.9/site-packages/urllib3/connectionpool.py", line 787, in urlopen
    response = self._make_request(
  File "/Users/ashishparadkar/Downloads/algo-code-main/.venv/lib/python3.9/site-packages/urllib3/connectionpool.py", line 536, in _make_request
    self._raise_timeout(err=e, url=url, timeout_value=read_timeout)
  File "/Users/ashishparadkar/Downloads/algo-code-main/.venv/lib/python3.9/site-packages/urllib3/connectionpool.py", line 367, in _raise_timeout
    raise ReadTimeoutError(
urllib3.exceptions.ReadTimeoutError: HTTPSConnectionPool(host='api.binance.com', port=443): Read timed out. (read timeout=10.0)

During handling of the above exception, another exception occurred:

Traceback (most recent call last):
  File "/Users/ashishparadkar/Downloads/algo-code-main/.venv/lib/python3.9/site-packages/ccxt/base/exchange.py", line 665, in fetch
    response = self.session.request(
  File "/Users/ashishparadkar/Downloads/algo-code-main/.venv/lib/python3.9/site-packages/requests/sessions.py", line 589, in request
    resp = self.send(prep, **send_kwargs)
  File "/Users/ashishparadkar/Downloads/algo-code-main/.venv/lib/python3.9/site-packages/requests/sessions.py", line 703, in send
    r = adapter.send(request, **kwargs)
  File "/Users/ashishparadkar/Downloads/algo-code-main/.venv/lib/python3.9/site-packages/requests/adapters.py", line 690, in send
    raise ReadTimeout(e, request=request)
requests.exceptions.ReadTimeout: HTTPSConnectionPool(host='api.binance.com', port=443): Read timed out. (read timeout=10.0)

The above exception was the direct cause of the following exception:

Traceback (most recent call last):
  File "/Users/ashishparadkar/Downloads/algo-code-main/src/provider_manager.py", line 351, in fetch_ohlcv_safe
    df = adapter.fetch_ohlcv(instrument, timeframe, limit=limit)
  File "/Users/ashishparadkar/Downloads/algo-code-main/src/provider_manager.py", line 211, in fetch_ohlcv
    raise net_err
  File "/Users/ashishparadkar/Downloads/algo-code-main/src/provider_manager.py", line 183, in fetch_ohlcv
    raw_candles = self.exchange.fetch_ohlcv(
  File "/Users/ashishparadkar/Downloads/algo-code-main/.venv/lib/python3.9/site-packages/ccxt/binance.py", line 4759, in fetch_ohlcv
    response = self.publicGetKlines(self.extend(request, params))
  File "/Users/ashishparadkar/Downloads/algo-code-main/.venv/lib/python3.9/site-packages/ccxt/base/types.py", line 35, in unbound_method
    return _self.request(self.path, self.api, self.method, params, config=self.config)
  File "/Users/ashishparadkar/Downloads/algo-code-main/.venv/lib/python3.9/site-packages/ccxt/binance.py", line 11724, in request
    response = self.fetch2(path, api, method, params, headers, body, config)
  File "/Users/ashishparadkar/Downloads/algo-code-main/.venv/lib/python3.9/site-packages/ccxt/base/exchange.py", line 5566, in fetch2
    raise e
  File "/Users/ashishparadkar/Downloads/algo-code-main/.venv/lib/python3.9/site-packages/ccxt/base/exchange.py", line 5549, in fetch2
    response = self.fetch(request['url'], request['method'], request['headers'], request['body'])
  File "/Users/ashishparadkar/Downloads/algo-code-main/.venv/lib/python3.9/site-packages/ccxt/base/exchange.py", line 698, in fetch
    raise RequestTimeout(details) from e
ccxt.base.errors.RequestTimeout: binance GET https://api.binance.com/api/v3/klines?interval=5m&limit=1000&symbol=SOLUSDT

During handling of the above exception, another exception occurred:

Traceback (most recent call last):
  File "/Library/Developer/CommandLineTools/Library/Frameworks/Python3.framework/Versions/3.9/lib/python3.9/logging/__init__.py", line 1083, in emit
    msg = self.format(record)
  File "/Library/Developer/CommandLineTools/Library/Frameworks/Python3.framework/Versions/3.9/lib/python3.9/logging/__init__.py", line 927, in format
    return fmt.format(record)
  File "/Library/Developer/CommandLineTools/Library/Frameworks/Python3.framework/Versions/3.9/lib/python3.9/logging/__init__.py", line 663, in format
    record.message = record.getMessage()
  File "/Library/Developer/CommandLineTools/Library/Frameworks/Python3.framework/Versions/3.9/lib/python3.9/logging/__init__.py", line 367, in getMessage
    msg = msg % self.args
TypeError: must be real number, not RequestTimeout
Call stack:
  File "/Library/Developer/CommandLineTools/Library/Frameworks/Python3.framework/Versions/3.9/lib/python3.9/threading.py", line 930, in _bootstrap
    self._bootstrap_inner()
  File "/Library/Developer/CommandLineTools/Library/Frameworks/Python3.framework/Versions/3.9/lib/python3.9/threading.py", line 973, in _bootstrap_inner
    self.run()
  File "/Library/Developer/CommandLineTools/Library/Frameworks/Python3.framework/Versions/3.9/lib/python3.9/threading.py", line 910, in run
    self._target(*self._args, **self._kwargs)
  File "/Library/Developer/CommandLineTools/Library/Frameworks/Python3.framework/Versions/3.9/lib/python3.9/concurrent/futures/thread.py", line 77, in _worker
    work_item.run()
  File "/Library/Developer/CommandLineTools/Library/Frameworks/Python3.framework/Versions/3.9/lib/python3.9/concurrent/futures/thread.py", line 52, in run
    result = self.fn(*self.args, **self.kwargs)
  File "/Users/ashishparadkar/Downloads/algo-code-main/.venv/lib/python3.9/site-packages/apscheduler/executors/base.py", line 131, in run_job
    retval = job.func(*job.args, **job.kwargs)
  File "/Users/ashishparadkar/Downloads/algo-code-main/src/live_runner.py", line 199, in process_cycle
    df, _ = self.provider_manager.fetch_ohlcv_safe(self.symbol, self.timeframe, limit=1000)
  File "/Users/ashishparadkar/Downloads/algo-code-main/src/provider_manager.py", line 362, in fetch_ohlcv_safe
    logger.warning(
Message: 'Retryable network failure for %s (Attempt %d/%d). Backing off %.2fs: %s'
Arguments: ('SOL/USDT', 1, 3, RequestTimeout('binance GET https://api.binance.com/api/v3/klines?interval=5m&limit=1000&symbol=SOLUSDT'))
2026-08-21 00:19:59,850 - INFO - Indicators computed | close=86.95 ema_9=87.03 ema_20=87.18 ema_50=87.18 ema_200=86.25 macd=-0.1137 poc=75.0 val=75.0 vah=75.0
2026-08-21 00:19:59,852 - INFO - [bot-1787212200712-318e] Evaluating strategy on completed candle: 2026-08-20 18:40:00+00:00 at Close price: 86.86
2026-08-21 00:19:59,917 - INFO - Confluence Evaluation | Regime: TRENDING (ADX=39.5) | Direction: HOLD | BullScore: 0.0% | BearScore: 67.4% | Active: ['ema', 'macd', 'rsi', 'vp']
2026-08-21 00:20:00,007 - INFO - Signal evaluated: HOLD. Reason/Details: Confluence score: 67% (HOLD)
2026-08-21 00:20:00,175 - INFO - Logged heartbeat status: OK
2026-08-21 00:20:00,175 - INFO - Job "LiveRunner.process_cycle (trigger: interval[0:05:00], next run at: 2026-08-21 00:24:46 IST)" executed successfully
2026-08-21 00:24:46,998 - INFO - Running job "LiveRunner.process_cycle (trigger: interval[0:05:00], next run at: 2026-08-21 00:29:46 IST)" (scheduled at 2026-08-21 00:24:46.973407+05:30)
2026-08-21 00:24:47,032 - INFO - [bot-1787212200712-318e] Starting signal check cycle for SOL/USDT (5m)...
2026-08-21 00:24:47,154 - INFO - Fetching recent candles for SOL/USDT (5m) [Bot: bot-1787212200712-318e] via ProviderManager...
2026-08-21 00:24:47,943 - INFO - Indicators computed | close=87.02 ema_9=87.03 ema_20=87.17 ema_50=87.17 ema_200=86.26 macd=-0.1108 poc=75.0 val=75.0 vah=75.0
2026-08-21 00:24:47,946 - INFO - [bot-1787212200712-318e] Evaluating strategy on completed candle: 2026-08-20 18:45:00+00:00 at Close price: 86.95
2026-08-21 00:24:48,089 - INFO - Confluence Evaluation | Regime: TRENDING (ADX=39.5) | Direction: HOLD | BullScore: 0.0% | BearScore: 67.4% | Active: ['ema', 'macd', 'rsi', 'vp']
2026-08-21 00:24:48,211 - INFO - Signal evaluated: HOLD. Reason/Details: Confluence score: 67% (HOLD)
2026-08-21 00:24:48,355 - INFO - Logged heartbeat status: OK
2026-08-21 00:24:48,356 - INFO - Job "LiveRunner.process_cycle (trigger: interval[0:05:00], next run at: 2026-08-21 00:29:46 IST)" executed successfully
/Users/ashishparadkar/Downloads/algo-code-main/.venv/lib/python3.9/site-packages/urllib3/__init__.py:35: NotOpenSSLWarning: urllib3 v2 only supports OpenSSL 1.1.1+, currently the 'ssl' module is compiled with 'LibreSSL 2.8.3'. See: https://github.com/urllib3/urllib3/issues/3020
  warnings.warn(
2026-08-21 06:21:08,383 - INFO - Bot state startup reconciliation finished: 0 bot(s) reconciled to STOPPED.
2026-08-21 06:21:09,016 - INFO - Telegram notification service initialized successfully (Chat ID: 5657...)
2026-08-21 06:21:09,028 - INFO - Initializing scheduled trading bot live runner for bot-1787212200712-318e...
2026-08-21 06:21:09,611 - INFO - SQLite database tables verified/created.
2026-08-21 06:21:10,413 - INFO - Initializing CCXT Binance in TESTNET mode.
2026-08-21 06:21:35,371 - INFO - [bot-1787212200712-318e] Pre-flight instrument resolved: SOL/USDT (SPOT via binance_spot)
2026-08-21 06:21:35,416 - INFO - [bot-1787212200712-318e] Starting signal check cycle for SOL/USDT (5m)...
2026-08-21 06:21:35,427 - INFO - Fetching recent candles for SOL/USDT (5m) [Bot: bot-1787212200712-318e] via ProviderManager...
2026-08-21 06:22:53,865 - INFO - Indicators computed | close=88.29 ema_9=88.12 ema_20=87.95 ema_50=87.71 ema_200=86.94 macd=0.1897 poc=75.0 val=75.0 vah=75.0
2026-08-21 06:22:53,879 - INFO - [bot-1787212200712-318e] Evaluating strategy on completed candle: 2026-08-21 00:45:00+00:00 at Close price: 88.10
2026-08-21 06:22:54,385 - INFO - Confluence Evaluation | Regime: TRENDING (ADX=52.2) | Direction: LONG | BullScore: 82.6% | BearScore: 17.4% | Active: ['ema', 'macd', 'rsi', 'vp']
2026-08-21 06:22:54,821 - INFO - Capping position size 400.000000 BTC to available cash equivalent 90.805902 BTC.
2026-08-21 06:22:55,109 - INFO - Created pending signal approval ID 96 for bot bot-1787212200712-318e (LONG @ $88.10, status: WAITING_APPROVAL)
2026-08-21 06:22:55,132 - INFO - [bot-1787212200712-318e] Signal LONG generated (ID: 96). Waiting for manual user approval.
2026-08-21 06:22:55,183 - INFO - Logged heartbeat status: OK
2026-08-21 06:22:55,214 - INFO - Adding job tentatively -- it will be properly scheduled when the scheduler starts
2026-08-21 06:22:55,214 - INFO - Bot bot-1787212200712-318e scheduled to check every 5 minutes.
2026-08-21 06:22:55,722 - INFO - Added job "LiveRunner.process_cycle" to job store "default"
2026-08-21 06:22:55,723 - INFO - Scheduler started
2026-08-21 06:27:55,399 - INFO - Running job "LiveRunner.process_cycle (trigger: interval[0:05:00], next run at: 2026-08-21 06:32:55 IST)" (scheduled at 2026-08-21 06:27:55.213192+05:30)
2026-08-21 06:27:55,477 - INFO - [bot-1787212200712-318e] Starting signal check cycle for SOL/USDT (5m)...
2026-08-21 06:27:55,553 - INFO - Fetching recent candles for SOL/USDT (5m) [Bot: bot-1787212200712-318e] via ProviderManager...
2026-08-21 06:27:56,420 - INFO - Indicators computed | close=88.19 ema_9=88.12 ema_20=87.97 ema_50=87.72 ema_200=86.96 macd=0.1807 poc=75.0 val=75.0 vah=75.0
2026-08-21 06:27:56,425 - INFO - [bot-1787212200712-318e] Evaluating strategy on completed candle: 2026-08-21 00:50:00+00:00 at Close price: 88.22
2026-08-21 06:27:56,496 - INFO - Confluence Evaluation | Regime: TRENDING (ADX=53.3) | Direction: LONG | BullScore: 82.6% | BearScore: 17.4% | Active: ['ema', 'macd', 'rsi', 'vp']
2026-08-21 06:27:56,613 - INFO - Capping position size 307.692308 BTC to available cash equivalent 90.682385 BTC.
2026-08-21 06:27:56,670 - INFO - [bot-1787212200712-318e] Signal LONG active pending approval already exists (ID: 96).
2026-08-21 06:27:56,868 - INFO - Logged heartbeat status: OK
2026-08-21 06:27:56,869 - INFO - Job "LiveRunner.process_cycle (trigger: interval[0:05:00], next run at: 2026-08-21 06:32:55 IST)" executed successfully
2026-08-21 06:32:55,323 - INFO - Running job "LiveRunner.process_cycle (trigger: interval[0:05:00], next run at: 2026-08-21 06:37:55 IST)" (scheduled at 2026-08-21 06:32:55.213192+05:30)
2026-08-21 06:32:55,355 - INFO - [bot-1787212200712-318e] Starting signal check cycle for SOL/USDT (5m)...
2026-08-21 06:32:55,408 - INFO - Fetching recent candles for SOL/USDT (5m) [Bot: bot-1787212200712-318e] via ProviderManager...
2026-08-21 06:32:55,901 - INFO - Indicators computed | close=88.27 ema_9=88.16 ema_20=88.00 ema_50=87.75 ema_200=86.97 macd=0.1848 poc=75.0 val=75.0 vah=75.0
2026-08-21 06:32:55,904 - INFO - [bot-1787212200712-318e] Evaluating strategy on completed candle: 2026-08-21 00:55:00+00:00 at Close price: 88.23
2026-08-21 06:32:55,984 - INFO - Confluence Evaluation | Regime: TRENDING (ADX=53.9) | Direction: LONG | BullScore: 82.6% | BearScore: 17.4% | Active: ['ema', 'macd', 'rsi', 'vp']
2026-08-21 06:32:56,105 - INFO - Capping position size 301.886792 BTC to available cash equivalent 90.672107 BTC.
2026-08-21 06:32:56,154 - INFO - [bot-1787212200712-318e] Signal LONG active pending approval already exists (ID: 96).
2026-08-21 06:32:56,368 - INFO - Logged heartbeat status: OK
2026-08-21 06:32:56,369 - INFO - Job "LiveRunner.process_cycle (trigger: interval[0:05:00], next run at: 2026-08-21 06:37:55 IST)" executed successfully
2026-08-21 06:37:55,239 - INFO - Running job "LiveRunner.process_cycle (trigger: interval[0:05:00], next run at: 2026-08-21 06:42:55 IST)" (scheduled at 2026-08-21 06:37:55.213192+05:30)
2026-08-21 06:37:55,256 - INFO - [bot-1787212200712-318e] Starting signal check cycle for SOL/USDT (5m)...
2026-08-21 06:37:55,308 - INFO - Fetching recent candles for SOL/USDT (5m) [Bot: bot-1787212200712-318e] via ProviderManager...
2026-08-21 06:37:56,089 - INFO - Indicators computed | close=88.30 ema_9=88.20 ema_20=88.04 ema_50=87.77 ema_200=86.98 macd=0.1895 poc=75.0 val=75.0 vah=75.0
2026-08-21 06:37:56,094 - INFO - [bot-1787212200712-318e] Evaluating strategy on completed candle: 2026-08-21 01:00:00+00:00 at Close price: 88.33
2026-08-21 06:37:56,294 - INFO - Confluence Evaluation | Regime: TRENDING (ADX=53.8) | Direction: LONG | BullScore: 82.6% | BearScore: 17.4% | Active: ['ema', 'macd', 'rsi', 'vp']
2026-08-21 06:37:56,498 - INFO - Capping position size 253.968254 BTC to available cash equivalent 90.569455 BTC.
2026-08-21 06:37:56,595 - INFO - [bot-1787212200712-318e] Signal LONG active pending approval already exists (ID: 96).
2026-08-21 06:37:56,789 - INFO - Logged heartbeat status: OK
2026-08-21 06:37:56,804 - INFO - Job "LiveRunner.process_cycle (trigger: interval[0:05:00], next run at: 2026-08-21 06:42:55 IST)" executed successfully
2026-08-21 06:42:55,240 - INFO - Running job "LiveRunner.process_cycle (trigger: interval[0:05:00], next run at: 2026-08-21 06:47:55 IST)" (scheduled at 2026-08-21 06:42:55.213192+05:30)
2026-08-21 06:42:55,264 - INFO - [bot-1787212200712-318e] Starting signal check cycle for SOL/USDT (5m)...
2026-08-21 06:42:55,323 - INFO - Fetching recent candles for SOL/USDT (5m) [Bot: bot-1787212200712-318e] via ProviderManager...
2026-08-21 06:42:57,057 - INFO - Indicators computed | close=88.29 ema_9=88.22 ema_20=88.06 ema_50=87.79 ema_200=87.00 macd=0.1895 poc=75.0 val=75.0 vah=75.0
2026-08-21 06:42:57,062 - INFO - [bot-1787212200712-318e] Evaluating strategy on completed candle: 2026-08-21 01:05:00+00:00 at Close price: 88.35
2026-08-21 06:42:57,335 - INFO - Confluence Evaluation | Regime: TRENDING (ADX=53.7) | Direction: LONG | BullScore: 82.6% | BearScore: 17.4% | Active: ['ema', 'macd', 'rsi', 'vp']
2026-08-21 06:42:57,905 - INFO - Capping position size 250.000000 BTC to available cash equivalent 90.548953 BTC.
2026-08-21 06:42:58,026 - INFO - [bot-1787212200712-318e] Signal LONG active pending approval already exists (ID: 96).
2026-08-21 06:42:58,526 - INFO - Logged heartbeat status: OK
2026-08-21 06:42:58,526 - INFO - Job "LiveRunner.process_cycle (trigger: interval[0:05:00], next run at: 2026-08-21 06:47:55 IST)" executed successfully
2026-08-21 06:47:55,277 - INFO - Running job "LiveRunner.process_cycle (trigger: interval[0:05:00], next run at: 2026-08-21 06:52:55 IST)" (scheduled at 2026-08-21 06:47:55.213192+05:30)
2026-08-21 06:47:55,338 - INFO - [bot-1787212200712-318e] Starting signal check cycle for SOL/USDT (5m)...
2026-08-21 06:47:55,399 - INFO - Fetching recent candles for SOL/USDT (5m) [Bot: bot-1787212200712-318e] via ProviderManager...
2026-08-21 06:47:56,094 - INFO - Indicators computed | close=88.54 ema_9=88.30 ema_20=88.12 ema_50=87.83 ema_200=87.01 macd=0.2092 poc=75.0 val=75.0 vah=75.0
2026-08-21 06:47:56,097 - INFO - [bot-1787212200712-318e] Evaluating strategy on completed candle: 2026-08-21 01:10:00+00:00 at Close price: 88.37
2026-08-21 06:47:56,198 - INFO - Confluence Evaluation | Regime: TRENDING (ADX=53.9) | Direction: LONG | BullScore: 82.6% | BearScore: 17.4% | Active: ['ema', 'macd', 'rsi', 'vp']
2026-08-21 06:47:56,324 - INFO - Capping position size 333.333333 BTC to available cash equivalent 90.528460 BTC.
2026-08-21 06:47:56,331 - INFO - [bot-1787212200712-318e] Signal LONG active pending approval already exists (ID: 96).
2026-08-21 06:47:56,554 - INFO - Logged heartbeat status: OK
2026-08-21 06:47:56,557 - INFO - Job "LiveRunner.process_cycle (trigger: interval[0:05:00], next run at: 2026-08-21 06:52:55 IST)" executed successfully
2026-08-21 06:52:55,226 - INFO - Running job "LiveRunner.process_cycle (trigger: interval[0:05:00], next run at: 2026-08-21 06:57:55 IST)" (scheduled at 2026-08-21 06:52:55.213192+05:30)
2026-08-21 06:52:55,234 - INFO - [bot-1787212200712-318e] Starting signal check cycle for SOL/USDT (5m)...
2026-08-21 06:52:55,281 - INFO - Fetching recent candles for SOL/USDT (5m) [Bot: bot-1787212200712-318e] via ProviderManager...
2026-08-21 06:52:55,657 - INFO - Indicators computed | close=88.26 ema_9=88.32 ema_20=88.15 ema_50=87.85 ema_200=87.03 macd=0.2071 poc=75.0 val=75.0 vah=75.0
2026-08-21 06:52:55,658 - INFO - [bot-1787212200712-318e] Evaluating strategy on completed candle: 2026-08-21 01:15:00+00:00 at Close price: 88.74
2026-08-21 06:52:55,732 - INFO - Confluence Evaluation | Regime: TRENDING (ADX=53.4) | Direction: LONG | BullScore: 82.6% | BearScore: 17.4% | Active: ['ema', 'macd', 'rsi', 'vp']
2026-08-21 06:52:55,804 - INFO - Capping position size 188.235294 BTC to available cash equivalent 90.151003 BTC.
2026-08-21 06:52:55,957 - INFO - Created pending signal approval ID 126 for bot bot-1787212200712-318e (LONG @ $88.74, status: WAITING_APPROVAL)
2026-08-21 06:52:56,071 - INFO - [bot-1787212200712-318e] Signal LONG generated (ID: 126). Waiting for manual user approval.
2026-08-21 06:52:56,277 - INFO - Logged heartbeat status: OK
2026-08-21 06:52:56,282 - INFO - Job "LiveRunner.process_cycle (trigger: interval[0:05:00], next run at: 2026-08-21 06:57:55 IST)" executed successfully
2026-08-21 06:57:55,232 - INFO - Running job "LiveRunner.process_cycle (trigger: interval[0:05:00], next run at: 2026-08-21 07:02:55 IST)" (scheduled at 2026-08-21 06:57:55.213192+05:30)
2026-08-21 06:57:55,245 - INFO - [bot-1787212200712-318e] Starting signal check cycle for SOL/USDT (5m)...
2026-08-21 06:57:55,292 - INFO - Fetching recent candles for SOL/USDT (5m) [Bot: bot-1787212200712-318e] via ProviderManager...
2026-08-21 06:57:55,707 - INFO - Indicators computed | close=88.40 ema_9=88.36 ema_20=88.18 ema_50=87.88 ema_200=87.04 macd=0.2092 poc=75.0 val=75.0 vah=75.0
2026-08-21 06:57:55,708 - INFO - [bot-1787212200712-318e] Evaluating strategy on completed candle: 2026-08-21 01:20:00+00:00 at Close price: 88.38
2026-08-21 06:57:55,812 - INFO - Confluence Evaluation | Regime: TRENDING (ADX=51.9) | Direction: LONG | BullScore: 82.6% | BearScore: 17.4% | Active: ['ema', 'macd', 'rsi', 'vp']
2026-08-21 06:57:55,923 - INFO - Capping position size 457.142857 BTC to available cash equivalent 90.518217 BTC.
2026-08-21 06:57:55,930 - INFO - [bot-1787212200712-318e] Signal LONG active pending approval already exists (ID: 126).
2026-08-21 06:57:56,128 - INFO - Logged heartbeat status: OK
2026-08-21 06:57:56,129 - INFO - Job "LiveRunner.process_cycle (trigger: interval[0:05:00], next run at: 2026-08-21 07:02:55 IST)" executed successfully
2026-08-21 07:02:55,228 - INFO - Running job "LiveRunner.process_cycle (trigger: interval[0:05:00], next run at: 2026-08-21 07:07:55 IST)" (scheduled at 2026-08-21 07:02:55.213192+05:30)
2026-08-21 07:02:55,236 - INFO - [bot-1787212200712-318e] Starting signal check cycle for SOL/USDT (5m)...
2026-08-21 07:02:55,281 - INFO - Fetching recent candles for SOL/USDT (5m) [Bot: bot-1787212200712-318e] via ProviderManager...
2026-08-21 07:02:55,605 - INFO - Indicators computed | close=88.60 ema_9=88.40 ema_20=88.22 ema_50=87.90 ema_200=87.06 macd=0.2151 poc=75.0 val=75.0 vah=75.0
2026-08-21 07:02:55,606 - INFO - [bot-1787212200712-318e] Evaluating strategy on completed candle: 2026-08-21 01:25:00+00:00 at Close price: 88.37
2026-08-21 07:02:55,670 - INFO - Confluence Evaluation | Regime: TRENDING (ADX=48.8) | Direction: LONG | BullScore: 82.6% | BearScore: 17.4% | Active: ['ema', 'macd', 'rsi', 'vp']
2026-08-21 07:02:55,767 - INFO - Capping position size 640.000000 BTC to available cash equivalent 90.528460 BTC.
2026-08-21 07:02:55,776 - INFO - [bot-1787212200712-318e] Signal LONG active pending approval already exists (ID: 126).
2026-08-21 07:02:55,936 - INFO - Logged heartbeat status: OK
2026-08-21 07:02:55,937 - INFO - Job "LiveRunner.process_cycle (trigger: interval[0:05:00], next run at: 2026-08-21 07:07:55 IST)" executed successfully
/Users/ashishparadkar/Downloads/algo-code-main/.venv/lib/python3.9/site-packages/urllib3/__init__.py:35: NotOpenSSLWarning: urllib3 v2 only supports OpenSSL 1.1.1+, currently the 'ssl' module is compiled with 'LibreSSL 2.8.3'. See: https://github.com/urllib3/urllib3/issues/3020
  warnings.warn(
2026-08-21 12:13:47,743 - INFO - Bot state startup reconciliation finished: 0 bot(s) reconciled to STOPPED.
2026-08-21 12:13:49,018 - INFO - Telegram notification service initialized successfully (Chat ID: 5657...)
2026-08-21 12:13:49,028 - INFO - Initializing scheduled trading bot live runner for bot-1787212200712-318e...
2026-08-21 12:13:49,095 - INFO - SQLite database tables verified/created.
2026-08-21 12:13:49,901 - INFO - Initializing CCXT Binance in TESTNET mode.
2026-08-21 12:14:19,324 - INFO - [bot-1787212200712-318e] Pre-flight instrument resolved: SOL/USDT (SPOT via binance_spot)
2026-08-21 12:14:19,384 - INFO - [bot-1787212200712-318e] Starting signal check cycle for SOL/USDT (5m)...
2026-08-21 12:14:19,858 - INFO - Fetching recent candles for SOL/USDT (5m) [Bot: bot-1787212200712-318e] via ProviderManager...
2026-08-21 12:15:36,326 - INFO - Indicators computed | close=89.87 ema_9=90.22 ema_20=90.13 ema_50=89.69 ema_200=88.25 macd=0.1822 poc=75.0 val=75.0 vah=75.0
2026-08-21 12:15:36,372 - INFO - [bot-1787212200712-318e] Evaluating strategy on completed candle: 2026-08-21 06:40:00+00:00 at Close price: 90.09
2026-08-21 12:15:37,244 - INFO - Confluence Evaluation | Regime: TRENDING (ADX=44.1) | Direction: HOLD | BullScore: 17.4% | BearScore: 17.4% | Active: ['ema', 'macd', 'rsi', 'vp']
2026-08-21 12:15:37,660 - INFO - Signal evaluated: HOLD. Reason/Details: Confluence score: 17% (HOLD)
2026-08-21 12:15:38,550 - INFO - Logged heartbeat status: OK
2026-08-21 12:15:39,206 - INFO - Adding job tentatively -- it will be properly scheduled when the scheduler starts
2026-08-21 12:15:39,207 - INFO - Bot bot-1787212200712-318e scheduled to check every 5 minutes.
2026-08-21 12:15:39,211 - INFO - Added job "LiveRunner.process_cycle" to job store "default"
2026-08-21 12:15:39,211 - INFO - Scheduler started
2026-08-21 12:20:39,560 - INFO - Running job "LiveRunner.process_cycle (trigger: interval[0:05:00], next run at: 2026-08-21 12:25:39 IST)" (scheduled at 2026-08-21 12:20:39.204369+05:30)
2026-08-21 12:20:39,723 - INFO - [bot-1787212200712-318e] Starting signal check cycle for SOL/USDT (5m)...
2026-08-21 12:20:39,765 - INFO - Fetching recent candles for SOL/USDT (5m) [Bot: bot-1787212200712-318e] via ProviderManager...
2026-08-21 12:20:41,399 - INFO - Indicators computed | close=90.23 ema_9=90.30 ema_20=90.18 ema_50=89.73 ema_200=88.28 macd=0.1975 poc=75.0 val=75.0 vah=75.0
2026-08-21 12:20:41,404 - INFO - [bot-1787212200712-318e] Evaluating strategy on completed candle: 2026-08-21 06:45:00+00:00 at Close price: 90.33
2026-08-21 12:20:41,495 - INFO - Confluence Evaluation | Regime: TRENDING (ADX=42.3) | Direction: HOLD | BullScore: 50.0% | BearScore: 17.4% | Active: ['ema', 'macd', 'rsi', 'vp']
2026-08-21 12:20:41,593 - INFO - Signal evaluated: HOLD. Reason/Details: Confluence score: 50% (HOLD)
2026-08-21 12:20:41,793 - INFO - Logged heartbeat status: OK
2026-08-21 12:20:41,794 - INFO - Job "LiveRunner.process_cycle (trigger: interval[0:05:00], next run at: 2026-08-21 12:25:39 IST)" executed successfully
2026-08-21 12:25:39,240 - INFO - Running job "LiveRunner.process_cycle (trigger: interval[0:05:00], next run at: 2026-08-21 12:30:39 IST)" (scheduled at 2026-08-21 12:25:39.204369+05:30)
2026-08-21 12:25:39,257 - INFO - [bot-1787212200712-318e] Starting signal check cycle for SOL/USDT (5m)...
2026-08-21 12:25:39,317 - INFO - Fetching recent candles for SOL/USDT (5m) [Bot: bot-1787212200712-318e] via ProviderManager...
2026-08-21 12:25:39,857 - INFO - Indicators computed | close=90.16 ema_9=90.26 ema_20=90.17 ema_50=89.74 ema_200=88.30 macd=0.1674 poc=75.0 val=75.0 vah=75.0
2026-08-21 12:25:39,860 - INFO - [bot-1787212200712-318e] Evaluating strategy on completed candle: 2026-08-21 06:50:00+00:00 at Close price: 90.14
2026-08-21 12:25:40,106 - INFO - Confluence Evaluation | Regime: TRENDING (ADX=40.2) | Direction: HOLD | BullScore: 0.0% | BearScore: 34.8% | Active: ['ema', 'macd', 'rsi', 'vp']
2026-08-21 12:25:40,279 - INFO - Signal evaluated: HOLD. Reason/Details: Confluence score: 35% (HOLD)
2026-08-21 12:25:40,418 - INFO - Logged heartbeat status: OK
2026-08-21 12:25:40,422 - INFO - Job "LiveRunner.process_cycle (trigger: interval[0:05:00], next run at: 2026-08-21 12:30:39 IST)" executed successfully
2026-08-21 12:30:39,223 - INFO - Running job "LiveRunner.process_cycle (trigger: interval[0:05:00], next run at: 2026-08-21 12:35:39 IST)" (scheduled at 2026-08-21 12:30:39.204369+05:30)
2026-08-21 12:30:39,241 - INFO - [bot-1787212200712-318e] Starting signal check cycle for SOL/USDT (5m)...
2026-08-21 12:30:39,311 - INFO - Fetching recent candles for SOL/USDT (5m) [Bot: bot-1787212200712-318e] via ProviderManager...
2026-08-21 12:30:39,966 - INFO - Indicators computed | close=90.22 ema_9=90.26 ema_20=90.18 ema_50=89.76 ema_200=88.32 macd=0.1572 poc=75.0 val=75.0 vah=75.0
2026-08-21 12:30:39,969 - INFO - [bot-1787212200712-318e] Evaluating strategy on completed candle: 2026-08-21 06:55:00+00:00 at Close price: 90.24
2026-08-21 12:30:40,024 - INFO - Confluence Evaluation | Regime: TRENDING (ADX=37.4) | Direction: HOLD | BullScore: 32.6% | BearScore: 34.8% | Active: ['ema', 'macd', 'rsi', 'vp']
2026-08-21 12:30:40,132 - INFO - Signal evaluated: HOLD. Reason/Details: Confluence score: 35% (HOLD)
2026-08-21 12:30:40,334 - INFO - Logged heartbeat status: OK
2026-08-21 12:30:40,334 - INFO - Job "LiveRunner.process_cycle (trigger: interval[0:05:00], next run at: 2026-08-21 12:35:39 IST)" executed successfully
2026-08-21 12:35:39,244 - INFO - Running job "LiveRunner.process_cycle (trigger: interval[0:05:00], next run at: 2026-08-21 12:40:39 IST)" (scheduled at 2026-08-21 12:35:39.204369+05:30)
2026-08-21 12:35:39,254 - INFO - [bot-1787212200712-318e] Starting signal check cycle for SOL/USDT (5m)...
2026-08-21 12:35:39,298 - INFO - Fetching recent candles for SOL/USDT (5m) [Bot: bot-1787212200712-318e] via ProviderManager...
2026-08-21 12:35:39,702 - INFO - Indicators computed | close=90.54 ema_9=90.37 ema_20=90.24 ema_50=89.81 ema_200=88.34 macd=0.1877 poc=75.0 val=75.0 vah=75.0
2026-08-21 12:35:39,704 - INFO - [bot-1787212200712-318e] Evaluating strategy on completed candle: 2026-08-21 07:00:00+00:00 at Close price: 90.54
2026-08-21 12:35:39,764 - INFO - Confluence Evaluation | Regime: TRENDING (ADX=33.3) | Direction: HOLD | BullScore: 50.0% | BearScore: 17.4% | Active: ['ema', 'macd', 'rsi', 'vp']
2026-08-21 12:35:39,899 - INFO - Signal evaluated: HOLD. Reason/Details: Confluence score: 50% (HOLD)
2026-08-21 12:35:40,104 - INFO - Logged heartbeat status: OK
2026-08-21 12:35:40,105 - INFO - Job "LiveRunner.process_cycle (trigger: interval[0:05:00], next run at: 2026-08-21 12:40:39 IST)" executed successfully
2026-08-21 12:40:39,214 - INFO - Running job "LiveRunner.process_cycle (trigger: interval[0:05:00], next run at: 2026-08-21 12:45:39 IST)" (scheduled at 2026-08-21 12:40:39.204369+05:30)
2026-08-21 12:40:39,223 - INFO - [bot-1787212200712-318e] Starting signal check cycle for SOL/USDT (5m)...
2026-08-21 12:40:39,272 - INFO - Fetching recent candles for SOL/USDT (5m) [Bot: bot-1787212200712-318e] via ProviderManager...
2026-08-21 12:40:39,717 - INFO - Indicators computed | close=90.68 ema_9=90.44 ema_20=90.29 ema_50=89.84 ema_200=88.36 macd=0.2055 poc=75.0 val=75.0 vah=75.0
2026-08-21 12:40:39,718 - INFO - [bot-1787212200712-318e] Evaluating strategy on completed candle: 2026-08-21 07:05:00+00:00 at Close price: 90.62
2026-08-21 12:40:39,796 - INFO - Confluence Evaluation | Regime: TRENDING (ADX=30.7) | Direction: HOLD | BullScore: 50.0% | BearScore: 17.4% | Active: ['ema', 'macd', 'rsi', 'vp']
2026-08-21 12:40:39,895 - INFO - Signal evaluated: HOLD. Reason/Details: Confluence score: 50% (HOLD)
2026-08-21 12:40:40,149 - INFO - Logged heartbeat status: OK
2026-08-21 12:40:40,150 - INFO - Job "LiveRunner.process_cycle (trigger: interval[0:05:00], next run at: 2026-08-21 12:45:39 IST)" executed successfully
2026-08-21 12:45:39,217 - INFO - Running job "LiveRunner.process_cycle (trigger: interval[0:05:00], next run at: 2026-08-21 12:50:39 IST)" (scheduled at 2026-08-21 12:45:39.204369+05:30)
2026-08-21 12:45:39,225 - INFO - [bot-1787212200712-318e] Starting signal check cycle for SOL/USDT (5m)...
2026-08-21 12:45:39,266 - INFO - Fetching recent candles for SOL/USDT (5m) [Bot: bot-1787212200712-318e] via ProviderManager...
2026-08-21 12:45:39,770 - INFO - Indicators computed | close=91.02 ema_9=90.58 ema_20=90.37 ema_50=89.90 ema_200=88.39 macd=0.2466 poc=75.0 val=75.0 vah=75.0
2026-08-21 12:45:39,772 - INFO - [bot-1787212200712-318e] Evaluating strategy on completed candle: 2026-08-21 07:10:00+00:00 at Close price: 90.80
2026-08-21 12:45:39,839 - INFO - Confluence Evaluation | Regime: TRENDING (ADX=27.6) | Direction: HOLD | BullScore: 32.6% | BearScore: 34.8% | Active: ['ema', 'macd', 'rsi', 'vp']
2026-08-21 12:45:39,953 - INFO - Signal evaluated: HOLD. Reason/Details: Confluence score: 35% (HOLD)
2026-08-21 12:45:40,154 - INFO - Logged heartbeat status: OK
2026-08-21 12:45:40,154 - INFO - Job "LiveRunner.process_cycle (trigger: interval[0:05:00], next run at: 2026-08-21 12:50:39 IST)" executed successfully
2026-08-21 12:50:39,251 - INFO - Running job "LiveRunner.process_cycle (trigger: interval[0:05:00], next run at: 2026-08-21 12:55:39 IST)" (scheduled at 2026-08-21 12:50:39.204369+05:30)
2026-08-21 12:50:39,258 - INFO - [bot-1787212200712-318e] Starting signal check cycle for SOL/USDT (5m)...
2026-08-21 12:50:39,299 - INFO - Fetching recent candles for SOL/USDT (5m) [Bot: bot-1787212200712-318e] via ProviderManager...
2026-08-21 12:50:39,773 - INFO - Indicators computed | close=90.83 ema_9=90.61 ema_20=90.41 ema_50=89.93 ema_200=88.42 macd=0.2479 poc=75.0 val=75.0 vah=75.0
2026-08-21 12:50:39,775 - INFO - [bot-1787212200712-318e] Evaluating strategy on completed candle: 2026-08-21 07:15:00+00:00 at Close price: 90.93
2026-08-21 12:50:39,879 - INFO - Confluence Evaluation | Regime: RANGING (ADX=23.7) | Direction: HOLD | BullScore: 34.8% | BearScore: 65.2% | Active: ['ema', 'macd', 'rsi', 'vp']
2026-08-21 12:50:40,013 - INFO - Signal evaluated: HOLD. Reason/Details: Confluence score: 65% (HOLD)
2026-08-21 12:50:40,391 - INFO - Logged heartbeat status: OK
2026-08-21 12:50:40,391 - INFO - Job "LiveRunner.process_cycle (trigger: interval[0:05:00], next run at: 2026-08-21 12:55:39 IST)" executed successfully
2026-08-21 12:55:39,230 - INFO - Running job "LiveRunner.process_cycle (trigger: interval[0:05:00], next run at: 2026-08-21 13:00:39 IST)" (scheduled at 2026-08-21 12:55:39.204369+05:30)
2026-08-21 12:55:39,238 - INFO - [bot-1787212200712-318e] Starting signal check cycle for SOL/USDT (5m)...
2026-08-21 12:55:39,280 - INFO - Fetching recent candles for SOL/USDT (5m) [Bot: bot-1787212200712-318e] via ProviderManager...
2026-08-21 12:55:39,939 - INFO - Indicators computed | close=90.47 ema_9=90.51 ema_20=90.37 ema_50=89.93 ema_200=88.43 macd=0.1933 poc=75.0 val=75.0 vah=75.0
2026-08-21 12:55:39,942 - INFO - [bot-1787212200712-318e] Evaluating strategy on completed candle: 2026-08-21 07:20:00+00:00 at Close price: 90.35
2026-08-21 12:55:40,065 - INFO - Confluence Evaluation | Regime: RANGING (ADX=20.2) | Direction: HOLD | BullScore: 0.0% | BearScore: 65.2% | Active: ['ema', 'macd', 'rsi', 'vp']
2026-08-21 12:55:40,122 - INFO - Signal evaluated: HOLD. Reason/Details: Confluence score: 65% (HOLD)
2026-08-21 12:55:40,277 - INFO - Logged heartbeat status: OK
2026-08-21 12:55:40,278 - INFO - Job "LiveRunner.process_cycle (trigger: interval[0:05:00], next run at: 2026-08-21 13:00:39 IST)" executed successfully
2026-08-21 13:00:39,225 - INFO - Running job "LiveRunner.process_cycle (trigger: interval[0:05:00], next run at: 2026-08-21 13:05:39 IST)" (scheduled at 2026-08-21 13:00:39.204369+05:30)
2026-08-21 13:00:39,241 - INFO - [bot-1787212200712-318e] Starting signal check cycle for SOL/USDT (5m)...
2026-08-21 13:00:39,295 - INFO - Fetching recent candles for SOL/USDT (5m) [Bot: bot-1787212200712-318e] via ProviderManager...
2026-08-21 13:00:39,920 - INFO - Indicators computed | close=90.11 ema_9=90.40 ema_20=90.33 ema_50=89.93 ema_200=88.45 macd=0.1380 poc=75.0 val=75.0 vah=75.0
2026-08-21 13:00:39,924 - INFO - [bot-1787212200712-318e] Evaluating strategy on completed candle: 2026-08-21 07:25:00+00:00 at Close price: 90.28
2026-08-21 13:00:40,094 - INFO - Confluence Evaluation | Regime: RANGING (ADX=17.3) | Direction: HOLD | BullScore: 0.0% | BearScore: 65.2% | Active: ['ema', 'macd', 'rsi', 'vp']
2026-08-21 13:00:40,210 - INFO - Signal evaluated: HOLD. Reason/Details: Confluence score: 65% (HOLD)
2026-08-21 13:00:40,420 - INFO - Logged heartbeat status: OK
2026-08-21 13:00:40,420 - INFO - Job "LiveRunner.process_cycle (trigger: interval[0:05:00], next run at: 2026-08-21 13:05:39 IST)" executed successfully
2026-08-21 13:05:39,263 - INFO - Running job "LiveRunner.process_cycle (trigger: interval[0:05:00], next run at: 2026-08-21 13:10:39 IST)" (scheduled at 2026-08-21 13:05:39.204369+05:30)
2026-08-21 13:05:39,307 - INFO - [bot-1787212200712-318e] Starting signal check cycle for SOL/USDT (5m)...
2026-08-21 13:05:39,367 - INFO - Fetching recent candles for SOL/USDT (5m) [Bot: bot-1787212200712-318e] via ProviderManager...
2026-08-21 13:05:39,866 - INFO - Indicators computed | close=90.18 ema_9=90.37 ema_20=90.32 ema_50=89.94 ema_200=88.46 macd=0.1148 poc=75.0 val=75.0 vah=75.0
2026-08-21 13:05:39,869 - INFO - [bot-1787212200712-318e] Evaluating strategy on completed candle: 2026-08-21 07:30:00+00:00 at Close price: 90.18
2026-08-21 13:05:39,915 - INFO - Confluence Evaluation | Regime: RANGING (ADX=15.6) | Direction: HOLD | BullScore: 32.6% | BearScore: 32.6% | Active: ['ema', 'macd', 'rsi', 'vp']
2026-08-21 13:05:40,013 - INFO - Signal evaluated: HOLD. Reason/Details: Confluence score: 33% (HOLD)
2026-08-21 13:05:40,218 - INFO - Logged heartbeat status: OK
2026-08-21 13:05:40,218 - INFO - Job "LiveRunner.process_cycle (trigger: interval[0:05:00], next run at: 2026-08-21 13:10:39 IST)" executed successfully
2026-08-21 13:10:39,220 - INFO - Running job "LiveRunner.process_cycle (trigger: interval[0:05:00], next run at: 2026-08-21 13:15:39 IST)" (scheduled at 2026-08-21 13:10:39.204369+05:30)
2026-08-21 13:10:39,236 - INFO - [bot-1787212200712-318e] Starting signal check cycle for SOL/USDT (5m)...
2026-08-21 13:10:39,308 - INFO - Fetching recent candles for SOL/USDT (5m) [Bot: bot-1787212200712-318e] via ProviderManager...
2026-08-21 13:10:39,775 - INFO - Indicators computed | close=90.49 ema_9=90.43 ema_20=90.36 ema_50=89.97 ema_200=88.49 macd=0.1311 poc=75.0 val=75.0 vah=75.0
2026-08-21 13:10:39,779 - INFO - [bot-1787212200712-318e] Evaluating strategy on completed candle: 2026-08-21 07:35:00+00:00 at Close price: 90.43
2026-08-21 13:10:39,875 - INFO - Confluence Evaluation | Regime: RANGING (ADX=13.9) | Direction: HOLD | BullScore: 50.0% | BearScore: 32.6% | Active: ['ema', 'macd', 'rsi', 'vp']
2026-08-21 13:10:40,005 - INFO - Signal evaluated: HOLD. Reason/Details: Confluence score: 50% (HOLD)
2026-08-21 13:10:40,215 - INFO - Logged heartbeat status: OK
2026-08-21 13:10:40,216 - INFO - Job "LiveRunner.process_cycle (trigger: interval[0:05:00], next run at: 2026-08-21 13:15:39 IST)" executed successfully
2026-08-21 13:15:39,216 - INFO - Running job "LiveRunner.process_cycle (trigger: interval[0:05:00], next run at: 2026-08-21 13:20:39 IST)" (scheduled at 2026-08-21 13:15:39.204369+05:30)
2026-08-21 13:15:39,230 - INFO - [bot-1787212200712-318e] Starting signal check cycle for SOL/USDT (5m)...
2026-08-21 13:15:39,281 - INFO - Fetching recent candles for SOL/USDT (5m) [Bot: bot-1787212200712-318e] via ProviderManager...
2026-08-21 13:15:39,683 - INFO - Indicators computed | close=90.60 ema_9=90.48 ema_20=90.39 ema_50=90.00 ema_200=88.51 macd=0.1417 poc=75.0 val=75.0 vah=75.0
2026-08-21 13:15:39,684 - INFO - [bot-1787212200712-318e] Evaluating strategy on completed candle: 2026-08-21 07:40:00+00:00 at Close price: 90.59
2026-08-21 13:15:39,774 - INFO - Confluence Evaluation | Regime: RANGING (ADX=12.8) | Direction: HOLD | BullScore: 50.0% | BearScore: 32.6% | Active: ['ema', 'macd', 'rsi', 'vp']
2026-08-21 13:15:39,857 - INFO - Signal evaluated: HOLD. Reason/Details: Confluence score: 50% (HOLD)
2026-08-21 13:15:40,066 - INFO - Logged heartbeat status: OK
2026-08-21 13:15:40,067 - INFO - Job "LiveRunner.process_cycle (trigger: interval[0:05:00], next run at: 2026-08-21 13:20:39 IST)" executed successfully
2026-08-21 13:20:39,260 - INFO - Running job "LiveRunner.process_cycle (trigger: interval[0:05:00], next run at: 2026-08-21 13:25:39 IST)" (scheduled at 2026-08-21 13:20:39.204369+05:30)
2026-08-21 13:20:39,271 - INFO - [bot-1787212200712-318e] Starting signal check cycle for SOL/USDT (5m)...
2026-08-21 13:20:39,314 - INFO - Fetching recent candles for SOL/USDT (5m) [Bot: bot-1787212200712-318e] via ProviderManager...
2026-08-21 13:20:49,358 - ERROR - Binance Spot Network Error: binance GET https://api.binance.com/api/v3/klines?interval=5m&limit=1000&symbol=SOLUSDT
--- Logging error ---
Traceback (most recent call last):
  File "/Users/ashishparadkar/Downloads/algo-code-main/.venv/lib/python3.9/site-packages/urllib3/connectionpool.py", line 534, in _make_request
    response = conn.getresponse()
  File "/Users/ashishparadkar/Downloads/algo-code-main/.venv/lib/python3.9/site-packages/urllib3/connection.py", line 571, in getresponse
    httplib_response = super().getresponse()
  File "/Library/Developer/CommandLineTools/Library/Frameworks/Python3.framework/Versions/3.9/lib/python3.9/http/client.py", line 1349, in getresponse
    response.begin()
  File "/Library/Developer/CommandLineTools/Library/Frameworks/Python3.framework/Versions/3.9/lib/python3.9/http/client.py", line 316, in begin
    version, status, reason = self._read_status()
  File "/Library/Developer/CommandLineTools/Library/Frameworks/Python3.framework/Versions/3.9/lib/python3.9/http/client.py", line 277, in _read_status
    line = str(self.fp.readline(_MAXLINE + 1), "iso-8859-1")
  File "/Library/Developer/CommandLineTools/Library/Frameworks/Python3.framework/Versions/3.9/lib/python3.9/socket.py", line 704, in readinto
    return self._sock.recv_into(b)
  File "/Library/Developer/CommandLineTools/Library/Frameworks/Python3.framework/Versions/3.9/lib/python3.9/ssl.py", line 1241, in recv_into
    return self.read(nbytes, buffer)
  File "/Library/Developer/CommandLineTools/Library/Frameworks/Python3.framework/Versions/3.9/lib/python3.9/ssl.py", line 1099, in read
    return self._sslobj.read(len, buffer)
socket.timeout: The read operation timed out

The above exception was the direct cause of the following exception:

Traceback (most recent call last):
  File "/Users/ashishparadkar/Downloads/algo-code-main/.venv/lib/python3.9/site-packages/requests/adapters.py", line 644, in send
    resp = conn.urlopen(
  File "/Users/ashishparadkar/Downloads/algo-code-main/.venv/lib/python3.9/site-packages/urllib3/connectionpool.py", line 841, in urlopen
    retries = retries.increment(
  File "/Users/ashishparadkar/Downloads/algo-code-main/.venv/lib/python3.9/site-packages/urllib3/util/retry.py", line 490, in increment
    raise reraise(type(error), error, _stacktrace)
  File "/Users/ashishparadkar/Downloads/algo-code-main/.venv/lib/python3.9/site-packages/urllib3/util/util.py", line 39, in reraise
    raise value
  File "/Users/ashishparadkar/Downloads/algo-code-main/.venv/lib/python3.9/site-packages/urllib3/connectionpool.py", line 787, in urlopen
    response = self._make_request(
  File "/Users/ashishparadkar/Downloads/algo-code-main/.venv/lib/python3.9/site-packages/urllib3/connectionpool.py", line 536, in _make_request
    self._raise_timeout(err=e, url=url, timeout_value=read_timeout)
  File "/Users/ashishparadkar/Downloads/algo-code-main/.venv/lib/python3.9/site-packages/urllib3/connectionpool.py", line 367, in _raise_timeout
    raise ReadTimeoutError(
urllib3.exceptions.ReadTimeoutError: HTTPSConnectionPool(host='api.binance.com', port=443): Read timed out. (read timeout=10.0)

During handling of the above exception, another exception occurred:

Traceback (most recent call last):
  File "/Users/ashishparadkar/Downloads/algo-code-main/.venv/lib/python3.9/site-packages/ccxt/base/exchange.py", line 665, in fetch
    response = self.session.request(
  File "/Users/ashishparadkar/Downloads/algo-code-main/.venv/lib/python3.9/site-packages/requests/sessions.py", line 589, in request
    resp = self.send(prep, **send_kwargs)
  File "/Users/ashishparadkar/Downloads/algo-code-main/.venv/lib/python3.9/site-packages/requests/sessions.py", line 703, in send
    r = adapter.send(request, **kwargs)
  File "/Users/ashishparadkar/Downloads/algo-code-main/.venv/lib/python3.9/site-packages/requests/adapters.py", line 690, in send
    raise ReadTimeout(e, request=request)
requests.exceptions.ReadTimeout: HTTPSConnectionPool(host='api.binance.com', port=443): Read timed out. (read timeout=10.0)

The above exception was the direct cause of the following exception:

Traceback (most recent call last):
  File "/Users/ashishparadkar/Downloads/algo-code-main/src/provider_manager.py", line 351, in fetch_ohlcv_safe
    df = adapter.fetch_ohlcv(instrument, timeframe, limit=limit)
  File "/Users/ashishparadkar/Downloads/algo-code-main/src/provider_manager.py", line 211, in fetch_ohlcv
    raise net_err
  File "/Users/ashishparadkar/Downloads/algo-code-main/src/provider_manager.py", line 183, in fetch_ohlcv
    raw_candles = self.exchange.fetch_ohlcv(
  File "/Users/ashishparadkar/Downloads/algo-code-main/.venv/lib/python3.9/site-packages/ccxt/binance.py", line 4759, in fetch_ohlcv
    response = self.publicGetKlines(self.extend(request, params))
  File "/Users/ashishparadkar/Downloads/algo-code-main/.venv/lib/python3.9/site-packages/ccxt/base/types.py", line 35, in unbound_method
    return _self.request(self.path, self.api, self.method, params, config=self.config)
  File "/Users/ashishparadkar/Downloads/algo-code-main/.venv/lib/python3.9/site-packages/ccxt/binance.py", line 11724, in request
    response = self.fetch2(path, api, method, params, headers, body, config)
  File "/Users/ashishparadkar/Downloads/algo-code-main/.venv/lib/python3.9/site-packages/ccxt/base/exchange.py", line 5566, in fetch2
    raise e
  File "/Users/ashishparadkar/Downloads/algo-code-main/.venv/lib/python3.9/site-packages/ccxt/base/exchange.py", line 5549, in fetch2
    response = self.fetch(request['url'], request['method'], request['headers'], request['body'])
  File "/Users/ashishparadkar/Downloads/algo-code-main/.venv/lib/python3.9/site-packages/ccxt/base/exchange.py", line 698, in fetch
    raise RequestTimeout(details) from e
ccxt.base.errors.RequestTimeout: binance GET https://api.binance.com/api/v3/klines?interval=5m&limit=1000&symbol=SOLUSDT

During handling of the above exception, another exception occurred:

Traceback (most recent call last):
  File "/Library/Developer/CommandLineTools/Library/Frameworks/Python3.framework/Versions/3.9/lib/python3.9/logging/__init__.py", line 1083, in emit
    msg = self.format(record)
  File "/Library/Developer/CommandLineTools/Library/Frameworks/Python3.framework/Versions/3.9/lib/python3.9/logging/__init__.py", line 927, in format
    return fmt.format(record)
  File "/Library/Developer/CommandLineTools/Library/Frameworks/Python3.framework/Versions/3.9/lib/python3.9/logging/__init__.py", line 663, in format
    record.message = record.getMessage()
  File "/Library/Developer/CommandLineTools/Library/Frameworks/Python3.framework/Versions/3.9/lib/python3.9/logging/__init__.py", line 367, in getMessage
    msg = msg % self.args
TypeError: must be real number, not RequestTimeout
Call stack:
  File "/Library/Developer/CommandLineTools/Library/Frameworks/Python3.framework/Versions/3.9/lib/python3.9/threading.py", line 930, in _bootstrap
    self._bootstrap_inner()
  File "/Library/Developer/CommandLineTools/Library/Frameworks/Python3.framework/Versions/3.9/lib/python3.9/threading.py", line 973, in _bootstrap_inner
    self.run()
  File "/Library/Developer/CommandLineTools/Library/Frameworks/Python3.framework/Versions/3.9/lib/python3.9/threading.py", line 910, in run
    self._target(*self._args, **self._kwargs)
  File "/Library/Developer/CommandLineTools/Library/Frameworks/Python3.framework/Versions/3.9/lib/python3.9/concurrent/futures/thread.py", line 77, in _worker
    work_item.run()
  File "/Library/Developer/CommandLineTools/Library/Frameworks/Python3.framework/Versions/3.9/lib/python3.9/concurrent/futures/thread.py", line 52, in run
    result = self.fn(*self.args, **self.kwargs)
  File "/Users/ashishparadkar/Downloads/algo-code-main/.venv/lib/python3.9/site-packages/apscheduler/executors/base.py", line 131, in run_job
    retval = job.func(*job.args, **job.kwargs)
  File "/Users/ashishparadkar/Downloads/algo-code-main/src/live_runner.py", line 199, in process_cycle
    df, _ = self.provider_manager.fetch_ohlcv_safe(self.symbol, self.timeframe, limit=1000)
  File "/Users/ashishparadkar/Downloads/algo-code-main/src/provider_manager.py", line 362, in fetch_ohlcv_safe
    logger.warning(
Message: 'Retryable network failure for %s (Attempt %d/%d). Backing off %.2fs: %s'
Arguments: ('SOL/USDT', 1, 3, RequestTimeout('binance GET https://api.binance.com/api/v3/klines?interval=5m&limit=1000&symbol=SOLUSDT'))
2026-08-21 13:20:51,428 - ERROR - Binance Spot Network Error: binance GET https://api.binance.com/api/v3/klines?interval=5m&limit=1000&symbol=SOLUSDT
--- Logging error ---
Traceback (most recent call last):
  File "/Users/ashishparadkar/Downloads/algo-code-main/.venv/lib/python3.9/site-packages/urllib3/connection.py", line 204, in _new_conn
    sock = connection.create_connection(
  File "/Users/ashishparadkar/Downloads/algo-code-main/.venv/lib/python3.9/site-packages/urllib3/util/connection.py", line 60, in create_connection
    for res in socket.getaddrinfo(host, port, family, socket.SOCK_STREAM):
  File "/Library/Developer/CommandLineTools/Library/Frameworks/Python3.framework/Versions/3.9/lib/python3.9/socket.py", line 953, in getaddrinfo
    for res in _socket.getaddrinfo(host, port, family, type, proto, flags):
socket.gaierror: [Errno 8] nodename nor servname provided, or not known

The above exception was the direct cause of the following exception:

Traceback (most recent call last):
  File "/Users/ashishparadkar/Downloads/algo-code-main/.venv/lib/python3.9/site-packages/urllib3/connectionpool.py", line 787, in urlopen
    response = self._make_request(
  File "/Users/ashishparadkar/Downloads/algo-code-main/.venv/lib/python3.9/site-packages/urllib3/connectionpool.py", line 488, in _make_request
    raise new_e
  File "/Users/ashishparadkar/Downloads/algo-code-main/.venv/lib/python3.9/site-packages/urllib3/connectionpool.py", line 464, in _make_request
    self._validate_conn(conn)
  File "/Users/ashishparadkar/Downloads/algo-code-main/.venv/lib/python3.9/site-packages/urllib3/connectionpool.py", line 1093, in _validate_conn
    conn.connect()
  File "/Users/ashishparadkar/Downloads/algo-code-main/.venv/lib/python3.9/site-packages/urllib3/connection.py", line 759, in connect
    self.sock = sock = self._new_conn()
  File "/Users/ashishparadkar/Downloads/algo-code-main/.venv/lib/python3.9/site-packages/urllib3/connection.py", line 211, in _new_conn
    raise NameResolutionError(self.host, self, e) from e
urllib3.exceptions.NameResolutionError: HTTPSConnection(host='api.binance.com', port=443): Failed to resolve 'api.binance.com' ([Errno 8] nodename nor servname provided, or not known)

The above exception was the direct cause of the following exception:

Traceback (most recent call last):
  File "/Users/ashishparadkar/Downloads/algo-code-main/.venv/lib/python3.9/site-packages/requests/adapters.py", line 644, in send
    resp = conn.urlopen(
  File "/Users/ashishparadkar/Downloads/algo-code-main/.venv/lib/python3.9/site-packages/urllib3/connectionpool.py", line 841, in urlopen
    retries = retries.increment(
  File "/Users/ashishparadkar/Downloads/algo-code-main/.venv/lib/python3.9/site-packages/urllib3/util/retry.py", line 535, in increment
    raise MaxRetryError(_pool, url, reason) from reason  # type: ignore[arg-type]
urllib3.exceptions.MaxRetryError: HTTPSConnectionPool(host='api.binance.com', port=443): Max retries exceeded with url: /api/v3/klines?interval=5m&limit=1000&symbol=SOLUSDT (Caused by NameResolutionError("HTTPSConnection(host='api.binance.com', port=443): Failed to resolve 'api.binance.com' ([Errno 8] nodename nor servname provided, or not known)"))

During handling of the above exception, another exception occurred:

Traceback (most recent call last):
  File "/Users/ashishparadkar/Downloads/algo-code-main/.venv/lib/python3.9/site-packages/ccxt/base/exchange.py", line 665, in fetch
    response = self.session.request(
  File "/Users/ashishparadkar/Downloads/algo-code-main/.venv/lib/python3.9/site-packages/requests/sessions.py", line 589, in request
    resp = self.send(prep, **send_kwargs)
  File "/Users/ashishparadkar/Downloads/algo-code-main/.venv/lib/python3.9/site-packages/requests/sessions.py", line 703, in send
    r = adapter.send(request, **kwargs)
  File "/Users/ashishparadkar/Downloads/algo-code-main/.venv/lib/python3.9/site-packages/requests/adapters.py", line 677, in send
    raise ConnectionError(e, request=request)
requests.exceptions.ConnectionError: HTTPSConnectionPool(host='api.binance.com', port=443): Max retries exceeded with url: /api/v3/klines?interval=5m&limit=1000&symbol=SOLUSDT (Caused by NameResolutionError("HTTPSConnection(host='api.binance.com', port=443): Failed to resolve 'api.binance.com' ([Errno 8] nodename nor servname provided, or not known)"))

The above exception was the direct cause of the following exception:

Traceback (most recent call last):
  File "/Users/ashishparadkar/Downloads/algo-code-main/src/provider_manager.py", line 351, in fetch_ohlcv_safe
    df = adapter.fetch_ohlcv(instrument, timeframe, limit=limit)
  File "/Users/ashishparadkar/Downloads/algo-code-main/src/provider_manager.py", line 211, in fetch_ohlcv
    raise net_err
  File "/Users/ashishparadkar/Downloads/algo-code-main/src/provider_manager.py", line 183, in fetch_ohlcv
    raw_candles = self.exchange.fetch_ohlcv(
  File "/Users/ashishparadkar/Downloads/algo-code-main/.venv/lib/python3.9/site-packages/ccxt/binance.py", line 4759, in fetch_ohlcv
    response = self.publicGetKlines(self.extend(request, params))
  File "/Users/ashishparadkar/Downloads/algo-code-main/.venv/lib/python3.9/site-packages/ccxt/base/types.py", line 35, in unbound_method
    return _self.request(self.path, self.api, self.method, params, config=self.config)
  File "/Users/ashishparadkar/Downloads/algo-code-main/.venv/lib/python3.9/site-packages/ccxt/binance.py", line 11724, in request
    response = self.fetch2(path, api, method, params, headers, body, config)
  File "/Users/ashishparadkar/Downloads/algo-code-main/.venv/lib/python3.9/site-packages/ccxt/base/exchange.py", line 5566, in fetch2
    raise e
  File "/Users/ashishparadkar/Downloads/algo-code-main/.venv/lib/python3.9/site-packages/ccxt/base/exchange.py", line 5549, in fetch2
    response = self.fetch(request['url'], request['method'], request['headers'], request['body'])
  File "/Users/ashishparadkar/Downloads/algo-code-main/.venv/lib/python3.9/site-packages/ccxt/base/exchange.py", line 721, in fetch
    raise NetworkError(details) from e
ccxt.base.errors.NetworkError: binance GET https://api.binance.com/api/v3/klines?interval=5m&limit=1000&symbol=SOLUSDT

During handling of the above exception, another exception occurred:

Traceback (most recent call last):
  File "/Library/Developer/CommandLineTools/Library/Frameworks/Python3.framework/Versions/3.9/lib/python3.9/logging/__init__.py", line 1083, in emit
    msg = self.format(record)
  File "/Library/Developer/CommandLineTools/Library/Frameworks/Python3.framework/Versions/3.9/lib/python3.9/logging/__init__.py", line 927, in format
    return fmt.format(record)
  File "/Library/Developer/CommandLineTools/Library/Frameworks/Python3.framework/Versions/3.9/lib/python3.9/logging/__init__.py", line 663, in format
    record.message = record.getMessage()
  File "/Library/Developer/CommandLineTools/Library/Frameworks/Python3.framework/Versions/3.9/lib/python3.9/logging/__init__.py", line 367, in getMessage
    msg = msg % self.args
TypeError: must be real number, not NetworkError
Call stack:
  File "/Library/Developer/CommandLineTools/Library/Frameworks/Python3.framework/Versions/3.9/lib/python3.9/threading.py", line 930, in _bootstrap
    self._bootstrap_inner()
  File "/Library/Developer/CommandLineTools/Library/Frameworks/Python3.framework/Versions/3.9/lib/python3.9/threading.py", line 973, in _bootstrap_inner
    self.run()
  File "/Library/Developer/CommandLineTools/Library/Frameworks/Python3.framework/Versions/3.9/lib/python3.9/threading.py", line 910, in run
    self._target(*self._args, **self._kwargs)
  File "/Library/Developer/CommandLineTools/Library/Frameworks/Python3.framework/Versions/3.9/lib/python3.9/concurrent/futures/thread.py", line 77, in _worker
    work_item.run()
  File "/Library/Developer/CommandLineTools/Library/Frameworks/Python3.framework/Versions/3.9/lib/python3.9/concurrent/futures/thread.py", line 52, in run
    result = self.fn(*self.args, **self.kwargs)
  File "/Users/ashishparadkar/Downloads/algo-code-main/.venv/lib/python3.9/site-packages/apscheduler/executors/base.py", line 131, in run_job
    retval = job.func(*job.args, **job.kwargs)
  File "/Users/ashishparadkar/Downloads/algo-code-main/src/live_runner.py", line 199, in process_cycle
    df, _ = self.provider_manager.fetch_ohlcv_safe(self.symbol, self.timeframe, limit=1000)
  File "/Users/ashishparadkar/Downloads/algo-code-main/src/provider_manager.py", line 362, in fetch_ohlcv_safe
    logger.warning(
Message: 'Retryable network failure for %s (Attempt %d/%d). Backing off %.2fs: %s'
Arguments: ('SOL/USDT', 2, 3, NetworkError('binance GET https://api.binance.com/api/v3/klines?interval=5m&limit=1000&symbol=SOLUSDT'))
2026-08-21 13:20:53,775 - ERROR - Binance Spot Network Error: binance GET https://api.binance.com/api/v3/klines?interval=5m&limit=1000&symbol=SOLUSDT
2026-08-21 13:20:53,775 - ERROR - System Error in runner execution cycle: binance GET https://api.binance.com/api/v3/klines?interval=5m&limit=1000&symbol=SOLUSDT
Traceback (most recent call last):
  File "/Users/ashishparadkar/Downloads/algo-code-main/.venv/lib/python3.9/site-packages/urllib3/connection.py", line 204, in _new_conn
    sock = connection.create_connection(
  File "/Users/ashishparadkar/Downloads/algo-code-main/.venv/lib/python3.9/site-packages/urllib3/util/connection.py", line 60, in create_connection
    for res in socket.getaddrinfo(host, port, family, socket.SOCK_STREAM):
  File "/Library/Developer/CommandLineTools/Library/Frameworks/Python3.framework/Versions/3.9/lib/python3.9/socket.py", line 953, in getaddrinfo
    for res in _socket.getaddrinfo(host, port, family, type, proto, flags):
socket.gaierror: [Errno 8] nodename nor servname provided, or not known

The above exception was the direct cause of the following exception:

Traceback (most recent call last):
  File "/Users/ashishparadkar/Downloads/algo-code-main/.venv/lib/python3.9/site-packages/urllib3/connectionpool.py", line 787, in urlopen
    response = self._make_request(
  File "/Users/ashishparadkar/Downloads/algo-code-main/.venv/lib/python3.9/site-packages/urllib3/connectionpool.py", line 488, in _make_request
    raise new_e
  File "/Users/ashishparadkar/Downloads/algo-code-main/.venv/lib/python3.9/site-packages/urllib3/connectionpool.py", line 464, in _make_request
    self._validate_conn(conn)
  File "/Users/ashishparadkar/Downloads/algo-code-main/.venv/lib/python3.9/site-packages/urllib3/connectionpool.py", line 1093, in _validate_conn
    conn.connect()
  File "/Users/ashishparadkar/Downloads/algo-code-main/.venv/lib/python3.9/site-packages/urllib3/connection.py", line 759, in connect
    self.sock = sock = self._new_conn()
  File "/Users/ashishparadkar/Downloads/algo-code-main/.venv/lib/python3.9/site-packages/urllib3/connection.py", line 211, in _new_conn
    raise NameResolutionError(self.host, self, e) from e
urllib3.exceptions.NameResolutionError: HTTPSConnection(host='api.binance.com', port=443): Failed to resolve 'api.binance.com' ([Errno 8] nodename nor servname provided, or not known)

The above exception was the direct cause of the following exception:

Traceback (most recent call last):
  File "/Users/ashishparadkar/Downloads/algo-code-main/.venv/lib/python3.9/site-packages/requests/adapters.py", line 644, in send
    resp = conn.urlopen(
  File "/Users/ashishparadkar/Downloads/algo-code-main/.venv/lib/python3.9/site-packages/urllib3/connectionpool.py", line 841, in urlopen
    retries = retries.increment(
  File "/Users/ashishparadkar/Downloads/algo-code-main/.venv/lib/python3.9/site-packages/urllib3/util/retry.py", line 535, in increment
    raise MaxRetryError(_pool, url, reason) from reason  # type: ignore[arg-type]
urllib3.exceptions.MaxRetryError: HTTPSConnectionPool(host='api.binance.com', port=443): Max retries exceeded with url: /api/v3/klines?interval=5m&limit=1000&symbol=SOLUSDT (Caused by NameResolutionError("HTTPSConnection(host='api.binance.com', port=443): Failed to resolve 'api.binance.com' ([Errno 8] nodename nor servname provided, or not known)"))

During handling of the above exception, another exception occurred:

Traceback (most recent call last):
  File "/Users/ashishparadkar/Downloads/algo-code-main/.venv/lib/python3.9/site-packages/ccxt/base/exchange.py", line 665, in fetch
    response = self.session.request(
  File "/Users/ashishparadkar/Downloads/algo-code-main/.venv/lib/python3.9/site-packages/requests/sessions.py", line 589, in request
    resp = self.send(prep, **send_kwargs)
  File "/Users/ashishparadkar/Downloads/algo-code-main/.venv/lib/python3.9/site-packages/requests/sessions.py", line 703, in send
    r = adapter.send(request, **kwargs)
  File "/Users/ashishparadkar/Downloads/algo-code-main/.venv/lib/python3.9/site-packages/requests/adapters.py", line 677, in send
    raise ConnectionError(e, request=request)
requests.exceptions.ConnectionError: HTTPSConnectionPool(host='api.binance.com', port=443): Max retries exceeded with url: /api/v3/klines?interval=5m&limit=1000&symbol=SOLUSDT (Caused by NameResolutionError("HTTPSConnection(host='api.binance.com', port=443): Failed to resolve 'api.binance.com' ([Errno 8] nodename nor servname provided, or not known)"))

The above exception was the direct cause of the following exception:

Traceback (most recent call last):
  File "/Users/ashishparadkar/Downloads/algo-code-main/src/live_runner.py", line 199, in process_cycle
    df, _ = self.provider_manager.fetch_ohlcv_safe(self.symbol, self.timeframe, limit=1000)
  File "/Users/ashishparadkar/Downloads/algo-code-main/src/provider_manager.py", line 359, in fetch_ohlcv_safe
    raise retryable_err
  File "/Users/ashishparadkar/Downloads/algo-code-main/src/provider_manager.py", line 351, in fetch_ohlcv_safe
    df = adapter.fetch_ohlcv(instrument, timeframe, limit=limit)
  File "/Users/ashishparadkar/Downloads/algo-code-main/src/provider_manager.py", line 211, in fetch_ohlcv
    raise net_err
  File "/Users/ashishparadkar/Downloads/algo-code-main/src/provider_manager.py", line 183, in fetch_ohlcv
    raw_candles = self.exchange.fetch_ohlcv(
  File "/Users/ashishparadkar/Downloads/algo-code-main/.venv/lib/python3.9/site-packages/ccxt/binance.py", line 4759, in fetch_ohlcv
    response = self.publicGetKlines(self.extend(request, params))
  File "/Users/ashishparadkar/Downloads/algo-code-main/.venv/lib/python3.9/site-packages/ccxt/base/types.py", line 35, in unbound_method
    return _self.request(self.path, self.api, self.method, params, config=self.config)
  File "/Users/ashishparadkar/Downloads/algo-code-main/.venv/lib/python3.9/site-packages/ccxt/binance.py", line 11724, in request
    response = self.fetch2(path, api, method, params, headers, body, config)
  File "/Users/ashishparadkar/Downloads/algo-code-main/.venv/lib/python3.9/site-packages/ccxt/base/exchange.py", line 5566, in fetch2
    raise e
  File "/Users/ashishparadkar/Downloads/algo-code-main/.venv/lib/python3.9/site-packages/ccxt/base/exchange.py", line 5549, in fetch2
    response = self.fetch(request['url'], request['method'], request['headers'], request['body'])
  File "/Users/ashishparadkar/Downloads/algo-code-main/.venv/lib/python3.9/site-packages/ccxt/base/exchange.py", line 721, in fetch
    raise NetworkError(details) from e
ccxt.base.errors.NetworkError: binance GET https://api.binance.com/api/v3/klines?interval=5m&limit=1000&symbol=SOLUSDT
2026-08-21 13:20:53,870 - WARNING - [bot-1787212200712-318e] Marked bot as non-retryable configuration error to prevent infinite error storm.
2026-08-21 13:20:54,038 - WARNING - Telegram alert [GENERAL] failed (Connection Error: HTTPSConnectionPool(host='api.telegram.org', port=443): Max retries exceeded with url: /bot8865086302:AAHhh3VL9czoQRSnw8Hf9iyDEwGJnqQTtqc/sendMessage (Caused by NameResolutionError("HTTPSConnection(host='api.telegram.org', port=443): Failed to resolve 'api.telegram.org' ([Errno 8] nodename nor servname provided, or not known)"))). Re-queueing retry 1/3 in 1.0s
2026-08-21 13:20:54,106 - INFO - Logged heartbeat status: ERROR
2026-08-21 13:20:54,106 - INFO - Job "LiveRunner.process_cycle (trigger: interval[0:05:00], next run at: 2026-08-21 13:25:39 IST)" executed successfully
2026-08-21 13:20:55,063 - WARNING - Telegram alert [GENERAL] failed (Connection Error: HTTPSConnectionPool(host='api.telegram.org', port=443): Max retries exceeded with url: /bot8865086302:AAHhh3VL9czoQRSnw8Hf9iyDEwGJnqQTtqc/sendMessage (Caused by NameResolutionError("HTTPSConnection(host='api.telegram.org', port=443): Failed to resolve 'api.telegram.org' ([Errno 8] nodename nor servname provided, or not known)"))). Re-queueing retry 2/3 in 2.0s
2026-08-21 13:20:56,074 - WARNING - Telegram alert [GENERAL] failed (Connection Error: HTTPSConnectionPool(host='api.telegram.org', port=443): Max retries exceeded with url: /bot8865086302:AAHhh3VL9czoQRSnw8Hf9iyDEwGJnqQTtqc/sendMessage (Caused by NameResolutionError("HTTPSConnection(host='api.telegram.org', port=443): Failed to resolve 'api.telegram.org' ([Errno 8] nodename nor servname provided, or not known)"))). Re-queueing retry 3/3 in 4.0s
2026-08-21 13:20:57,081 - ERROR - Telegram alert [GENERAL] failed permanently after 3 retries: Connection Error: HTTPSConnectionPool(host='api.telegram.org', port=443): Max retries exceeded with url: /bot8865086302:AAHhh3VL9czoQRSnw8Hf9iyDEwGJnqQTtqc/sendMessage (Caused by NameResolutionError("HTTPSConnection(host='api.telegram.org', port=443): Failed to resolve 'api.telegram.org' ([Errno 8] nodename nor servname provided, or not known)"))
2026-08-21 13:25:39,215 - INFO - Running job "LiveRunner.process_cycle (trigger: interval[0:05:00], next run at: 2026-08-21 13:30:39 IST)" (scheduled at 2026-08-21 13:25:39.204369+05:30)
2026-08-21 13:25:39,219 - ERROR - [bot-1787212200712-318e] Halting runner cycle: Bot is configured with unexecutable instrument 'SOL/USDT'. Error: Fatal Non-Retryable Error: binance GET https://api.binance.com/api/v3/klines?interval=5m&limit=1000&symbol=SOLUSDT
2026-08-21 13:25:39,384 - INFO - Job "LiveRunner.process_cycle (trigger: interval[0:05:00], next run at: 2026-08-21 13:30:39 IST)" executed successfully
2026-08-21 13:30:39,217 - INFO - Running job "LiveRunner.process_cycle (trigger: interval[0:05:00], next run at: 2026-08-21 13:35:39 IST)" (scheduled at 2026-08-21 13:30:39.204369+05:30)
2026-08-21 13:30:39,217 - ERROR - [bot-1787212200712-318e] Halting runner cycle: Bot is configured with unexecutable instrument 'SOL/USDT'. Error: Fatal Non-Retryable Error: binance GET https://api.binance.com/api/v3/klines?interval=5m&limit=1000&symbol=SOLUSDT
2026-08-21 13:30:39,411 - INFO - Job "LiveRunner.process_cycle (trigger: interval[0:05:00], next run at: 2026-08-21 13:35:39 IST)" executed successfully
2026-08-21 13:35:39,267 - INFO - Running job "LiveRunner.process_cycle (trigger: interval[0:05:00], next run at: 2026-08-21 13:40:39 IST)" (scheduled at 2026-08-21 13:35:39.204369+05:30)
2026-08-21 13:35:39,272 - ERROR - [bot-1787212200712-318e] Halting runner cycle: Bot is configured with unexecutable instrument 'SOL/USDT'. Error: Fatal Non-Retryable Error: binance GET https://api.binance.com/api/v3/klines?interval=5m&limit=1000&symbol=SOLUSDT
2026-08-21 13:35:39,747 - INFO - Job "LiveRunner.process_cycle (trigger: interval[0:05:00], next run at: 2026-08-21 13:40:39 IST)" executed successfully
/Users/ashishparadkar/Downloads/algo-code-main/.venv/lib/python3.9/site-packages/urllib3/__init__.py:35: NotOpenSSLWarning: urllib3 v2 only supports OpenSSL 1.1.1+, currently the 'ssl' module is compiled with 'LibreSSL 2.8.3'. See: https://github.com/urllib3/urllib3/issues/3020
  warnings.warn(
2026-08-21 14:51:04,632 - INFO - Bot state startup reconciliation finished: 0 bot(s) reconciled to STOPPED.
2026-08-21 14:51:05,263 - INFO - Telegram notification service initialized successfully (Chat ID: 5657...)
2026-08-21 14:51:05,279 - INFO - Initializing scheduled trading bot live runner for bot-1787212200712-318e...
2026-08-21 14:51:06,534 - INFO - SQLite database tables verified/created.
2026-08-21 14:51:07,776 - INFO - Initializing CCXT Binance in TESTNET mode.
/Users/ashishparadkar/Downloads/algo-code-main/.venv/lib/python3.9/site-packages/urllib3/__init__.py:35: NotOpenSSLWarning: urllib3 v2 only supports OpenSSL 1.1.1+, currently the 'ssl' module is compiled with 'LibreSSL 2.8.3'. See: https://github.com/urllib3/urllib3/issues/3020
  warnings.warn(
2026-08-21 15:30:26,267 - INFO - Bot state startup reconciliation finished: 0 bot(s) reconciled to STOPPED.
2026-08-21 15:30:26,761 - INFO - Telegram notification service initialized successfully (Chat ID: 5657...)
2026-08-21 15:30:27,131 - INFO - Initializing scheduled trading bot live runner for bot-1787212200712-318e...
2026-08-21 15:30:27,836 - INFO - SQLite database tables verified/created.
2026-08-21 15:30:28,086 - INFO - Initializing CCXT Binance in TESTNET mode.
2026-08-21 15:30:53,568 - INFO - [bot-1787212200712-318e] Pre-flight instrument resolved: SOL/USDT (SPOT via binance_spot)
2026-08-21 15:30:54,141 - INFO - [bot-1787212200712-318e] Starting signal check cycle for SOL/USDT (5m)...
2026-08-21 15:30:54,149 - INFO - Fetching recent candles for SOL/USDT (5m) [Bot: bot-1787212200712-318e] via ProviderManager...
/Users/ashishparadkar/Downloads/algo-code-main/.venv/lib/python3.9/site-packages/urllib3/__init__.py:35: NotOpenSSLWarning: urllib3 v2 only supports OpenSSL 1.1.1+, currently the 'ssl' module is compiled with 'LibreSSL 2.8.3'. See: https://github.com/urllib3/urllib3/issues/3020
  warnings.warn(
2026-08-21 18:13:38,364 - INFO - Bot state startup reconciliation finished: 0 bot(s) reconciled to STOPPED.
2026-08-21 18:13:39,108 - INFO - Telegram notification service initialized successfully (Chat ID: 5657...)
2026-08-21 18:13:39,127 - INFO - Initializing scheduled trading bot live runner for bot-1787212200712-318e...
2026-08-21 18:13:39,691 - INFO - SQLite database tables verified/created.
2026-08-21 18:13:40,055 - INFO - Initializing CCXT Binance in TESTNET mode.
2026-08-21 18:14:09,819 - INFO - [bot-1787212200712-318e] Pre-flight instrument resolved: SOL/USDT (SPOT via binance_spot)
2026-08-21 18:14:10,336 - INFO - [bot-1787212200712-318e] Starting signal check cycle for SOL/USDT (5m)...
2026-08-21 18:14:10,763 - INFO - Fetching recent candles for SOL/USDT (5m) [Bot: bot-1787212200712-318e] via ProviderManager...
/Users/ashishparadkar/Downloads/algo-code-main/.venv/lib/python3.9/site-packages/urllib3/__init__.py:35: NotOpenSSLWarning: urllib3 v2 only supports OpenSSL 1.1.1+, currently the 'ssl' module is compiled with 'LibreSSL 2.8.3'. See: https://github.com/urllib3/urllib3/issues/3020
  warnings.warn(
2026-08-21 20:27:10,959 - INFO - Bot state startup reconciliation finished: 0 bot(s) reconciled to STOPPED.
2026-08-21 20:27:11,346 - INFO - Telegram notification service initialized successfully (Chat ID: 5657...)
2026-08-21 20:27:11,361 - INFO - Initializing scheduled trading bot live runner for bot-1787212200712-318e...
2026-08-21 20:27:12,375 - INFO - SQLite database tables verified/created.
2026-08-21 20:27:12,894 - INFO - Initializing CCXT Binance in TESTNET mode.
2026-08-21 20:27:42,697 - INFO - [bot-1787212200712-318e] Pre-flight instrument resolved: SOL/USDT (SPOT via binance_spot)
2026-08-21 20:27:43,211 - INFO - [bot-1787212200712-318e] Starting signal check cycle for SOL/USDT (5m)...
2026-08-21 20:27:43,217 - INFO - Fetching recent candles for SOL/USDT (5m) [Bot: bot-1787212200712-318e] via ProviderManager...
/Users/ashishparadkar/Downloads/algo-code-main/.venv/lib/python3.9/site-packages/urllib3/__init__.py:35: NotOpenSSLWarning: urllib3 v2 only supports OpenSSL 1.1.1+, currently the 'ssl' module is compiled with 'LibreSSL 2.8.3'. See: https://github.com/urllib3/urllib3/issues/3020
  warnings.warn(
2026-08-21 21:33:01,652 - INFO - Bot state startup reconciliation finished: 0 bot(s) reconciled to STOPPED.
2026-08-21 21:33:03,211 - INFO - Telegram notification service initialized successfully (Chat ID: 5657...)
2026-08-21 21:33:03,230 - INFO - Initializing scheduled trading bot live runner for bot-1787212200712-318e...
2026-08-21 21:33:03,286 - INFO - SQLite database tables verified/created.
2026-08-21 21:33:05,483 - INFO - Initializing CCXT Binance in TESTNET mode.
2026-08-21 21:33:53,580 - INFO - [bot-1787212200712-318e] Pre-flight instrument resolved: SOL/USDT (SPOT via binance_spot)
2026-08-21 21:33:54,708 - INFO - [bot-1787212200712-318e] Starting signal check cycle for SOL/USDT (5m)...
2026-08-21 21:33:55,389 - INFO - Fetching recent candles for SOL/USDT (5m) [Bot: bot-1787212200712-318e] via ProviderManager...
2026-08-21 21:44:24,352 - INFO - Indicators computed | close=91.15 ema_9=91.30 ema_20=91.37 ema_50=91.22 ema_200=90.20 macd=0.0044 poc=75.0 val=75.0 vah=75.0
2026-08-21 21:44:27,663 - INFO - [bot-1787212200712-318e] Evaluating strategy on completed candle: 2026-08-21 16:05:00+00:00 at Close price: 90.94
2026-08-21 21:44:45,140 - ERROR - Error logging bot activity for bot-1787212200712-318e: database is locked
2026-08-21 21:44:52,855 - INFO - SHORT signal blocked | Trend blocked (Close 90.94 >= EMA200 90.19) | Momentum blocked (MACD 0.0246 >= 0) | Location blocked (Close 90.94 outside Value Area [73.50 - 76.50], VAL=75.00, VAH=75.00) | context={'close': 90.94, 'ema_9': 91.34023513520663, 'ema_20': 91.3877840775017, 'ema_50': 91.22672640326884, 'ema_200': 90.1943670077665, 'macd_line': 0.024631395654949984, 'macd_signal': 0.12625350576098, 'macd_hist': -0.10162211010603, 'poc': np.float64(75.0), 'val': np.float64(75.0), 'vah': np.float64(75.0)}
2026-08-21 21:44:57,421 - INFO - Confluence Evaluation | Regime: TRENDING (ADX=38.6) | Direction: HOLD | BullScore: 0.0% | BearScore: 34.8% | Active: ['ema', 'macd', 'rsi', 'vp']
2026-08-21 21:45:01,652 - INFO - Signal evaluated: HOLD. Reason/Details: SHORT setup blocked: Trend blocked (Close 90.94 >= EMA200 90.19) | Momentum blocked (MACD 0.0246 >= 0) | Location blocked (Close 90.94 outside Value Area [73.50 - 76.50], VAL=75.00, VAH=75.00)
2026-08-21 21:45:10,788 - INFO - Logged heartbeat status: OK
2026-08-21 21:45:22,264 - INFO - Adding job tentatively -- it will be properly scheduled when the scheduler starts
2026-08-21 21:45:22,604 - INFO - Bot bot-1787212200712-318e scheduled to check every 5 minutes.
2026-08-21 21:45:25,308 - INFO - Added job "LiveRunner.process_cycle" to job store "default"
2026-08-21 21:45:25,318 - INFO - Scheduler started
2026-08-21 21:50:27,746 - WARNING - Run time of job "LiveRunner.process_cycle (trigger: interval[0:05:00], next run at: 2026-08-21 21:55:20 IST)" was missed by 0:00:05.957454
2026-08-21 21:55:24,248 - WARNING - Run time of job "LiveRunner.process_cycle (trigger: interval[0:05:00], next run at: 2026-08-21 22:00:20 IST)" was missed by 0:00:02.956988
2026-08-21 22:00:21,909 - WARNING - Run time of job "LiveRunner.process_cycle (trigger: interval[0:05:00], next run at: 2026-08-21 22:05:20 IST)" was missed by 0:00:01.105120
2026-08-21 22:05:20,814 - INFO - Running job "LiveRunner.process_cycle (trigger: interval[0:05:00], next run at: 2026-08-21 22:10:20 IST)" (scheduled at 2026-08-21 22:05:20.789667+05:30)
2026-08-21 22:05:21,940 - INFO - [bot-1787212200712-318e] Starting signal check cycle for SOL/USDT (5m)...
2026-08-21 22:05:22,146 - INFO - Fetching recent candles for SOL/USDT (5m) [Bot: bot-1787212200712-318e] via ProviderManager...
2026-08-21 22:05:31,011 - INFO - Indicators computed | close=91.48 ema_9=91.37 ema_20=91.36 ema_50=91.25 ema_200=90.26 macd=0.0208 poc=75.0 val=75.0 vah=75.0
2026-08-21 22:05:31,075 - INFO - [bot-1787212200712-318e] Evaluating strategy on completed candle: 2026-08-21 16:30:00+00:00 at Close price: 91.52
2026-08-21 22:05:31,658 - INFO - Confluence Evaluation | Regime: TRENDING (ADX=32.9) | Direction: HOLD | BullScore: 32.6% | BearScore: 34.8% | Active: ['ema', 'macd', 'rsi', 'vp']
2026-08-21 22:05:32,026 - INFO - Signal evaluated: HOLD. Reason/Details: Confluence score: 35% (HOLD)
2026-08-21 22:05:32,793 - INFO - Logged heartbeat status: OK
2026-08-21 22:05:32,820 - INFO - Job "LiveRunner.process_cycle (trigger: interval[0:05:00], next run at: 2026-08-21 22:10:20 IST)" executed successfully
2026-08-21 22:10:20,835 - INFO - Running job "LiveRunner.process_cycle (trigger: interval[0:05:00], next run at: 2026-08-21 22:15:20 IST)" (scheduled at 2026-08-21 22:10:20.789667+05:30)
2026-08-21 22:10:20,893 - INFO - [bot-1787212200712-318e] Starting signal check cycle for SOL/USDT (5m)...
2026-08-21 22:10:20,970 - INFO - Fetching recent candles for SOL/USDT (5m) [Bot: bot-1787212200712-318e] via ProviderManager...
2026-08-21 22:10:22,131 - INFO - Indicators computed | close=91.56 ema_9=91.42 ema_20=91.39 ema_50=91.26 ema_200=90.27 macd=0.0414 poc=75.0 val=75.0 vah=75.0
2026-08-21 22:10:22,134 - INFO - [bot-1787212200712-318e] Evaluating strategy on completed candle: 2026-08-21 16:35:00+00:00 at Close price: 91.59
2026-08-21 22:10:22,275 - INFO - LONG signal blocked | Location blocked (Close 91.59 outside Value Area [73.50 - 76.50], VAL=75.00, VAH=75.00) | context={'close': 91.59, 'ema_9': 91.38839763928361, 'ema_20': 91.37506947835311, 'ema_50': 91.24986974854684, 'ema_200': 90.26007095397489, 'macd_line': 0.02956168449264851, 'macd_signal': 0.03348612307182361, 'macd_hist': -0.003924438579175099, 'poc': np.float64(75.0), 'val': np.float64(75.0), 'vah': np.float64(75.0)}
2026-08-21 22:10:22,304 - INFO - Confluence Evaluation | Regime: TRENDING (ADX=30.8) | Direction: HOLD | BullScore: 50.0% | BearScore: 17.4% | Active: ['ema', 'macd', 'rsi', 'vp']
2026-08-21 22:10:22,436 - INFO - Signal evaluated: HOLD. Reason/Details: LONG setup blocked: Location blocked (Close 91.59 outside Value Area [73.50 - 76.50], VAL=75.00, VAH=75.00)
2026-08-21 22:10:22,869 - INFO - Logged heartbeat status: OK
2026-08-21 22:10:22,870 - INFO - Job "LiveRunner.process_cycle (trigger: interval[0:05:00], next run at: 2026-08-21 22:15:20 IST)" executed successfully
2026-08-21 22:15:20,824 - INFO - Running job "LiveRunner.process_cycle (trigger: interval[0:05:00], next run at: 2026-08-21 22:20:20 IST)" (scheduled at 2026-08-21 22:15:20.789667+05:30)
2026-08-21 22:15:20,878 - INFO - [bot-1787212200712-318e] Starting signal check cycle for SOL/USDT (5m)...
2026-08-21 22:15:21,310 - INFO - Fetching recent candles for SOL/USDT (5m) [Bot: bot-1787212200712-318e] via ProviderManager...
2026-08-21 22:15:22,339 - INFO - Indicators computed | close=91.41 ema_9=91.39 ema_20=91.38 ema_50=91.26 ema_200=90.28 macd=0.0278 poc=75.0 val=75.0 vah=75.0
2026-08-21 22:15:22,351 - INFO - [bot-1787212200712-318e] Evaluating strategy on completed candle: 2026-08-21 16:40:00+00:00 at Close price: 91.39
2026-08-21 22:15:22,530 - INFO - Confluence Evaluation | Regime: TRENDING (ADX=29.8) | Direction: HOLD | BullScore: 32.6% | BearScore: 34.8% | Active: ['ema', 'macd', 'rsi', 'vp']
2026-08-21 22:15:22,654 - INFO - Signal evaluated: HOLD. Reason/Details: Confluence score: 35% (HOLD)
2026-08-21 22:15:22,994 - INFO - Logged heartbeat status: OK
2026-08-21 22:15:22,995 - INFO - Job "LiveRunner.process_cycle (trigger: interval[0:05:00], next run at: 2026-08-21 22:20:20 IST)" executed successfully
2026-08-21 22:20:20,829 - INFO - Running job "LiveRunner.process_cycle (trigger: interval[0:05:00], next run at: 2026-08-21 22:25:20 IST)" (scheduled at 2026-08-21 22:20:20.789667+05:30)
2026-08-21 22:20:20,864 - INFO - [bot-1787212200712-318e] Starting signal check cycle for SOL/USDT (5m)...
2026-08-21 22:20:20,915 - INFO - Fetching recent candles for SOL/USDT (5m) [Bot: bot-1787212200712-318e] via ProviderManager...
2026-08-21 22:20:21,438 - INFO - Indicators computed | close=91.72 ema_9=91.50 ema_20=91.44 ema_50=91.29 ema_200=90.30 macd=0.0700 poc=75.0 val=75.0 vah=75.0
2026-08-21 22:20:21,439 - INFO - [bot-1787212200712-318e] Evaluating strategy on completed candle: 2026-08-21 16:45:00+00:00 at Close price: 91.70
2026-08-21 22:20:21,535 - INFO - Confluence Evaluation | Regime: TRENDING (ADX=28.6) | Direction: LONG | BullScore: 82.6% | BearScore: 17.4% | Active: ['ema', 'macd', 'rsi', 'vp']
2026-08-21 22:20:21,675 - INFO - Capping position size 275.862069 BTC to available cash equivalent 87.241003 BTC.
2026-08-21 22:20:21,747 - INFO - Created pending signal approval ID 226 for bot bot-1787212200712-318e (LONG @ $91.70, status: WAITING_APPROVAL)
2026-08-21 22:20:21,810 - INFO - [bot-1787212200712-318e] Signal LONG generated (ID: 226). Waiting for manual user approval.
2026-08-21 22:20:22,029 - INFO - Logged heartbeat status: OK
2026-08-21 22:20:22,029 - INFO - Job "LiveRunner.process_cycle (trigger: interval[0:05:00], next run at: 2026-08-21 22:25:20 IST)" executed successfully
2026-08-21 22:25:20,847 - INFO - Running job "LiveRunner.process_cycle (trigger: interval[0:05:00], next run at: 2026-08-21 22:30:20 IST)" (scheduled at 2026-08-21 22:25:20.789667+05:30)
2026-08-21 22:25:20,902 - INFO - [bot-1787212200712-318e] Starting signal check cycle for SOL/USDT (5m)...
2026-08-21 22:25:20,955 - INFO - Fetching recent candles for SOL/USDT (5m) [Bot: bot-1787212200712-318e] via ProviderManager...
2026-08-21 22:25:21,426 - INFO - Indicators computed | close=91.68 ema_9=91.54 ema_20=91.46 ema_50=91.31 ema_200=90.31 macd=0.0810 poc=75.0 val=75.0 vah=75.0
2026-08-21 22:25:21,427 - INFO - [bot-1787212200712-318e] Evaluating strategy on completed candle: 2026-08-21 16:50:00+00:00 at Close price: 91.72
2026-08-21 22:25:21,513 - INFO - Confluence Evaluation | Regime: TRENDING (ADX=27.0) | Direction: LONG | BullScore: 82.6% | BearScore: 17.4% | Active: ['ema', 'macd', 'rsi', 'vp']
2026-08-21 22:25:21,626 - INFO - Capping position size 326.530612 BTC to available cash equivalent 87.221980 BTC.
2026-08-21 22:25:21,634 - INFO - [bot-1787212200712-318e] Signal LONG active pending approval already exists (ID: 226).
2026-08-21 22:25:21,861 - INFO - Logged heartbeat status: OK
2026-08-21 22:25:21,862 - INFO - Job "LiveRunner.process_cycle (trigger: interval[0:05:00], next run at: 2026-08-21 22:30:20 IST)" executed successfully
2026-08-21 22:30:20,857 - INFO - Running job "LiveRunner.process_cycle (trigger: interval[0:05:00], next run at: 2026-08-21 22:30:20 IST)" (scheduled at 2026-08-21 22:30:20.789667+05:30)
2026-08-21 22:30:20,969 - INFO - [bot-1787212200712-318e] Starting signal check cycle for SOL/USDT (5m)...
2026-08-21 22:30:21,014 - INFO - Fetching recent candles for SOL/USDT (5m) [Bot: bot-1787212200712-318e] via ProviderManager...
2026-08-21 22:30:22,073 - INFO - Indicators computed | close=91.58 ema_9=91.54 ema_20=91.47 ema_50=91.31 ema_200=90.33 macd=0.0776 poc=75.0 val=75.0 vah=75.0
2026-08-21 22:30:22,081 - INFO - [bot-1787212200712-318e] Evaluating strategy on completed candle: 2026-08-21 16:55:00+00:00 at Close price: 91.63
2026-08-21 22:30:22,273 - INFO - Confluence Evaluation | Regime: TRENDING (ADX=27.1) | Direction: LONG | BullScore: 82.6% | BearScore: 17.4% | Active: ['ema', 'macd', 'rsi', 'vp']
2026-08-21 22:30:22,438 - INFO - Capping position size 400.000000 BTC to available cash equivalent 87.307650 BTC.
2026-08-21 22:30:22,500 - INFO - [bot-1787212200712-318e] Signal LONG active pending approval already exists (ID: 226).
2026-08-21 22:30:22,736 - INFO - Logged heartbeat status: OK
2026-08-21 22:30:22,737 - INFO - Job "LiveRunner.process_cycle (trigger: interval[0:05:00], next run at: 2026-08-21 22:35:20 IST)" executed successfully
2026-08-21 22:35:20,810 - INFO - Running job "LiveRunner.process_cycle (trigger: interval[0:05:00], next run at: 2026-08-21 22:40:20 IST)" (scheduled at 2026-08-21 22:35:20.789667+05:30)
2026-08-21 22:35:20,837 - INFO - [bot-1787212200712-318e] Starting signal check cycle for SOL/USDT (5m)...
2026-08-21 22:35:20,935 - INFO - Fetching recent candles for SOL/USDT (5m) [Bot: bot-1787212200712-318e] via ProviderManager...
2026-08-21 22:35:21,784 - INFO - Indicators computed | close=91.63 ema_9=91.57 ema_20=91.49 ema_50=91.33 ema_200=90.34 macd=0.0849 poc=75.0 val=75.0 vah=75.0
2026-08-21 22:35:21,787 - INFO - [bot-1787212200712-318e] Evaluating strategy on completed candle: 2026-08-21 17:00:00+00:00 at Close price: 91.64
2026-08-21 22:35:22,069 - INFO - Confluence Evaluation | Regime: TRENDING (ADX=26.9) | Direction: LONG | BullScore: 82.6% | BearScore: 17.4% | Active: ['ema', 'macd', 'rsi', 'vp']
2026-08-21 22:35:22,162 - INFO - Capping position size 390.243902 BTC to available cash equivalent 87.298123 BTC.
2026-08-21 22:35:22,327 - INFO - [bot-1787212200712-318e] Signal LONG active pending approval already exists (ID: 226).
2026-08-21 22:35:22,569 - INFO - Logged heartbeat status: OK
2026-08-21 22:35:22,571 - INFO - Job "LiveRunner.process_cycle (trigger: interval[0:05:00], next run at: 2026-08-21 22:40:20 IST)" executed successfully
2026-08-21 22:40:20,906 - INFO - Running job "LiveRunner.process_cycle (trigger: interval[0:05:00], next run at: 2026-08-21 22:45:20 IST)" (scheduled at 2026-08-21 22:40:20.789667+05:30)
2026-08-21 22:40:20,958 - INFO - [bot-1787212200712-318e] Starting signal check cycle for SOL/USDT (5m)...
2026-08-21 22:40:21,019 - INFO - Fetching recent candles for SOL/USDT (5m) [Bot: bot-1787212200712-318e] via ProviderManager...
2026-08-21 22:40:21,759 - INFO - Indicators computed | close=91.82 ema_9=91.64 ema_20=91.53 ema_50=91.35 ema_200=90.36 macd=0.1103 poc=75.0 val=75.0 vah=75.0
2026-08-21 22:40:21,760 - INFO - [bot-1787212200712-318e] Evaluating strategy on completed candle: 2026-08-21 17:05:00+00:00 at Close price: 91.78
2026-08-21 22:40:21,840 - INFO - Confluence Evaluation | Regime: TRENDING (ADX=26.2) | Direction: LONG | BullScore: 82.6% | BearScore: 17.4% | Active: ['ema', 'macd', 'rsi', 'vp']
2026-08-21 22:40:21,949 - INFO - Capping position size 307.692308 BTC to available cash equivalent 87.164960 BTC.
2026-08-21 22:40:21,960 - INFO - [bot-1787212200712-318e] Signal LONG active pending approval already exists (ID: 226).
2026-08-21 22:40:22,161 - INFO - Logged heartbeat status: OK
2026-08-21 22:40:22,163 - INFO - Job "LiveRunner.process_cycle (trigger: interval[0:05:00], next run at: 2026-08-21 22:45:20 IST)" executed successfully
/Users/ashishparadkar/Downloads/algo-code-main/.venv/lib/python3.9/site-packages/urllib3/__init__.py:35: NotOpenSSLWarning: urllib3 v2 only supports OpenSSL 1.1.1+, currently the 'ssl' module is compiled with 'LibreSSL 2.8.3'. See: https://github.com/urllib3/urllib3/issues/3020
  warnings.warn(
2026-08-21 22:45:04,060 - INFO - Bot state startup reconciliation finished: 0 bot(s) reconciled to STOPPED.
2026-08-21 22:45:05,405 - INFO - Telegram notification service initialized successfully (Chat ID: 5657...)
2026-08-21 22:45:05,417 - INFO - Initializing scheduled trading bot live runner for bot-1787212200712-318e...
2026-08-21 22:45:06,466 - INFO - SQLite database tables verified/created.
2026-08-21 22:45:07,468 - INFO - Initializing CCXT Binance in TESTNET mode.
2026-08-21 22:45:52,837 - INFO - [bot-1787212200712-318e] Pre-flight instrument resolved: SOL/USDT (SPOT via binance_spot)
2026-08-21 22:45:53,271 - INFO - [bot-1787212200712-318e] Starting signal check cycle for SOL/USDT (5m)...
2026-08-21 22:45:54,011 - INFO - Fetching recent candles for SOL/USDT (5m) [Bot: bot-1787212200712-318e] via ProviderManager...
